dataset,series_id,item_id,origin,model,repetition,seed,forecast_distribution,step,timestamp,actual,point_forecast,mean_forecast,q_10,q_20,q_30,q_40,q_50,q_60,q_70,q_80,q_90
chronos_m1_yearly,90:target,90:target::origin=0,0,chronos_t5_tiny,0,1288419292,chronos_samples,0,1988-12-31 00:00:00,3.4800000190734863,3.410830497741699,3.429885149002075,3.176455020904541,3.2393360137939453,3.2965006828308105,3.37272047996521,3.410830497741699,3.4870500564575195,3.5442147254943848,3.6242454051971436,3.7347640991210938
chronos_m1_yearly,90:target,90:target::origin=0,0,chronos_t5_tiny,0,1288419292,chronos_samples,1,1989-12-31 00:00:00,3.6500000953674316,3.477522611618042,3.4712343215942383,3.123101234436035,3.235525131225586,3.2965006828308105,3.391775608062744,3.477522611618042,3.5518367290496826,3.6642606258392334,3.7347640991210938,3.850998878479004
chronos_m1_yearly,90:target,90:target::origin=0,0,chronos_t5_tiny,0,1288419292,chronos_samples,2,1990-12-31 00:00:00,4.480000019073486,3.496577501296997,3.5024847984313965,2.932551860809326,3.197415351867676,3.2907841205596924,3.3841536045074463,3.496577501296997,3.666166067123413,3.7347640991210938,3.810983657836914,4.0034379959106445
chronos_m1_yearly,90:target,90:target::origin=0,0,chronos_t5_tiny,0,1288419292,chronos_samples,3,1991-12-31 00:00:00,4.380000114440918,3.477522611618042,3.490670680999756,2.945890188217163,3.125006675720215,3.2850677967071533,3.365098476409912,3.477522611618042,3.5708916187286377,3.7214255332946777,3.891014337539673,4.161593914031982
chronos_m1_yearly,90:target,90:target::origin=0,0,chronos_t5_tiny,0,1288419292,chronos_samples,4,1992-12-31 00:00:00,4.809999942779541,3.4203579425811768,3.4571337699890137,2.8010730743408203,2.9497013092041016,3.14406156539917,3.2507688999176025,3.4203579425811768,3.60137939453125,3.7214255332946777,3.967233896255493,4.3368988037109375
chronos_m1_yearly,90:target,90:target::origin=0,0,chronos_t5_tiny,0,1288419292,chronos_samples,5,1993-12-31 00:00:00,4.710000038146973,3.2965006828308105,3.427598476409912,2.7000818252563477,2.8849146366119385,3.024015188217163,3.117384672164917,3.2965006828308105,3.48323917388916,3.765251636505127,4.005343437194824,4.479811191558838
chronos_m1_yearly,90:target,90:target::origin=0,0,seasonal_naive,0,1530226048,degenerate,0,1988-12-31 00:00:00,3.4800000190734863,3.3399999141693115,3.3399999141693115,3.3399999141693115,3.3399999141693115,3.3399999141693115,3.3399999141693115,3.3399999141693115,3.3399999141693115,3.3399999141693115,3.3399999141693115,3.3399999141693115
chronos_m1_yearly,90:target,90:target::origin=0,0,seasonal_naive,0,1530226048,degenerate,1,1989-12-31 00:00:00,3.6500000953674316,3.3399999141693115,3.3399999141693115,3.3399999141693115,3.3399999141693115,3.3399999141693115,3.3399999141693115,3.3399999141693115,3.3399999141693115,3.3399999141693115,3.3399999141693115,3.3399999141693115
chronos_m1_yearly,90:target,90:target::origin=0,0,seasonal_naive,0,1530226048,degenerate,2,1990-12-31 00:00:00,4.480000019073486,3.3399999141693115,3.3399999141693115,3.3399999141693115,3.3399999141693115,3.3399999141693115,3.3399999141693115,3.3399999141693115,3.3399999141693115,3.3399999141693115,3.3399999141693115,3.3399999141693115
chronos_m1_yearly,90:target,90:target::origin=0,0,seasonal_naive,0,1530226048,degenerate,3,1991-12-31 00:00:00,4.380000114440918,3.3399999141693115,3.3399999141693115,3.3399999141693115,3.3399999141693115,3.3399999141693115,3.3399999141693115,3.3399999141693115,3.3399999141693115,3.3399999141693115,3.3399999141693115,3.3399999141693115
chronos_m1_yearly,90:target,90:target::origin=0,0,seasonal_naive,0,1530226048,degenerate,4,1992-12-31 00:00:00,4.809999942779541,3.3399999141693115,3.3399999141693115,3.3399999141693115,3.3399999141693115,3.3399999141693115,3.3399999141693115,3.3399999141693115,3.3399999141693115,3.3399999141693115,3.3399999141693115,3.3399999141693115
chronos_m1_yearly,90:target,90:target::origin=0,0,seasonal_naive,0,1530226048,degenerate,5,1993-12-31 00:00:00,4.710000038146973,3.3399999141693115,3.3399999141693115,3.3399999141693115,3.3399999141693115,3.3399999141693115,3.3399999141693115,3.3399999141693115,3.3399999141693115,3.3399999141693115,3.3399999141693115,3.3399999141693115
chronos_m1_yearly,90:target,90:target::origin=0,0,ar_2,0,1367314151,gaussian,0,1988-12-31 00:00:00,3.4800000190734863,3.4196174144744873,3.4196174144744873,3.214837074279785,3.2851340770721436,3.3358230590820312,3.3791348934173584,3.4196174144744873,3.460099935531616,3.5034117698669434,3.554100751876831,3.6243977546691895
chronos_m1_yearly,90:target,90:target::origin=0,0,ar_2,0,1367314151,gaussian,1,1989-12-31 00:00:00,3.6500000953674316,3.5696828365325928,3.5696828365325928,3.3385109901428223,3.417867422103882,3.4750890731811523,3.5239830017089844,3.5696828365325928,3.615382671356201,3.664276599884033,3.7214982509613037,3.8008546829223633
chronos_m1_yearly,90:target,90:target::origin=0,0,ar_2,0,1367314151,gaussian,2,1990-12-31 00:00:00,4.480000019073486,3.685797691345215,3.685797691345215,3.4087653160095215,3.5038650035858154,3.5724382400512695,3.6310317516326904,3.685797691345215,3.7405636310577393,3.79915714263916,3.8677303791046143,3.962829828262329
chronos_m1_yearly,90:target,90:target::origin=0,0,ar_2,0,1367314151,gaussian,3,1991-12-31 00:00:00,4.380000114440918,3.8173201084136963,3.8173201084136963,3.5110888481140137,3.6162118911743164,3.6920127868652344,3.756782054901123,3.8173201084136963,3.8778581619262695,3.942627429962158,4.018428325653076,4.123551368713379
chronos_m1_yearly,90:target,90:target::origin=0,0,ar_2,0,1367314151,gaussian,4,1992-12-31 00:00:00,4.809999942779541,3.940917491912842,3.940917491912842,3.604084014892578,3.719712018966675,3.8030879497528076,3.8743295669555664,3.940917491912842,4.007505416870117,4.078746795654297,4.16212272644043,4.2777509689331055
chronos_m1_yearly,90:target,90:target::origin=0,0,ar_2,0,1367314151,gaussian,5,1993-12-31 00:00:00,4.710000038146973,4.067622661590576,4.067622661590576,3.704756259918213,3.8293209075927734,3.919140577316284,3.9958884716033936,4.067622661590576,4.139357089996338,4.216104507446289,4.305924415588379,4.4304890632629395
chronos_m1_yearly,90:target,90:target::origin=0,0,ma_2,0,1490394959,gaussian,0,1988-12-31 00:00:00,3.4800000190734863,3.1858162879943848,3.1858162879943848,2.9723219871520996,3.045610189437866,3.0984561443328857,3.143611192703247,3.1858162879943848,3.2280213832855225,3.273176431655884,3.3260223865509033,3.399310350418091
chronos_m1_yearly,90:target,90:target::origin=0,0,ma_2,0,1490394959,gaussian,1,1989-12-31 00:00:00,3.6500000953674316,2.933377504348755,2.933377504348755,2.6268787384033203,2.732093334197998,2.8079607486724854,2.872786521911621,2.933377504348755,2.9939684867858887,3.0587942600250244,3.1346616744995117,3.2398762702941895
chronos_m1_yearly,90:target,90:target::origin=0,0,ma_2,0,1490394959,gaussian,2,1990-12-31 00:00:00,4.480000019073486,2.76106595993042,2.76106595993042,2.4081239700317383,2.5292818546295166,2.616645097732544,2.691293716430664,2.76106595993042,2.830838203430176,2.905486822128296,2.9928500652313232,3.1140079498291016
chronos_m1_yearly,90:target,90:target::origin=0,0,ma_2,0,1490394959,gaussian,3,1991-12-31 00:00:00,4.380000114440918,2.76106595993042,2.76106595993042,2.4081239700317383,2.5292818546295166,2.616645097732544,2.691293716430664,2.76106595993042,2.830838203430176,2.905486822128296,2.9928500652313232,3.1140079498291016
chronos_m1_yearly,90:target,90:target::origin=0,0,ma_2,0,1490394959,gaussian,4,1992-12-31 00:00:00,4.809999942779541,2.76106595993042,2.76106595993042,2.4081239700317383,2.5292818546295166,2.616645097732544,2.691293716430664,2.76106595993042,2.830838203430176,2.905486822128296,2.9928500652313232,3.1140079498291016
chronos_m1_yearly,90:target,90:target::origin=0,0,ma_2,0,1490394959,gaussian,5,1993-12-31 00:00:00,4.710000038146973,2.76106595993042,2.76106595993042,2.4081239700317383,2.5292818546295166,2.616645097732544,2.691293716430664,2.76106595993042,2.830838203430176,2.905486822128296,2.9928500652313232,3.1140079498291016
chronos_m1_yearly,90:target,90:target::origin=0,0,arma_2_2,0,2432763096,gaussian,0,1988-12-31 00:00:00,3.4800000190734863,4.114893436431885,4.114893436431885,4.049062728881836,4.071660995483398,4.087955951690674,4.101879596710205,4.114893436431885,4.1279072761535645,4.141830921173096,4.158125877380371,4.180724143981934
chronos_m1_yearly,90:target,90:target::origin=0,0,arma_2_2,0,2432763096,gaussian,1,1989-12-31 00:00:00,3.6500000953674316,5.060420513153076,5.060420513153076,4.988171100616455,5.012972831726074,5.030856609344482,5.046137809753418,5.060420513153076,5.074703216552734,5.08998441696167,5.107868194580078,5.132669925689697
chronos_m1_yearly,90:target,90:target::origin=0,0,arma_2_2,0,2432763096,gaussian,2,1990-12-31 00:00:00,4.480000019073486,6.717074394226074,6.717074394226074,6.627220153808594,6.658065319061279,6.680306911468506,6.699311256408691,6.717074394226074,6.734837532043457,6.753841876983643,6.776083469390869,6.806928634643555
chronos_m1_yearly,90:target,90:target::origin=0,0,arma_2_2,0,2432763096,gaussian,3,1991-12-31 00:00:00,4.380000114440918,9.339856147766113,9.339856147766113,9.23705005645752,9.272340774536133,9.297788619995117,9.31953239440918,9.339856147766113,9.360179901123047,9.38192367553711,9.407371520996094,9.442662239074707
chronos_m1_yearly,90:target,90:target::origin=0,0,arma_2_2,0,2432763096,gaussian,4,1992-12-31 00:00:00,4.809999942779541,13.581764221191406,13.581764221191406,13.44304084777832,13.49066162109375,13.524999618530273,13.554340362548828,13.581764221191406,13.609188079833984,13.638528823852539,13.672866821289062,13.720487594604492
chronos_m1_yearly,90:target,90:target::origin=0,0,arma_2_2,0,2432763096,gaussian,5,1993-12-31 00:00:00,4.710000038146973,20.41060447692871,20.41060447692871,20.209447860717773,20.278501510620117,20.328292846679688,20.370838165283203,20.41060447692871,20.45037078857422,20.492916107177734,20.542707443237305,20.61176109313965
chronos_m1_yearly,90:target,90:target::origin=0,0,arima_2_1_2,0,148919152,gaussian,0,1988-12-31 00:00:00,3.4800000190734863,3.4916954040527344,3.4916954040527344,3.3771932125091553,3.416499376296997,3.4448421001434326,3.469059705734253,3.4916954040527344,3.514331102371216,3.538548707962036,3.5668914318084717,3.6061975955963135
chronos_m1_yearly,90:target,90:target::origin=0,0,arima_2_1_2,0,148919152,gaussian,1,1989-12-31 00:00:00,3.6500000953674316,3.674700975418091,3.674700975418091,3.4162678718566895,3.5049827098846436,3.5689523220062256,3.6236119270324707,3.674700975418091,3.725790023803711,3.780449628829956,3.844419240951538,3.933134078979492
chronos_m1_yearly,90:target,90:target::origin=0,0,arima_2_1_2,0,148919152,gaussian,2,1990-12-31 00:00:00,4.480000019073486,3.8064522743225098,3.8064522743225098,3.3895156383514404,3.5326414108276367,3.635845184326172,3.724029064178467,3.8064522743225098,3.8888754844665527,3.9770593643188477,4.080263137817383,4.223388671875
chronos_m1_yearly,90:target,90:target::origin=0,0,arima_2_1_2,0,148919152,gaussian,3,1991-12-31 00:00:00,4.380000114440918,3.9530601501464844,3.9530601501464844,3.359459161758423,3.563230276107788,3.7101635932922363,3.835712432861328,3.9530601501464844,4.070407867431641,4.195956707000732,4.34289026260376,4.546660900115967
chronos_m1_yearly,90:target,90:target::origin=0,0,arima_2_1_2,0,148919152,gaussian,4,1992-12-31 00:00:00,4.809999942779541,4.065779685974121,4.065779685974121,3.2879042625427246,3.5549330711364746,3.7474794387817383,3.9120032787323,4.065779685974121,4.2195563316345215,4.384079933166504,4.576626300811768,4.843655109405518
chronos_m1_yearly,90:target,90:target::origin=0,0,arima_2_1_2,0,148919152,gaussian,5,1993-12-31 00:00:00,4.710000038146973,4.184223175048828,4.184223175048828,3.213505268096924,3.5467329025268555,3.787013292312622,3.992324113845825,4.184223175048828,4.37612247467041,4.581432819366455,4.821713447570801,5.154941082000732
chronos_m1_yearly,90:target,90:target::origin=0,0,auto_arima,0,2681911482,gaussian,0,1988-12-31 00:00:00,3.4800000190734863,4.080788612365723,4.080788612365723,3.9912984371185303,4.0220184326171875,4.044169902801514,4.0630974769592285,4.080788612365723,4.098479747772217,4.117407321929932,4.139558792114258,4.170278549194336
chronos_m1_yearly,90:target,90:target::origin=0,0,auto_arima,0,2681911482,gaussian,1,1989-12-31 00:00:00,3.6500000953674316,5.092632293701172,5.092632293701172,5.003459930419922,5.03407096862793,5.056143760681152,5.0750041007995605,5.092632293701172,5.110260486602783,5.129120826721191,5.151193618774414,5.181804656982422
chronos_m1_yearly,90:target,90:target::origin=0,0,auto_arima,0,2681911482,gaussian,2,1990-12-31 00:00:00,4.480000019073486,6.778222560882568,6.778222560882568,6.671067714691162,6.707851886749268,6.734375476837158,6.757039546966553,6.778222560882568,6.799405574798584,6.8220696449279785,6.848593235015869,6.885377407073975
chronos_m1_yearly,90:target,90:target::origin=0,0,auto_arima,0,2681911482,gaussian,3,1991-12-31 00:00:00,4.380000114440918,9.527045249938965,9.527045249938965,9.382576942443848,9.432169914245605,9.46792984008789,9.498485565185547,9.527045249938965,9.555604934692383,9.586160659790039,9.621920585632324,9.671513557434082
chronos_m1_yearly,90:target,90:target::origin=0,0,auto_arima,0,2681911482,gaussian,4,1992-12-31 00:00:00,4.809999942779541,14.009764671325684,14.009764671325684,13.795660972595215,13.869158744812012,13.922155380249023,13.967438697814941,14.009764671325684,14.052090644836426,14.097373962402344,14.150370597839355,14.223868370056152
chronos_m1_yearly,90:target,90:target::origin=0,0,auto_arima,0,2681911482,gaussian,5,1993-12-31 00:00:00,4.710000038146973,21.320083618164062,21.320083618164062,20.98505401611328,21.10006332397461,21.182992935180664,21.25385284423828,21.320083618164062,21.386314392089844,21.45717430114746,21.540103912353516,21.655113220214844
chronos_m1_yearly,90:target,90:target::origin=0,0,prophet,0,3358925276,samples,0,1988-12-31 00:00:00,3.4800000190734863,3.1168007850646973,3.1083319187164307,2.9420969486236572,3.0134737491607666,3.049823045730591,3.0835399627685547,3.1168007850646973,3.1425795555114746,3.1781818866729736,3.204312562942505,3.2405099868774414
chronos_m1_yearly,90:target,90:target::origin=0,0,prophet,0,3358925276,samples,1,1989-12-31 00:00:00,3.6500000953674316,3.2615180015563965,3.258089780807495,3.092205762863159,3.1644039154052734,3.192768096923828,3.229032516479492,3.2615180015563965,3.2950491905212402,3.319263219833374,3.3537983894348145,3.4210968017578125
chronos_m1_yearly,90:target,90:target::origin=0,0,prophet,0,3358925276,samples,2,1990-12-31 00:00:00,4.480000019073486,3.4070544242858887,3.4207427501678467,3.2593467235565186,3.3180973529815674,3.341477155685425,3.3768630027770996,3.4070544242858887,3.431854009628296,3.481588363647461,3.515537738800049,3.5825815200805664
chronos_m1_yearly,90:target,90:target::origin=0,0,prophet,0,3358925276,samples,3,1991-12-31 00:00:00,4.380000114440918,3.5939667224884033,3.596224784851074,3.4442086219787598,3.4939498901367188,3.5359554290771484,3.565747022628784,3.5939667224884033,3.6328113079071045,3.6634328365325928,3.699080467224121,3.7659988403320312
chronos_m1_yearly,90:target,90:target::origin=0,0,prophet,0,3358925276,samples,4,1992-12-31 00:00:00,4.809999942779541,3.5147018432617188,3.511033535003662,3.3713598251342773,3.407897472381592,3.44870662689209,3.48191237449646,3.5147018432617188,3.537287950515747,3.562633514404297,3.620072364807129,3.668835401535034
chronos_m1_yearly,90:target,90:target::origin=0,0,prophet,0,3358925276,samples,5,1993-12-31 00:00:00,4.710000038146973,3.6746506690979004,3.6607913970947266,3.513129711151123,3.58455228805542,3.6197426319122314,3.6541812419891357,3.6746506690979004,3.7009737491607666,3.733766794204712,3.7788286209106445,3.8202390670776367
chronos_m1_yearly,90:target,90:target::origin=0,0,deepar,0,1641975837,samples,0,1988-12-31 00:00:00,3.4800000190734863,3.1624133586883545,3.0057425498962402,2.0915865898132324,2.5921237468719482,2.8081023693084717,2.9847941398620605,3.1624133586883545,3.289463520050049,3.5274736881256104,3.7255923748016357,4.084486961364746
chronos_m1_yearly,90:target,90:target::origin=0,0,deepar,0,1641975837,samples,1,1989-12-31 00:00:00,3.6500000953674316,3.396838903427124,3.357682466506958,2.282646894454956,2.6783535480499268,2.9980039596557617,3.296247720718384,3.396838903427124,3.5483899116516113,3.7731993198394775,4.019839763641357,4.363005638122559
chronos_m1_yearly,90:target,90:target::origin=0,0,deepar,0,1641975837,samples,2,1990-12-31 00:00:00,4.480000019073486,3.4051811695098877,3.3696279525756836,2.41023588180542,2.780087471008301,3.040142297744751,3.2628536224365234,3.4051811695098877,3.5786333084106445,3.8073863983154297,4.008575439453125,4.383996963500977
chronos_m1_yearly,90:target,90:target::origin=0,0,deepar,0,1641975837,samples,3,1991-12-31 00:00:00,4.380000114440918,3.4666242599487305,3.4092490673065186,2.3975143432617188,2.7057812213897705,2.9842188358306885,3.3063952922821045,3.4666242599487305,3.5514116287231445,3.7653467655181885,4.004988193511963,4.236992835998535
chronos_m1_yearly,90:target,90:target::origin=0,0,deepar,0,1641975837,samples,4,1992-12-31 00:00:00,4.809999942779541,3.335803985595703,3.3072550296783447,2.4487226009368896,2.754094123840332,2.9820139408111572,3.1136651039123535,3.335803985595703,3.428614377975464,3.6401448249816895,3.870278835296631,4.038763999938965
chronos_m1_yearly,90:target,90:target::origin=0,0,deepar,0,1641975837,samples,5,1993-12-31 00:00:00,4.710000038146973,3.270034074783325,3.3227787017822266,2.2497336864471436,2.563629627227783,2.9727635383605957,3.117882013320923,3.270034074783325,3.4697952270507812,3.7549259662628174,3.9226813316345215,4.511275291442871
chronos_m4_hourly,207:target,207:target::origin=0,0,chronos_t5_tiny,0,862793191,chronos_samples,0,2010-06-02 12:00:00,17.700000762939453,17.729656219482422,17.761512756347656,17.591144561767578,17.591144561767578,17.729656219482422,17.729656219482422,17.729656219482422,17.8681697845459,17.8681697845459,17.8681697845459,18.006683349609375
chronos_m4_hourly,207:target,207:target::origin=0,0,chronos_t5_tiny,0,862793191,chronos_samples,1,2010-06-02 13:00:00,17.700000762939453,17.4526309967041,17.465097427368164,17.17560577392578,17.314119338989258,17.41107749938965,17.4526309967041,17.4526309967041,17.591144561767578,17.591144561767578,17.591144561767578,17.729656219482422
chronos_m4_hourly,207:target,207:target::origin=0,0,chronos_t5_tiny,0,862793191,chronos_samples,2,2010-06-02 14:00:00,17.100000381469727,17.037092208862305,17.009387969970703,16.884729385375977,16.89858055114746,16.89858055114746,17.037092208862305,17.037092208862305,17.037092208862305,17.037092208862305,17.17560577392578,17.17560577392578
chronos_m4_hourly,207:target,207:target::origin=0,0,chronos_t5_tiny,0,862793191,chronos_samples,3,2010-06-02 15:00:00,16.799999237060547,16.621553421020508,16.65618133544922,16.48303985595703,16.59385108947754,16.621553421020508,16.621553421020508,16.621553421020508,16.76006507873535,16.76006507873535,16.76006507873535,16.773916244506836
chronos_m4_hourly,207:target,207:target::origin=0,0,chronos_t5_tiny,0,862793191,chronos_samples,4,2010-06-02 16:00:00,16.5,16.344528198242188,16.354223251342773,16.20601463317871,16.344528198242188,16.344528198242188,16.344528198242188,16.344528198242188,16.344528198242188,16.38608169555664,16.48303985595703,16.48303985595703
chronos_m4_hourly,207:target,207:target::origin=0,0,chronos_t5_tiny,0,862793191,chronos_samples,5,2010-06-02 17:00:00,16.200000762939453,16.20601463317871,16.1672306060791,16.067501068115234,16.067501068115234,16.067501068115234,16.067501068115234,16.20601463317871,16.20601463317871,16.20601463317871,16.20601463317871,16.344528198242188
chronos_m4_hourly,207:target,207:target::origin=0,0,chronos_t5_tiny,0,862793191,chronos_samples,6,2010-06-02 18:00:00,16.5,16.48303985595703,16.517667770385742,16.344528198242188,16.344528198242188,16.48303985595703,16.48303985595703,16.48303985595703,16.48303985595703,16.621553421020508,16.621553421020508,16.621553421020508
chronos_m4_hourly,207:target,207:target::origin=0,0,chronos_t5_tiny,0,862793191,chronos_samples,7,2010-06-02 19:00:00,17.899999618530273,17.8681697845459,17.868167877197266,17.729656219482422,17.729656219482422,17.729656219482422,17.8681697845459,17.8681697845459,17.8681697845459,17.8681697845459,17.8681697845459,18.006683349609375
chronos_m4_hourly,207:target,207:target::origin=0,0,chronos_t5_tiny,0,862793191,chronos_samples,8,2010-06-02 20:00:00,19.399999618530273,19.39181137084961,19.400123596191406,19.253299713134766,19.253299713134766,19.39181137084961,19.39181137084961,19.39181137084961,19.39181137084961,19.39181137084961,19.39181137084961,19.39181137084961
chronos_m4_hourly,207:target,207:target::origin=0,0,chronos_t5_tiny,0,862793191,chronos_samples,9,2010-06-02 21:00:00,20.899999618530273,20.776941299438477,20.835119247436523,20.638429641723633,20.776941299438477,20.776941299438477,20.776941299438477,20.776941299438477,20.776941299438477,20.915454864501953,20.915454864501953,20.915454864501953
chronos_m4_hourly,207:target,207:target::origin=0,0,chronos_t5_tiny,0,862793191,chronos_samples,10,2010-06-02 22:00:00,22.200000762939453,22.16206932067871,22.207780838012695,22.023557662963867,22.16206932067871,22.16206932067871,22.16206932067871,22.16206932067871,22.16206932067871,22.16206932067871,22.30058479309082,22.30058479309082
chronos_m4_hourly,207:target,207:target::origin=0,0,chronos_t5_tiny,0,862793191,chronos_samples,11,2010-06-02 23:00:00,23.299999237060547,23.270174026489258,23.279870986938477,23.131662368774414,23.131662368774414,23.270174026489258,23.270174026489258,23.270174026489258,23.270174026489258,23.270174026489258,23.270174026489258,23.408687591552734
chronos_m4_hourly,207:target,207:target::origin=0,0,chronos_t5_tiny,0,862793191,chronos_samples,12,2010-06-03 00:00:00,24.200000762939453,24.239765167236328,24.21344757080078,24.10125160217285,24.10125160217285,24.10125160217285,24.10125160217285,24.239765167236328,24.239765167236328,24.239765167236328,24.239765167236328,24.378276824951172
chronos_m4_hourly,207:target,207:target::origin=0,0,chronos_t5_tiny,0,862793191,chronos_samples,13,2010-06-03 01:00:00,24.799999237060547,24.7938175201416,24.78689193725586,24.655305862426758,24.655305862426758,24.655305862426758,24.7938175201416,24.7938175201416,24.7938175201416,24.7938175201416,24.932331085205078,24.932331085205078
chronos_m4_hourly,207:target,207:target::origin=0,0,chronos_t5_tiny,0,862793191,chronos_samples,14,2010-06-03 02:00:00,25.200000762939453,25.2093563079834,25.173341751098633,25.070844650268555,25.070844650268555,25.070844650268555,25.15395164489746,25.2093563079834,25.2093563079834,25.2093563079834,25.2093563079834,25.347869873046875
chronos_m4_hourly,207:target,207:target::origin=0,0,chronos_t5_tiny,0,862793191,chronos_samples,15,2010-06-03 03:00:00,25.200000762939453,25.2093563079834,25.207969665527344,25.070844650268555,25.070844650268555,25.2093563079834,25.2093563079834,25.2093563079834,25.2093563079834,25.2093563079834,25.347869873046875,25.347869873046875
chronos_m4_hourly,207:target,207:target::origin=0,0,chronos_t5_tiny,0,862793191,chronos_samples,16,2010-06-03 04:00:00,24.899999618530273,24.932331085205078,24.93648910522461,24.7938175201416,24.7938175201416,24.932331085205078,24.932331085205078,24.932331085205078,24.932331085205078,24.932331085205078,25.070844650268555,25.070844650268555
chronos_m4_hourly,207:target,207:target::origin=0,0,chronos_t5_tiny,0,862793191,chronos_samples,17,2010-06-03 05:00:00,24.5,24.378276824951172,24.36581039428711,24.239765167236328,24.239765167236328,24.239765167236328,24.378276824951172,24.378276824951172,24.378276824951172,24.378276824951172,24.51679039001465,24.51679039001465
chronos_m4_hourly,207:target,207:target::origin=0,0,chronos_t5_tiny,0,862793191,chronos_samples,18,2010-06-03 06:00:00,23.799999237060547,23.685712814331055,23.642772674560547,23.54720115661621,23.54720115661621,23.54720115661621,23.685712814331055,23.685712814331055,23.685712814331055,23.685712814331055,23.685712814331055,23.82422637939453
chronos_m4_hourly,207:target,207:target::origin=0,0,chronos_t5_tiny,0,862793191,chronos_samples,19,2010-06-03 07:00:00,22.600000381469727,22.57761001586914,22.524972915649414,22.439098358154297,22.439098358154297,22.536056518554688,22.57761001586914,22.57761001586914,22.57761001586914,22.57761001586914,22.57761001586914,22.716123580932617
chronos_m4_hourly,207:target,207:target::origin=0,0,chronos_t5_tiny,0,862793191,chronos_samples,20,2010-06-03 08:00:00,21.200000762939453,21.192480087280273,21.19109344482422,21.05396842956543,21.164777755737305,21.192480087280273,21.192480087280273,21.192480087280273,21.192480087280273,21.192480087280273,21.33099365234375,21.33099365234375
chronos_m4_hourly,207:target,207:target::origin=0,0,chronos_t5_tiny,0,862793191,chronos_samples,21,2010-06-03 09:00:00,20.299999237060547,20.361404418945312,20.31985092163086,20.222890853881836,20.222890853881836,20.222890853881836,20.361404418945312,20.361404418945312,20.361404418945312,20.361404418945312,20.361404418945312,20.499916076660156
chronos_m4_hourly,207:target,207:target::origin=0,0,chronos_t5_tiny,0,862793191,chronos_samples,22,2010-06-03 10:00:00,19.600000381469727,19.530324935913086,19.48876953125,19.39181137084961,19.39181137084961,19.530324935913086,19.530324935913086,19.530324935913086,19.530324935913086,19.530324935913086,19.530324935913086,19.66883659362793
chronos_m4_hourly,207:target,207:target::origin=0,0,chronos_t5_tiny,0,862793191,chronos_samples,23,2010-06-03 11:00:00,18.799999237060547,18.83776092529297,18.771276473999023,18.699247360229492,18.699247360229492,18.699247360229492,18.699247360229492,18.83776092529297,18.83776092529297,18.83776092529297,18.83776092529297,18.976272583007812
chronos_m4_hourly,207:target,207:target::origin=0,0,chronos_t5_tiny,0,862793191,chronos_samples,24,2010-06-03 12:00:00,17.899999618530273,17.8681697845459,17.926345825195312,17.729656219482422,17.729656219482422,17.8681697845459,17.8681697845459,17.8681697845459,18.006683349609375,18.006683349609375,18.006683349609375,18.14519691467285
chronos_m4_hourly,207:target,207:target::origin=0,0,chronos_t5_tiny,0,862793191,chronos_samples,25,2010-06-03 13:00:00,17.799999237060547,17.591144561767578,17.598072052001953,17.4526309967041,17.4526309967041,17.4526309967041,17.591144561767578,17.591144561767578,17.591144561767578,17.729656219482422,17.729656219482422,17.8681697845459
chronos_m4_hourly,207:target,207:target::origin=0,0,chronos_t5_tiny,0,862793191,chronos_samples,26,2010-06-03 14:00:00,17.299999237060547,17.17560577392578,17.160367965698242,16.89858055114746,17.037092208862305,17.037092208862305,17.17560577392578,17.17560577392578,17.17560577392578,17.217159271240234,17.314119338989258,17.4526309967041
chronos_m4_hourly,207:target,207:target::origin=0,0,chronos_t5_tiny,0,862793191,chronos_samples,27,2010-06-03 15:00:00,16.899999618530273,16.76006507873535,16.779457092285156,16.607702255249023,16.621553421020508,16.76006507873535,16.76006507873535,16.76006507873535,16.89858055114746,16.89858055114746,16.89858055114746,17.037092208862305
chronos_m4_hourly,207:target,207:target::origin=0,0,chronos_t5_tiny,0,862793191,chronos_samples,28,2010-06-03 16:00:00,16.700000762939453,16.48303985595703,16.430404663085938,16.20601463317871,16.344528198242188,16.344528198242188,16.48303985595703,16.48303985595703,16.48303985595703,16.48303985595703,16.48303985595703,16.621553421020508
chronos_m4_hourly,207:target,207:target::origin=0,0,chronos_t5_tiny,0,862793191,chronos_samples,29,2010-06-03 17:00:00,16.399999618530273,16.20601463317871,16.22956085205078,16.067501068115234,16.067501068115234,16.20601463317871,16.20601463317871,16.20601463317871,16.20601463317871,16.344528198242188,16.344528198242188,16.344528198242188
chronos_m4_hourly,207:target,207:target::origin=0,0,chronos_t5_tiny,0,862793191,chronos_samples,30,2010-06-03 18:00:00,16.600000381469727,16.621553421020508,16.6506404876709,16.48303985595703,16.48303985595703,16.48303985595703,16.621553421020508,16.621553421020508,16.621553421020508,16.76006507873535,16.76006507873535,16.76006507873535
chronos_m4_hourly,207:target,207:target::origin=0,0,chronos_t5_tiny,0,862793191,chronos_samples,31,2010-06-03 19:00:00,18.100000381469727,18.006683349609375,17.99283218383789,17.8681697845459,17.8681697845459,17.8681697845459,17.8681697845459,18.006683349609375,18.006683349609375,18.006683349609375,18.006683349609375,18.14519691467285
chronos_m4_hourly,207:target,207:target::origin=0,0,chronos_t5_tiny,0,862793191,chronos_samples,32,2010-06-03 20:00:00,19.600000381469727,19.530324935913086,19.527555465698242,19.39181137084961,19.39181137084961,19.39181137084961,19.530324935913086,19.530324935913086,19.530324935913086,19.530324935913086,19.530324935913086,19.66883659362793
chronos_m4_hourly,207:target,207:target::origin=0,0,chronos_t5_tiny,0,862793191,chronos_samples,33,2010-06-03 21:00:00,21.100000381469727,20.915454864501953,20.986095428466797,20.776941299438477,20.915454864501953,20.915454864501953,20.915454864501953,20.915454864501953,21.05396842956543,21.05396842956543,21.05396842956543,21.05396842956543
chronos_m4_hourly,207:target,207:target::origin=0,0,chronos_t5_tiny,0,862793191,chronos_samples,34,2010-06-03 22:00:00,22.399999618530273,22.30058479309082,22.371231079101562,22.16206932067871,22.30058479309082,22.30058479309082,22.30058479309082,22.30058479309082,22.439098358154297,22.439098358154297,22.439098358154297,22.439098358154297
chronos_m4_hourly,207:target,207:target::origin=0,0,chronos_t5_tiny,0,862793191,chronos_samples,35,2010-06-03 23:00:00,23.5,23.408687591552734,23.443315505981445,23.270174026489258,23.408687591552734,23.408687591552734,23.408687591552734,23.408687591552734,23.408687591552734,23.408687591552734,23.54720115661621,23.54720115661621
chronos_m4_hourly,207:target,207:target::origin=0,0,chronos_t5_tiny,0,862793191,chronos_samples,36,2010-06-04 00:00:00,24.399999618530273,24.239765167236328,24.309019088745117,24.239765167236328,24.239765167236328,24.239765167236328,24.239765167236328,24.239765167236328,24.378276824951172,24.378276824951172,24.378276824951172,24.378276824951172
chronos_m4_hourly,207:target,207:target::origin=0,0,chronos_t5_tiny,0,862793191,chronos_samples,37,2010-06-04 01:00:00,25.0,24.932331085205078,24.924020767211914,24.7938175201416,24.7938175201416,24.932331085205078,24.932331085205078,24.932331085205078,24.932331085205078,24.932331085205078,25.070844650268555,25.070844650268555
chronos_m4_hourly,207:target,207:target::origin=0,0,chronos_t5_tiny,0,862793191,chronos_samples,38,2010-06-04 02:00:00,25.399999618530273,25.347869873046875,25.298006057739258,25.2093563079834,25.2093563079834,25.2093563079834,25.2093563079834,25.347869873046875,25.347869873046875,25.347869873046875,25.347869873046875,25.48638153076172
chronos_m4_hourly,207:target,207:target::origin=0,0,chronos_t5_tiny,0,862793191,chronos_samples,39,2010-06-04 03:00:00,25.299999237060547,25.347869873046875,25.364492416381836,25.2093563079834,25.2093563079834,25.347869873046875,25.347869873046875,25.347869873046875,25.347869873046875,25.48638153076172,25.48638153076172,25.48638153076172
chronos_m4_hourly,207:target,207:target::origin=0,0,chronos_t5_tiny,0,862793191,chronos_samples,40,2010-06-04 04:00:00,25.100000381469727,25.070844650268555,25.09854507446289,24.932331085205078,24.932331085205078,25.070844650268555,25.070844650268555,25.070844650268555,25.2093563079834,25.2093563079834,25.2093563079834,25.347869873046875
chronos_m4_hourly,207:target,207:target::origin=0,0,chronos_t5_tiny,0,862793191,chronos_samples,41,2010-06-04 05:00:00,24.600000381469727,24.51679039001465,24.520944595336914,24.378276824951172,24.378276824951172,24.378276824951172,24.51679039001465,24.51679039001465,24.51679039001465,24.655305862426758,24.655305862426758,24.669157028198242
chronos_m4_hourly,207:target,207:target::origin=0,0,chronos_t5_tiny,0,862793191,chronos_samples,42,2010-06-04 06:00:00,23.899999618530273,23.82422637939453,23.767433166503906,23.54720115661621,23.685712814331055,23.685712814331055,23.685712814331055,23.82422637939453,23.82422637939453,23.82422637939453,23.851930618286133,23.962739944458008
chronos_m4_hourly,207:target,207:target::origin=0,0,chronos_t5_tiny,0,862793191,chronos_samples,43,2010-06-04 07:00:00,22.700000762939453,22.716123580932617,22.659334182739258,22.439098358154297,22.57761001586914,22.57761001586914,22.716123580932617,22.716123580932617,22.716123580932617,22.716123580932617,22.854637145996094,22.854637145996094
chronos_m4_hourly,207:target,207:target::origin=0,0,chronos_t5_tiny,0,862793191,chronos_samples,44,2010-06-04 08:00:00,21.299999237060547,21.33099365234375,21.346229553222656,21.192480087280273,21.33099365234375,21.33099365234375,21.33099365234375,21.33099365234375,21.33099365234375,21.469505310058594,21.469505310058594,21.60801887512207
chronos_m4_hourly,207:target,207:target::origin=0,0,chronos_t5_tiny,0,862793191,chronos_samples,45,2010-06-04 09:00:00,20.399999618530273,20.499916076660156,20.45281982421875,20.361404418945312,20.361404418945312,20.361404418945312,20.499916076660156,20.499916076660156,20.499916076660156,20.499916076660156,20.499916076660156,20.638429641723633
chronos_m4_hourly,207:target,207:target::origin=0,0,chronos_t5_tiny,0,862793191,chronos_samples,46,2010-06-04 10:00:00,19.700000762939453,19.66883659362793,19.6203556060791,19.530324935913086,19.530324935913086,19.530324935913086,19.66883659362793,19.66883659362793,19.66883659362793,19.66883659362793,19.66883659362793,19.807350158691406
chronos_m4_hourly,207:target,207:target::origin=0,0,chronos_t5_tiny,0,862793191,chronos_samples,47,2010-06-04 11:00:00,18.899999618530273,18.976272583007812,18.91255760192871,18.83776092529297,18.83776092529297,18.83776092529297,18.83776092529297,18.976272583007812,18.976272583007812,18.976272583007812,18.976272583007812,18.976272583007812
chronos_m4_hourly,207:target,207:target::origin=0,0,seasonal_naive,0,2273841927,degenerate,0,2010-06-02 12:00:00,17.700000762939453,17.600000381469727,17.600000381469727,17.600000381469727,17.600000381469727,17.600000381469727,17.600000381469727,17.600000381469727,17.600000381469727,17.600000381469727,17.600000381469727,17.600000381469727
chronos_m4_hourly,207:target,207:target::origin=0,0,seasonal_naive,0,2273841927,degenerate,1,2010-06-02 13:00:00,17.700000762939453,17.399999618530273,17.399999618530273,17.399999618530273,17.399999618530273,17.399999618530273,17.399999618530273,17.399999618530273,17.399999618530273,17.399999618530273,17.399999618530273,17.399999618530273
chronos_m4_hourly,207:target,207:target::origin=0,0,seasonal_naive,0,2273841927,degenerate,2,2010-06-02 14:00:00,17.100000381469727,16.899999618530273,16.899999618530273,16.899999618530273,16.899999618530273,16.899999618530273,16.899999618530273,16.899999618530273,16.899999618530273,16.899999618530273,16.899999618530273,16.899999618530273
chronos_m4_hourly,207:target,207:target::origin=0,0,seasonal_naive,0,2273841927,degenerate,3,2010-06-02 15:00:00,16.799999237060547,16.600000381469727,16.600000381469727,16.600000381469727,16.600000381469727,16.600000381469727,16.600000381469727,16.600000381469727,16.600000381469727,16.600000381469727,16.600000381469727,16.600000381469727
chronos_m4_hourly,207:target,207:target::origin=0,0,seasonal_naive,0,2273841927,degenerate,4,2010-06-02 16:00:00,16.5,16.299999237060547,16.299999237060547,16.299999237060547,16.299999237060547,16.299999237060547,16.299999237060547,16.299999237060547,16.299999237060547,16.299999237060547,16.299999237060547,16.299999237060547
chronos_m4_hourly,207:target,207:target::origin=0,0,seasonal_naive,0,2273841927,degenerate,5,2010-06-02 17:00:00,16.200000762939453,16.100000381469727,16.100000381469727,16.100000381469727,16.100000381469727,16.100000381469727,16.100000381469727,16.100000381469727,16.100000381469727,16.100000381469727,16.100000381469727,16.100000381469727
chronos_m4_hourly,207:target,207:target::origin=0,0,seasonal_naive,0,2273841927,degenerate,6,2010-06-02 18:00:00,16.5,16.299999237060547,16.299999237060547,16.299999237060547,16.299999237060547,16.299999237060547,16.299999237060547,16.299999237060547,16.299999237060547,16.299999237060547,16.299999237060547,16.299999237060547
chronos_m4_hourly,207:target,207:target::origin=0,0,seasonal_naive,0,2273841927,degenerate,7,2010-06-02 19:00:00,17.899999618530273,17.700000762939453,17.700000762939453,17.700000762939453,17.700000762939453,17.700000762939453,17.700000762939453,17.700000762939453,17.700000762939453,17.700000762939453,17.700000762939453,17.700000762939453
chronos_m4_hourly,207:target,207:target::origin=0,0,seasonal_naive,0,2273841927,degenerate,8,2010-06-02 20:00:00,19.399999618530273,19.200000762939453,19.200000762939453,19.200000762939453,19.200000762939453,19.200000762939453,19.200000762939453,19.200000762939453,19.200000762939453,19.200000762939453,19.200000762939453,19.200000762939453
chronos_m4_hourly,207:target,207:target::origin=0,0,seasonal_naive,0,2273841927,degenerate,9,2010-06-02 21:00:00,20.899999618530273,20.700000762939453,20.700000762939453,20.700000762939453,20.700000762939453,20.700000762939453,20.700000762939453,20.700000762939453,20.700000762939453,20.700000762939453,20.700000762939453,20.700000762939453
chronos_m4_hourly,207:target,207:target::origin=0,0,seasonal_naive,0,2273841927,degenerate,10,2010-06-02 22:00:00,22.200000762939453,22.0,22.0,22.0,22.0,22.0,22.0,22.0,22.0,22.0,22.0,22.0
chronos_m4_hourly,207:target,207:target::origin=0,0,seasonal_naive,0,2273841927,degenerate,11,2010-06-02 23:00:00,23.299999237060547,23.100000381469727,23.100000381469727,23.100000381469727,23.100000381469727,23.100000381469727,23.100000381469727,23.100000381469727,23.100000381469727,23.100000381469727,23.100000381469727,23.100000381469727
chronos_m4_hourly,207:target,207:target::origin=0,0,seasonal_naive,0,2273841927,degenerate,12,2010-06-03 00:00:00,24.200000762939453,24.100000381469727,24.100000381469727,24.100000381469727,24.100000381469727,24.100000381469727,24.100000381469727,24.100000381469727,24.100000381469727,24.100000381469727,24.100000381469727,24.100000381469727
chronos_m4_hourly,207:target,207:target::origin=0,0,seasonal_naive,0,2273841927,degenerate,13,2010-06-03 01:00:00,24.799999237060547,24.600000381469727,24.600000381469727,24.600000381469727,24.600000381469727,24.600000381469727,24.600000381469727,24.600000381469727,24.600000381469727,24.600000381469727,24.600000381469727,24.600000381469727
chronos_m4_hourly,207:target,207:target::origin=0,0,seasonal_naive,0,2273841927,degenerate,14,2010-06-03 02:00:00,25.200000762939453,25.100000381469727,25.100000381469727,25.100000381469727,25.100000381469727,25.100000381469727,25.100000381469727,25.100000381469727,25.100000381469727,25.100000381469727,25.100000381469727,25.100000381469727
chronos_m4_hourly,207:target,207:target::origin=0,0,seasonal_naive,0,2273841927,degenerate,15,2010-06-03 03:00:00,25.200000762939453,25.0,25.0,25.0,25.0,25.0,25.0,25.0,25.0,25.0,25.0,25.0
chronos_m4_hourly,207:target,207:target::origin=0,0,seasonal_naive,0,2273841927,degenerate,16,2010-06-03 04:00:00,24.899999618530273,24.700000762939453,24.700000762939453,24.700000762939453,24.700000762939453,24.700000762939453,24.700000762939453,24.700000762939453,24.700000762939453,24.700000762939453,24.700000762939453,24.700000762939453
chronos_m4_hourly,207:target,207:target::origin=0,0,seasonal_naive,0,2273841927,degenerate,17,2010-06-03 05:00:00,24.5,24.299999237060547,24.299999237060547,24.299999237060547,24.299999237060547,24.299999237060547,24.299999237060547,24.299999237060547,24.299999237060547,24.299999237060547,24.299999237060547,24.299999237060547
chronos_m4_hourly,207:target,207:target::origin=0,0,seasonal_naive,0,2273841927,degenerate,18,2010-06-03 06:00:00,23.799999237060547,23.600000381469727,23.600000381469727,23.600000381469727,23.600000381469727,23.600000381469727,23.600000381469727,23.600000381469727,23.600000381469727,23.600000381469727,23.600000381469727,23.600000381469727
chronos_m4_hourly,207:target,207:target::origin=0,0,seasonal_naive,0,2273841927,degenerate,19,2010-06-03 07:00:00,22.600000381469727,22.399999618530273,22.399999618530273,22.399999618530273,22.399999618530273,22.399999618530273,22.399999618530273,22.399999618530273,22.399999618530273,22.399999618530273,22.399999618530273,22.399999618530273
chronos_m4_hourly,207:target,207:target::origin=0,0,seasonal_naive,0,2273841927,degenerate,20,2010-06-03 08:00:00,21.200000762939453,21.100000381469727,21.100000381469727,21.100000381469727,21.100000381469727,21.100000381469727,21.100000381469727,21.100000381469727,21.100000381469727,21.100000381469727,21.100000381469727,21.100000381469727
chronos_m4_hourly,207:target,207:target::origin=0,0,seasonal_naive,0,2273841927,degenerate,21,2010-06-03 09:00:00,20.299999237060547,20.200000762939453,20.200000762939453,20.200000762939453,20.200000762939453,20.200000762939453,20.200000762939453,20.200000762939453,20.200000762939453,20.200000762939453,20.200000762939453,20.200000762939453
chronos_m4_hourly,207:target,207:target::origin=0,0,seasonal_naive,0,2273841927,degenerate,22,2010-06-03 10:00:00,19.600000381469727,19.399999618530273,19.399999618530273,19.399999618530273,19.399999618530273,19.399999618530273,19.399999618530273,19.399999618530273,19.399999618530273,19.399999618530273,19.399999618530273,19.399999618530273
chronos_m4_hourly,207:target,207:target::origin=0,0,seasonal_naive,0,2273841927,degenerate,23,2010-06-03 11:00:00,18.799999237060547,18.700000762939453,18.700000762939453,18.700000762939453,18.700000762939453,18.700000762939453,18.700000762939453,18.700000762939453,18.700000762939453,18.700000762939453,18.700000762939453,18.700000762939453
chronos_m4_hourly,207:target,207:target::origin=0,0,seasonal_naive,0,2273841927,degenerate,24,2010-06-03 12:00:00,17.899999618530273,17.600000381469727,17.600000381469727,17.600000381469727,17.600000381469727,17.600000381469727,17.600000381469727,17.600000381469727,17.600000381469727,17.600000381469727,17.600000381469727,17.600000381469727
chronos_m4_hourly,207:target,207:target::origin=0,0,seasonal_naive,0,2273841927,degenerate,25,2010-06-03 13:00:00,17.799999237060547,17.399999618530273,17.399999618530273,17.399999618530273,17.399999618530273,17.399999618530273,17.399999618530273,17.399999618530273,17.399999618530273,17.399999618530273,17.399999618530273,17.399999618530273
chronos_m4_hourly,207:target,207:target::origin=0,0,seasonal_naive,0,2273841927,degenerate,26,2010-06-03 14:00:00,17.299999237060547,16.899999618530273,16.899999618530273,16.899999618530273,16.899999618530273,16.899999618530273,16.899999618530273,16.899999618530273,16.899999618530273,16.899999618530273,16.899999618530273,16.899999618530273
chronos_m4_hourly,207:target,207:target::origin=0,0,seasonal_naive,0,2273841927,degenerate,27,2010-06-03 15:00:00,16.899999618530273,16.600000381469727,16.600000381469727,16.600000381469727,16.600000381469727,16.600000381469727,16.600000381469727,16.600000381469727,16.600000381469727,16.600000381469727,16.600000381469727,16.600000381469727
chronos_m4_hourly,207:target,207:target::origin=0,0,seasonal_naive,0,2273841927,degenerate,28,2010-06-03 16:00:00,16.700000762939453,16.299999237060547,16.299999237060547,16.299999237060547,16.299999237060547,16.299999237060547,16.299999237060547,16.299999237060547,16.299999237060547,16.299999237060547,16.299999237060547,16.299999237060547
chronos_m4_hourly,207:target,207:target::origin=0,0,seasonal_naive,0,2273841927,degenerate,29,2010-06-03 17:00:00,16.399999618530273,16.100000381469727,16.100000381469727,16.100000381469727,16.100000381469727,16.100000381469727,16.100000381469727,16.100000381469727,16.100000381469727,16.100000381469727,16.100000381469727,16.100000381469727
chronos_m4_hourly,207:target,207:target::origin=0,0,seasonal_naive,0,2273841927,degenerate,30,2010-06-03 18:00:00,16.600000381469727,16.299999237060547,16.299999237060547,16.299999237060547,16.299999237060547,16.299999237060547,16.299999237060547,16.299999237060547,16.299999237060547,16.299999237060547,16.299999237060547,16.299999237060547
chronos_m4_hourly,207:target,207:target::origin=0,0,seasonal_naive,0,2273841927,degenerate,31,2010-06-03 19:00:00,18.100000381469727,17.700000762939453,17.700000762939453,17.700000762939453,17.700000762939453,17.700000762939453,17.700000762939453,17.700000762939453,17.700000762939453,17.700000762939453,17.700000762939453,17.700000762939453
chronos_m4_hourly,207:target,207:target::origin=0,0,seasonal_naive,0,2273841927,degenerate,32,2010-06-03 20:00:00,19.600000381469727,19.200000762939453,19.200000762939453,19.200000762939453,19.200000762939453,19.200000762939453,19.200000762939453,19.200000762939453,19.200000762939453,19.200000762939453,19.200000762939453,19.200000762939453
chronos_m4_hourly,207:target,207:target::origin=0,0,seasonal_naive,0,2273841927,degenerate,33,2010-06-03 21:00:00,21.100000381469727,20.700000762939453,20.700000762939453,20.700000762939453,20.700000762939453,20.700000762939453,20.700000762939453,20.700000762939453,20.700000762939453,20.700000762939453,20.700000762939453,20.700000762939453
chronos_m4_hourly,207:target,207:target::origin=0,0,seasonal_naive,0,2273841927,degenerate,34,2010-06-03 22:00:00,22.399999618530273,22.0,22.0,22.0,22.0,22.0,22.0,22.0,22.0,22.0,22.0,22.0
chronos_m4_hourly,207:target,207:target::origin=0,0,seasonal_naive,0,2273841927,degenerate,35,2010-06-03 23:00:00,23.5,23.100000381469727,23.100000381469727,23.100000381469727,23.100000381469727,23.100000381469727,23.100000381469727,23.100000381469727,23.100000381469727,23.100000381469727,23.100000381469727,23.100000381469727
chronos_m4_hourly,207:target,207:target::origin=0,0,seasonal_naive,0,2273841927,degenerate,36,2010-06-04 00:00:00,24.399999618530273,24.100000381469727,24.100000381469727,24.100000381469727,24.100000381469727,24.100000381469727,24.100000381469727,24.100000381469727,24.100000381469727,24.100000381469727,24.100000381469727,24.100000381469727
chronos_m4_hourly,207:target,207:target::origin=0,0,seasonal_naive,0,2273841927,degenerate,37,2010-06-04 01:00:00,25.0,24.600000381469727,24.600000381469727,24.600000381469727,24.600000381469727,24.600000381469727,24.600000381469727,24.600000381469727,24.600000381469727,24.600000381469727,24.600000381469727,24.600000381469727
chronos_m4_hourly,207:target,207:target::origin=0,0,seasonal_naive,0,2273841927,degenerate,38,2010-06-04 02:00:00,25.399999618530273,25.100000381469727,25.100000381469727,25.100000381469727,25.100000381469727,25.100000381469727,25.100000381469727,25.100000381469727,25.100000381469727,25.100000381469727,25.100000381469727,25.100000381469727
chronos_m4_hourly,207:target,207:target::origin=0,0,seasonal_naive,0,2273841927,degenerate,39,2010-06-04 03:00:00,25.299999237060547,25.0,25.0,25.0,25.0,25.0,25.0,25.0,25.0,25.0,25.0,25.0
chronos_m4_hourly,207:target,207:target::origin=0,0,seasonal_naive,0,2273841927,degenerate,40,2010-06-04 04:00:00,25.100000381469727,24.700000762939453,24.700000762939453,24.700000762939453,24.700000762939453,24.700000762939453,24.700000762939453,24.700000762939453,24.700000762939453,24.700000762939453,24.700000762939453,24.700000762939453
chronos_m4_hourly,207:target,207:target::origin=0,0,seasonal_naive,0,2273841927,degenerate,41,2010-06-04 05:00:00,24.600000381469727,24.299999237060547,24.299999237060547,24.299999237060547,24.299999237060547,24.299999237060547,24.299999237060547,24.299999237060547,24.299999237060547,24.299999237060547,24.299999237060547,24.299999237060547
chronos_m4_hourly,207:target,207:target::origin=0,0,seasonal_naive,0,2273841927,degenerate,42,2010-06-04 06:00:00,23.899999618530273,23.600000381469727,23.600000381469727,23.600000381469727,23.600000381469727,23.600000381469727,23.600000381469727,23.600000381469727,23.600000381469727,23.600000381469727,23.600000381469727,23.600000381469727
chronos_m4_hourly,207:target,207:target::origin=0,0,seasonal_naive,0,2273841927,degenerate,43,2010-06-04 07:00:00,22.700000762939453,22.399999618530273,22.399999618530273,22.399999618530273,22.399999618530273,22.399999618530273,22.399999618530273,22.399999618530273,22.399999618530273,22.399999618530273,22.399999618530273,22.399999618530273
chronos_m4_hourly,207:target,207:target::origin=0,0,seasonal_naive,0,2273841927,degenerate,44,2010-06-04 08:00:00,21.299999237060547,21.100000381469727,21.100000381469727,21.100000381469727,21.100000381469727,21.100000381469727,21.100000381469727,21.100000381469727,21.100000381469727,21.100000381469727,21.100000381469727,21.100000381469727
chronos_m4_hourly,207:target,207:target::origin=0,0,seasonal_naive,0,2273841927,degenerate,45,2010-06-04 09:00:00,20.399999618530273,20.200000762939453,20.200000762939453,20.200000762939453,20.200000762939453,20.200000762939453,20.200000762939453,20.200000762939453,20.200000762939453,20.200000762939453,20.200000762939453,20.200000762939453
chronos_m4_hourly,207:target,207:target::origin=0,0,seasonal_naive,0,2273841927,degenerate,46,2010-06-04 10:00:00,19.700000762939453,19.399999618530273,19.399999618530273,19.399999618530273,19.399999618530273,19.399999618530273,19.399999618530273,19.399999618530273,19.399999618530273,19.399999618530273,19.399999618530273,19.399999618530273
chronos_m4_hourly,207:target,207:target::origin=0,0,seasonal_naive,0,2273841927,degenerate,47,2010-06-04 11:00:00,18.899999618530273,18.700000762939453,18.700000762939453,18.700000762939453,18.700000762939453,18.700000762939453,18.700000762939453,18.700000762939453,18.700000762939453,18.700000762939453,18.700000762939453,18.700000762939453
chronos_m4_hourly,207:target,207:target::origin=0,0,ar_2,0,1579105872,gaussian,0,2010-06-02 12:00:00,17.700000762939453,17.977540969848633,17.977540969848633,17.57890510559082,17.715749740600586,17.814422607421875,17.89873504638672,17.977540969848633,18.056346893310547,18.14065933227539,18.23933219909668,18.376176834106445
chronos_m4_hourly,207:target,207:target::origin=0,0,ar_2,0,1579105872,gaussian,1,2010-06-02 13:00:00,17.700000762939453,17.279003143310547,17.279003143310547,16.43057632446289,16.721824645996094,16.931833267211914,17.11128044128418,17.279003143310547,17.446725845336914,17.62617301940918,17.836181640625,18.127429962158203
chronos_m4_hourly,207:target,207:target::origin=0,0,ar_2,0,1579105872,gaussian,2,2010-06-02 14:00:00,17.100000381469727,16.64655303955078,16.64655303955078,15.310630798339844,15.769225120544434,16.099905014038086,16.382457733154297,16.64655303955078,16.910648345947266,17.193201065063477,17.523880004882812,17.98247528076172
chronos_m4_hourly,207:target,207:target::origin=0,0,ar_2,0,1579105872,gaussian,3,2010-06-02 15:00:00,16.799999237060547,16.115745544433594,16.115745544433594,14.297189712524414,14.921463012695312,15.371607780456543,15.75623893737793,16.115745544433594,16.475252151489258,16.85988426208496,17.310028076171875,17.934301376342773
chronos_m4_hourly,207:target,207:target::origin=0,0,ar_2,0,1579105872,gaussian,4,2010-06-02 16:00:00,16.5,15.713709831237793,15.713709831237793,13.450632095336914,14.227499961853027,14.787676811218262,15.266326904296875,15.713709831237793,16.16109275817871,16.63974380493164,17.199920654296875,17.976787567138672
chronos_m4_hourly,207:target,207:target::origin=0,0,ar_2,0,1579105872,gaussian,5,2010-06-02 17:00:00,16.200000762939453,15.457941055297852,15.457941055297852,12.812786102294922,13.720813751220703,14.375565528869629,14.935026168823242,15.457941055297852,15.980855941772461,16.54031753540039,17.195068359375,18.10309600830078
chronos_m4_hourly,207:target,207:target::origin=0,0,ar_2,0,1579105872,gaussian,6,2010-06-02 18:00:00,16.5,15.355785369873047,15.355785369873047,12.406176567077637,13.418717384338379,14.148829460144043,14.772684097290039,15.355785369873047,15.938886642456055,16.562740325927734,17.29285430908203,18.30539321899414
chronos_m4_hourly,207:target,207:target::origin=0,0,ar_2,0,1579105872,gaussian,7,2010-06-02 19:00:00,17.899999618530273,15.404572486877441,15.404572486877441,12.233890533447266,13.322319984436035,14.107154846191406,14.777767181396484,15.404572486877441,16.0313777923584,16.701990127563477,17.48682403564453,18.575254440307617
chronos_m4_hourly,207:target,207:target::origin=0,0,ar_2,0,1579105872,gaussian,8,2010-06-02 20:00:00,19.399999618530273,15.592375755310059,15.592375755310059,12.280393600463867,13.417328834533691,14.237139701843262,14.937637329101562,15.592375755310059,16.247114181518555,16.947612762451172,17.767423629760742,18.90435791015625
chronos_m4_hourly,207:target,207:target::origin=0,0,ar_2,0,1579105872,gaussian,9,2010-06-02 21:00:00,20.899999618530273,15.899299621582031,15.899299621582031,12.513448715209961,13.675741195678711,14.513836860656738,15.229958534240723,15.899299621582031,16.568641662597656,17.28476333618164,18.12285804748535,19.2851505279541
chronos_m4_hourly,207:target,207:target::origin=0,0,ar_2,0,1579105872,gaussian,10,2010-06-02 22:00:00,22.200000762939453,16.2991886138916,16.2991886138916,12.887292861938477,14.058526992797852,14.903068542480469,15.624698638916016,16.2991886138916,16.973678588867188,17.695308685302734,18.53985023498535,19.711084365844727
chronos_m4_hourly,207:target,207:target::origin=0,0,ar_2,0,1579105872,gaussian,11,2010-06-02 23:00:00,23.299999237060547,16.76163101196289,16.76163101196289,13.347315788269043,14.519379615783691,15.364521026611328,16.08666229248047,16.76163101196289,17.436599731445312,18.158740997314453,19.003881454467773,20.175947189331055
chronos_m4_hourly,207:target,207:target::origin=0,0,ar_2,0,1579105872,gaussian,12,2010-06-03 00:00:00,24.200000762939453,17.25409698486328,17.25409698486328,13.836286544799805,15.009550094604492,15.85555648803711,16.57843780517578,17.25409698486328,17.92975616455078,18.652637481689453,19.49864387512207,20.671907424926758
chronos_m4_hourly,207:target,207:target::origin=0,0,ar_2,0,1579105872,gaussian,13,2010-06-03 01:00:00,24.799999237060547,17.74410629272461,17.74410629272461,14.301637649536133,15.483366966247559,16.33547592163086,17.06357192993164,17.74410629272461,18.424640655517578,19.15273666381836,20.004846572875977,21.186574935913086
chronos_m4_hourly,207:target,207:target::origin=0,0,ar_2,0,1579105872,gaussian,14,2010-06-03 02:00:00,25.200000762939453,18.201236724853516,18.201236724853516,14.702083587646484,15.903271675109863,16.769411087036133,17.509496688842773,18.201236724853516,18.892976760864258,19.6330623626709,20.499202728271484,21.700389862060547
chronos_m4_hourly,207:target,207:target::origin=0,0,ar_2,0,1579105872,gaussian,15,2010-06-03 03:00:00,25.200000762939453,18.59891128540039,18.59891128540039,15.011371612548828,16.242900848388672,17.130918502807617,17.889698028564453,18.59891128540039,19.308124542236328,20.066904067993164,20.95492172241211,22.186450958251953
chronos_m4_hourly,207:target,207:target::origin=0,0,ar_2,0,1579105872,gaussian,16,2010-06-03 04:00:00,24.899999618530273,18.91582679748535,18.91582679748535,15.2179536819458,16.48735809326172,17.402687072753906,18.184803009033203,18.91582679748535,19.6468505859375,20.428966522216797,21.344295501708984,22.613698959350586
chronos_m4_hourly,207:target,207:target::origin=0,0,ar_2,0,1579105872,gaussian,17,2010-06-03 05:00:00,24.5,19.1369686126709,19.1369686126709,15.32159423828125,16.63133430480957,17.575748443603516,18.382715225219727,19.1369686126709,19.89122200012207,20.69818878173828,21.642602920532227,22.952342987060547
chronos_m4_hourly,207:target,207:target::origin=0,0,ar_2,0,1579105872,gaussian,18,2010-06-03 06:00:00,23.799999237060547,19.254179000854492,19.254179000854492,15.329108238220215,16.676504135131836,17.6480712890625,18.478240966796875,19.254179000854492,20.03011703491211,20.860286712646484,21.83185386657715,23.179248809814453
chronos_m4_hourly,207:target,207:target::origin=0,0,ar_2,0,1579105872,gaussian,19,2010-06-03 07:00:00,22.600000381469727,19.266263961791992,19.266263961791992,15.250859260559082,16.62926483154297,17.623193740844727,18.47246742248535,19.266263961791992,20.060060501098633,20.909334182739258,21.903263092041016,23.281667709350586
chronos_m4_hourly,207:target,207:target::origin=0,0,ar_2,0,1579105872,gaussian,20,2010-06-03 08:00:00,21.200000762939453,19.17865753173828,19.17865753173828,15.098508834838867,16.4991397857666,17.50909423828125,18.37206268310547,19.17865753173828,19.985252380371094,20.848220825195312,21.85817527770996,23.258806228637695
chronos_m4_hourly,207:target,207:target::origin=0,0,ar_2,0,1579105872,gaussian,21,2010-06-03 09:00:00,20.299999237060547,19.0026912689209,19.0026912689209,14.883872032165527,16.297779083251953,17.317304611206055,18.188451766967773,19.0026912689209,19.816930770874023,20.688077926635742,21.707605361938477,23.121509552001953
chronos_m4_hourly,207:target,207:target::origin=0,0,ar_2,0,1579105872,gaussian,22,2010-06-03 10:00:00,19.600000381469727,18.75454330444336,18.75454330444336,14.618548393249512,16.03835105895996,17.0621280670166,17.936906814575195,18.75454330444336,19.572179794311523,20.446958541870117,21.470735549926758,22.890539169311523
chronos_m4_hourly,207:target,207:target::origin=0,0,ar_2,0,1579105872,gaussian,23,2010-06-03 11:00:00,18.799999237060547,18.453937530517578,18.453937530517578,14.314135551452637,15.735244750976562,16.759963989257812,17.635549545288086,18.453937530517578,19.27232551574707,20.147911071777344,21.172630310058594,22.593738555908203
chronos_m4_hourly,207:target,207:target::origin=0,0,ar_2,0,1579105872,gaussian,24,2010-06-03 12:00:00,17.899999618530273,18.122711181640625,18.122711181640625,13.982855796813965,15.403983116149902,16.4287166595459,17.304311752319336,18.122711181640625,18.941110610961914,19.81670570373535,20.84143829345703,22.26256561279297
chronos_m4_hourly,207:target,207:target::origin=0,0,ar_2,0,1579105872,gaussian,25,2010-06-03 13:00:00,17.799999237060547,17.783327102661133,17.783327102661133,13.638333320617676,15.061224937438965,16.087228775024414,16.963912963867188,17.783327102661133,18.602741241455078,19.47942543029785,20.505430221557617,21.928319931030273
chronos_m4_hourly,207:target,207:target::origin=0,0,ar_2,0,1579105872,gaussian,26,2010-06-03 14:00:00,17.299999237060547,17.457433700561523,17.457433700561523,13.29613971710205,14.724626541137695,15.754666328430176,16.634796142578125,17.457433700561523,18.280071258544922,19.160202026367188,20.19024085998535,21.61872673034668
chronos_m4_hourly,207:target,207:target::origin=0,0,ar_2,0,1579105872,gaussian,27,2010-06-03 15:00:00,16.899999618530273,17.16456413269043,17.16456413269043,12.973678588867188,14.412323951721191,15.449687957763672,16.336076736450195,17.16456413269043,17.993051528930664,18.879440307617188,19.916805267333984,21.355449676513672
chronos_m4_hourly,207:target,207:target::origin=0,0,ar_2,0,1579105872,gaussian,28,2010-06-03 16:00:00,16.700000762939453,16.921043395996094,16.921043395996094,12.6891508102417,14.14187240600586,15.189387321472168,16.084449768066406,16.921043395996094,17.75763702392578,18.652698516845703,19.700214385986328,21.152935028076172
chronos_m4_hourly,207:target,207:target::origin=0,0,ar_2,0,1579105872,gaussian,29,2010-06-03 17:00:00,16.399999618530273,16.739154815673828,16.739154815673828,12.459696769714355,13.928747177124023,14.988035202026367,15.893157958984375,16.739154815673828,17.58515167236328,18.49027442932129,19.549562454223633,21.018611907958984
chronos_m4_hourly,207:target,207:target::origin=0,0,ar_2,0,1579105872,gaussian,30,2010-06-03 18:00:00,16.600000381469727,16.626615524291992,16.626615524291992,12.299222946166992,13.784728050231934,14.855881690979004,15.771142959594727,16.626615524291992,17.482088088989258,18.397348403930664,19.468502044677734,20.954008102416992
chronos_m4_hourly,207:target,207:target::origin=0,0,ar_2,0,1579105872,gaussian,31,2010-06-03 19:00:00,18.100000381469727,16.58636474609375,16.58636474609375,12.216480255126953,13.716571807861328,14.798243522644043,15.722492218017578,16.58636474609375,17.450237274169922,18.37448501586914,19.456157684326172,20.956249237060547
chronos_m4_hourly,207:target,207:target::origin=0,0,ar_2,0,1579105872,gaussian,32,2010-06-03 20:00:00,19.600000381469727,16.61665916442871,16.61665916442871,12.213825225830078,13.725228309631348,14.815055847167969,15.746273040771484,16.61665916442871,17.487045288085938,18.418262481689453,19.50809097290039,21.019493103027344
chronos_m4_hourly,207:target,207:target::origin=0,0,ar_2,0,1579105872,gaussian,33,2010-06-03 21:00:00,21.100000381469727,16.711454391479492,16.711454391479492,12.28689193725586,13.805753707885742,14.900959968566895,15.836772918701172,16.711454391479492,17.586135864257812,18.521949768066406,19.617155075073242,21.136016845703125
chronos_m4_hourly,207:target,207:target::origin=0,0,ar_2,0,1579105872,gaussian,34,2010-06-03 22:00:00,22.399999618530273,16.86104393005371,16.86104393005371,12.425152778625488,13.947903633117676,15.045913696289062,15.984122276306152,16.86104393005371,17.737966537475586,18.67617416381836,19.774185180664062,21.296934127807617
chronos_m4_hourly,207:target,207:target::origin=0,0,ar_2,0,1579105872,gaussian,35,2010-06-03 23:00:00,23.5,17.052871704101562,17.052871704101562,12.613204956054688,14.137251853942871,15.236196517944336,16.175203323364258,17.052871704101562,17.930540084838867,18.86954689025879,19.96849250793457,21.492538452148438
chronos_m4_hourly,207:target,207:target::origin=0,0,ar_2,0,1579105872,gaussian,36,2010-06-04 00:00:00,24.399999618530273,17.272485733032227,17.272485733032227,12.8325834274292,14.356710433959961,15.455713272094727,16.394771575927734,17.272485733032227,18.15019989013672,19.089258193969727,20.188261032104492,21.71238899230957
chronos_m4_hourly,207:target,207:target::origin=0,0,ar_2,0,1579105872,gaussian,37,2010-06-04 01:00:00,25.0,17.504554748535156,17.504554748535156,13.063813209533691,14.588228225708008,15.68743896484375,16.62667465209961,17.504554748535156,18.382434844970703,19.321670532226562,20.420881271362305,21.945295333862305
chronos_m4_hourly,207:target,207:target::origin=0,0,ar_2,0,1579105872,gaussian,38,2010-06-04 02:00:00,25.399999618530273,17.733867645263672,17.733867645263672,13.288385391235352,14.814428329467773,15.914812088012695,16.85504913330078,17.733867645263672,18.612686157226562,19.55292320251465,20.65330696105957,22.179349899291992
chronos_m4_hourly,207:target,207:target::origin=0,0,ar_2,0,1579105872,gaussian,39,2010-06-04 03:00:00,25.299999237060547,17.946287155151367,17.946287155151367,13.490397453308105,15.020012855529785,16.12297248840332,17.065412521362305,17.946287155151367,18.82716178894043,19.769601821899414,20.872562408447266,22.402177810668945
chronos_m4_hourly,207:target,207:target::origin=0,0,ar_2,0,1579105872,gaussian,40,2010-06-04 04:00:00,25.100000381469727,18.129554748535156,18.129554748535156,13.65760326385498,15.192731857299805,16.29966926574707,17.24550437927246,18.129554748535156,19.01360511779785,19.959440231323242,21.066377639770508,22.601505279541016
chronos_m4_hourly,207:target,207:target::origin=0,0,ar_2,0,1579105872,gaussian,41,2010-06-04 05:00:00,24.600000381469727,18.273956298828125,18.273956298828125,13.781856536865234,15.323902130126953,16.43582534790039,17.385923385620117,18.273956298828125,19.161989212036133,20.11208724975586,21.224010467529297,22.766056060791016
chronos_m4_hourly,207:target,207:target::origin=0,0,ar_2,0,1579105872,gaussian,42,2010-06-04 06:00:00,23.899999618530273,18.372774124145508,18.372774124145508,13.858975410461426,15.408470153808594,16.52576446533203,17.480451583862305,18.372774124145508,19.26509666442871,20.219783782958984,21.337078094482422,22.886571884155273
chronos_m4_hourly,207:target,207:target::origin=0,0,ar_2,0,1579105872,gaussian,43,2010-06-04 07:00:00,22.700000762939453,18.42252540588379,18.42252540588379,13.888237953186035,15.4447660446167,16.56713104248047,17.526151657104492,18.42252540588379,19.318899154663086,20.27791976928711,21.400285720825195,22.956811904907227
chronos_m4_hourly,207:target,207:target::origin=0,0,ar_2,0,1579105872,gaussian,44,2010-06-04 08:00:00,21.299999237060547,18.422996520996094,18.422996520996094,13.871720314025879,15.434080123901367,16.560651779174805,17.523263931274414,18.422996520996094,19.322729110717773,20.285341262817383,21.41191291809082,22.974271774291992
chronos_m4_hourly,207:target,207:target::origin=0,0,ar_2,0,1579105872,gaussian,45,2010-06-04 09:00:00,20.399999618530273,18.377056121826172,18.377056121826172,13.813619613647461,15.38015365600586,16.509735107421875,17.47492027282715,18.377056121826172,19.279191970825195,20.24437713623047,21.373958587646484,22.940492630004883
chronos_m4_hourly,207:target,207:target::origin=0,0,ar_2,0,1579105872,gaussian,46,2010-06-04 10:00:00,19.700000762939453,18.290302276611328,18.290302276611328,13.719707489013672,15.28869915008545,16.42005157470703,17.386751174926758,18.290302276611328,19.1938533782959,20.160552978515625,21.291906356811523,22.860897064208984
chronos_m4_hourly,207:target,207:target::origin=0,0,ar_2,0,1579105872,gaussian,47,2010-06-04 11:00:00,18.899999618530273,18.170549392700195,18.170549392700195,13.596900939941406,15.166940689086914,16.299049377441406,17.266395568847656,18.170549392700195,19.074703216552734,20.042049407958984,21.174158096313477,22.744197845458984
chronos_m4_hourly,207:target,207:target::origin=0,0,ma_2,0,3391745489,gaussian,0,2010-06-02 12:00:00,17.700000762939453,17.36602210998535,17.36602210998535,15.974632263183594,16.452268600463867,16.796676635742188,17.090961456298828,17.36602210998535,17.641082763671875,17.935367584228516,18.279775619506836,18.75741195678711
chronos_m4_hourly,207:target,207:target::origin=0,0,ma_2,0,3391745489,gaussian,1,2010-06-02 13:00:00,17.700000762939453,17.325754165649414,17.325754165649414,14.703697204589844,15.603795051574707,16.252830505371094,16.807405471801758,17.325754165649414,17.84410285949707,18.398677825927734,19.047712326049805,19.947811126708984
chronos_m4_hourly,207:target,207:target::origin=0,0,ma_2,0,3391745489,gaussian,2,2010-06-02 14:00:00,17.100000381469727,17.690237045288086,17.690237045288086,14.736128807067871,15.750213623046875,16.4814395904541,17.106245040893555,17.690237045288086,18.274229049682617,18.89903450012207,19.630260467529297,20.644344329833984
chronos_m4_hourly,207:target,207:target::origin=0,0,ma_2,0,3391745489,gaussian,3,2010-06-02 15:00:00,16.799999237060547,17.690237045288086,17.690237045288086,14.736128807067871,15.750213623046875,16.4814395904541,17.106245040893555,17.690237045288086,18.274229049682617,18.89903450012207,19.630260467529297,20.644344329833984
chronos_m4_hourly,207:target,207:target::origin=0,0,ma_2,0,3391745489,gaussian,4,2010-06-02 16:00:00,16.5,17.690237045288086,17.690237045288086,14.736128807067871,15.750213623046875,16.4814395904541,17.106245040893555,17.690237045288086,18.274229049682617,18.89903450012207,19.630260467529297,20.644344329833984
chronos_m4_hourly,207:target,207:target::origin=0,0,ma_2,0,3391745489,gaussian,5,2010-06-02 17:00:00,16.200000762939453,17.690237045288086,17.690237045288086,14.736128807067871,15.750213623046875,16.4814395904541,17.106245040893555,17.690237045288086,18.274229049682617,18.89903450012207,19.630260467529297,20.644344329833984
chronos_m4_hourly,207:target,207:target::origin=0,0,ma_2,0,3391745489,gaussian,6,2010-06-02 18:00:00,16.5,17.690237045288086,17.690237045288086,14.736128807067871,15.750213623046875,16.4814395904541,17.106245040893555,17.690237045288086,18.274229049682617,18.89903450012207,19.630260467529297,20.644344329833984
chronos_m4_hourly,207:target,207:target::origin=0,0,ma_2,0,3391745489,gaussian,7,2010-06-02 19:00:00,17.899999618530273,17.690237045288086,17.690237045288086,14.736128807067871,15.750213623046875,16.4814395904541,17.106245040893555,17.690237045288086,18.274229049682617,18.89903450012207,19.630260467529297,20.644344329833984
chronos_m4_hourly,207:target,207:target::origin=0,0,ma_2,0,3391745489,gaussian,8,2010-06-02 20:00:00,19.399999618530273,17.690237045288086,17.690237045288086,14.736128807067871,15.750213623046875,16.4814395904541,17.106245040893555,17.690237045288086,18.274229049682617,18.89903450012207,19.630260467529297,20.644344329833984
chronos_m4_hourly,207:target,207:target::origin=0,0,ma_2,0,3391745489,gaussian,9,2010-06-02 21:00:00,20.899999618530273,17.690237045288086,17.690237045288086,14.736128807067871,15.750213623046875,16.4814395904541,17.106245040893555,17.690237045288086,18.274229049682617,18.89903450012207,19.630260467529297,20.644344329833984
chronos_m4_hourly,207:target,207:target::origin=0,0,ma_2,0,3391745489,gaussian,10,2010-06-02 22:00:00,22.200000762939453,17.690237045288086,17.690237045288086,14.736128807067871,15.750213623046875,16.4814395904541,17.106245040893555,17.690237045288086,18.274229049682617,18.89903450012207,19.630260467529297,20.644344329833984
chronos_m4_hourly,207:target,207:target::origin=0,0,ma_2,0,3391745489,gaussian,11,2010-06-02 23:00:00,23.299999237060547,17.690237045288086,17.690237045288086,14.736128807067871,15.750213623046875,16.4814395904541,17.106245040893555,17.690237045288086,18.274229049682617,18.89903450012207,19.630260467529297,20.644344329833984
chronos_m4_hourly,207:target,207:target::origin=0,0,ma_2,0,3391745489,gaussian,12,2010-06-03 00:00:00,24.200000762939453,17.690237045288086,17.690237045288086,14.736128807067871,15.750213623046875,16.4814395904541,17.106245040893555,17.690237045288086,18.274229049682617,18.89903450012207,19.630260467529297,20.644344329833984
chronos_m4_hourly,207:target,207:target::origin=0,0,ma_2,0,3391745489,gaussian,13,2010-06-03 01:00:00,24.799999237060547,17.690237045288086,17.690237045288086,14.736128807067871,15.750213623046875,16.4814395904541,17.106245040893555,17.690237045288086,18.274229049682617,18.89903450012207,19.630260467529297,20.644344329833984
chronos_m4_hourly,207:target,207:target::origin=0,0,ma_2,0,3391745489,gaussian,14,2010-06-03 02:00:00,25.200000762939453,17.690237045288086,17.690237045288086,14.736128807067871,15.750213623046875,16.4814395904541,17.106245040893555,17.690237045288086,18.274229049682617,18.89903450012207,19.630260467529297,20.644344329833984
chronos_m4_hourly,207:target,207:target::origin=0,0,ma_2,0,3391745489,gaussian,15,2010-06-03 03:00:00,25.200000762939453,17.690237045288086,17.690237045288086,14.736128807067871,15.750213623046875,16.4814395904541,17.106245040893555,17.690237045288086,18.274229049682617,18.89903450012207,19.630260467529297,20.644344329833984
chronos_m4_hourly,207:target,207:target::origin=0,0,ma_2,0,3391745489,gaussian,16,2010-06-03 04:00:00,24.899999618530273,17.690237045288086,17.690237045288086,14.736128807067871,15.750213623046875,16.4814395904541,17.106245040893555,17.690237045288086,18.274229049682617,18.89903450012207,19.630260467529297,20.644344329833984
chronos_m4_hourly,207:target,207:target::origin=0,0,ma_2,0,3391745489,gaussian,17,2010-06-03 05:00:00,24.5,17.690237045288086,17.690237045288086,14.736128807067871,15.750213623046875,16.4814395904541,17.106245040893555,17.690237045288086,18.274229049682617,18.89903450012207,19.630260467529297,20.644344329833984
chronos_m4_hourly,207:target,207:target::origin=0,0,ma_2,0,3391745489,gaussian,18,2010-06-03 06:00:00,23.799999237060547,17.690237045288086,17.690237045288086,14.736128807067871,15.750213623046875,16.4814395904541,17.106245040893555,17.690237045288086,18.274229049682617,18.89903450012207,19.630260467529297,20.644344329833984
chronos_m4_hourly,207:target,207:target::origin=0,0,ma_2,0,3391745489,gaussian,19,2010-06-03 07:00:00,22.600000381469727,17.690237045288086,17.690237045288086,14.736128807067871,15.750213623046875,16.4814395904541,17.106245040893555,17.690237045288086,18.274229049682617,18.89903450012207,19.630260467529297,20.644344329833984
chronos_m4_hourly,207:target,207:target::origin=0,0,ma_2,0,3391745489,gaussian,20,2010-06-03 08:00:00,21.200000762939453,17.690237045288086,17.690237045288086,14.736128807067871,15.750213623046875,16.4814395904541,17.106245040893555,17.690237045288086,18.274229049682617,18.89903450012207,19.630260467529297,20.644344329833984
chronos_m4_hourly,207:target,207:target::origin=0,0,ma_2,0,3391745489,gaussian,21,2010-06-03 09:00:00,20.299999237060547,17.690237045288086,17.690237045288086,14.736128807067871,15.750213623046875,16.4814395904541,17.106245040893555,17.690237045288086,18.274229049682617,18.89903450012207,19.630260467529297,20.644344329833984
chronos_m4_hourly,207:target,207:target::origin=0,0,ma_2,0,3391745489,gaussian,22,2010-06-03 10:00:00,19.600000381469727,17.690237045288086,17.690237045288086,14.736128807067871,15.750213623046875,16.4814395904541,17.106245040893555,17.690237045288086,18.274229049682617,18.89903450012207,19.630260467529297,20.644344329833984
chronos_m4_hourly,207:target,207:target::origin=0,0,ma_2,0,3391745489,gaussian,23,2010-06-03 11:00:00,18.799999237060547,17.690237045288086,17.690237045288086,14.736128807067871,15.750213623046875,16.4814395904541,17.106245040893555,17.690237045288086,18.274229049682617,18.89903450012207,19.630260467529297,20.644344329833984
chronos_m4_hourly,207:target,207:target::origin=0,0,ma_2,0,3391745489,gaussian,24,2010-06-03 12:00:00,17.899999618530273,17.690237045288086,17.690237045288086,14.736128807067871,15.750213623046875,16.4814395904541,17.106245040893555,17.690237045288086,18.274229049682617,18.89903450012207,19.630260467529297,20.644344329833984
chronos_m4_hourly,207:target,207:target::origin=0,0,ma_2,0,3391745489,gaussian,25,2010-06-03 13:00:00,17.799999237060547,17.690237045288086,17.690237045288086,14.736128807067871,15.750213623046875,16.4814395904541,17.106245040893555,17.690237045288086,18.274229049682617,18.89903450012207,19.630260467529297,20.644344329833984
chronos_m4_hourly,207:target,207:target::origin=0,0,ma_2,0,3391745489,gaussian,26,2010-06-03 14:00:00,17.299999237060547,17.690237045288086,17.690237045288086,14.736128807067871,15.750213623046875,16.4814395904541,17.106245040893555,17.690237045288086,18.274229049682617,18.89903450012207,19.630260467529297,20.644344329833984
chronos_m4_hourly,207:target,207:target::origin=0,0,ma_2,0,3391745489,gaussian,27,2010-06-03 15:00:00,16.899999618530273,17.690237045288086,17.690237045288086,14.736128807067871,15.750213623046875,16.4814395904541,17.106245040893555,17.690237045288086,18.274229049682617,18.89903450012207,19.630260467529297,20.644344329833984
chronos_m4_hourly,207:target,207:target::origin=0,0,ma_2,0,3391745489,gaussian,28,2010-06-03 16:00:00,16.700000762939453,17.690237045288086,17.690237045288086,14.736128807067871,15.750213623046875,16.4814395904541,17.106245040893555,17.690237045288086,18.274229049682617,18.89903450012207,19.630260467529297,20.644344329833984
chronos_m4_hourly,207:target,207:target::origin=0,0,ma_2,0,3391745489,gaussian,29,2010-06-03 17:00:00,16.399999618530273,17.690237045288086,17.690237045288086,14.736128807067871,15.750213623046875,16.4814395904541,17.106245040893555,17.690237045288086,18.274229049682617,18.89903450012207,19.630260467529297,20.644344329833984
chronos_m4_hourly,207:target,207:target::origin=0,0,ma_2,0,3391745489,gaussian,30,2010-06-03 18:00:00,16.600000381469727,17.690237045288086,17.690237045288086,14.736128807067871,15.750213623046875,16.4814395904541,17.106245040893555,17.690237045288086,18.274229049682617,18.89903450012207,19.630260467529297,20.644344329833984
chronos_m4_hourly,207:target,207:target::origin=0,0,ma_2,0,3391745489,gaussian,31,2010-06-03 19:00:00,18.100000381469727,17.690237045288086,17.690237045288086,14.736128807067871,15.750213623046875,16.4814395904541,17.106245040893555,17.690237045288086,18.274229049682617,18.89903450012207,19.630260467529297,20.644344329833984
chronos_m4_hourly,207:target,207:target::origin=0,0,ma_2,0,3391745489,gaussian,32,2010-06-03 20:00:00,19.600000381469727,17.690237045288086,17.690237045288086,14.736128807067871,15.750213623046875,16.4814395904541,17.106245040893555,17.690237045288086,18.274229049682617,18.89903450012207,19.630260467529297,20.644344329833984
chronos_m4_hourly,207:target,207:target::origin=0,0,ma_2,0,3391745489,gaussian,33,2010-06-03 21:00:00,21.100000381469727,17.690237045288086,17.690237045288086,14.736128807067871,15.750213623046875,16.4814395904541,17.106245040893555,17.690237045288086,18.274229049682617,18.89903450012207,19.630260467529297,20.644344329833984
chronos_m4_hourly,207:target,207:target::origin=0,0,ma_2,0,3391745489,gaussian,34,2010-06-03 22:00:00,22.399999618530273,17.690237045288086,17.690237045288086,14.736128807067871,15.750213623046875,16.4814395904541,17.106245040893555,17.690237045288086,18.274229049682617,18.89903450012207,19.630260467529297,20.644344329833984
chronos_m4_hourly,207:target,207:target::origin=0,0,ma_2,0,3391745489,gaussian,35,2010-06-03 23:00:00,23.5,17.690237045288086,17.690237045288086,14.736128807067871,15.750213623046875,16.4814395904541,17.106245040893555,17.690237045288086,18.274229049682617,18.89903450012207,19.630260467529297,20.644344329833984
chronos_m4_hourly,207:target,207:target::origin=0,0,ma_2,0,3391745489,gaussian,36,2010-06-04 00:00:00,24.399999618530273,17.690237045288086,17.690237045288086,14.736128807067871,15.750213623046875,16.4814395904541,17.106245040893555,17.690237045288086,18.274229049682617,18.89903450012207,19.630260467529297,20.644344329833984
chronos_m4_hourly,207:target,207:target::origin=0,0,ma_2,0,3391745489,gaussian,37,2010-06-04 01:00:00,25.0,17.690237045288086,17.690237045288086,14.736128807067871,15.750213623046875,16.4814395904541,17.106245040893555,17.690237045288086,18.274229049682617,18.89903450012207,19.630260467529297,20.644344329833984
chronos_m4_hourly,207:target,207:target::origin=0,0,ma_2,0,3391745489,gaussian,38,2010-06-04 02:00:00,25.399999618530273,17.690237045288086,17.690237045288086,14.736128807067871,15.750213623046875,16.4814395904541,17.106245040893555,17.690237045288086,18.274229049682617,18.89903450012207,19.630260467529297,20.644344329833984
chronos_m4_hourly,207:target,207:target::origin=0,0,ma_2,0,3391745489,gaussian,39,2010-06-04 03:00:00,25.299999237060547,17.690237045288086,17.690237045288086,14.736128807067871,15.750213623046875,16.4814395904541,17.106245040893555,17.690237045288086,18.274229049682617,18.89903450012207,19.630260467529297,20.644344329833984
chronos_m4_hourly,207:target,207:target::origin=0,0,ma_2,0,3391745489,gaussian,40,2010-06-04 04:00:00,25.100000381469727,17.690237045288086,17.690237045288086,14.736128807067871,15.750213623046875,16.4814395904541,17.106245040893555,17.690237045288086,18.274229049682617,18.89903450012207,19.630260467529297,20.644344329833984
chronos_m4_hourly,207:target,207:target::origin=0,0,ma_2,0,3391745489,gaussian,41,2010-06-04 05:00:00,24.600000381469727,17.690237045288086,17.690237045288086,14.736128807067871,15.750213623046875,16.4814395904541,17.106245040893555,17.690237045288086,18.274229049682617,18.89903450012207,19.630260467529297,20.644344329833984
chronos_m4_hourly,207:target,207:target::origin=0,0,ma_2,0,3391745489,gaussian,42,2010-06-04 06:00:00,23.899999618530273,17.690237045288086,17.690237045288086,14.736128807067871,15.750213623046875,16.4814395904541,17.106245040893555,17.690237045288086,18.274229049682617,18.89903450012207,19.630260467529297,20.644344329833984
chronos_m4_hourly,207:target,207:target::origin=0,0,ma_2,0,3391745489,gaussian,43,2010-06-04 07:00:00,22.700000762939453,17.690237045288086,17.690237045288086,14.736128807067871,15.750213623046875,16.4814395904541,17.106245040893555,17.690237045288086,18.274229049682617,18.89903450012207,19.630260467529297,20.644344329833984
chronos_m4_hourly,207:target,207:target::origin=0,0,ma_2,0,3391745489,gaussian,44,2010-06-04 08:00:00,21.299999237060547,17.690237045288086,17.690237045288086,14.736128807067871,15.750213623046875,16.4814395904541,17.106245040893555,17.690237045288086,18.274229049682617,18.89903450012207,19.630260467529297,20.644344329833984
chronos_m4_hourly,207:target,207:target::origin=0,0,ma_2,0,3391745489,gaussian,45,2010-06-04 09:00:00,20.399999618530273,17.690237045288086,17.690237045288086,14.736128807067871,15.750213623046875,16.4814395904541,17.106245040893555,17.690237045288086,18.274229049682617,18.89903450012207,19.630260467529297,20.644344329833984
chronos_m4_hourly,207:target,207:target::origin=0,0,ma_2,0,3391745489,gaussian,46,2010-06-04 10:00:00,19.700000762939453,17.690237045288086,17.690237045288086,14.736128807067871,15.750213623046875,16.4814395904541,17.106245040893555,17.690237045288086,18.274229049682617,18.89903450012207,19.630260467529297,20.644344329833984
chronos_m4_hourly,207:target,207:target::origin=0,0,ma_2,0,3391745489,gaussian,47,2010-06-04 11:00:00,18.899999618530273,17.690237045288086,17.690237045288086,14.736128807067871,15.750213623046875,16.4814395904541,17.106245040893555,17.690237045288086,18.274229049682617,18.89903450012207,19.630260467529297,20.644344329833984
chronos_m4_hourly,207:target,207:target::origin=0,0,arma_2_2,0,1898578617,gaussian,0,2010-06-02 12:00:00,17.700000762939453,18.021608352661133,18.021608352661133,17.63092613220215,17.765039443969727,17.861743927001953,17.94437599182129,18.021608352661133,18.098840713500977,18.181472778320312,18.27817726135254,18.412290573120117
chronos_m4_hourly,207:target,207:target::origin=0,0,arma_2_2,0,1898578617,gaussian,1,2010-06-02 13:00:00,17.700000762939453,17.38376235961914,17.38376235961914,16.48691749572754,16.794784545898438,17.016780853271484,17.206466674804688,17.38376235961914,17.561058044433594,17.750743865966797,17.972740173339844,18.280607223510742
chronos_m4_hourly,207:target,207:target::origin=0,0,arma_2_2,0,1898578617,gaussian,2,2010-06-02 14:00:00,17.100000381469727,16.820266723632812,16.820266723632812,15.362614631652832,15.862996101379395,16.223806381225586,16.532106399536133,16.820266723632812,17.108427047729492,17.41672706604004,17.777536392211914,18.27791976928711
chronos_m4_hourly,207:target,207:target::origin=0,0,arma_2_2,0,1898578617,gaussian,3,2010-06-02 15:00:00,16.799999237060547,16.360698699951172,16.360698699951172,14.347500801086426,15.038590431213379,15.536914825439453,15.962714195251465,16.360698699951172,16.758684158325195,17.18448257446289,17.68280601501465,18.3738956451416
chronos_m4_hourly,207:target,207:target::origin=0,0,arma_2_2,0,1898578617,gaussian,4,2010-06-02 16:00:00,16.5,16.025495529174805,16.025495529174805,13.503378868103027,14.369169235229492,14.993465423583984,15.526904106140137,16.025495529174805,16.52408790588379,17.057525634765625,17.681821823120117,18.5476131439209
chronos_m4_hourly,207:target,207:target::origin=0,0,arma_2_2,0,1898578617,gaussian,5,2010-06-02 17:00:00,16.200000762939453,15.825429916381836,15.825429916381836,12.869292259216309,13.884074211120605,14.615802764892578,15.241037368774414,15.825429916381836,16.409822463989258,17.035057067871094,17.766786575317383,18.781566619873047
chronos_m4_hourly,207:target,207:target::origin=0,0,arma_2_2,0,1898578617,gaussian,6,2010-06-02 18:00:00,16.5,15.761749267578125,15.761749267578125,12.462728500366211,13.59521484375,14.411816596984863,15.109573364257812,15.761749267578125,16.413925170898438,17.11168098449707,17.92828369140625,19.06077003479004
chronos_m4_hourly,207:target,207:target::origin=0,0,arma_2_2,0,1898578617,gaussian,7,2010-06-02 19:00:00,17.899999618530273,15.826902389526367,15.826902389526367,12.280863761901855,13.498146057128906,14.375892639160156,15.125893592834473,15.826902389526367,16.527910232543945,17.277912139892578,18.155658721923828,19.372940063476562
chronos_m4_hourly,207:target,207:target::origin=0,0,arma_2_2,0,1898578617,gaussian,8,2010-06-02 20:00:00,19.399999618530273,16.005775451660156,16.005775451660156,12.302608489990234,13.573829650878906,14.490469932556152,15.273704528808594,16.005775451660156,16.73784637451172,17.521081924438477,18.437721252441406,19.708942413330078
chronos_m4_hourly,207:target,207:target::origin=0,0,arma_2_2,0,1898578617,gaussian,9,2010-06-02 21:00:00,20.899999618530273,16.27729034423828,16.27729034423828,12.491620063781738,13.791162490844727,14.728224754333496,15.528909683227539,16.27729034423828,17.025671005249023,17.82635498046875,18.763418197631836,20.062959671020508
chronos_m4_hourly,207:target,207:target::origin=0,0,arma_2_2,0,1898578617,gaussian,10,2010-06-02 22:00:00,22.200000762939453,16.61626434326172,16.61626434326172,12.800454139709473,14.110342979431152,15.054865837097168,15.86192512512207,16.61626434326172,17.370603561401367,18.177663803100586,19.12218475341797,20.43207550048828
chronos_m4_hourly,207:target,207:target::origin=0,0,arma_2_2,0,1898578617,gaussian,11,2010-06-02 23:00:00,23.299999237060547,16.9953556060791,16.9953556060791,13.175894737243652,14.487037658691406,15.432463645935059,16.24029541015625,16.9953556060791,17.750415802001953,18.55824851989746,19.503673553466797,20.814815521240234
chronos_m4_hourly,207:target,207:target::origin=0,0,arma_2_2,0,1898578617,gaussian,12,2010-06-03 00:00:00,24.200000762939453,17.38699722290039,17.38699722290039,13.565362930297852,14.877251625061035,15.82321548461914,16.631505966186523,17.38699722290039,18.142488479614258,18.95077896118164,19.896743774414062,21.20863151550293
chronos_m4_hourly,207:target,207:target::origin=0,0,arma_2_2,0,1898578617,gaussian,13,2010-06-03 01:00:00,24.799999237060547,17.765165328979492,17.765165328979492,13.923547744750977,15.24229621887207,16.193206787109375,17.00572395324707,17.765165328979492,18.524606704711914,19.33712387084961,20.288034439086914,21.606782913208008
chronos_m4_hourly,207:target,207:target::origin=0,0,arma_2_2,0,1898578617,gaussian,14,2010-06-03 02:00:00,25.200000762939453,18.106910705566406,18.106910705566406,14.217714309692383,15.55279541015625,16.515483856201172,17.338064193725586,18.106910705566406,18.875757217407227,19.69833755493164,20.661026000976562,21.99610710144043
chronos_m4_hourly,207:target,207:target::origin=0,0,arma_2_2,0,1898578617,gaussian,15,2010-06-03 03:00:00,25.200000762939453,18.393558502197266,18.393558502197266,14.429896354675293,15.79054069519043,16.77165985107422,17.6099910736084,18.393558502197266,19.177125930786133,20.015457153320312,20.9965763092041,22.357219696044922
chronos_m4_hourly,207:target,207:target::origin=0,0,arma_2_2,0,1898578617,gaussian,16,2010-06-03 04:00:00,24.899999618530273,18.611534118652344,18.611534118652344,14.555495262145996,15.947850227355957,16.95183563232422,17.809703826904297,18.611534118652344,19.41336441040039,20.27123260498047,21.275218963623047,22.667572021484375
chronos_m4_hourly,207:target,207:target::origin=0,0,arma_2_2,0,1898578617,gaussian,17,2010-06-03 05:00:00,24.5,18.75279426574707,18.75279426574707,14.599458694458008,16.02521324157715,17.05328369140625,17.931730270385742,18.75279426574707,19.5738582611084,20.45230484008789,21.480375289916992,22.906129837036133
chronos_m4_hourly,207:target,207:target::origin=0,0,arma_2_2,0,1898578617,gaussian,18,2010-06-03 06:00:00,23.799999237060547,18.814865112304688,18.814865112304688,14.572007179260254,16.028493881225586,17.07872200012207,17.976104736328125,18.814865112304688,19.653627395629883,20.551008224487305,21.60123634338379,23.057722091674805
chronos_m4_hourly,207:target,207:target::origin=0,0,arma_2_2,0,1898578617,gaussian,19,2010-06-03 07:00:00,22.600000381469727,18.8005313873291,18.8005313873291,14.48525333404541,15.966599464416504,17.034753799438477,17.94745445251465,18.8005313873291,19.653610229492188,20.566308975219727,21.634464263916016,23.115808486938477
chronos_m4_hourly,207:target,207:target::origin=0,0,arma_2_2,0,1898578617,gaussian,20,2010-06-03 08:00:00,21.200000762939453,18.71721076965332,18.71721076965332,14.351119995117188,15.849909782409668,16.930641174316406,17.854087829589844,18.71721076965332,19.580333709716797,20.503780364990234,21.58451271057129,23.083301544189453
chronos_m4_hourly,207:target,207:target::origin=0,0,arma_2_2,0,1898578617,gaussian,21,2010-06-03 09:00:00,20.299999237060547,18.576082229614258,18.576082229614258,14.180394172668457,15.689343452453613,16.777402877807617,17.707107543945312,18.576082229614258,19.445056915283203,20.3747615814209,21.462820053100586,22.971769332885742
chronos_m4_hourly,207:target,207:target::origin=0,0,arma_2_2,0,1898578617,gaussian,22,2010-06-03 10:00:00,19.600000381469727,18.39105796813965,18.39105796813965,13.982620239257812,15.495945930480957,16.587162017822266,17.519563674926758,18.39105796813965,19.26255226135254,20.19495391845703,21.286169052124023,22.799495697021484
chronos_m4_hourly,207:target,207:target::origin=0,0,arma_2_2,0,1898578617,gaussian,23,2010-06-03 11:00:00,18.799999237060547,18.177663803100586,18.177663803100586,13.766525268554688,15.280778884887695,16.372661590576172,17.305635452270508,18.177663803100586,19.049692153930664,19.982666015625,21.074548721313477,22.588802337646484
chronos_m4_hourly,207:target,207:target::origin=0,0,arma_2_2,0,1898578617,gaussian,24,2010-06-03 12:00:00,17.899999618530273,17.9519100189209,17.9519100189209,13.540722846984863,15.05499267578125,16.146888732910156,17.079872131347656,17.9519100189209,18.82394790649414,19.75693130493164,20.848827362060547,22.363096237182617
chronos_m4_hourly,207:target,207:target::origin=0,0,arma_2_2,0,1898578617,gaussian,25,2010-06-03 13:00:00,17.799999237060547,17.72923469543457,17.72923469543457,13.314385414123535,14.829912185668945,15.922714233398438,16.85647201538086,17.72923469543457,18.60199737548828,19.535755157470703,20.628557205200195,22.14408302307129
chronos_m4_hourly,207:target,207:target::origin=0,0,arma_2_2,0,1898578617,gaussian,26,2010-06-03 14:00:00,17.299999237060547,17.523563385009766,17.523563385009766,13.097579956054688,14.61693000793457,15.71248722076416,16.648601531982422,17.523563385009766,18.398527145385742,19.334640502929688,20.43019676208496,21.949546813964844
chronos_m4_hourly,207:target,207:target::origin=0,0,arma_2_2,0,1898578617,gaussian,27,2010-06-03 15:00:00,16.899999618530273,17.3465518951416,17.3465518951416,12.901034355163574,14.42708969116211,15.527482032775879,16.467727661132812,17.3465518951416,18.22537612915039,19.165620803833008,20.266014099121094,21.792068481445312
chronos_m4_hourly,207:target,207:target::origin=0,0,arma_2_2,0,1898578617,gaussian,28,2010-06-03 16:00:00,16.700000762939453,17.207042694091797,17.207042694091797,12.735298156738281,14.270356178283691,15.377241134643555,16.323034286499023,17.207042694091797,18.091053009033203,19.03684425354004,20.143728256225586,21.678787231445312
chronos_m4_hourly,207:target,207:target::origin=0,0,arma_2_2,0,1898578617,gaussian,29,2010-06-03 17:00:00,16.399999618530273,17.11073112487793,17.11073112487793,12.609500885009766,14.154681205749512,15.268864631652832,16.22089385986328,17.11073112487793,18.00057029724121,18.952598571777344,20.066781997680664,21.611961364746094
chronos_m4_hourly,207:target,207:target::origin=0,0,arma_2_2,0,1898578617,gaussian,30,2010-06-03 18:00:00,16.600000381469727,17.060077667236328,17.060077667236328,12.53007698059082,14.08513355255127,15.206438064575195,16.164552688598633,17.060077667236328,17.955604553222656,18.91371726989746,20.035022735595703,21.590078353881836
chronos_m4_hourly,207:target,207:target::origin=0,0,arma_2_2,0,1898578617,gaussian,31,2010-06-03 19:00:00,18.100000381469727,17.054424285888672,17.054424285888672,12.49979305267334,14.063304901123047,15.190706253051758,16.154029846191406,17.054424285888672,17.954818725585938,18.918142318725586,20.045543670654297,21.609054565429688
chronos_m4_hourly,207:target,207:target::origin=0,0,arma_2_2,0,1898578617,gaussian,32,2010-06-03 20:00:00,19.600000381469727,17.090301513671875,17.090301513671875,12.517316818237305,14.087128639221191,15.219073295593262,16.186277389526367,17.090301513671875,17.994325637817383,18.961528778076172,20.093475341796875,21.663286209106445
chronos_m4_hourly,207:target,207:target::origin=0,0,arma_2_2,0,1898578617,gaussian,33,2010-06-03 21:00:00,21.100000381469727,17.161890029907227,17.161890029907227,12.577377319335938,14.151145935058594,15.285944938659668,16.25558853149414,17.161890029907227,18.068191528320312,19.0378360748291,20.17263412475586,21.746402740478516
chronos_m4_hourly,207:target,207:target::origin=0,0,arma_2_2,0,1898578617,gaussian,34,2010-06-03 22:00:00,22.399999618530273,17.261585235595703,17.261585235595703,12.671455383300781,14.247152328491211,15.383341789245605,16.354171752929688,17.261585235595703,18.16899871826172,19.139829635620117,20.276018142700195,21.851715087890625
chronos_m4_hourly,207:target,207:target::origin=0,0,arma_2_2,0,1898578617,gaussian,35,2010-06-03 23:00:00,23.5,17.380647659301758,17.380647659301758,12.788870811462402,14.365133285522461,15.501729965209961,16.472909927368164,17.380647659301758,18.28838539123535,19.259565353393555,20.396162033081055,21.972423553466797
chronos_m4_hourly,207:target,207:target::origin=0,0,arma_2_2,0,1898578617,gaussian,36,2010-06-04 00:00:00,24.399999618530273,17.509838104248047,17.509838104248047,12.918017387390137,14.494295120239258,15.630902290344238,16.60209083557129,17.509838104248047,18.417585372924805,19.38877296447754,20.525381088256836,22.10165786743164
chronos_m4_hourly,207:target,207:target::origin=0,0,arma_2_2,0,1898578617,gaussian,37,2010-06-04 01:00:00,25.0,17.640066146850586,17.640066146850586,13.047623634338379,14.624114990234375,15.760876655578613,16.732196807861328,17.640066146850586,18.547935485839844,19.519256591796875,20.656017303466797,22.232507705688477
chronos_m4_hourly,207:target,207:target::origin=0,0,arma_2_2,0,1898578617,gaussian,38,2010-06-04 02:00:00,25.399999618530273,17.7629451751709,17.7629451751709,13.167780876159668,14.745206832885742,15.882641792297363,16.854537963867188,17.7629451751709,18.67135238647461,19.64324951171875,20.780683517456055,22.358108520507812
chronos_m4_hourly,207:target,207:target::origin=0,0,arma_2_2,0,1898578617,gaussian,39,2010-06-04 03:00:00,25.299999237060547,17.87126922607422,17.87126922607422,13.27066707611084,14.849959373474121,15.988739967346191,16.9617862701416,17.87126922607422,18.780752182006836,19.75379753112793,20.892580032348633,22.47187042236328
chronos_m4_hourly,207:target,207:target::origin=0,0,arma_2_2,0,1898578617,gaussian,40,2010-06-04 04:00:00,25.100000381469727,17.95937728881836,17.95937728881836,13.35090160369873,14.932896614074707,16.073627471923828,17.048337936401367,17.95937728881836,18.87041664123535,19.84512710571289,20.985857009887695,22.567852020263672
chronos_m4_hourly,207:target,207:target::origin=0,0,arma_2_2,0,1898578617,gaussian,41,2010-06-04 05:00:00,24.600000381469727,18.023374557495117,18.023374557495117,13.405538558959961,14.99074649810791,16.133792877197266,17.110485076904297,18.023374557495117,18.936264038085938,19.91295623779297,21.056001663208008,22.641210556030273
chronos_m4_hourly,207:target,207:target::origin=0,0,arma_2_2,0,1898578617,gaussian,42,2010-06-04 06:00:00,23.899999618530273,18.061235427856445,18.061235427856445,13.433815002441406,15.022314071655273,16.16773223876953,17.14645004272461,18.061235427856445,18.97602081298828,19.95473861694336,21.100156784057617,22.688655853271484
chronos_m4_hourly,207:target,207:target::origin=0,0,arma_2_2,0,1898578617,gaussian,43,2010-06-04 07:00:00,22.700000762939453,18.072771072387695,18.072771072387695,13.436756134033203,15.028204917907715,16.175750732421875,17.156288146972656,18.072771072387695,18.989253997802734,19.969791412353516,21.117338180541992,22.708786010742188
chronos_m4_hourly,207:target,207:target::origin=0,0,arma_2_2,0,1898578617,gaussian,44,2010-06-04 08:00:00,21.299999237060547,18.059490203857422,18.059490203857422,13.416738510131836,15.010499954223633,16.159713745117188,17.141674041748047,18.059490203857422,18.977306365966797,19.959266662597656,21.10848045349121,22.702241897583008
chronos_m4_hourly,207:target,207:target::origin=0,0,arma_2_2,0,1898578617,gaussian,45,2010-06-04 09:00:00,20.399999618530273,18.02434730529785,18.02434730529785,13.377086639404297,14.972395896911621,16.122726440429688,17.105640411376953,18.02434730529785,18.94305419921875,19.925968170166016,21.0762996673584,22.671607971191406
chronos_m4_hourly,207:target,207:target::origin=0,0,arma_2_2,0,1898578617,gaussian,46,2010-06-04 10:00:00,19.700000762939453,17.971445083618164,17.971445083618164,13.321760177612305,14.917901992797852,16.068832397460938,17.05225944519043,17.971445083618164,18.8906307220459,19.87405776977539,21.024988174438477,22.621129989624023
chronos_m4_hourly,207:target,207:target::origin=0,0,arma_2_2,0,1898578617,gaussian,47,2010-06-04 11:00:00,18.899999618530273,17.905664443969727,17.905664443969727,13.255095481872559,14.851540565490723,16.002689361572266,16.986303329467773,17.905664443969727,18.82502555847168,19.808639526367188,20.959789276123047,22.556232452392578
chronos_m4_hourly,207:target,207:target::origin=0,0,arima_2_1_2,0,261917535,gaussian,0,2010-06-02 12:00:00,17.700000762939453,18.1555233001709,18.1555233001709,17.77776527404785,17.907442092895508,18.000947952270508,18.08084487915039,18.1555233001709,18.230201721191406,18.31009864807129,18.40360450744629,18.533281326293945
chronos_m4_hourly,207:target,207:target::origin=0,0,arima_2_1_2,0,261917535,gaussian,1,2010-06-02 13:00:00,17.700000762939453,17.798887252807617,17.798887252807617,16.95531463623047,17.244895935058594,17.453704833984375,17.632123947143555,17.798887252807617,17.96565055847168,18.14406967163086,18.35287857055664,18.642459869384766
chronos_m4_hourly,207:target,207:target::origin=0,0,arima_2_1_2,0,261917535,gaussian,2,2010-06-02 14:00:00,17.100000381469727,17.64497184753418,17.64497184753418,16.293441772460938,16.757394790649414,17.091936111450195,17.377790451049805,17.64497184753418,17.912153244018555,18.198007583618164,18.532548904418945,18.996501922607422
chronos_m4_hourly,207:target,207:target::origin=0,0,arima_2_1_2,0,261917535,gaussian,3,2010-06-02 15:00:00,16.799999237060547,17.692419052124023,17.692419052124023,15.841351509094238,16.47678565979004,16.93497657775879,17.32648468017578,17.692419052124023,18.058353424072266,18.449861526489258,18.908052444458008,19.543485641479492
chronos_m4_hourly,207:target,207:target::origin=0,0,arima_2_1_2,0,261917535,gaussian,4,2010-06-02 16:00:00,16.5,17.924776077270508,17.924776077270508,15.621203422546387,16.411972045898438,16.9821720123291,17.46938705444336,17.924776077270508,18.380165100097656,18.867380142211914,19.437580108642578,20.228347778320312
chronos_m4_hourly,207:target,207:target::origin=0,0,arima_2_1_2,0,261917535,gaussian,5,2010-06-02 17:00:00,16.200000762939453,18.31270408630371,18.31270408630371,15.630805969238281,16.55144691467285,17.215293884277344,17.78252601623535,18.31270408630371,18.84288215637207,19.410114288330078,20.07396125793457,20.99460220336914
chronos_m4_hourly,207:target,207:target::origin=0,0,arima_2_1_2,0,261917535,gaussian,6,2010-06-02 18:00:00,16.5,18.817005157470703,18.817005157470703,15.846158027648926,16.86598777770996,17.60135841369629,18.229705810546875,18.817005157470703,19.404306411743164,20.032651901245117,20.768022537231445,21.787853240966797
chronos_m4_hourly,207:target,207:target::origin=0,0,arima_2_1_2,0,261917535,gaussian,7,2010-06-02 19:00:00,17.899999618530273,19.3922176361084,19.3922176361084,16.224767684936523,17.312088012695312,18.09612274169922,18.76605224609375,19.3922176361084,20.018383026123047,20.688312530517578,21.472347259521484,22.559667587280273
chronos_m4_hourly,207:target,207:target::origin=0,0,arima_2_1_2,0,261917535,gaussian,8,2010-06-02 20:00:00,19.399999618530273,19.990440368652344,19.990440368652344,16.70992660522461,17.8360595703125,18.648080825805664,19.341922760009766,19.990440368652344,20.638957977294922,21.332799911499023,22.144821166992188,23.270954132080078
chronos_m4_hourly,207:target,207:target::origin=0,0,arima_2_1_2,0,261917535,gaussian,9,2010-06-02 21:00:00,20.899999618530273,20.56509780883789,20.56509780883789,17.23603057861328,18.378829956054688,19.202869415283203,19.906982421875,20.56509780883789,21.22321319580078,21.927326202392578,22.751365661621094,23.8941650390625
chronos_m4_hourly,207:target,207:target::origin=0,0,arima_2_1_2,0,261917535,gaussian,10,2010-06-02 22:00:00,22.200000762939453,21.074369430541992,21.074369430541992,17.735090255737305,18.88139533996582,19.707963943481445,20.414234161376953,21.074369430541992,21.73450469970703,22.44077491760254,23.267343521118164,24.41364860534668
chronos_m4_hourly,207:target,207:target::origin=0,0,arima_2_1_2,0,261917535,gaussian,11,2010-06-02 23:00:00,23.299999237060547,21.484041213989258,21.484041213989258,18.1445369720459,19.29092025756836,20.117544174194336,20.823862075805664,21.484041213989258,22.14422035217285,22.85053825378418,23.677162170410156,24.823543548583984
chronos_m4_hourly,207:target,207:target::origin=0,0,arima_2_1_2,0,261917535,gaussian,12,2010-06-03 00:00:00,24.200000762939453,21.769594192504883,21.769594192504883,18.415733337402344,19.567045211791992,20.397220611572266,21.106576919555664,21.769594192504883,22.4326114654541,23.1419677734375,23.972143173217773,25.123455047607422
chronos_m4_hourly,207:target,207:target::origin=0,0,arima_2_1_2,0,261917535,gaussian,13,2010-06-03 01:00:00,24.799999237060547,21.91743278503418,21.91743278503418,18.521238327026367,19.687082290649414,20.527738571166992,21.24604606628418,21.91743278503418,22.58881950378418,23.307126998901367,24.147783279418945,25.313627243041992
chronos_m4_hourly,207:target,207:target::origin=0,0,arima_2_1_2,0,261917535,gaussian,14,2010-06-03 02:00:00,25.200000762939453,21.92521858215332,21.92521858215332,18.45797348022461,19.64820671081543,20.506450653076172,21.23978614807129,21.92521858215332,22.61065101623535,23.34398651123047,24.20223045349121,25.39246368408203
chronos_m4_hourly,207:target,207:target::origin=0,0,arima_2_1_2,0,261917535,gaussian,15,2010-06-03 03:00:00,25.200000762939453,21.80131721496582,21.80131721496582,18.24457359313965,19.465530395507812,20.34592628479004,21.09819221496582,21.80131721496582,22.50444221496582,23.2567081451416,24.137104034423828,25.358060836791992
chronos_m4_hourly,207:target,207:target::origin=0,0,arima_2_1_2,0,261917535,gaussian,16,2010-06-03 04:00:00,24.899999618530273,21.563493728637695,21.563493728637695,17.91446876525879,19.167102813720703,20.070343017578125,20.842126846313477,21.563493728637695,22.284862518310547,23.056644439697266,23.959884643554688,25.2125186920166
chronos_m4_hourly,207:target,207:target::origin=0,0,arima_2_1_2,0,261917535,gaussian,17,2010-06-03 05:00:00,24.5,21.236957550048828,21.236957550048828,17.507780075073242,18.787931442260742,19.711008071899414,20.499744415283203,21.236957550048828,21.974170684814453,22.762907028198242,23.685985565185547,24.96613311767578
chronos_m4_hourly,207:target,207:target::origin=0,0,arima_2_1_2,0,261917535,gaussian,18,2010-06-03 06:00:00,23.799999237060547,20.852005004882812,20.852005004882812,17.064624786376953,18.36475372314453,19.3022403717041,20.103286743164062,20.852005004882812,21.600723266601562,22.401769638061523,23.339256286621094,24.639385223388672
chronos_m4_hourly,207:target,207:target::origin=0,0,arima_2_1_2,0,261917535,gaussian,19,2010-06-03 07:00:00,22.600000381469727,20.44139289855957,20.44139289855957,16.620525360107422,17.93214988708496,18.877925872802734,19.686054229736328,20.44139289855957,21.196731567382812,22.004859924316406,22.95063591003418,24.26226043701172
chronos_m4_hourly,207:target,207:target::origin=0,0,arima_2_1_2,0,261917535,gaussian,20,2010-06-03 08:00:00,21.200000762939453,20.0377197265625,20.0377197265625,16.203977584838867,17.520023345947266,18.468984603881836,19.279836654663086,20.0377197265625,20.795604705810547,21.606454849243164,22.555416107177734,23.871461868286133
chronos_m4_hourly,207:target,207:target::origin=0,0,arima_2_1_2,0,261917535,gaussian,21,2010-06-03 09:00:00,20.299999237060547,19.670978546142578,19.670978546142578,15.835784912109375,17.152328491210938,18.101648330688477,18.91280746459961,19.670978546142578,20.429149627685547,21.24030876159668,22.18962860107422,23.50617218017578
chronos_m4_hourly,207:target,207:target::origin=0,0,arima_2_1_2,0,261917535,gaussian,22,2010-06-03 10:00:00,19.600000381469727,19.366455078125,19.366455078125,15.529861450195312,16.846885681152344,17.796552658081055,18.608007431030273,19.366455078125,20.124902725219727,20.936357498168945,21.886024475097656,23.203048706054688
chronos_m4_hourly,207:target,207:target::origin=0,0,arima_2_1_2,0,261917535,gaussian,23,2010-06-03 11:00:00,18.799999237060547,19.14313507080078,19.14313507080078,15.295004844665527,16.615989685058594,17.568511962890625,18.38240623474121,19.14313507080078,19.90386390686035,20.717758178710938,21.67028045654297,22.99126434326172
chronos_m4_hourly,207:target,207:target::origin=0,0,arima_2_1_2,0,261917535,gaussian,24,2010-06-03 12:00:00,17.899999618530273,19.012659072875977,19.012659072875977,15.136763572692871,16.4672794342041,17.426673889160156,18.246442794799805,19.012659072875977,19.77887725830078,20.598644256591797,21.55803871154785,22.888553619384766
chronos_m4_hourly,207:target,207:target::origin=0,0,arima_2_1_2,0,261917535,gaussian,25,2010-06-03 13:00:00,17.799999237060547,18.978931427001953,18.978931427001953,15.058526992797852,16.404321670532227,17.37473487854004,18.203914642333984,18.978931427001953,19.753948211669922,20.583127975463867,21.55354118347168,22.899335861206055
chronos_m4_hourly,207:target,207:target::origin=0,0,arima_2_1_2,0,261917535,gaussian,26,2010-06-03 14:00:00,17.299999237060547,19.03830909729004,19.03830909729004,15.061285018920898,16.426515579223633,17.41094398498535,18.252099990844727,19.03830909729004,19.82451820373535,20.665674209594727,21.650102615356445,23.01533317565918
chronos_m4_hourly,207:target,207:target::origin=0,0,arima_2_1_2,0,261917535,gaussian,27,2010-06-03 15:00:00,16.899999618530273,19.18035888671875,19.18035888671875,15.142386436462402,16.528539657592773,17.528053283691406,18.38210105895996,19.18035888671875,19.97861671447754,20.832664489746094,21.832178115844727,23.21833038330078
chronos_m4_hourly,207:target,207:target::origin=0,0,arima_2_1_2,0,261917535,gaussian,28,2010-06-03 16:00:00,16.700000762939453,19.389089584350586,19.389089584350586,15.294153213500977,16.699861526489258,17.71347427368164,18.579570770263672,19.389089584350586,20.1986083984375,21.06470489501953,22.078317642211914,23.484025955200195
chronos_m4_hourly,207:target,207:target::origin=0,0,arima_2_1_2,0,261917535,gaussian,29,2010-06-03 17:00:00,16.399999618530273,19.644495010375977,19.644495010375977,15.503137588500977,16.924779891967773,17.94988441467285,18.8257999420166,19.644495010375977,20.463191986083984,21.3391056060791,22.36421012878418,23.785852432250977
chronos_m4_hourly,207:target,207:target::origin=0,0,arima_2_1_2,0,261917535,gaussian,30,2010-06-03 18:00:00,16.600000381469727,19.924339294433594,19.924339294433594,15.750524520874023,17.18330955505371,18.216447830200195,19.099227905273438,19.924339294433594,20.749452590942383,21.632230758666992,22.665369033813477,24.098154067993164
chronos_m4_hourly,207:target,207:target::origin=0,0,arima_2_1_2,0,261917535,gaussian,31,2010-06-03 19:00:00,18.100000381469727,20.20595932006836,20.20595932006836,16.013595581054688,17.452747344970703,18.490478515625,19.377180099487305,20.20595932006836,21.034738540649414,21.92144012451172,22.959171295166016,24.39832305908203
chronos_m4_hourly,207:target,207:target::origin=0,0,arima_2_1_2,0,261917535,gaussian,32,2010-06-03 20:00:00,19.600000381469727,20.468008041381836,20.468008041381836,16.268028259277344,17.709794998168945,18.74941062927246,19.637723922729492,20.468008041381836,21.29829216003418,22.18660545349121,23.226221084594727,24.667987823486328
chronos_m4_hourly,207:target,207:target::origin=0,0,arima_2_1_2,0,261917535,gaussian,33,2010-06-03 21:00:00,21.100000381469727,20.691980361938477,20.691980361938477,16.490617752075195,17.932859420776367,18.972816467285156,19.861421585083008,20.691980361938477,21.522539138793945,22.411144256591797,23.451101303100586,24.893342971801758
chronos_m4_hourly,207:target,207:target::origin=0,0,arima_2_1_2,0,261917535,gaussian,34,2010-06-03 22:00:00,22.399999618530273,20.863422393798828,20.863422393798828,16.66195297241211,18.104230880737305,19.144214630126953,20.0328426361084,20.863422393798828,21.694002151489258,22.582630157470703,23.62261390686035,25.064891815185547
chronos_m4_hourly,207:target,207:target::origin=0,0,arima_2_1_2,0,261917535,gaussian,35,2010-06-03 23:00:00,23.5,20.97277069091797,20.97277069091797,16.76860237121582,18.211807250976562,19.252458572387695,20.141658782958984,20.97277069091797,21.803884506225586,22.693082809448242,23.733734130859375,25.176939010620117
chronos_m4_hourly,207:target,207:target::origin=0,0,arima_2_1_2,0,261917535,gaussian,36,2010-06-04 00:00:00,24.399999618530273,21.015748977661133,21.015748977661133,16.80438995361328,18.250062942504883,19.292495727539062,20.18321418762207,21.015748977661133,21.848283767700195,22.739002227783203,23.781435012817383,25.227108001708984
chronos_m4_hourly,207:target,207:target::origin=0,0,arima_2_1_2,0,261917535,gaussian,37,2010-06-04 01:00:00,25.0,20.99336051940918,20.99336051940918,16.770559310913086,18.22016143798828,19.265424728393555,20.1585636138916,20.99336051940918,21.828157424926758,22.721296310424805,23.766559600830078,25.21615982055664
chronos_m4_hourly,207:target,207:target::origin=0,0,arima_2_1_2,0,261917535,gaussian,38,2010-06-04 02:00:00,25.399999618530273,20.91147232055664,20.91147232055664,16.674875259399414,18.129213333129883,19.17789077758789,20.073949813842773,20.91147232055664,21.74899673461914,22.64505386352539,23.69373321533203,25.148069381713867
chronos_m4_hourly,207:target,207:target::origin=0,0,arima_2_1_2,0,261917535,gaussian,39,2010-06-04 03:00:00,25.299999237060547,20.78006362915039,20.78006362915039,16.529945373535156,17.988924026489258,19.040950775146484,19.93986701965332,20.78006362915039,21.62026023864746,22.519176483154297,23.571203231811523,25.030179977416992
chronos_m4_hourly,207:target,207:target::origin=0,0,arima_2_1_2,0,261917535,gaussian,40,2010-06-04 04:00:00,25.100000381469727,20.61220932006836,20.61220932006836,16.351205825805664,17.813920974731445,18.868640899658203,19.769861221313477,20.61220932006836,21.454557418823242,22.355777740478516,23.410497665405273,24.873212814331055
chronos_m4_hourly,207:target,207:target::origin=0,0,arima_2_1_2,0,261917535,gaussian,41,2010-06-04 05:00:00,24.600000381469727,20.42289161682129,20.42289161682129,16.15495491027832,17.62005043029785,18.67648696899414,19.579172134399414,20.42289161682129,21.266611099243164,22.169296264648438,23.225732803344727,24.690828323364258
chronos_m4_hourly,207:target,207:target::origin=0,0,arima_2_1_2,0,261917535,gaussian,42,2010-06-04 06:00:00,23.899999618530273,20.227760314941406,20.227760314941406,15.956771850585938,17.422914505004883,18.480106353759766,19.383438110351562,20.227760314941406,21.07208251953125,21.975414276123047,23.03260612487793,24.498748779296875
chronos_m4_hourly,207:target,207:target::origin=0,0,arima_2_1_2,0,261917535,gaussian,43,2010-06-04 07:00:00,22.700000762939453,20.04189682006836,20.04189682006836,15.770389556884766,17.236709594726562,18.294031143188477,19.197471618652344,20.04189682006836,20.886322021484375,21.789762496948242,22.847084045410156,24.313404083251953
chronos_m4_hourly,207:target,207:target::origin=0,0,arima_2_1_2,0,261917535,gaussian,44,2010-06-04 08:00:00,21.299999237060547,19.87872314453125,19.87872314453125,15.607086181640625,17.07345199584961,18.13080406188965,19.034273147583008,19.87872314453125,20.723173141479492,21.62664222717285,22.68399429321289,24.150360107421875
chronos_m4_hourly,207:target,207:target::origin=0,0,arima_2_1_2,0,261917535,gaussian,45,2010-06-04 09:00:00,20.399999618530273,19.74909019470215,19.74909019470215,15.475462913513184,16.9425106048584,18.000356674194336,18.904245376586914,19.74909019470215,20.593935012817383,21.49782371520996,22.5556697845459,24.022716522216797
chronos_m4_hourly,207:target,207:target::origin=0,0,arima_2_1_2,0,261917535,gaussian,46,2010-06-04 10:00:00,19.700000762939453,19.660627365112305,19.660627365112305,15.381464958190918,16.850414276123047,17.909629821777344,18.81468963623047,19.660627365112305,20.50656509399414,21.411624908447266,22.470840454101562,23.939788818359375
chronos_m4_hourly,207:target,207:target::origin=0,0,arima_2_1_2,0,261917535,gaussian,47,2010-06-04 11:00:00,18.899999618530273,19.617372512817383,19.617372512817383,15.328468322753906,16.80076026916504,17.862388610839844,18.769508361816406,19.617372512817383,20.46523666381836,21.372356414794922,22.433984756469727,23.90627670288086
chronos_m4_hourly,207:target,207:target::origin=0,0,auto_arima,0,2784031153,gaussian,0,2010-06-02 12:00:00,17.700000762939453,18.01661491394043,18.01661491394043,17.625099182128906,17.759498596191406,17.856409072875977,17.93921661376953,18.01661491394043,18.094013214111328,18.176820755004883,18.273731231689453,18.408130645751953
chronos_m4_hourly,207:target,207:target::origin=0,0,auto_arima,0,2784031153,gaussian,1,2010-06-02 13:00:00,17.700000762939453,17.366662979125977,17.366662979125977,16.472007751464844,16.779125213623047,17.000577926635742,17.189800262451172,17.366662979125977,17.54352569580078,17.73274803161621,17.954200744628906,18.26131820678711
chronos_m4_hourly,207:target,207:target::origin=0,0,auto_arima,0,2784031153,gaussian,2,2010-06-02 14:00:00,17.100000381469727,16.788463592529297,16.788463592529297,15.344159126281738,15.839959144592285,16.197465896606445,16.50294303894043,16.788463592529297,17.073984146118164,17.37946128845215,17.736968994140625,18.232769012451172
chronos_m4_hourly,207:target,207:target::origin=0,0,auto_arima,0,2784031153,gaussian,3,2010-06-02 15:00:00,16.799999237060547,16.312761306762695,16.312761306762695,14.3250732421875,15.007406234741211,15.499415397644043,15.919819831848145,16.312761306762695,16.705703735351562,17.12610626220703,17.61811637878418,18.30044937133789
chronos_m4_hourly,207:target,207:target::origin=0,0,auto_arima,0,2784031153,gaussian,4,2010-06-02 16:00:00,16.5,15.96140193939209,15.96140193939209,13.475526809692383,14.328876495361328,14.944201469421387,15.469974517822266,15.96140193939209,16.452829360961914,16.978601455688477,17.59392738342285,18.447277069091797
chronos_m4_hourly,207:target,207:target::origin=0,0,auto_arima,0,2784031153,gaussian,5,2010-06-02 17:00:00,16.200000762939453,15.74665355682373,15.74665355682373,12.83502197265625,13.834525108337402,14.555237770080566,15.171059608459473,15.74665355682373,16.322248458862305,16.93807029724121,17.658781051635742,18.65828514099121
chronos_m4_hourly,207:target,207:target::origin=0,0,auto_arima,0,2784031153,gaussian,6,2010-06-02 18:00:00,16.5,15.671199798583984,15.671199798583984,12.42223834991455,13.537540435791016,14.341751098632812,15.02892017364502,15.671199798583984,16.313480377197266,17.000648498535156,17.804859161376953,18.9201602935791
chronos_m4_hourly,207:target,207:target::origin=0,0,auto_arima,0,2784031153,gaussian,7,2010-06-02 19:00:00,17.899999618530273,15.728732109069824,15.728732109069824,12.23588752746582,13.434908866882324,14.299488067626953,15.038239479064941,15.728732109069824,16.419225692749023,17.157976150512695,18.022554397583008,19.221576690673828
chronos_m4_hourly,207:target,207:target::origin=0,0,auto_arima,0,2784031153,gaussian,8,2010-06-02 20:00:00,19.399999618530273,15.905056953430176,15.905056953430176,12.256421089172363,13.508923530578613,14.412064552307129,15.18376636505127,15.905056953430176,16.6263484954834,17.398048400878906,18.301191329956055,19.553691864013672
chronos_m4_hourly,207:target,207:target::origin=0,0,auto_arima,0,2784031153,gaussian,9,2010-06-02 21:00:00,20.899999618530273,16.179622650146484,16.179622650146484,12.448777198791504,13.729499816894531,14.65299129486084,15.4420804977417,16.179622650146484,16.917165756225586,17.706254959106445,18.629745483398438,19.91046714782715
chronos_m4_hourly,207:target,207:target::origin=0,0,auto_arima,0,2784031153,gaussian,10,2010-06-02 22:00:00,22.200000762939453,16.527315139770508,16.527315139770508,12.766252517700195,14.057348251342773,14.98831844329834,15.783799171447754,16.527315139770508,17.270832061767578,18.06631088256836,18.997282028198242,20.28837776184082
chronos_m4_hourly,207:target,207:target::origin=0,0,auto_arima,0,2784031153,gaussian,11,2010-06-02 23:00:00,23.299999237060547,16.920408248901367,16.920408248901367,13.155648231506348,14.448013305664062,15.379899024963379,16.17616081237793,16.920408248901367,17.664655685424805,18.460918426513672,19.392803192138672,20.685169219970703
chronos_m4_hourly,207:target,207:target::origin=0,0,auto_arima,0,2784031153,gaussian,12,2010-06-03 00:00:00,24.200000762939453,17.330514907836914,17.330514907836914,13.563573837280273,14.856687545776367,15.78911304473877,16.58583641052246,17.330514907836914,18.075193405151367,18.871915817260742,19.80434226989746,21.097455978393555
chronos_m4_hourly,207:target,207:target::origin=0,0,auto_arima,0,2784031153,gaussian,13,2010-06-03 01:00:00,24.799999237060547,17.730430603027344,17.730430603027344,13.94318962097168,15.243271827697754,16.180723190307617,16.981739044189453,17.730430603027344,18.479122161865234,19.28013801574707,20.21759033203125,21.517671585083008
chronos_m4_hourly,207:target,207:target::origin=0,0,auto_arima,0,2784031153,gaussian,14,2010-06-03 02:00:00,25.200000762939453,18.09575653076172,18.09575653076172,14.259795188903809,15.5766019821167,16.526111602783203,17.337432861328125,18.09575653076172,18.854080200195312,19.665401458740234,20.614912033081055,21.931716918945312
chronos_m4_hourly,207:target,207:target::origin=0,0,auto_arima,0,2784031153,gaussian,15,2010-06-03 03:00:00,25.200000762939453,18.406213760375977,18.406213760375977,14.493430137634277,15.83660888671875,16.805133819580078,17.63270378112793,18.406213760375977,19.179723739624023,20.007293701171875,20.975818634033203,22.31899642944336
chronos_m4_hourly,207:target,207:target::origin=0,0,auto_arima,0,2784031153,gaussian,16,2010-06-03 04:00:00,24.899999618530273,18.646587371826172,18.646587371826172,14.637784957885742,16.013925552368164,17.00621795654297,17.854095458984375,18.646587371826172,19.43907928466797,20.286956787109375,21.279251098632812,22.6553897857666
chronos_m4_hourly,207:target,207:target::origin=0,0,auto_arima,0,2784031153,gaussian,17,2010-06-03 05:00:00,24.5,18.807292938232422,18.807292938232422,14.696555137634277,16.10768699645996,17.125211715698242,17.99464988708496,18.807292938232422,19.619935989379883,20.4893741607666,21.506898880004883,22.91802978515625
chronos_m4_hourly,207:target,207:target::origin=0,0,auto_arima,0,2784031153,gaussian,18,2010-06-03 06:00:00,23.799999237060547,18.884532928466797,18.884532928466797,14.679177284240723,16.12278938293457,17.16373634338379,18.053184509277344,18.884532928466797,19.71588134765625,20.605329513549805,21.646276473999023,23.089887619018555
chronos_m4_hourly,207:target,207:target::origin=0,0,auto_arima,0,2784031153,gaussian,19,2010-06-03 07:00:00,22.600000381469727,18.880067825317383,18.880067825317383,14.597372055053711,16.067533493041992,17.12762451171875,18.033432006835938,18.880067825317383,19.72670555114746,20.632511138916016,21.692602157592773,23.162763595581055
chronos_m4_hourly,207:target,207:target::origin=0,0,auto_arima,0,2784031153,gaussian,20,2010-06-03 08:00:00,21.200000762939453,18.800668716430664,18.800668716430664,14.462994575500488,15.95202922821045,17.025728225708008,17.94316291809082,18.800668716430664,19.658174514770508,20.57560920715332,21.649309158325195,23.138341903686523
chronos_m4_hourly,207:target,207:target::origin=0,0,auto_arima,0,2784031153,gaussian,21,2010-06-03 09:00:00,20.299999237060547,18.657297134399414,18.657297134399414,14.287009239196777,15.787239074707031,16.86901092529297,17.793344497680664,18.657297134399414,19.521249771118164,20.44558334350586,21.527355194091797,23.027584075927734
chronos_m4_hourly,207:target,207:target::origin=0,0,auto_arima,0,2784031153,gaussian,22,2010-06-03 10:00:00,19.600000381469727,18.464069366455078,18.464069366455078,14.079293251037598,15.58449649810791,16.66985511779785,17.597251892089844,18.464069366455078,19.330886840820312,20.258283615112305,21.343643188476562,22.848844528198242
chronos_m4_hourly,207:target,207:target::origin=0,0,auto_arima,0,2784031153,gaussian,23,2010-06-03 11:00:00,18.799999237060547,18.237131118774414,18.237131118774414,13.849021911621094,15.355369567871094,16.441553115844727,17.36965560913086,18.237131118774414,19.10460662841797,20.0327091217041,21.118892669677734,22.625240325927734
chronos_m4_hourly,207:target,207:target::origin=0,0,auto_arima,0,2784031153,gaussian,24,2010-06-03 12:00:00,17.899999618530273,17.99346351623535,17.99346351623535,13.605341911315918,15.1116943359375,16.197879791259766,17.125986099243164,17.99346351623535,18.86094093322754,19.789047241210938,20.875232696533203,22.38158416748047
chronos_m4_hourly,207:target,207:target::origin=0,0,auto_arima,0,2784031153,gaussian,25,2010-06-03 13:00:00,17.799999237060547,17.749755859375,17.749755859375,13.358089447021484,14.8656587600708,15.95272159576416,16.881576538085938,17.749755859375,18.617935180664062,19.546789169311523,20.633853912353516,22.141422271728516
chronos_m4_hourly,207:target,207:target::origin=0,0,auto_arima,0,2784031153,gaussian,26,2010-06-03 14:00:00,17.299999237060547,17.52137565612793,17.52137565612793,13.11819076538086,14.629714012145996,15.71962833404541,16.65091896057129,17.52137565612793,18.39183235168457,19.323123931884766,20.41303825378418,21.924560546875
chronos_m4_hourly,207:target,207:target::origin=0,0,auto_arima,0,2784031153,gaussian,27,2010-06-03 15:00:00,16.899999618530273,17.32149887084961,17.32149887084961,12.897482872009277,14.416156768798828,15.51122760772705,16.446924209594727,17.32149887084961,18.196073532104492,19.131771087646484,20.22684097290039,21.745513916015625
chronos_m4_hourly,207:target,207:target::origin=0,0,auto_arima,0,2784031153,gaussian,28,2010-06-03 16:00:00,16.700000762939453,17.160463333129883,17.160463333129883,12.707884788513184,14.236363410949707,15.33850383758545,16.280242919921875,17.160463333129883,18.04068374633789,18.982421875,20.084564208984375,21.613040924072266
chronos_m4_hourly,207:target,207:target::origin=0,0,auto_arima,0,2784031153,gaussian,29,2010-06-03 17:00:00,16.399999618530273,17.045333862304688,17.045333862304688,12.560060501098633,14.099762916564941,15.209997177124023,16.158649444580078,17.045333862304688,17.932018280029297,18.88067054748535,19.990903854370117,21.530607223510742
chronos_m4_hourly,207:target,207:target::origin=0,0,auto_arima,0,2784031153,gaussian,30,2010-06-03 18:00:00,16.600000381469727,16.979719161987305,16.979719161987305,12.461986541748047,14.012831687927246,15.131099700927734,16.086618423461914,16.979719161987305,17.872819900512695,18.828338623046875,19.94660758972168,21.497451782226562
chronos_m4_hourly,207:target,207:target::origin=0,0,auto_arima,0,2784031153,gaussian,31,2010-06-03 19:00:00,18.100000381469727,16.963823318481445,16.963823318481445,12.4177827835083,13.97834587097168,15.103620529174805,16.065126419067383,16.963823318481445,17.862520217895508,18.824026107788086,19.94930076599121,21.509862899780273
chronos_m4_hourly,207:target,207:target::origin=0,0,auto_arima,0,2784031153,gaussian,32,2010-06-03 20:00:00,19.600000381469727,16.99469757080078,16.99469757080078,12.427099227905273,13.995061874389648,15.125673294067383,16.091739654541016,16.99469757080078,17.897655487060547,18.86372184753418,19.994333267211914,21.56229591369629
chronos_m4_hourly,207:target,207:target::origin=0,0,auto_arima,0,2784031153,gaussian,33,2010-06-03 21:00:00,21.100000381469727,17.066679000854492,17.066679000854492,12.485146522521973,14.057892799377441,15.191953659057617,16.160966873168945,17.066679000854492,17.972393035888672,18.941404342651367,20.07546615600586,21.648210525512695
chronos_m4_hourly,207:target,207:target::origin=0,0,auto_arima,0,2784031153,gaussian,34,2010-06-03 22:00:00,22.399999618530273,17.171966552734375,17.171966552734375,12.583332061767578,14.158515930175781,15.294334411621094,16.264848709106445,17.171966552734375,18.079084396362305,19.049598693847656,20.18541717529297,21.760601043701172
chronos_m4_hourly,207:target,207:target::origin=0,0,auto_arima,0,2784031153,gaussian,35,2010-06-03 23:00:00,23.5,17.3012752532959,17.3012752532959,12.710339546203613,14.286314010620117,15.422701835632324,16.39370346069336,17.3012752532959,18.208847045898438,19.179847717285156,20.31623649597168,21.892210006713867
chronos_m4_hourly,207:target,207:target::origin=0,0,auto_arima,0,2784031153,gaussian,36,2010-06-04 00:00:00,24.399999618530273,17.44454574584961,17.44454574584961,12.853476524353027,14.429496765136719,15.56591796875,16.53694725036621,17.44454574584961,18.352144241333008,19.32317352294922,20.4595947265625,22.035614013671875
chronos_m4_hourly,207:target,207:target::origin=0,0,auto_arima,0,2784031153,gaussian,37,2010-06-04 01:00:00,25.0,17.591636657714844,17.591636657714844,13.000053405761719,14.576250076293945,15.712798118591309,16.683937072753906,17.591636657714844,18.49933624267578,19.470474243164062,20.607023239135742,22.18321990966797
chronos_m4_hourly,207:target,207:target::origin=0,0,auto_arima,0,2784031153,gaussian,38,2010-06-04 02:00:00,25.399999618530273,17.732975006103516,17.732975006103516,13.13861083984375,14.7157621383667,15.852998733520508,16.824726104736328,17.732975006103516,18.641225814819336,19.612951278686523,20.75018882751465,22.32733917236328
chronos_m4_hourly,207:target,207:target::origin=0,0,auto_arima,0,2784031153,gaussian,39,2010-06-04 03:00:00,25.299999237060547,17.860105514526367,17.860105514526367,13.25980281829834,14.83899211883545,15.977699279785156,16.950681686401367,17.860105514526367,18.769529342651367,19.742511749267578,20.8812198638916,22.460407257080078
chronos_m4_hourly,207:target,207:target::origin=0,0,auto_arima,0,2784031153,gaussian,40,2010-06-04 04:00:00,25.100000381469727,17.966144561767578,17.966144561767578,13.356902122497559,14.939160346984863,16.080080032348633,17.054954528808594,17.966144561767578,18.877336502075195,19.852209091186523,20.993127822875977,22.57538604736328
chronos_m4_hourly,207:target,207:target::origin=0,0,auto_arima,0,2784031153,gaussian,41,2010-06-04 05:00:00,24.600000381469727,18.04608154296875,18.04608154296875,13.42589282989502,15.011908531188965,16.15553855895996,17.132726669311523,18.04608154296875,18.959436416625977,19.93662452697754,21.08025550842285,22.666269302368164
chronos_m4_hourly,207:target,207:target::origin=0,0,auto_arima,0,2784031153,gaussian,42,2010-06-04 06:00:00,23.899999618530273,18.096954345703125,18.096954345703125,13.46525764465332,15.055224418640137,16.201702117919922,17.181324005126953,18.096954345703125,19.012584686279297,19.992206573486328,21.13868522644043,22.72865104675293
chronos_m4_hourly,207:target,207:target::origin=0,0,auto_arima,0,2784031153,gaussian,43,2010-06-04 07:00:00,22.700000762939453,18.117860794067383,18.117860794067383,13.475566864013672,15.069171905517578,16.218271255493164,17.200136184692383,18.117860794067383,19.035585403442383,20.0174503326416,21.166549682617188,22.760154724121094
chronos_m4_hourly,207:target,207:target::origin=0,0,auto_arima,0,2784031153,gaussian,44,2010-06-04 08:00:00,21.299999237060547,18.1098690032959,18.1098690032959,13.45902156829834,15.055562019348145,16.20677947998047,17.190452575683594,18.1098690032959,19.029285430908203,20.012958526611328,21.16417694091797,22.76071548461914
chronos_m4_hourly,207:target,207:target::origin=0,0,auto_arima,0,2784031153,gaussian,45,2010-06-04 09:00:00,20.399999618530273,18.075775146484375,18.075775146484375,13.418988227844238,15.01756763458252,16.170255661010742,17.15518569946289,18.075775146484375,18.99636459350586,19.981294631958008,21.133983612060547,22.732563018798828
chronos_m4_hourly,207:target,207:target::origin=0,0,auto_arima,0,2784031153,gaussian,46,2010-06-04 10:00:00,19.700000762939453,18.01980209350586,18.01980209350586,13.359643936157227,14.959381103515625,16.112903594970703,17.09854507446289,18.01980209350586,18.941059112548828,19.926700592041016,21.080223083496094,22.679960250854492
chronos_m4_hourly,207:target,207:target::origin=0,0,auto_arima,0,2784031153,gaussian,47,2010-06-04 11:00:00,18.899999618530273,17.94721794128418,17.94721794128418,13.285696983337402,14.88590145111084,16.03976058959961,17.025691986083984,17.94721794128418,18.868743896484375,19.85467529296875,21.008535385131836,22.60873794555664
chronos_m4_hourly,207:target,207:target::origin=0,0,prophet,0,2250394630,samples,0,2010-06-02 12:00:00,17.700000762939453,18.10096549987793,18.099275588989258,17.857301712036133,17.94337272644043,17.99984359741211,18.041732788085938,18.10096549987793,18.14621925354004,18.18056297302246,18.236038208007812,18.349206924438477
chronos_m4_hourly,207:target,207:target::origin=0,0,prophet,0,2250394630,samples,1,2010-06-02 13:00:00,17.700000762939453,17.577369689941406,17.600440979003906,17.32527732849121,17.389446258544922,17.459457397460938,17.51723861694336,17.577369689941406,17.6447811126709,17.69581413269043,17.77263069152832,17.838531494140625
chronos_m4_hourly,207:target,207:target::origin=0,0,prophet,0,2250394630,samples,2,2010-06-02 14:00:00,17.100000381469727,17.098617553710938,17.106220245361328,16.81591033935547,16.91682243347168,16.98777961730957,17.04527473449707,17.098617553710938,17.152639389038086,17.20733070373535,17.26286506652832,17.34172248840332
chronos_m4_hourly,207:target,207:target::origin=0,0,prophet,0,2250394630,samples,3,2010-06-02 15:00:00,16.799999237060547,16.55040740966797,16.563127517700195,16.295204162597656,16.39090347290039,16.446577072143555,16.48860740661621,16.55040740966797,16.62017822265625,16.677350997924805,16.761444091796875,16.858388900756836
chronos_m4_hourly,207:target,207:target::origin=0,0,prophet,0,2250394630,samples,4,2010-06-02 16:00:00,16.5,16.058971405029297,16.05680274963379,15.799783706665039,15.900740623474121,15.977582931518555,16.011686325073242,16.058971405029297,16.107919692993164,16.174190521240234,16.239883422851562,16.311540603637695
chronos_m4_hourly,207:target,207:target::origin=0,0,prophet,0,2250394630,samples,5,2010-06-02 17:00:00,16.200000762939453,15.810037612915039,15.832012176513672,15.583654403686523,15.654172897338867,15.706682205200195,15.76739501953125,15.810037612915039,15.87405776977539,15.938831329345703,16.024818420410156,16.126941680908203
chronos_m4_hourly,207:target,207:target::origin=0,0,prophet,0,2250394630,samples,6,2010-06-02 18:00:00,16.5,16.188142776489258,16.174938201904297,15.935487747192383,15.994330406188965,16.085464477539062,16.118892669677734,16.188142776489258,16.23863410949707,16.314308166503906,16.367197036743164,16.451826095581055
chronos_m4_hourly,207:target,207:target::origin=0,0,prophet,0,2250394630,samples,7,2010-06-02 19:00:00,17.899999618530273,17.212413787841797,17.218334197998047,16.98565101623535,17.062763214111328,17.117660522460938,17.173242568969727,17.212413787841797,17.293642044067383,17.341175079345703,17.415496826171875,17.51434326171875
chronos_m4_hourly,207:target,207:target::origin=0,0,prophet,0,2250394630,samples,8,2010-06-02 20:00:00,19.399999618530273,18.824604034423828,18.81694984436035,18.5443115234375,18.61332130432129,18.68914794921875,18.773481369018555,18.824604034423828,18.887243270874023,18.957826614379883,19.022798538208008,19.107145309448242
chronos_m4_hourly,207:target,207:target::origin=0,0,prophet,0,2250394630,samples,9,2010-06-02 21:00:00,20.899999618530273,20.618011474609375,20.60365867614746,20.33797836303711,20.439376831054688,20.51930046081543,20.580699920654297,20.618011474609375,20.66724395751953,20.704959869384766,20.7626953125,20.884483337402344
chronos_m4_hourly,207:target,207:target::origin=0,0,prophet,0,2250394630,samples,10,2010-06-02 22:00:00,22.200000762939453,22.186256408691406,22.19554328918457,21.9337100982666,22.009611129760742,22.085098266601562,22.138538360595703,22.186256408691406,22.231300354003906,22.274168014526367,22.355926513671875,22.482797622680664
chronos_m4_hourly,207:target,207:target::origin=0,0,prophet,0,2250394630,samples,11,2010-06-02 23:00:00,23.299999237060547,23.409900665283203,23.39504623413086,23.16366958618164,23.22132110595703,23.28641128540039,23.33965492248535,23.409900665283203,23.469446182250977,23.521581649780273,23.58795738220215,23.655391693115234
chronos_m4_hourly,207:target,207:target::origin=0,0,prophet,0,2250394630,samples,12,2010-06-03 00:00:00,24.200000762939453,24.226160049438477,24.236406326293945,23.92519187927246,24.025495529174805,24.12225341796875,24.174867630004883,24.226160049438477,24.278871536254883,24.344158172607422,24.395891189575195,24.476194381713867
chronos_m4_hourly,207:target,207:target::origin=0,0,prophet,0,2250394630,samples,13,2010-06-03 01:00:00,24.799999237060547,24.841236114501953,24.85927963256836,24.584508895874023,24.68320655822754,24.733644485473633,24.80685806274414,24.841236114501953,24.897220611572266,24.964611053466797,25.019853591918945,25.117063522338867
chronos_m4_hourly,207:target,207:target::origin=0,0,prophet,0,2250394630,samples,14,2010-06-03 02:00:00,25.200000762939453,25.33237075805664,25.33285903930664,25.067296981811523,25.1396541595459,25.2059326171875,25.277023315429688,25.33237075805664,25.380231857299805,25.439355850219727,25.50550651550293,25.584228515625
chronos_m4_hourly,207:target,207:target::origin=0,0,prophet,0,2250394630,samples,15,2010-06-03 03:00:00,25.200000762939453,25.558574676513672,25.581361770629883,25.30065155029297,25.398853302001953,25.460285186767578,25.511117935180664,25.558574676513672,25.614131927490234,25.677631378173828,25.73698616027832,25.835540771484375
chronos_m4_hourly,207:target,207:target::origin=0,0,prophet,0,2250394630,samples,16,2010-06-03 04:00:00,24.899999618530273,25.479278564453125,25.45897102355957,25.171472549438477,25.26913070678711,25.355424880981445,25.41156768798828,25.479278564453125,25.527748107910156,25.57224464416504,25.63564682006836,25.718299865722656
chronos_m4_hourly,207:target,207:target::origin=0,0,prophet,0,2250394630,samples,17,2010-06-03 05:00:00,24.5,24.940797805786133,24.889568328857422,24.685598373413086,24.767976760864258,24.8267879486084,24.87055778503418,24.940797805786133,24.98350715637207,25.01479148864746,25.08287239074707,25.183778762817383
chronos_m4_hourly,207:target,207:target::origin=0,0,prophet,0,2250394630,samples,18,2010-06-03 06:00:00,23.799999237060547,23.937305450439453,23.94355010986328,23.714820861816406,23.801097869873047,23.840896606445312,23.897764205932617,23.937305450439453,23.99152946472168,24.043325424194336,24.106935501098633,24.168302536010742
chronos_m4_hourly,207:target,207:target::origin=0,0,prophet,0,2250394630,samples,19,2010-06-03 07:00:00,22.600000381469727,22.793964385986328,22.79782485961914,22.56218147277832,22.634675979614258,22.68213653564453,22.744632720947266,22.793964385986328,22.8608455657959,22.913724899291992,22.964109420776367,23.07231903076172
chronos_m4_hourly,207:target,207:target::origin=0,0,prophet,0,2250394630,samples,20,2010-06-03 08:00:00,21.200000762939453,21.627904891967773,21.633813858032227,21.370704650878906,21.461530685424805,21.528493881225586,21.580310821533203,21.627904891967773,21.683103561401367,21.750316619873047,21.81068229675293,21.937599182128906
chronos_m4_hourly,207:target,207:target::origin=0,0,prophet,0,2250394630,samples,21,2010-06-03 09:00:00,20.299999237060547,20.54739761352539,20.567325592041016,20.305648803710938,20.383838653564453,20.448755264282227,20.50439453125,20.54739761352539,20.58777618408203,20.635482788085938,20.6849365234375,20.78208351135254
chronos_m4_hourly,207:target,207:target::origin=0,0,prophet,0,2250394630,samples,22,2010-06-03 10:00:00,19.600000381469727,19.64669418334961,19.649093627929688,19.39402198791504,19.477855682373047,19.532793045043945,19.59248161315918,19.64669418334961,19.681974411010742,19.732358932495117,19.825864791870117,19.8939151763916
chronos_m4_hourly,207:target,207:target::origin=0,0,prophet,0,2250394630,samples,23,2010-06-03 11:00:00,18.799999237060547,18.92572593688965,18.896230697631836,18.67129898071289,18.75794219970703,18.81066131591797,18.868270874023438,18.92572593688965,18.959732055664062,19.004255294799805,19.070842742919922,19.154438018798828
chronos_m4_hourly,207:target,207:target::origin=0,0,prophet,0,2250394630,samples,24,2010-06-03 12:00:00,17.899999618530273,18.26791763305664,18.298446655273438,18.012537002563477,18.099645614624023,18.166566848754883,18.202722549438477,18.26791763305664,18.327388763427734,18.390623092651367,18.441986083984375,18.536949157714844
chronos_m4_hourly,207:target,207:target::origin=0,0,prophet,0,2250394630,samples,25,2010-06-03 13:00:00,17.799999237060547,17.826919555664062,17.798704147338867,17.509654998779297,17.638277053833008,17.708343505859375,17.782991409301758,17.826919555664062,17.882524490356445,17.93600845336914,17.992725372314453,18.068567276000977
chronos_m4_hourly,207:target,207:target::origin=0,0,prophet,0,2250394630,samples,26,2010-06-03 14:00:00,17.299999237060547,17.25896453857422,17.303375244140625,17.051395416259766,17.103649139404297,17.155460357666016,17.212297439575195,17.25896453857422,17.323070526123047,17.377946853637695,17.446678161621094,17.517757415771484
chronos_m4_hourly,207:target,207:target::origin=0,0,prophet,0,2250394630,samples,27,2010-06-03 15:00:00,16.899999618530273,16.74453353881836,16.758975982666016,16.478906631469727,16.576068878173828,16.64284324645996,16.68449592590332,16.74453353881836,16.793668746948242,16.851037979125977,16.914737701416016,17.015792846679688
chronos_m4_hourly,207:target,207:target::origin=0,0,prophet,0,2250394630,samples,28,2010-06-03 16:00:00,16.700000762939453,16.270343780517578,16.25116539001465,15.97130012512207,16.09341812133789,16.165002822875977,16.238079071044922,16.270343780517578,16.35642433166504,16.392292022705078,16.435274124145508,16.51111602783203
chronos_m4_hourly,207:target,207:target::origin=0,0,prophet,0,2250394630,samples,29,2010-06-03 17:00:00,16.399999618530273,16.03763198852539,16.02471923828125,15.786677360534668,15.880202293395996,15.927122116088867,15.972916603088379,16.03763198852539,16.082462310791016,16.130495071411133,16.21172332763672,16.285564422607422
chronos_m4_hourly,207:target,207:target::origin=0,0,prophet,0,2250394630,samples,30,2010-06-03 18:00:00,16.600000381469727,16.385478973388672,16.365840911865234,16.133867263793945,16.224924087524414,16.279865264892578,16.329936981201172,16.385478973388672,16.42431640625,16.45165252685547,16.511035919189453,16.622514724731445
chronos_m4_hourly,207:target,207:target::origin=0,0,prophet,0,2250394630,samples,31,2010-06-03 19:00:00,18.100000381469727,17.38137435913086,17.407299041748047,17.161977767944336,17.2431697845459,17.301706314086914,17.336835861206055,17.38137435913086,17.422740936279297,17.47494888305664,17.551443099975586,17.649578094482422
chronos_m4_hourly,207:target,207:target::origin=0,0,prophet,0,2250394630,samples,32,2010-06-03 20:00:00,19.600000381469727,18.99773597717285,19.003864288330078,18.726442337036133,18.83759117126465,18.90282440185547,18.951122283935547,18.99773597717285,19.05564308166504,19.117891311645508,19.17823600769043,19.255624771118164
chronos_m4_hourly,207:target,207:target::origin=0,0,prophet,0,2250394630,samples,33,2010-06-03 21:00:00,21.100000381469727,20.771791458129883,20.788433074951172,20.544729232788086,20.629310607910156,20.690458297729492,20.73798370361328,20.771791458129883,20.803638458251953,20.84665298461914,20.921472549438477,21.01422691345215
chronos_m4_hourly,207:target,207:target::origin=0,0,prophet,0,2250394630,samples,34,2010-06-03 22:00:00,22.399999618530273,22.379989624023438,22.37810707092285,22.109821319580078,22.18083381652832,22.259624481201172,22.333402633666992,22.379989624023438,22.420358657836914,22.504247665405273,22.56022834777832,22.65778923034668
chronos_m4_hourly,207:target,207:target::origin=0,0,prophet,0,2250394630,samples,35,2010-06-03 23:00:00,23.5,23.5548095703125,23.575355529785156,23.24470329284668,23.388046264648438,23.457569122314453,23.512609481811523,23.5548095703125,23.605247497558594,23.67093849182129,23.736366271972656,23.8380126953125
chronos_m4_hourly,207:target,207:target::origin=0,0,prophet,0,2250394630,samples,36,2010-06-04 00:00:00,24.399999618530273,24.433849334716797,24.414440155029297,24.127103805541992,24.230587005615234,24.317731857299805,24.373937606811523,24.433849334716797,24.48496437072754,24.528528213500977,24.598182678222656,24.68178367614746
chronos_m4_hourly,207:target,207:target::origin=0,0,prophet,0,2250394630,samples,37,2010-06-04 01:00:00,25.0,25.03990936279297,25.0350399017334,24.778627395629883,24.8708553314209,24.926437377929688,25.006574630737305,25.03990936279297,25.0811767578125,25.144855499267578,25.201047897338867,25.271833419799805
chronos_m4_hourly,207:target,207:target::origin=0,0,prophet,0,2250394630,samples,38,2010-06-04 02:00:00,25.399999618530273,25.501140594482422,25.50637435913086,25.2828426361084,25.344953536987305,25.39813232421875,25.443105697631836,25.501140594482422,25.563085556030273,25.624698638916016,25.684064865112305,25.762657165527344
chronos_m4_hourly,207:target,207:target::origin=0,0,prophet,0,2250394630,samples,39,2010-06-04 03:00:00,25.299999237060547,25.734939575195312,25.752681732177734,25.49089241027832,25.573749542236328,25.63519287109375,25.686450958251953,25.734939575195312,25.78388214111328,25.836767196655273,25.925256729125977,26.03493881225586
chronos_m4_hourly,207:target,207:target::origin=0,0,prophet,0,2250394630,samples,40,2010-06-04 04:00:00,25.100000381469727,25.602481842041016,25.628171920776367,25.35069465637207,25.460891723632812,25.53066062927246,25.57472801208496,25.602481842041016,25.66562843322754,25.705610275268555,25.762916564941406,25.834230422973633
chronos_m4_hourly,207:target,207:target::origin=0,0,prophet,0,2250394630,samples,41,2010-06-04 05:00:00,24.600000381469727,25.06200408935547,25.05674934387207,24.84086036682129,24.902667999267578,24.967823028564453,24.998756408691406,25.06200408935547,25.115848541259766,25.188751220703125,25.256267547607422,25.308826446533203
chronos_m4_hourly,207:target,207:target::origin=0,0,prophet,0,2250394630,samples,42,2010-06-04 06:00:00,23.899999618530273,24.117671966552734,24.108827590942383,23.850648880004883,23.94674301147461,24.02742576599121,24.084247589111328,24.117671966552734,24.16434669494629,24.228418350219727,24.283607482910156,24.37142562866211
chronos_m4_hourly,207:target,207:target::origin=0,0,prophet,0,2250394630,samples,43,2010-06-04 07:00:00,22.700000762939453,22.982425689697266,22.961341857910156,22.702510833740234,22.82090950012207,22.874210357666016,22.928308486938477,22.982425689697266,23.028696060180664,23.08263397216797,23.134349822998047,23.19550895690918
chronos_m4_hourly,207:target,207:target::origin=0,0,prophet,0,2250394630,samples,44,2010-06-04 08:00:00,21.299999237060547,21.774417877197266,21.79572868347168,21.519277572631836,21.596683502197266,21.651180267333984,21.721521377563477,21.774417877197266,21.822431564331055,21.868547439575195,21.942909240722656,22.032541275024414
chronos_m4_hourly,207:target,207:target::origin=0,0,prophet,0,2250394630,samples,45,2010-06-04 09:00:00,20.399999618530273,20.738182067871094,20.727811813354492,20.4865665435791,20.569965362548828,20.636756896972656,20.6977596282959,20.738182067871094,20.775299072265625,20.818164825439453,20.863550186157227,20.96124839782715
chronos_m4_hourly,207:target,207:target::origin=0,0,prophet,0,2250394630,samples,46,2010-06-04 10:00:00,19.700000762939453,19.810287475585938,19.8083438873291,19.597095489501953,19.661264419555664,19.719501495361328,19.774404525756836,19.810287475585938,19.864770889282227,19.920278549194336,19.979568481445312,20.103797912597656
chronos_m4_hourly,207:target,207:target::origin=0,0,prophet,0,2250394630,samples,47,2010-06-04 11:00:00,18.899999618530273,19.05381965637207,19.054447174072266,18.814735412597656,18.899059295654297,18.956588745117188,19.006484985351562,19.05381965637207,19.122827529907227,19.165828704833984,19.213289260864258,19.31040382385254
chronos_m4_hourly,207:target,207:target::origin=0,0,deepar,0,4005131104,samples,0,2010-06-02 12:00:00,17.700000762939453,21.158706665039062,19.963848114013672,16.017072677612305,17.760011672973633,19.162126541137695,19.821664810180664,21.158706665039062,21.597076416015625,22.46341896057129,23.082332611083984,24.534765243530273
chronos_m4_hourly,207:target,207:target::origin=0,0,deepar,0,4005131104,samples,1,2010-06-02 13:00:00,17.700000762939453,20.75720977783203,20.436460494995117,16.285337448120117,17.885087966918945,19.151988983154297,20.07428550720215,20.75720977783203,21.335237503051758,22.098783493041992,22.56471824645996,25.181974411010742
chronos_m4_hourly,207:target,207:target::origin=0,0,deepar,0,4005131104,samples,2,2010-06-02 14:00:00,17.100000381469727,21.13656997680664,21.074766159057617,16.144123077392578,18.46883201599121,19.137371063232422,19.889041900634766,21.13656997680664,21.92582130432129,22.438180923461914,24.286602020263672,26.394550323486328
chronos_m4_hourly,207:target,207:target::origin=0,0,deepar,0,4005131104,samples,3,2010-06-02 15:00:00,16.799999237060547,21.085227966308594,21.0053768157959,15.45602035522461,17.705259323120117,19.346372604370117,19.889570236206055,21.085227966308594,21.540691375732422,22.684900283813477,23.664215087890625,25.45100212097168
chronos_m4_hourly,207:target,207:target::origin=0,0,deepar,0,4005131104,samples,4,2010-06-02 16:00:00,16.5,20.945430755615234,21.366823196411133,16.859939575195312,18.647781372070312,19.245590209960938,20.098060607910156,20.945430755615234,21.603498458862305,22.663164138793945,24.374073028564453,28.164440155029297
chronos_m4_hourly,207:target,207:target::origin=0,0,deepar,0,4005131104,samples,5,2010-06-02 17:00:00,16.200000762939453,20.887956619262695,20.6243953704834,15.987358093261719,17.846132278442383,18.807445526123047,19.87531089782715,20.887956619262695,21.45860481262207,22.232505798339844,23.279123306274414,25.730424880981445
chronos_m4_hourly,207:target,207:target::origin=0,0,deepar,0,4005131104,samples,6,2010-06-02 18:00:00,16.5,20.626379013061523,20.277429580688477,16.141925811767578,17.8118896484375,18.818241119384766,19.37865447998047,20.626379013061523,21.29355239868164,21.735013961791992,22.59834098815918,24.434486389160156
chronos_m4_hourly,207:target,207:target::origin=0,0,deepar,0,4005131104,samples,7,2010-06-02 19:00:00,17.899999618530273,20.655189514160156,20.869365692138672,15.533685684204102,17.92506980895996,19.103534698486328,19.58863067626953,20.655189514160156,21.562374114990234,22.309429168701172,23.500478744506836,24.866182327270508
chronos_m4_hourly,207:target,207:target::origin=0,0,deepar,0,4005131104,samples,8,2010-06-02 20:00:00,19.399999618530273,21.151586532592773,21.28473663330078,16.9935245513916,17.988292694091797,18.988399505615234,20.29026985168457,21.151586532592773,21.542646408081055,22.605037689208984,23.28057861328125,25.99614715576172
chronos_m4_hourly,207:target,207:target::origin=0,0,deepar,0,4005131104,samples,9,2010-06-02 21:00:00,20.899999618530273,21.077821731567383,21.038223266601562,15.002373695373535,17.827688217163086,19.254316329956055,20.18876075744629,21.077821731567383,22.01971435546875,22.969205856323242,23.716459274291992,26.568634033203125
chronos_m4_hourly,207:target,207:target::origin=0,0,deepar,0,4005131104,samples,10,2010-06-02 22:00:00,22.200000762939453,21.704957962036133,21.713319778442383,16.787015914916992,18.485342025756836,19.805736541748047,21.258136749267578,21.704957962036133,22.341400146484375,23.112018585205078,23.94736671447754,27.257970809936523
chronos_m4_hourly,207:target,207:target::origin=0,0,deepar,0,4005131104,samples,11,2010-06-02 23:00:00,23.299999237060547,21.12639617919922,21.460044860839844,17.432235717773438,18.843536376953125,19.84919548034668,20.50655746459961,21.12639617919922,21.725688934326172,22.62724494934082,23.53809356689453,27.008384704589844
chronos_m4_hourly,207:target,207:target::origin=0,0,deepar,0,4005131104,samples,12,2010-06-03 00:00:00,24.200000762939453,21.350854873657227,21.253948211669922,17.0008487701416,18.187515258789062,19.587087631225586,20.455806732177734,21.350854873657227,21.97568702697754,22.918973922729492,24.183927536010742,25.587852478027344
chronos_m4_hourly,207:target,207:target::origin=0,0,deepar,0,4005131104,samples,13,2010-06-03 01:00:00,24.799999237060547,21.68605613708496,21.432395935058594,17.412349700927734,18.519020080566406,19.973093032836914,20.62464714050293,21.68605613708496,22.44729232788086,23.06053924560547,24.43838119506836,25.775413513183594
chronos_m4_hourly,207:target,207:target::origin=0,0,deepar,0,4005131104,samples,14,2010-06-03 02:00:00,25.200000762939453,21.06116485595703,21.142301559448242,17.31497573852539,18.772212982177734,19.575511932373047,20.2620849609375,21.06116485595703,21.742761611938477,22.066356658935547,23.248401641845703,25.94365882873535
chronos_m4_hourly,207:target,207:target::origin=0,0,deepar,0,4005131104,samples,15,2010-06-03 03:00:00,25.200000762939453,21.431520462036133,21.798032760620117,17.538742065429688,19.11055564880371,20.012222290039062,20.828397750854492,21.431520462036133,22.67083168029785,23.27924346923828,23.906906127929688,25.090673446655273
chronos_m4_hourly,207:target,207:target::origin=0,0,deepar,0,4005131104,samples,16,2010-06-03 04:00:00,24.899999618530273,21.54044532775879,21.623868942260742,17.690038681030273,18.773357391357422,20.093324661254883,20.954315185546875,21.54044532775879,22.24744415283203,23.03568458557129,24.062728881835938,26.40793228149414
chronos_m4_hourly,207:target,207:target::origin=0,0,deepar,0,4005131104,samples,17,2010-06-03 05:00:00,24.5,21.088909149169922,21.160999298095703,17.213685989379883,18.07611083984375,19.243988037109375,20.360048294067383,21.088909149169922,21.481252670288086,22.463985443115234,23.944843292236328,25.706628799438477
chronos_m4_hourly,207:target,207:target::origin=0,0,deepar,0,4005131104,samples,18,2010-06-03 06:00:00,23.799999237060547,21.57879638671875,21.433238983154297,16.80857276916504,18.719284057617188,19.714420318603516,20.288652420043945,21.57879638671875,22.171815872192383,23.382118225097656,24.075254440307617,25.145109176635742
chronos_m4_hourly,207:target,207:target::origin=0,0,deepar,0,4005131104,samples,19,2010-06-03 07:00:00,22.600000381469727,21.575340270996094,22.19519805908203,18.590906143188477,19.700597763061523,20.28519630432129,20.96105194091797,21.575340270996094,22.47456932067871,23.178783416748047,24.878463745117188,26.672414779663086
chronos_m4_hourly,207:target,207:target::origin=0,0,deepar,0,4005131104,samples,20,2010-06-03 08:00:00,21.200000762939453,21.744590759277344,22.48560333251953,18.249128341674805,19.663211822509766,20.22186851501465,21.122861862182617,21.744590759277344,22.19805145263672,23.014026641845703,24.85344696044922,27.618680953979492
chronos_m4_hourly,207:target,207:target::origin=0,0,deepar,0,4005131104,samples,21,2010-06-03 09:00:00,20.299999237060547,20.782791137695312,21.106882095336914,15.850674629211426,17.83799934387207,19.209575653076172,20.28194236755371,20.782791137695312,21.685514450073242,22.938674926757812,24.092390060424805,26.102907180786133
chronos_m4_hourly,207:target,207:target::origin=0,0,deepar,0,4005131104,samples,22,2010-06-03 10:00:00,19.600000381469727,21.163246154785156,20.973901748657227,16.603710174560547,18.33871078491211,19.405046463012695,20.204212188720703,21.163246154785156,22.114171981811523,22.57611656188965,23.487281799316406,25.089561462402344
chronos_m4_hourly,207:target,207:target::origin=0,0,deepar,0,4005131104,samples,23,2010-06-03 11:00:00,18.799999237060547,21.2659969329834,21.103282928466797,16.741100311279297,18.804964065551758,19.381155014038086,20.558792114257812,21.2659969329834,21.8528995513916,22.49119758605957,23.441713333129883,25.912673950195312
chronos_m4_hourly,207:target,207:target::origin=0,0,deepar,0,4005131104,samples,24,2010-06-03 12:00:00,17.899999618530273,21.431211471557617,21.162857055664062,17.05534553527832,18.662883758544922,19.956348419189453,20.59160614013672,21.431211471557617,21.91522216796875,22.686641693115234,23.5494441986084,25.428268432617188
chronos_m4_hourly,207:target,207:target::origin=0,0,deepar,0,4005131104,samples,25,2010-06-03 13:00:00,17.799999237060547,21.378395080566406,21.42127227783203,16.424137115478516,19.076871871948242,19.685766220092773,20.55226707458496,21.378395080566406,22.049640655517578,22.852624893188477,23.68480110168457,25.304916381835938
chronos_m4_hourly,207:target,207:target::origin=0,0,deepar,0,4005131104,samples,26,2010-06-03 14:00:00,17.299999237060547,20.84237289428711,20.828269958496094,16.731462478637695,18.544551849365234,19.353036880493164,19.93992805480957,20.84237289428711,21.62095832824707,22.370773315429688,24.14447021484375,26.306638717651367
chronos_m4_hourly,207:target,207:target::origin=0,0,deepar,0,4005131104,samples,27,2010-06-03 15:00:00,16.899999618530273,20.396533966064453,20.723630905151367,15.571545600891113,17.3773250579834,18.467260360717773,19.760061264038086,20.396533966064453,21.190410614013672,22.57128143310547,23.777883529663086,25.58541488647461
chronos_m4_hourly,207:target,207:target::origin=0,0,deepar,0,4005131104,samples,28,2010-06-03 16:00:00,16.700000762939453,20.74771499633789,20.457443237304688,15.786304473876953,17.595884323120117,18.680479049682617,20.06764030456543,20.74771499633789,21.36549949645996,22.402599334716797,23.08489418029785,25.388402938842773
chronos_m4_hourly,207:target,207:target::origin=0,0,deepar,0,4005131104,samples,29,2010-06-03 17:00:00,16.399999618530273,21.298282623291016,21.018686294555664,16.164045333862305,18.658489227294922,19.36835479736328,20.40324592590332,21.298282623291016,22.192995071411133,23.01542091369629,24.105331420898438,25.53846549987793
chronos_m4_hourly,207:target,207:target::origin=0,0,deepar,0,4005131104,samples,30,2010-06-03 18:00:00,16.600000381469727,20.56483268737793,20.467641830444336,16.176958084106445,17.519025802612305,19.085227966308594,19.58891487121582,20.56483268737793,20.98720932006836,22.302753448486328,23.297651290893555,26.280797958374023
chronos_m4_hourly,207:target,207:target::origin=0,0,deepar,0,4005131104,samples,31,2010-06-03 19:00:00,18.100000381469727,20.308353424072266,20.255523681640625,16.06012535095215,17.650611877441406,18.518211364746094,19.834125518798828,20.308353424072266,21.262744903564453,22.105737686157227,23.01249885559082,24.509775161743164
chronos_m4_hourly,207:target,207:target::origin=0,0,deepar,0,4005131104,samples,32,2010-06-03 20:00:00,19.600000381469727,20.8181209564209,20.8950138092041,15.98697566986084,17.63780975341797,19.308650970458984,20.25225257873535,20.8181209564209,21.640058517456055,22.643484115600586,23.82614517211914,25.142616271972656
chronos_m4_hourly,207:target,207:target::origin=0,0,deepar,0,4005131104,samples,33,2010-06-03 21:00:00,21.100000381469727,20.58661651611328,20.30340003967285,15.777022361755371,17.486003875732422,18.874319076538086,19.474306106567383,20.58661651611328,21.0698184967041,21.712011337280273,23.429454803466797,24.577810287475586
chronos_m4_hourly,207:target,207:target::origin=0,0,deepar,0,4005131104,samples,34,2010-06-03 22:00:00,22.399999618530273,21.573833465576172,21.10013198852539,16.9293270111084,18.815181732177734,20.15410614013672,20.687442779541016,21.573833465576172,22.130084991455078,22.73485565185547,23.397974014282227,24.226654052734375
chronos_m4_hourly,207:target,207:target::origin=0,0,deepar,0,4005131104,samples,35,2010-06-03 23:00:00,23.5,21.32089614868164,21.015213012695312,16.997730255126953,18.5648193359375,19.792633056640625,20.29857635498047,21.32089614868164,22.090843200683594,22.583406448364258,23.25425910949707,24.302417755126953
chronos_m4_hourly,207:target,207:target::origin=0,0,deepar,0,4005131104,samples,36,2010-06-04 00:00:00,24.399999618530273,21.54306983947754,21.403636932373047,16.42237091064453,18.749237060546875,19.33214569091797,20.733549118041992,21.54306983947754,22.013078689575195,23.01260757446289,24.13558578491211,26.171005249023438
chronos_m4_hourly,207:target,207:target::origin=0,0,deepar,0,4005131104,samples,37,2010-06-04 01:00:00,25.0,21.281558990478516,21.24593734741211,17.29386329650879,18.71172523498535,20.135751724243164,20.83349609375,21.281558990478516,21.8908634185791,22.78740692138672,23.848215103149414,25.089866638183594
chronos_m4_hourly,207:target,207:target::origin=0,0,deepar,0,4005131104,samples,38,2010-06-04 02:00:00,25.399999618530273,21.428068161010742,21.1833438873291,17.118896484375,18.894346237182617,20.072233200073242,20.636940002441406,21.428068161010742,22.095172882080078,23.220705032348633,24.07077980041504,25.535873413085938
chronos_m4_hourly,207:target,207:target::origin=0,0,deepar,0,4005131104,samples,39,2010-06-04 03:00:00,25.299999237060547,21.044837951660156,21.471948623657227,18.523340225219727,19.110294342041016,20.002735137939453,20.463441848754883,21.044837951660156,21.944181442260742,23.011667251586914,24.068960189819336,24.877527236938477
chronos_m4_hourly,207:target,207:target::origin=0,0,deepar,0,4005131104,samples,40,2010-06-04 04:00:00,25.100000381469727,21.610694885253906,20.753215789794922,14.38005542755127,18.113985061645508,19.454708099365234,20.62619400024414,21.610694885253906,21.978137969970703,22.820358276367188,23.493701934814453,26.319021224975586
chronos_m4_hourly,207:target,207:target::origin=0,0,deepar,0,4005131104,samples,41,2010-06-04 05:00:00,24.600000381469727,21.459056854248047,20.548593521118164,17.088960647583008,17.943925857543945,19.39644432067871,20.006689071655273,21.459056854248047,22.091312408447266,22.44724464416504,22.8405818939209,24.052446365356445
chronos_m4_hourly,207:target,207:target::origin=0,0,deepar,0,4005131104,samples,42,2010-06-04 06:00:00,23.899999618530273,20.731019973754883,20.879131317138672,16.81818199157715,18.161182403564453,19.42568588256836,19.952852249145508,20.731019973754883,21.127992630004883,22.155731201171875,23.556396484375,25.311904907226562
chronos_m4_hourly,207:target,207:target::origin=0,0,deepar,0,4005131104,samples,43,2010-06-04 07:00:00,22.700000762939453,21.464996337890625,21.199079513549805,16.814239501953125,18.362995147705078,19.66594123840332,20.92211151123047,21.464996337890625,22.32225799560547,22.811283111572266,23.5181941986084,24.763687133789062
chronos_m4_hourly,207:target,207:target::origin=0,0,deepar,0,4005131104,samples,44,2010-06-04 08:00:00,21.299999237060547,20.895732879638672,21.498523712158203,17.469934463500977,18.684329986572266,19.762746810913086,20.08854866027832,20.895732879638672,21.738792419433594,22.64038848876953,24.052806854248047,25.17942237854004
chronos_m4_hourly,207:target,207:target::origin=0,0,deepar,0,4005131104,samples,45,2010-06-04 09:00:00,20.399999618530273,21.688640594482422,21.563955307006836,17.598020553588867,19.513763427734375,20.360681533813477,20.941631317138672,21.688640594482422,22.149370193481445,22.610424041748047,23.706212997436523,25.27975082397461
chronos_m4_hourly,207:target,207:target::origin=0,0,deepar,0,4005131104,samples,46,2010-06-04 10:00:00,19.700000762939453,21.79192352294922,21.319780349731445,17.795724868774414,19.08550453186035,19.898998260498047,20.667102813720703,21.79192352294922,22.437719345092773,22.835960388183594,23.72423553466797,24.9964599609375
chronos_m4_hourly,207:target,207:target::origin=0,0,deepar,0,4005131104,samples,47,2010-06-04 11:00:00,18.899999618530273,20.96495819091797,20.6673641204834,15.930760383605957,18.1163272857666,19.257587432861328,19.95854377746582,20.96495819091797,21.848731994628906,22.75665283203125,23.636974334716797,24.466962814331055
chronos_weather,subset=rain|364:target,subset=rain|364:target::origin=0,0,chronos_t5_tiny,0,146537211,chronos_samples,0,1974-07-27 00:00:00,0.0,3.386244173952946e-08,0.17113502323627472,3.386244173952946e-08,3.386244173952946e-08,3.386244173952946e-08,3.386244173952946e-08,3.386244173952946e-08,3.386244173952946e-08,3.386244173952946e-08,0.1954813301563263,0.6042149662971497
chronos_weather,subset=rain|364:target,subset=rain|364:target::origin=0,0,chronos_t5_tiny,0,146537211,chronos_samples,1,1974-07-28 00:00:00,0.0,3.386244173952946e-08,0.8279522061347961,3.386244173952946e-08,3.386244173952946e-08,3.386244173952946e-08,3.386244173952946e-08,3.386244173952946e-08,3.386244173952946e-08,0.1954813301563263,0.44783082604408264,1.5229765176773071
chronos_weather,subset=rain|364:target,subset=rain|364:target::origin=0,0,chronos_t5_tiny,0,146537211,chronos_samples,2,1974-07-29 00:00:00,0.0,3.386244173952946e-08,0.3483121395111084,3.386244173952946e-08,3.386244173952946e-08,3.386244173952946e-08,3.386244173952946e-08,3.386244173952946e-08,3.386244173952946e-08,0.05864352732896805,0.2381327748298645,1.0165024995803833
chronos_weather,subset=rain|364:target,subset=rain|364:target::origin=0,0,chronos_t5_tiny,0,146537211,chronos_samples,3,1974-07-30 00:00:00,0.0,3.386244173952946e-08,0.26994192600250244,3.386244173952946e-08,3.386244173952946e-08,3.386244173952946e-08,3.386244173952946e-08,3.386244173952946e-08,3.386244173952946e-08,3.386244173952946e-08,0.1954813301563263,0.6042149662971497
chronos_weather,subset=rain|364:target,subset=rain|364:target::origin=0,0,chronos_t5_tiny,0,146537211,chronos_samples,4,1974-07-31 00:00:00,0.0,3.386244173952946e-08,0.4734201729297638,3.386244173952946e-08,3.386244173952946e-08,3.386244173952946e-08,3.386244173952946e-08,3.386244173952946e-08,3.386244173952946e-08,0.1954813301563263,0.6433120965957642,2.0081260204315186
chronos_weather,subset=rain|364:target,subset=rain|364:target::origin=0,0,chronos_t5_tiny,0,146537211,chronos_samples,5,1974-08-01 00:00:00,0.0,3.386244173952946e-08,0.8897953033447266,3.386244173952946e-08,3.386244173952946e-08,3.386244173952946e-08,3.386244173952946e-08,3.386244173952946e-08,3.386244173952946e-08,3.386244173952946e-08,0.44783082604408264,2.0507755279541016
chronos_weather,subset=rain|364:target,subset=rain|364:target::origin=0,0,chronos_t5_tiny,0,146537211,chronos_samples,6,1974-08-02 00:00:00,0.6000000238418579,3.386244173952946e-08,0.4702214002609253,3.386244173952946e-08,3.386244173952946e-08,3.386244173952946e-08,3.386244173952946e-08,3.386244173952946e-08,3.386244173952946e-08,3.386244173952946e-08,0.1954813301563263,2.2231552600860596
chronos_weather,subset=rain|364:target,subset=rain|364:target::origin=0,0,chronos_t5_tiny,0,146537211,chronos_samples,7,1974-08-03 00:00:00,0.0,3.386244173952946e-08,0.8199552297592163,3.386244173952946e-08,3.386244173952946e-08,3.386244173952946e-08,3.386244173952946e-08,3.386244173952946e-08,3.386244173952946e-08,3.386244173952946e-08,0.1954813301563263,2.3990886211395264
chronos_weather,subset=rain|364:target,subset=rain|364:target::origin=0,0,chronos_t5_tiny,0,146537211,chronos_samples,8,1974-08-04 00:00:00,0.0,3.386244173952946e-08,0.9711865782737732,3.386244173952946e-08,3.386244173952946e-08,3.386244173952946e-08,3.386244173952946e-08,3.386244173952946e-08,3.386244173952946e-08,3.386244173952946e-08,3.386244173952946e-08,0.4282814860343933
chronos_weather,subset=rain|364:target,subset=rain|364:target::origin=0,0,chronos_t5_tiny,0,146537211,chronos_samples,9,1974-08-05 00:00:00,0.0,3.386244173952946e-08,0.5459259748458862,3.386244173952946e-08,3.386244173952946e-08,3.386244173952946e-08,3.386244173952946e-08,3.386244173952946e-08,3.386244173952946e-08,3.386244173952946e-08,3.386244173952946e-08,0.40873366594314575
chronos_weather,subset=rain|364:target,subset=rain|364:target::origin=0,0,chronos_t5_tiny,0,146537211,chronos_samples,10,1974-08-06 00:00:00,0.20000000298023224,3.386244173952946e-08,0.16029471158981323,3.386244173952946e-08,3.386244173952946e-08,3.386244173952946e-08,3.386244173952946e-08,3.386244173952946e-08,3.386244173952946e-08,3.386244173952946e-08,3.386244173952946e-08,0.1954813301563263
chronos_weather,subset=rain|364:target,subset=rain|364:target::origin=0,0,chronos_t5_tiny,0,146537211,chronos_samples,11,1974-08-07 00:00:00,0.0,3.386244173952946e-08,0.20401142537593842,3.386244173952946e-08,3.386244173952946e-08,3.386244173952946e-08,3.386244173952946e-08,3.386244173952946e-08,3.386244173952946e-08,3.386244173952946e-08,3.386244173952946e-08,0.21502916514873505
chronos_weather,subset=rain|364:target,subset=rain|364:target::origin=0,0,chronos_t5_tiny,0,146537211,chronos_samples,12,1974-08-08 00:00:00,2.4000000953674316,3.386244173952946e-08,0.22409267723560333,3.386244173952946e-08,3.386244173952946e-08,3.386244173952946e-08,3.386244173952946e-08,3.386244173952946e-08,3.386244173952946e-08,3.386244173952946e-08,3.386244173952946e-08,0.21680623292922974
chronos_weather,subset=rain|364:target,subset=rain|364:target::origin=0,0,chronos_t5_tiny,0,146537211,chronos_samples,13,1974-08-09 00:00:00,0.0,3.386244173952946e-08,0.5002544522285461,3.386244173952946e-08,3.386244173952946e-08,3.386244173952946e-08,3.386244173952946e-08,3.386244173952946e-08,3.386244173952946e-08,3.386244173952946e-08,3.386244173952946e-08,1.096470832824707
chronos_weather,subset=rain|364:target,subset=rain|364:target::origin=0,0,chronos_t5_tiny,0,146537211,chronos_samples,14,1974-08-10 00:00:00,0.0,3.386244173952946e-08,0.5276218056678772,3.386244173952946e-08,3.386244173952946e-08,3.386244173952946e-08,3.386244173952946e-08,3.386244173952946e-08,3.386244173952946e-08,3.386244173952946e-08,3.386244173952946e-08,0.1954813301563263
chronos_weather,subset=rain|364:target,subset=rain|364:target::origin=0,0,chronos_t5_tiny,0,146537211,chronos_samples,15,1974-08-11 00:00:00,0.0,3.386244173952946e-08,0.6537960767745972,3.386244173952946e-08,3.386244173952946e-08,3.386244173952946e-08,3.386244173952946e-08,3.386244173952946e-08,3.386244173952946e-08,3.386244173952946e-08,3.386244173952946e-08,3.386244173952946e-08
chronos_weather,subset=rain|364:target,subset=rain|364:target::origin=0,0,chronos_t5_tiny,0,146537211,chronos_samples,16,1974-08-12 00:00:00,0.0,3.386244173952946e-08,0.6253624558448792,3.386244173952946e-08,3.386244173952946e-08,3.386244173952946e-08,3.386244173952946e-08,3.386244173952946e-08,3.386244173952946e-08,3.386244173952946e-08,3.386244173952946e-08,0.8192440867424011
chronos_weather,subset=rain|364:target,subset=rain|364:target::origin=0,0,chronos_t5_tiny,0,146537211,chronos_samples,17,1974-08-13 00:00:00,0.0,3.386244173952946e-08,0.1981469690799713,3.386244173952946e-08,3.386244173952946e-08,3.386244173952946e-08,3.386244173952946e-08,3.386244173952946e-08,3.386244173952946e-08,3.386244173952946e-08,3.386244173952946e-08,0.4282814860343933
chronos_weather,subset=rain|364:target,subset=rain|364:target::origin=0,0,chronos_t5_tiny,0,146537211,chronos_samples,18,1974-08-14 00:00:00,0.0,3.386244173952946e-08,0.451384037733078,3.386244173952946e-08,3.386244173952946e-08,3.386244173952946e-08,3.386244173952946e-08,3.386244173952946e-08,3.386244173952946e-08,3.386244173952946e-08,3.386244173952946e-08,0.1954813301563263
chronos_weather,subset=rain|364:target,subset=rain|364:target::origin=0,0,chronos_t5_tiny,0,146537211,chronos_samples,19,1974-08-15 00:00:00,0.4000000059604645,3.386244173952946e-08,0.19956865906715393,3.386244173952946e-08,3.386244173952946e-08,3.386244173952946e-08,3.386244173952946e-08,3.386244173952946e-08,3.386244173952946e-08,3.386244173952946e-08,0.1954813301563263,0.40873366594314575
chronos_weather,subset=rain|364:target,subset=rain|364:target::origin=0,0,chronos_t5_tiny,0,146537211,chronos_samples,20,1974-08-16 00:00:00,0.0,3.386244173952946e-08,0.23830950260162354,3.386244173952946e-08,3.386244173952946e-08,3.386244173952946e-08,3.386244173952946e-08,3.386244173952946e-08,3.386244173952946e-08,3.386244173952946e-08,0.03909718990325928,0.40873366594314575
chronos_weather,subset=rain|364:target,subset=rain|364:target::origin=0,0,chronos_t5_tiny,0,146537211,chronos_samples,21,1974-08-17 00:00:00,0.0,3.386244173952946e-08,0.21200838685035706,3.386244173952946e-08,3.386244173952946e-08,3.386244173952946e-08,3.386244173952946e-08,3.386244173952946e-08,3.386244173952946e-08,3.386244173952946e-08,0.03909718990325928,0.6237627863883972
chronos_weather,subset=rain|364:target,subset=rain|364:target::origin=0,0,chronos_t5_tiny,0,146537211,chronos_samples,22,1974-08-18 00:00:00,0.0,3.386244173952946e-08,0.2550142705440521,3.386244173952946e-08,3.386244173952946e-08,3.386244173952946e-08,3.386244173952946e-08,3.386244173952946e-08,3.386244173952946e-08,3.386244173952946e-08,0.1954813301563263,0.6042149662971497
chronos_weather,subset=rain|364:target,subset=rain|364:target::origin=0,0,chronos_t5_tiny,0,146537211,chronos_samples,23,1974-08-19 00:00:00,0.0,3.386244173952946e-08,0.5279772281646729,3.386244173952946e-08,3.386244173952946e-08,3.386244173952946e-08,3.386244173952946e-08,3.386244173952946e-08,3.386244173952946e-08,3.386244173952946e-08,0.1954813301563263,0.6042149662971497
chronos_weather,subset=rain|364:target,subset=rain|364:target::origin=0,0,chronos_t5_tiny,0,146537211,chronos_samples,24,1974-08-20 00:00:00,0.0,3.386244173952946e-08,0.32556524872779846,3.386244173952946e-08,3.386244173952946e-08,3.386244173952946e-08,3.386244173952946e-08,3.386244173952946e-08,3.386244173952946e-08,3.386244173952946e-08,0.1954813301563263,0.9152077436447144
chronos_weather,subset=rain|364:target,subset=rain|364:target::origin=0,0,chronos_t5_tiny,0,146537211,chronos_samples,25,1974-08-21 00:00:00,0.0,3.386244173952946e-08,0.20116806030273438,3.386244173952946e-08,3.386244173952946e-08,3.386244173952946e-08,3.386244173952946e-08,3.386244173952946e-08,3.386244173952946e-08,3.386244173952946e-08,0.1954813301563263,0.7996962666511536
chronos_weather,subset=rain|364:target,subset=rain|364:target::origin=0,0,chronos_t5_tiny,0,146537211,chronos_samples,26,1974-08-22 00:00:00,0.0,3.386244173952946e-08,0.5096730589866638,3.386244173952946e-08,3.386244173952946e-08,3.386244173952946e-08,3.386244173952946e-08,3.386244173952946e-08,3.386244173952946e-08,0.1954813301563263,0.7996962666511536,1.8712881803512573
chronos_weather,subset=rain|364:target,subset=rain|364:target::origin=0,0,chronos_t5_tiny,0,146537211,chronos_samples,27,1974-08-23 00:00:00,0.0,3.386244173952946e-08,0.8071600198745728,3.386244173952946e-08,3.386244173952946e-08,3.386244173952946e-08,3.386244173952946e-08,3.386244173952946e-08,3.386244173952946e-08,0.05864352732896805,0.6042149662971497,1.8161985874176025
chronos_weather,subset=rain|364:target,subset=rain|364:target::origin=0,0,chronos_t5_tiny,0,146537211,chronos_samples,28,1974-08-24 00:00:00,0.0,3.386244173952946e-08,0.4830165207386017,3.386244173952946e-08,3.386244173952946e-08,3.386244173952946e-08,3.386244173952946e-08,3.386244173952946e-08,3.386244173952946e-08,3.386244173952946e-08,0.40873366594314575,2.0081260204315186
chronos_weather,subset=rain|364:target,subset=rain|364:target::origin=0,0,chronos_t5_tiny,0,146537211,chronos_samples,29,1974-08-25 00:00:00,0.0,3.386244173952946e-08,0.33054110407829285,3.386244173952946e-08,3.386244173952946e-08,3.386244173952946e-08,3.386244173952946e-08,3.386244173952946e-08,3.386244173952946e-08,3.386244173952946e-08,0.40873366594314575,1.2084298133850098
chronos_weather,subset=rain|364:target,subset=rain|364:target::origin=0,0,seasonal_naive,0,26819991,degenerate,0,1974-07-27 00:00:00,0.0,0.0,0.0,0.0,0.0,0.0,0.0,0.0,0.0,0.0,0.0,0.0
chronos_weather,subset=rain|364:target,subset=rain|364:target::origin=0,0,seasonal_naive,0,26819991,degenerate,1,1974-07-28 00:00:00,0.0,0.0,0.0,0.0,0.0,0.0,0.0,0.0,0.0,0.0,0.0,0.0
chronos_weather,subset=rain|364:target,subset=rain|364:target::origin=0,0,seasonal_naive,0,26819991,degenerate,2,1974-07-29 00:00:00,0.0,0.0,0.0,0.0,0.0,0.0,0.0,0.0,0.0,0.0,0.0,0.0
chronos_weather,subset=rain|364:target,subset=rain|364:target::origin=0,0,seasonal_naive,0,26819991,degenerate,3,1974-07-30 00:00:00,0.0,0.0,0.0,0.0,0.0,0.0,0.0,0.0,0.0,0.0,0.0,0.0
chronos_weather,subset=rain|364:target,subset=rain|364:target::origin=0,0,seasonal_naive,0,26819991,degenerate,4,1974-07-31 00:00:00,0.0,0.0,0.0,0.0,0.0,0.0,0.0,0.0,0.0,0.0,0.0,0.0
chronos_weather,subset=rain|364:target,subset=rain|364:target::origin=0,0,seasonal_naive,0,26819991,degenerate,5,1974-08-01 00:00:00,0.0,0.20000000298023224,0.20000000298023224,0.20000000298023224,0.20000000298023224,0.20000000298023224,0.20000000298023224,0.20000000298023224,0.20000000298023224,0.20000000298023224,0.20000000298023224,0.20000000298023224
chronos_weather,subset=rain|364:target,subset=rain|364:target::origin=0,0,seasonal_naive,0,26819991,degenerate,6,1974-08-02 00:00:00,0.6000000238418579,0.0,0.0,0.0,0.0,0.0,0.0,0.0,0.0,0.0,0.0,0.0
chronos_weather,subset=rain|364:target,subset=rain|364:target::origin=0,0,seasonal_naive,0,26819991,degenerate,7,1974-08-03 00:00:00,0.0,0.0,0.0,0.0,0.0,0.0,0.0,0.0,0.0,0.0,0.0,0.0
chronos_weather,subset=rain|364:target,subset=rain|364:target::origin=0,0,seasonal_naive,0,26819991,degenerate,8,1974-08-04 00:00:00,0.0,0.0,0.0,0.0,0.0,0.0,0.0,0.0,0.0,0.0,0.0,0.0
chronos_weather,subset=rain|364:target,subset=rain|364:target::origin=0,0,seasonal_naive,0,26819991,degenerate,9,1974-08-05 00:00:00,0.0,0.0,0.0,0.0,0.0,0.0,0.0,0.0,0.0,0.0,0.0,0.0
chronos_weather,subset=rain|364:target,subset=rain|364:target::origin=0,0,seasonal_naive,0,26819991,degenerate,10,1974-08-06 00:00:00,0.20000000298023224,0.0,0.0,0.0,0.0,0.0,0.0,0.0,0.0,0.0,0.0,0.0
chronos_weather,subset=rain|364:target,subset=rain|364:target::origin=0,0,seasonal_naive,0,26819991,degenerate,11,1974-08-07 00:00:00,0.0,0.0,0.0,0.0,0.0,0.0,0.0,0.0,0.0,0.0,0.0,0.0
chronos_weather,subset=rain|364:target,subset=rain|364:target::origin=0,0,seasonal_naive,0,26819991,degenerate,12,1974-08-08 00:00:00,2.4000000953674316,0.20000000298023224,0.20000000298023224,0.20000000298023224,0.20000000298023224,0.20000000298023224,0.20000000298023224,0.20000000298023224,0.20000000298023224,0.20000000298023224,0.20000000298023224,0.20000000298023224
chronos_weather,subset=rain|364:target,subset=rain|364:target::origin=0,0,seasonal_naive,0,26819991,degenerate,13,1974-08-09 00:00:00,0.0,0.0,0.0,0.0,0.0,0.0,0.0,0.0,0.0,0.0,0.0,0.0
chronos_weather,subset=rain|364:target,subset=rain|364:target::origin=0,0,seasonal_naive,0,26819991,degenerate,14,1974-08-10 00:00:00,0.0,0.0,0.0,0.0,0.0,0.0,0.0,0.0,0.0,0.0,0.0,0.0
chronos_weather,subset=rain|364:target,subset=rain|364:target::origin=0,0,seasonal_naive,0,26819991,degenerate,15,1974-08-11 00:00:00,0.0,0.0,0.0,0.0,0.0,0.0,0.0,0.0,0.0,0.0,0.0,0.0
chronos_weather,subset=rain|364:target,subset=rain|364:target::origin=0,0,seasonal_naive,0,26819991,degenerate,16,1974-08-12 00:00:00,0.0,0.0,0.0,0.0,0.0,0.0,0.0,0.0,0.0,0.0,0.0,0.0
chronos_weather,subset=rain|364:target,subset=rain|364:target::origin=0,0,seasonal_naive,0,26819991,degenerate,17,1974-08-13 00:00:00,0.0,0.0,0.0,0.0,0.0,0.0,0.0,0.0,0.0,0.0,0.0,0.0
chronos_weather,subset=rain|364:target,subset=rain|364:target::origin=0,0,seasonal_naive,0,26819991,degenerate,18,1974-08-14 00:00:00,0.0,0.0,0.0,0.0,0.0,0.0,0.0,0.0,0.0,0.0,0.0,0.0
chronos_weather,subset=rain|364:target,subset=rain|364:target::origin=0,0,seasonal_naive,0,26819991,degenerate,19,1974-08-15 00:00:00,0.4000000059604645,0.20000000298023224,0.20000000298023224,0.20000000298023224,0.20000000298023224,0.20000000298023224,0.20000000298023224,0.20000000298023224,0.20000000298023224,0.20000000298023224,0.20000000298023224,0.20000000298023224
chronos_weather,subset=rain|364:target,subset=rain|364:target::origin=0,0,seasonal_naive,0,26819991,degenerate,20,1974-08-16 00:00:00,0.0,0.0,0.0,0.0,0.0,0.0,0.0,0.0,0.0,0.0,0.0,0.0
chronos_weather,subset=rain|364:target,subset=rain|364:target::origin=0,0,seasonal_naive,0,26819991,degenerate,21,1974-08-17 00:00:00,0.0,0.0,0.0,0.0,0.0,0.0,0.0,0.0,0.0,0.0,0.0,0.0
chronos_weather,subset=rain|364:target,subset=rain|364:target::origin=0,0,seasonal_naive,0,26819991,degenerate,22,1974-08-18 00:00:00,0.0,0.0,0.0,0.0,0.0,0.0,0.0,0.0,0.0,0.0,0.0,0.0
chronos_weather,subset=rain|364:target,subset=rain|364:target::origin=0,0,seasonal_naive,0,26819991,degenerate,23,1974-08-19 00:00:00,0.0,0.0,0.0,0.0,0.0,0.0,0.0,0.0,0.0,0.0,0.0,0.0
chronos_weather,subset=rain|364:target,subset=rain|364:target::origin=0,0,seasonal_naive,0,26819991,degenerate,24,1974-08-20 00:00:00,0.0,0.0,0.0,0.0,0.0,0.0,0.0,0.0,0.0,0.0,0.0,0.0
chronos_weather,subset=rain|364:target,subset=rain|364:target::origin=0,0,seasonal_naive,0,26819991,degenerate,25,1974-08-21 00:00:00,0.0,0.0,0.0,0.0,0.0,0.0,0.0,0.0,0.0,0.0,0.0,0.0
chronos_weather,subset=rain|364:target,subset=rain|364:target::origin=0,0,seasonal_naive,0,26819991,degenerate,26,1974-08-22 00:00:00,0.0,0.20000000298023224,0.20000000298023224,0.20000000298023224,0.20000000298023224,0.20000000298023224,0.20000000298023224,0.20000000298023224,0.20000000298023224,0.20000000298023224,0.20000000298023224,0.20000000298023224
chronos_weather,subset=rain|364:target,subset=rain|364:target::origin=0,0,seasonal_naive,0,26819991,degenerate,27,1974-08-23 00:00:00,0.0,0.0,0.0,0.0,0.0,0.0,0.0,0.0,0.0,0.0,0.0,0.0
chronos_weather,subset=rain|364:target,subset=rain|364:target::origin=0,0,seasonal_naive,0,26819991,degenerate,28,1974-08-24 00:00:00,0.0,0.0,0.0,0.0,0.0,0.0,0.0,0.0,0.0,0.0,0.0,0.0
chronos_weather,subset=rain|364:target,subset=rain|364:target::origin=0,0,seasonal_naive,0,26819991,degenerate,29,1974-08-25 00:00:00,0.0,0.0,0.0,0.0,0.0,0.0,0.0,0.0,0.0,0.0,0.0,0.0
chronos_weather,subset=rain|364:target,subset=rain|364:target::origin=0,0,weather_zero_baseline,0,3213596506,degenerate,0,1974-07-27 00:00:00,0.0,0.0,0.0,0.0,0.0,0.0,0.0,0.0,0.0,0.0,0.0,0.0
chronos_weather,subset=rain|364:target,subset=rain|364:target::origin=0,0,weather_zero_baseline,0,3213596506,degenerate,1,1974-07-28 00:00:00,0.0,0.0,0.0,0.0,0.0,0.0,0.0,0.0,0.0,0.0,0.0,0.0
chronos_weather,subset=rain|364:target,subset=rain|364:target::origin=0,0,weather_zero_baseline,0,3213596506,degenerate,2,1974-07-29 00:00:00,0.0,0.0,0.0,0.0,0.0,0.0,0.0,0.0,0.0,0.0,0.0,0.0
chronos_weather,subset=rain|364:target,subset=rain|364:target::origin=0,0,weather_zero_baseline,0,3213596506,degenerate,3,1974-07-30 00:00:00,0.0,0.0,0.0,0.0,0.0,0.0,0.0,0.0,0.0,0.0,0.0,0.0
chronos_weather,subset=rain|364:target,subset=rain|364:target::origin=0,0,weather_zero_baseline,0,3213596506,degenerate,4,1974-07-31 00:00:00,0.0,0.0,0.0,0.0,0.0,0.0,0.0,0.0,0.0,0.0,0.0,0.0
chronos_weather,subset=rain|364:target,subset=rain|364:target::origin=0,0,weather_zero_baseline,0,3213596506,degenerate,5,1974-08-01 00:00:00,0.0,0.0,0.0,0.0,0.0,0.0,0.0,0.0,0.0,0.0,0.0,0.0
chronos_weather,subset=rain|364:target,subset=rain|364:target::origin=0,0,weather_zero_baseline,0,3213596506,degenerate,6,1974-08-02 00:00:00,0.6000000238418579,0.0,0.0,0.0,0.0,0.0,0.0,0.0,0.0,0.0,0.0,0.0
chronos_weather,subset=rain|364:target,subset=rain|364:target::origin=0,0,weather_zero_baseline,0,3213596506,degenerate,7,1974-08-03 00:00:00,0.0,0.0,0.0,0.0,0.0,0.0,0.0,0.0,0.0,0.0,0.0,0.0
chronos_weather,subset=rain|364:target,subset=rain|364:target::origin=0,0,weather_zero_baseline,0,3213596506,degenerate,8,1974-08-04 00:00:00,0.0,0.0,0.0,0.0,0.0,0.0,0.0,0.0,0.0,0.0,0.0,0.0
chronos_weather,subset=rain|364:target,subset=rain|364:target::origin=0,0,weather_zero_baseline,0,3213596506,degenerate,9,1974-08-05 00:00:00,0.0,0.0,0.0,0.0,0.0,0.0,0.0,0.0,0.0,0.0,0.0,0.0
chronos_weather,subset=rain|364:target,subset=rain|364:target::origin=0,0,weather_zero_baseline,0,3213596506,degenerate,10,1974-08-06 00:00:00,0.20000000298023224,0.0,0.0,0.0,0.0,0.0,0.0,0.0,0.0,0.0,0.0,0.0
chronos_weather,subset=rain|364:target,subset=rain|364:target::origin=0,0,weather_zero_baseline,0,3213596506,degenerate,11,1974-08-07 00:00:00,0.0,0.0,0.0,0.0,0.0,0.0,0.0,0.0,0.0,0.0,0.0,0.0
chronos_weather,subset=rain|364:target,subset=rain|364:target::origin=0,0,weather_zero_baseline,0,3213596506,degenerate,12,1974-08-08 00:00:00,2.4000000953674316,0.0,0.0,0.0,0.0,0.0,0.0,0.0,0.0,0.0,0.0,0.0
chronos_weather,subset=rain|364:target,subset=rain|364:target::origin=0,0,weather_zero_baseline,0,3213596506,degenerate,13,1974-08-09 00:00:00,0.0,0.0,0.0,0.0,0.0,0.0,0.0,0.0,0.0,0.0,0.0,0.0
chronos_weather,subset=rain|364:target,subset=rain|364:target::origin=0,0,weather_zero_baseline,0,3213596506,degenerate,14,1974-08-10 00:00:00,0.0,0.0,0.0,0.0,0.0,0.0,0.0,0.0,0.0,0.0,0.0,0.0
chronos_weather,subset=rain|364:target,subset=rain|364:target::origin=0,0,weather_zero_baseline,0,3213596506,degenerate,15,1974-08-11 00:00:00,0.0,0.0,0.0,0.0,0.0,0.0,0.0,0.0,0.0,0.0,0.0,0.0
chronos_weather,subset=rain|364:target,subset=rain|364:target::origin=0,0,weather_zero_baseline,0,3213596506,degenerate,16,1974-08-12 00:00:00,0.0,0.0,0.0,0.0,0.0,0.0,0.0,0.0,0.0,0.0,0.0,0.0
chronos_weather,subset=rain|364:target,subset=rain|364:target::origin=0,0,weather_zero_baseline,0,3213596506,degenerate,17,1974-08-13 00:00:00,0.0,0.0,0.0,0.0,0.0,0.0,0.0,0.0,0.0,0.0,0.0,0.0
chronos_weather,subset=rain|364:target,subset=rain|364:target::origin=0,0,weather_zero_baseline,0,3213596506,degenerate,18,1974-08-14 00:00:00,0.0,0.0,0.0,0.0,0.0,0.0,0.0,0.0,0.0,0.0,0.0,0.0
chronos_weather,subset=rain|364:target,subset=rain|364:target::origin=0,0,weather_zero_baseline,0,3213596506,degenerate,19,1974-08-15 00:00:00,0.4000000059604645,0.0,0.0,0.0,0.0,0.0,0.0,0.0,0.0,0.0,0.0,0.0
chronos_weather,subset=rain|364:target,subset=rain|364:target::origin=0,0,weather_zero_baseline,0,3213596506,degenerate,20,1974-08-16 00:00:00,0.0,0.0,0.0,0.0,0.0,0.0,0.0,0.0,0.0,0.0,0.0,0.0
chronos_weather,subset=rain|364:target,subset=rain|364:target::origin=0,0,weather_zero_baseline,0,3213596506,degenerate,21,1974-08-17 00:00:00,0.0,0.0,0.0,0.0,0.0,0.0,0.0,0.0,0.0,0.0,0.0,0.0
chronos_weather,subset=rain|364:target,subset=rain|364:target::origin=0,0,weather_zero_baseline,0,3213596506,degenerate,22,1974-08-18 00:00:00,0.0,0.0,0.0,0.0,0.0,0.0,0.0,0.0,0.0,0.0,0.0,0.0
chronos_weather,subset=rain|364:target,subset=rain|364:target::origin=0,0,weather_zero_baseline,0,3213596506,degenerate,23,1974-08-19 00:00:00,0.0,0.0,0.0,0.0,0.0,0.0,0.0,0.0,0.0,0.0,0.0,0.0
chronos_weather,subset=rain|364:target,subset=rain|364:target::origin=0,0,weather_zero_baseline,0,3213596506,degenerate,24,1974-08-20 00:00:00,0.0,0.0,0.0,0.0,0.0,0.0,0.0,0.0,0.0,0.0,0.0,0.0
chronos_weather,subset=rain|364:target,subset=rain|364:target::origin=0,0,weather_zero_baseline,0,3213596506,degenerate,25,1974-08-21 00:00:00,0.0,0.0,0.0,0.0,0.0,0.0,0.0,0.0,0.0,0.0,0.0,0.0
chronos_weather,subset=rain|364:target,subset=rain|364:target::origin=0,0,weather_zero_baseline,0,3213596506,degenerate,26,1974-08-22 00:00:00,0.0,0.0,0.0,0.0,0.0,0.0,0.0,0.0,0.0,0.0,0.0,0.0
chronos_weather,subset=rain|364:target,subset=rain|364:target::origin=0,0,weather_zero_baseline,0,3213596506,degenerate,27,1974-08-23 00:00:00,0.0,0.0,0.0,0.0,0.0,0.0,0.0,0.0,0.0,0.0,0.0,0.0
chronos_weather,subset=rain|364:target,subset=rain|364:target::origin=0,0,weather_zero_baseline,0,3213596506,degenerate,28,1974-08-24 00:00:00,0.0,0.0,0.0,0.0,0.0,0.0,0.0,0.0,0.0,0.0,0.0,0.0
chronos_weather,subset=rain|364:target,subset=rain|364:target::origin=0,0,weather_zero_baseline,0,3213596506,degenerate,29,1974-08-25 00:00:00,0.0,0.0,0.0,0.0,0.0,0.0,0.0,0.0,0.0,0.0,0.0,0.0
chronos_weather,subset=rain|364:target,subset=rain|364:target::origin=0,0,ar_2,0,1668058044,gaussian,0,1974-07-27 00:00:00,0.0,1.8637781143188477,1.8637781143188477,-7.05638313293457,-3.994274854660034,-1.7862792015075684,0.10037115961313248,1.8637781143188477,3.627185583114624,5.513835430145264,7.721831321716309,10.78393840789795
chronos_weather,subset=rain|364:target,subset=rain|364:target::origin=0,0,ar_2,0,1668058044,gaussian,1,1974-07-28 00:00:00,0.0,2.5069403648376465,2.5069403648376465,-6.90696907043457,-3.6753668785095215,-1.3451545238494873,0.6459255218505859,2.5069403648376465,4.367955684661865,6.359035491943359,8.689248085021973,11.920848846435547
chronos_weather,subset=rain|364:target,subset=rain|364:target::origin=0,0,ar_2,0,1668058044,gaussian,2,1974-07-29 00:00:00,0.0,2.5885651111602783,2.5885651111602783,-6.832503795623779,-3.5984439849853516,-1.2664594650268555,0.7261348962783813,2.5885651111602783,4.450995922088623,6.443589687347412,8.775574684143066,12.00963306427002
chronos_weather,subset=rain|364:target,subset=rain|364:target::origin=0,0,ar_2,0,1668058044,gaussian,3,1974-07-30 00:00:00,0.0,2.5694031715393066,2.5694031715393066,-6.852140426635742,-3.617917776107788,-1.285815715789795,0.7068790793418884,2.5694031715393066,4.431927680969238,6.424622058868408,8.75672435760498,11.990945816040039
chronos_weather,subset=rain|364:target,subset=rain|364:target::origin=0,0,ar_2,0,1668058044,gaussian,4,1974-07-31 00:00:00,0.0,2.557013750076294,2.557013750076294,-6.864711761474609,-3.6304266452789307,-1.2982796430587769,0.6944536566734314,2.557013750076294,4.41957426071167,6.412307262420654,8.744454383850098,11.978738784790039
chronos_weather,subset=rain|364:target,subset=rain|364:target::origin=0,0,ar_2,0,1668058044,gaussian,5,1974-08-01 00:00:00,0.0,2.5542261600494385,2.5542261600494385,-6.8675079345703125,-3.6332199573516846,-1.3010706901550293,0.6916643977165222,2.5542261600494385,4.416788578033447,6.409523010253906,8.74167251586914,11.975959777832031
chronos_weather,subset=rain|364:target,subset=rain|364:target::origin=0,0,ar_2,0,1668058044,gaussian,6,1974-08-02 00:00:00,0.6000000238418579,2.554185390472412,2.554185390472412,-6.867548942565918,-3.633260726928711,-1.3011114597320557,0.6916236281394958,2.554185390472412,4.416747570037842,6.409482479095459,8.741631507873535,11.975918769836426
chronos_weather,subset=rain|364:target,subset=rain|364:target::origin=0,0,ar_2,0,1668058044,gaussian,7,1974-08-03 00:00:00,0.0,2.5543739795684814,2.5543739795684814,-6.8673601150512695,-3.6330721378326416,-1.3009228706359863,0.6918122172355652,2.5543739795684814,4.41693639755249,6.409670829772949,8.741820335388184,11.976107597351074
chronos_weather,subset=rain|364:target,subset=rain|364:target::origin=0,0,ar_2,0,1668058044,gaussian,8,1974-08-04 00:00:00,0.0,2.554440498352051,2.554440498352051,-6.867293834686279,-3.6330056190490723,-1.300856351852417,0.6918787360191345,2.554440498352051,4.4170026779174805,6.409737586975098,8.741887092590332,11.976173400878906
chronos_weather,subset=rain|364:target,subset=rain|364:target::origin=0,0,ar_2,0,1668058044,gaussian,9,1974-08-05 00:00:00,0.0,2.5544493198394775,2.5544493198394775,-6.867284774780273,-3.6329967975616455,-1.3008475303649902,0.6918875575065613,2.5544493198394775,4.417011737823486,6.409746170043945,8.74189567565918,11.97618293762207
chronos_weather,subset=rain|364:target,subset=rain|364:target::origin=0,0,ar_2,0,1668058044,gaussian,10,1974-08-06 00:00:00,0.20000000298023224,2.5544474124908447,2.5544474124908447,-6.867286682128906,-3.6329987049102783,-1.300849437713623,0.6918856501579285,2.5544474124908447,4.4170098304748535,6.4097442626953125,8.741893768310547,11.976181030273438
chronos_weather,subset=rain|364:target,subset=rain|364:target::origin=0,0,ar_2,0,1668058044,gaussian,11,1974-08-07 00:00:00,0.0,2.554446220397949,2.554446220397949,-6.867288112640381,-3.632999897003174,-1.3008506298065186,0.691884458065033,2.554446220397949,4.417008399963379,6.409743309020996,8.74189281463623,11.976179122924805
chronos_weather,subset=rain|364:target,subset=rain|364:target::origin=0,0,ar_2,0,1668058044,gaussian,12,1974-08-08 00:00:00,2.4000000953674316,2.55444598197937,2.55444598197937,-6.867288112640381,-3.633000135421753,-1.3008508682250977,0.6918842196464539,2.55444598197937,4.417008399963379,6.409742832183838,8.74189281463623,11.976179122924805
chronos_weather,subset=rain|364:target,subset=rain|364:target::origin=0,0,ar_2,0,1668058044,gaussian,13,1974-08-09 00:00:00,0.0,2.55444598197937,2.55444598197937,-6.867288112640381,-3.633000135421753,-1.3008508682250977,0.6918842196464539,2.55444598197937,4.417008399963379,6.409742832183838,8.74189281463623,11.976179122924805
chronos_weather,subset=rain|364:target,subset=rain|364:target::origin=0,0,ar_2,0,1668058044,gaussian,14,1974-08-10 00:00:00,0.0,2.55444598197937,2.55444598197937,-6.867288112640381,-3.633000135421753,-1.3008508682250977,0.6918842196464539,2.55444598197937,4.417008399963379,6.409742832183838,8.74189281463623,11.976179122924805
chronos_weather,subset=rain|364:target,subset=rain|364:target::origin=0,0,ar_2,0,1668058044,gaussian,15,1974-08-11 00:00:00,0.0,2.55444598197937,2.55444598197937,-6.867288112640381,-3.633000135421753,-1.3008508682250977,0.6918842196464539,2.55444598197937,4.417008399963379,6.409742832183838,8.74189281463623,11.976179122924805
chronos_weather,subset=rain|364:target,subset=rain|364:target::origin=0,0,ar_2,0,1668058044,gaussian,16,1974-08-12 00:00:00,0.0,2.55444598197937,2.55444598197937,-6.867288112640381,-3.633000135421753,-1.3008508682250977,0.6918842196464539,2.55444598197937,4.417008399963379,6.409742832183838,8.74189281463623,11.976179122924805
chronos_weather,subset=rain|364:target,subset=rain|364:target::origin=0,0,ar_2,0,1668058044,gaussian,17,1974-08-13 00:00:00,0.0,2.55444598197937,2.55444598197937,-6.867288112640381,-3.633000135421753,-1.3008508682250977,0.6918842196464539,2.55444598197937,4.417008399963379,6.409742832183838,8.74189281463623,11.976179122924805
chronos_weather,subset=rain|364:target,subset=rain|364:target::origin=0,0,ar_2,0,1668058044,gaussian,18,1974-08-14 00:00:00,0.0,2.55444598197937,2.55444598197937,-6.867288112640381,-3.633000135421753,-1.3008508682250977,0.6918842196464539,2.55444598197937,4.417008399963379,6.409742832183838,8.74189281463623,11.976179122924805
chronos_weather,subset=rain|364:target,subset=rain|364:target::origin=0,0,ar_2,0,1668058044,gaussian,19,1974-08-15 00:00:00,0.4000000059604645,2.55444598197937,2.55444598197937,-6.867288112640381,-3.633000135421753,-1.3008508682250977,0.6918842196464539,2.55444598197937,4.417008399963379,6.409742832183838,8.74189281463623,11.976179122924805
chronos_weather,subset=rain|364:target,subset=rain|364:target::origin=0,0,ar_2,0,1668058044,gaussian,20,1974-08-16 00:00:00,0.0,2.55444598197937,2.55444598197937,-6.867288112640381,-3.633000135421753,-1.3008508682250977,0.6918842196464539,2.55444598197937,4.417008399963379,6.409742832183838,8.74189281463623,11.976179122924805
chronos_weather,subset=rain|364:target,subset=rain|364:target::origin=0,0,ar_2,0,1668058044,gaussian,21,1974-08-17 00:00:00,0.0,2.55444598197937,2.55444598197937,-6.867288112640381,-3.633000135421753,-1.3008508682250977,0.6918842196464539,2.55444598197937,4.417008399963379,6.409742832183838,8.74189281463623,11.976179122924805
chronos_weather,subset=rain|364:target,subset=rain|364:target::origin=0,0,ar_2,0,1668058044,gaussian,22,1974-08-18 00:00:00,0.0,2.55444598197937,2.55444598197937,-6.867288112640381,-3.633000135421753,-1.3008508682250977,0.6918842196464539,2.55444598197937,4.417008399963379,6.409742832183838,8.74189281463623,11.976179122924805
chronos_weather,subset=rain|364:target,subset=rain|364:target::origin=0,0,ar_2,0,1668058044,gaussian,23,1974-08-19 00:00:00,0.0,2.55444598197937,2.55444598197937,-6.867288112640381,-3.633000135421753,-1.3008508682250977,0.6918842196464539,2.55444598197937,4.417008399963379,6.409742832183838,8.74189281463623,11.976179122924805
chronos_weather,subset=rain|364:target,subset=rain|364:target::origin=0,0,ar_2,0,1668058044,gaussian,24,1974-08-20 00:00:00,0.0,2.55444598197937,2.55444598197937,-6.867288112640381,-3.633000135421753,-1.3008508682250977,0.6918842196464539,2.55444598197937,4.417008399963379,6.409742832183838,8.74189281463623,11.976179122924805
chronos_weather,subset=rain|364:target,subset=rain|364:target::origin=0,0,ar_2,0,1668058044,gaussian,25,1974-08-21 00:00:00,0.0,2.55444598197937,2.55444598197937,-6.867288112640381,-3.633000135421753,-1.3008508682250977,0.6918842196464539,2.55444598197937,4.417008399963379,6.409742832183838,8.74189281463623,11.976179122924805
chronos_weather,subset=rain|364:target,subset=rain|364:target::origin=0,0,ar_2,0,1668058044,gaussian,26,1974-08-22 00:00:00,0.0,2.55444598197937,2.55444598197937,-6.867288112640381,-3.633000135421753,-1.3008508682250977,0.6918842196464539,2.55444598197937,4.417008399963379,6.409742832183838,8.74189281463623,11.976179122924805
chronos_weather,subset=rain|364:target,subset=rain|364:target::origin=0,0,ar_2,0,1668058044,gaussian,27,1974-08-23 00:00:00,0.0,2.55444598197937,2.55444598197937,-6.867288112640381,-3.633000135421753,-1.3008508682250977,0.6918842196464539,2.55444598197937,4.417008399963379,6.409742832183838,8.74189281463623,11.976179122924805
chronos_weather,subset=rain|364:target,subset=rain|364:target::origin=0,0,ar_2,0,1668058044,gaussian,28,1974-08-24 00:00:00,0.0,2.55444598197937,2.55444598197937,-6.867288112640381,-3.633000135421753,-1.3008508682250977,0.6918842196464539,2.55444598197937,4.417008399963379,6.409742832183838,8.74189281463623,11.976179122924805
chronos_weather,subset=rain|364:target,subset=rain|364:target::origin=0,0,ar_2,0,1668058044,gaussian,29,1974-08-25 00:00:00,0.0,2.55444598197937,2.55444598197937,-6.867288112640381,-3.633000135421753,-1.3008508682250977,0.6918842196464539,2.55444598197937,4.417008399963379,6.409742832183838,8.74189281463623,11.976179122924805
chronos_weather,subset=rain|364:target,subset=rain|364:target::origin=0,0,ma_2,0,2954833634,gaussian,0,1974-07-27 00:00:00,0.0,1.862821340560913,1.862821340560913,-7.050644874572754,-3.9908347129821777,-1.7844964265823364,0.10073792189359665,1.862821340560913,3.6249051094055176,5.510138988494873,7.716477870941162,10.776287078857422
chronos_weather,subset=rain|364:target,subset=rain|364:target::origin=0,0,ma_2,0,2954833634,gaussian,1,1974-07-28 00:00:00,0.0,2.526834726333618,2.526834726333618,-6.893880844116211,-3.659942388534546,-1.32804536819458,0.6644743084907532,2.526834726333618,4.389195442199707,6.381714820861816,8.71361255645752,11.947549819946289
chronos_weather,subset=rain|364:target,subset=rain|364:target::origin=0,0,ma_2,0,2954833634,gaussian,2,1974-07-29 00:00:00,0.0,2.5542991161346436,2.5542991161346436,-6.867251396179199,-3.633026123046875,-1.3009225130081177,0.6917737126350403,2.5542991161346436,4.416824817657471,6.409520626068115,8.74162483215332,11.975848197937012
chronos_weather,subset=rain|364:target,subset=rain|364:target::origin=0,0,ma_2,0,2954833634,gaussian,3,1974-07-30 00:00:00,0.0,2.5542991161346436,2.5542991161346436,-6.867251396179199,-3.633026123046875,-1.3009225130081177,0.6917737126350403,2.5542991161346436,4.416824817657471,6.409520626068115,8.74162483215332,11.975848197937012
chronos_weather,subset=rain|364:target,subset=rain|364:target::origin=0,0,ma_2,0,2954833634,gaussian,4,1974-07-31 00:00:00,0.0,2.5542991161346436,2.5542991161346436,-6.867251396179199,-3.633026123046875,-1.3009225130081177,0.6917737126350403,2.5542991161346436,4.416824817657471,6.409520626068115,8.74162483215332,11.975848197937012
chronos_weather,subset=rain|364:target,subset=rain|364:target::origin=0,0,ma_2,0,2954833634,gaussian,5,1974-08-01 00:00:00,0.0,2.5542991161346436,2.5542991161346436,-6.867251396179199,-3.633026123046875,-1.3009225130081177,0.6917737126350403,2.5542991161346436,4.416824817657471,6.409520626068115,8.74162483215332,11.975848197937012
chronos_weather,subset=rain|364:target,subset=rain|364:target::origin=0,0,ma_2,0,2954833634,gaussian,6,1974-08-02 00:00:00,0.6000000238418579,2.5542991161346436,2.5542991161346436,-6.867251396179199,-3.633026123046875,-1.3009225130081177,0.6917737126350403,2.5542991161346436,4.416824817657471,6.409520626068115,8.74162483215332,11.975848197937012
chronos_weather,subset=rain|364:target,subset=rain|364:target::origin=0,0,ma_2,0,2954833634,gaussian,7,1974-08-03 00:00:00,0.0,2.5542991161346436,2.5542991161346436,-6.867251396179199,-3.633026123046875,-1.3009225130081177,0.6917737126350403,2.5542991161346436,4.416824817657471,6.409520626068115,8.74162483215332,11.975848197937012
chronos_weather,subset=rain|364:target,subset=rain|364:target::origin=0,0,ma_2,0,2954833634,gaussian,8,1974-08-04 00:00:00,0.0,2.5542991161346436,2.5542991161346436,-6.867251396179199,-3.633026123046875,-1.3009225130081177,0.6917737126350403,2.5542991161346436,4.416824817657471,6.409520626068115,8.74162483215332,11.975848197937012
chronos_weather,subset=rain|364:target,subset=rain|364:target::origin=0,0,ma_2,0,2954833634,gaussian,9,1974-08-05 00:00:00,0.0,2.5542991161346436,2.5542991161346436,-6.867251396179199,-3.633026123046875,-1.3009225130081177,0.6917737126350403,2.5542991161346436,4.416824817657471,6.409520626068115,8.74162483215332,11.975848197937012
chronos_weather,subset=rain|364:target,subset=rain|364:target::origin=0,0,ma_2,0,2954833634,gaussian,10,1974-08-06 00:00:00,0.20000000298023224,2.5542991161346436,2.5542991161346436,-6.867251396179199,-3.633026123046875,-1.3009225130081177,0.6917737126350403,2.5542991161346436,4.416824817657471,6.409520626068115,8.74162483215332,11.975848197937012
chronos_weather,subset=rain|364:target,subset=rain|364:target::origin=0,0,ma_2,0,2954833634,gaussian,11,1974-08-07 00:00:00,0.0,2.5542991161346436,2.5542991161346436,-6.867251396179199,-3.633026123046875,-1.3009225130081177,0.6917737126350403,2.5542991161346436,4.416824817657471,6.409520626068115,8.74162483215332,11.975848197937012
chronos_weather,subset=rain|364:target,subset=rain|364:target::origin=0,0,ma_2,0,2954833634,gaussian,12,1974-08-08 00:00:00,2.4000000953674316,2.5542991161346436,2.5542991161346436,-6.867251396179199,-3.633026123046875,-1.3009225130081177,0.6917737126350403,2.5542991161346436,4.416824817657471,6.409520626068115,8.74162483215332,11.975848197937012
chronos_weather,subset=rain|364:target,subset=rain|364:target::origin=0,0,ma_2,0,2954833634,gaussian,13,1974-08-09 00:00:00,0.0,2.5542991161346436,2.5542991161346436,-6.867251396179199,-3.633026123046875,-1.3009225130081177,0.6917737126350403,2.5542991161346436,4.416824817657471,6.409520626068115,8.74162483215332,11.975848197937012
chronos_weather,subset=rain|364:target,subset=rain|364:target::origin=0,0,ma_2,0,2954833634,gaussian,14,1974-08-10 00:00:00,0.0,2.5542991161346436,2.5542991161346436,-6.867251396179199,-3.633026123046875,-1.3009225130081177,0.6917737126350403,2.5542991161346436,4.416824817657471,6.409520626068115,8.74162483215332,11.975848197937012
chronos_weather,subset=rain|364:target,subset=rain|364:target::origin=0,0,ma_2,0,2954833634,gaussian,15,1974-08-11 00:00:00,0.0,2.5542991161346436,2.5542991161346436,-6.867251396179199,-3.633026123046875,-1.3009225130081177,0.6917737126350403,2.5542991161346436,4.416824817657471,6.409520626068115,8.74162483215332,11.975848197937012
chronos_weather,subset=rain|364:target,subset=rain|364:target::origin=0,0,ma_2,0,2954833634,gaussian,16,1974-08-12 00:00:00,0.0,2.5542991161346436,2.5542991161346436,-6.867251396179199,-3.633026123046875,-1.3009225130081177,0.6917737126350403,2.5542991161346436,4.416824817657471,6.409520626068115,8.74162483215332,11.975848197937012
chronos_weather,subset=rain|364:target,subset=rain|364:target::origin=0,0,ma_2,0,2954833634,gaussian,17,1974-08-13 00:00:00,0.0,2.5542991161346436,2.5542991161346436,-6.867251396179199,-3.633026123046875,-1.3009225130081177,0.6917737126350403,2.5542991161346436,4.416824817657471,6.409520626068115,8.74162483215332,11.975848197937012
chronos_weather,subset=rain|364:target,subset=rain|364:target::origin=0,0,ma_2,0,2954833634,gaussian,18,1974-08-14 00:00:00,0.0,2.5542991161346436,2.5542991161346436,-6.867251396179199,-3.633026123046875,-1.3009225130081177,0.6917737126350403,2.5542991161346436,4.416824817657471,6.409520626068115,8.74162483215332,11.975848197937012
chronos_weather,subset=rain|364:target,subset=rain|364:target::origin=0,0,ma_2,0,2954833634,gaussian,19,1974-08-15 00:00:00,0.4000000059604645,2.5542991161346436,2.5542991161346436,-6.867251396179199,-3.633026123046875,-1.3009225130081177,0.6917737126350403,2.5542991161346436,4.416824817657471,6.409520626068115,8.74162483215332,11.975848197937012
chronos_weather,subset=rain|364:target,subset=rain|364:target::origin=0,0,ma_2,0,2954833634,gaussian,20,1974-08-16 00:00:00,0.0,2.5542991161346436,2.5542991161346436,-6.867251396179199,-3.633026123046875,-1.3009225130081177,0.6917737126350403,2.5542991161346436,4.416824817657471,6.409520626068115,8.74162483215332,11.975848197937012
chronos_weather,subset=rain|364:target,subset=rain|364:target::origin=0,0,ma_2,0,2954833634,gaussian,21,1974-08-17 00:00:00,0.0,2.5542991161346436,2.5542991161346436,-6.867251396179199,-3.633026123046875,-1.3009225130081177,0.6917737126350403,2.5542991161346436,4.416824817657471,6.409520626068115,8.74162483215332,11.975848197937012
chronos_weather,subset=rain|364:target,subset=rain|364:target::origin=0,0,ma_2,0,2954833634,gaussian,22,1974-08-18 00:00:00,0.0,2.5542991161346436,2.5542991161346436,-6.867251396179199,-3.633026123046875,-1.3009225130081177,0.6917737126350403,2.5542991161346436,4.416824817657471,6.409520626068115,8.74162483215332,11.975848197937012
chronos_weather,subset=rain|364:target,subset=rain|364:target::origin=0,0,ma_2,0,2954833634,gaussian,23,1974-08-19 00:00:00,0.0,2.5542991161346436,2.5542991161346436,-6.867251396179199,-3.633026123046875,-1.3009225130081177,0.6917737126350403,2.5542991161346436,4.416824817657471,6.409520626068115,8.74162483215332,11.975848197937012
chronos_weather,subset=rain|364:target,subset=rain|364:target::origin=0,0,ma_2,0,2954833634,gaussian,24,1974-08-20 00:00:00,0.0,2.5542991161346436,2.5542991161346436,-6.867251396179199,-3.633026123046875,-1.3009225130081177,0.6917737126350403,2.5542991161346436,4.416824817657471,6.409520626068115,8.74162483215332,11.975848197937012
chronos_weather,subset=rain|364:target,subset=rain|364:target::origin=0,0,ma_2,0,2954833634,gaussian,25,1974-08-21 00:00:00,0.0,2.5542991161346436,2.5542991161346436,-6.867251396179199,-3.633026123046875,-1.3009225130081177,0.6917737126350403,2.5542991161346436,4.416824817657471,6.409520626068115,8.74162483215332,11.975848197937012
chronos_weather,subset=rain|364:target,subset=rain|364:target::origin=0,0,ma_2,0,2954833634,gaussian,26,1974-08-22 00:00:00,0.0,2.5542991161346436,2.5542991161346436,-6.867251396179199,-3.633026123046875,-1.3009225130081177,0.6917737126350403,2.5542991161346436,4.416824817657471,6.409520626068115,8.74162483215332,11.975848197937012
chronos_weather,subset=rain|364:target,subset=rain|364:target::origin=0,0,ma_2,0,2954833634,gaussian,27,1974-08-23 00:00:00,0.0,2.5542991161346436,2.5542991161346436,-6.867251396179199,-3.633026123046875,-1.3009225130081177,0.6917737126350403,2.5542991161346436,4.416824817657471,6.409520626068115,8.74162483215332,11.975848197937012
chronos_weather,subset=rain|364:target,subset=rain|364:target::origin=0,0,ma_2,0,2954833634,gaussian,28,1974-08-24 00:00:00,0.0,2.5542991161346436,2.5542991161346436,-6.867251396179199,-3.633026123046875,-1.3009225130081177,0.6917737126350403,2.5542991161346436,4.416824817657471,6.409520626068115,8.74162483215332,11.975848197937012
chronos_weather,subset=rain|364:target,subset=rain|364:target::origin=0,0,ma_2,0,2954833634,gaussian,29,1974-08-25 00:00:00,0.0,2.5542991161346436,2.5542991161346436,-6.867251396179199,-3.633026123046875,-1.3009225130081177,0.6917737126350403,2.5542991161346436,4.416824817657471,6.409520626068115,8.74162483215332,11.975848197937012
chronos_weather,subset=rain|364:target,subset=rain|364:target::origin=0,0,arma_2_2,0,2508095425,gaussian,0,1974-07-27 00:00:00,0.0,1.7917088270187378,1.7917088270187378,-7.117638111114502,-4.059242248535156,-1.8539233207702637,0.03043976053595543,1.7917088270187378,3.552978277206421,5.437341213226318,7.642660140991211,10.701054573059082
chronos_weather,subset=rain|364:target,subset=rain|364:target::origin=0,0,arma_2_2,0,2508095425,gaussian,1,1974-07-28 00:00:00,0.0,2.4337925910949707,2.4337925910949707,-6.984055519104004,-3.751101493835449,-1.4199142456054688,0.5719990134239197,2.4337925910949707,4.295586585998535,6.28749942779541,8.618687629699707,11.851639747619629
chronos_weather,subset=rain|364:target,subset=rain|364:target::origin=0,0,arma_2_2,0,2508095425,gaussian,2,1974-07-29 00:00:00,0.0,2.4774537086486816,2.4774537086486816,-6.943310260772705,-3.709355115890503,-1.3774460554122925,0.6150837540626526,2.4774537086486816,4.339824199676514,6.332353591918945,8.664262771606445,11.898216247558594
chronos_weather,subset=rain|364:target,subset=rain|364:target::origin=0,0,arma_2_2,0,2508095425,gaussian,3,1974-07-30 00:00:00,0.0,2.5276215076446533,2.5276215076446533,-6.896324157714844,-3.6612770557403564,-1.3285802602767944,0.6646225452423096,2.5276215076446533,4.390620708465576,6.383823394775391,8.716520309448242,11.951566696166992
chronos_weather,subset=rain|364:target,subset=rain|364:target::origin=0,0,arma_2_2,0,2508095425,gaussian,4,1974-07-31 00:00:00,0.0,2.5422322750091553,2.5422322750091553,-6.881993293762207,-3.646850109100342,-1.3140840530395508,0.6791779398918152,2.5422322750091553,4.40528678894043,6.398548603057861,8.731314659118652,11.96645736694336
chronos_weather,subset=rain|364:target,subset=rain|364:target::origin=0,0,arma_2_2,0,2508095425,gaussian,5,1974-08-01 00:00:00,0.0,2.548809289932251,2.548809289932251,-6.875472068786621,-3.6403095722198486,-1.3075298070907593,0.6857439875602722,2.548809289932251,4.411875247955322,6.405148506164551,8.73792839050293,11.973089218139648
chronos_weather,subset=rain|364:target,subset=rain|364:target::origin=0,0,arma_2_2,0,2508095425,gaussian,6,1974-08-02 00:00:00,0.6000000238418579,2.5512757301330566,2.5512757301330566,-6.873013496398926,-3.637848377227783,-1.3050665855407715,0.6882088780403137,2.5512757301330566,4.414342880249023,6.407618045806885,8.740400314331055,11.975564002990723
chronos_weather,subset=rain|364:target,subset=rain|364:target::origin=0,0,arma_2_2,0,2508095425,gaussian,7,1974-08-03 00:00:00,0.0,2.5522687435150146,2.5522687435150146,-6.872021675109863,-3.6368560791015625,-1.3040741682052612,0.6892016530036926,2.5522687435150146,4.4153361320495605,6.40861177444458,8.74139404296875,11.976558685302734
chronos_weather,subset=rain|364:target,subset=rain|364:target::origin=0,0,arma_2_2,0,2508095425,gaussian,8,1974-08-04 00:00:00,0.0,2.55265736579895,2.55265736579895,-6.871633052825928,-3.636467456817627,-1.3036855459213257,0.6895902752876282,2.55265736579895,4.415724754333496,6.409000396728516,8.741782188415527,11.976946830749512
chronos_weather,subset=rain|364:target,subset=rain|364:target::origin=0,0,arma_2_2,0,2508095425,gaussian,9,1974-08-05 00:00:00,0.0,2.5528111457824707,2.5528111457824707,-6.8714799880981445,-3.6363141536712646,-1.3035320043563843,0.6897439360618591,2.5528111457824707,4.415878772735596,6.409154415130615,8.741936683654785,11.97710132598877
chronos_weather,subset=rain|364:target,subset=rain|364:target::origin=0,0,arma_2_2,0,2508095425,gaussian,10,1974-08-06 00:00:00,0.20000000298023224,2.5528717041015625,2.5528717041015625,-6.871419429779053,-3.636253595352173,-1.3034714460372925,0.6898044943809509,2.5528717041015625,4.4159393310546875,6.409214973449707,8.741997718811035,11.977161407470703
chronos_weather,subset=rain|364:target,subset=rain|364:target::origin=0,0,arma_2_2,0,2508095425,gaussian,11,1974-08-07 00:00:00,0.0,2.5528955459594727,2.5528955459594727,-6.871395587921143,-3.6362297534942627,-1.3034476041793823,0.6898283362388611,2.5528955459594727,4.415963172912598,6.409238815307617,8.742021560668945,11.977185249328613
chronos_weather,subset=rain|364:target,subset=rain|364:target::origin=0,0,arma_2_2,0,2508095425,gaussian,12,1974-08-08 00:00:00,2.4000000953674316,2.5529050827026367,2.5529050827026367,-6.8713860511779785,-3.6362202167510986,-1.3034380674362183,0.6898378729820251,2.5529050827026367,4.415972709655762,6.409248352050781,8.74203109741211,11.977194786071777
chronos_weather,subset=rain|364:target,subset=rain|364:target::origin=0,0,arma_2_2,0,2508095425,gaussian,13,1974-08-09 00:00:00,0.0,2.5529086589813232,2.5529086589813232,-6.871382236480713,-3.636216640472412,-1.3034344911575317,0.6898414492607117,2.5529086589813232,4.415976524353027,6.409251689910889,8.742033958435059,11.977198600769043
chronos_weather,subset=rain|364:target,subset=rain|364:target::origin=0,0,arma_2_2,0,2508095425,gaussian,14,1974-08-10 00:00:00,0.0,2.552910327911377,2.552910327911377,-6.871380805969238,-3.6362149715423584,-1.303432822227478,0.6898431181907654,2.552910327911377,4.415977954864502,6.4092535972595215,8.742035865783691,11.977200508117676
chronos_weather,subset=rain|364:target,subset=rain|364:target::origin=0,0,arma_2_2,0,2508095425,gaussian,15,1974-08-11 00:00:00,0.0,2.552910804748535,2.552910804748535,-6.87138032913208,-3.6362144947052,-1.3034323453903198,0.6898435950279236,2.552910804748535,4.41597843170166,6.40925407409668,8.742036819458008,11.977200508117676
chronos_weather,subset=rain|364:target,subset=rain|364:target::origin=0,0,arma_2_2,0,2508095425,gaussian,16,1974-08-12 00:00:00,0.0,2.5529110431671143,2.5529110431671143,-6.871379852294922,-3.636214256286621,-1.3034321069717407,0.6898438334465027,2.5529110431671143,4.415978908538818,6.40925407409668,8.742036819458008,11.977201461791992
chronos_weather,subset=rain|364:target,subset=rain|364:target::origin=0,0,arma_2_2,0,2508095425,gaussian,17,1974-08-13 00:00:00,0.0,2.5529110431671143,2.5529110431671143,-6.871379852294922,-3.636214256286621,-1.3034321069717407,0.6898438334465027,2.5529110431671143,4.415978908538818,6.40925407409668,8.742036819458008,11.977201461791992
chronos_weather,subset=rain|364:target,subset=rain|364:target::origin=0,0,arma_2_2,0,2508095425,gaussian,18,1974-08-14 00:00:00,0.0,2.5529110431671143,2.5529110431671143,-6.871379852294922,-3.636214256286621,-1.3034321069717407,0.6898438334465027,2.5529110431671143,4.415978908538818,6.40925407409668,8.742036819458008,11.977201461791992
chronos_weather,subset=rain|364:target,subset=rain|364:target::origin=0,0,arma_2_2,0,2508095425,gaussian,19,1974-08-15 00:00:00,0.4000000059604645,2.5529110431671143,2.5529110431671143,-6.871379852294922,-3.636214256286621,-1.3034321069717407,0.6898438334465027,2.5529110431671143,4.415978908538818,6.40925407409668,8.742036819458008,11.977201461791992
chronos_weather,subset=rain|364:target,subset=rain|364:target::origin=0,0,arma_2_2,0,2508095425,gaussian,20,1974-08-16 00:00:00,0.0,2.5529112815856934,2.5529112815856934,-6.871379852294922,-3.636214017868042,-1.3034318685531616,0.6898440718650818,2.5529112815856934,4.415978908538818,6.409254550933838,8.742036819458008,11.977201461791992
chronos_weather,subset=rain|364:target,subset=rain|364:target::origin=0,0,arma_2_2,0,2508095425,gaussian,21,1974-08-17 00:00:00,0.0,2.5529112815856934,2.5529112815856934,-6.871379852294922,-3.636214017868042,-1.3034318685531616,0.6898440718650818,2.5529112815856934,4.415978908538818,6.409254550933838,8.742036819458008,11.977201461791992
chronos_weather,subset=rain|364:target,subset=rain|364:target::origin=0,0,arma_2_2,0,2508095425,gaussian,22,1974-08-18 00:00:00,0.0,2.5529112815856934,2.5529112815856934,-6.871379852294922,-3.636214017868042,-1.3034318685531616,0.6898440718650818,2.5529112815856934,4.415978908538818,6.409254550933838,8.742036819458008,11.977201461791992
chronos_weather,subset=rain|364:target,subset=rain|364:target::origin=0,0,arma_2_2,0,2508095425,gaussian,23,1974-08-19 00:00:00,0.0,2.5529112815856934,2.5529112815856934,-6.871379852294922,-3.636214017868042,-1.3034318685531616,0.6898440718650818,2.5529112815856934,4.415978908538818,6.409254550933838,8.742036819458008,11.977201461791992
chronos_weather,subset=rain|364:target,subset=rain|364:target::origin=0,0,arma_2_2,0,2508095425,gaussian,24,1974-08-20 00:00:00,0.0,2.5529112815856934,2.5529112815856934,-6.871379852294922,-3.636214017868042,-1.3034318685531616,0.6898440718650818,2.5529112815856934,4.415978908538818,6.409254550933838,8.742036819458008,11.977201461791992
chronos_weather,subset=rain|364:target,subset=rain|364:target::origin=0,0,arma_2_2,0,2508095425,gaussian,25,1974-08-21 00:00:00,0.0,2.5529112815856934,2.5529112815856934,-6.871379852294922,-3.636214017868042,-1.3034318685531616,0.6898440718650818,2.5529112815856934,4.415978908538818,6.409254550933838,8.742036819458008,11.977201461791992
chronos_weather,subset=rain|364:target,subset=rain|364:target::origin=0,0,arma_2_2,0,2508095425,gaussian,26,1974-08-22 00:00:00,0.0,2.5529112815856934,2.5529112815856934,-6.871379852294922,-3.636214017868042,-1.3034318685531616,0.6898440718650818,2.5529112815856934,4.415978908538818,6.409254550933838,8.742036819458008,11.977201461791992
chronos_weather,subset=rain|364:target,subset=rain|364:target::origin=0,0,arma_2_2,0,2508095425,gaussian,27,1974-08-23 00:00:00,0.0,2.5529112815856934,2.5529112815856934,-6.871379852294922,-3.636214017868042,-1.3034318685531616,0.6898440718650818,2.5529112815856934,4.415978908538818,6.409254550933838,8.742036819458008,11.977201461791992
chronos_weather,subset=rain|364:target,subset=rain|364:target::origin=0,0,arma_2_2,0,2508095425,gaussian,28,1974-08-24 00:00:00,0.0,2.5529112815856934,2.5529112815856934,-6.871379852294922,-3.636214017868042,-1.3034318685531616,0.6898440718650818,2.5529112815856934,4.415978908538818,6.409254550933838,8.742036819458008,11.977201461791992
chronos_weather,subset=rain|364:target,subset=rain|364:target::origin=0,0,arma_2_2,0,2508095425,gaussian,29,1974-08-25 00:00:00,0.0,2.5529112815856934,2.5529112815856934,-6.871379852294922,-3.636214017868042,-1.3034318685531616,0.6898440718650818,2.5529112815856934,4.415978908538818,6.409254550933838,8.742036819458008,11.977201461791992
chronos_weather,subset=rain|364:target,subset=rain|364:target::origin=0,0,arima_2_1_2,0,75120052,gaussian,0,1974-07-27 00:00:00,0.0,1.8261326551437378,1.8261326551437378,-7.090425968170166,-4.0295538902282715,-1.8224503993988037,0.06343796849250793,1.8261326551437378,3.5888278484344482,5.474715709686279,7.681819915771484,10.742690086364746
chronos_weather,subset=rain|364:target,subset=rain|364:target::origin=0,0,arima_2_1_2,0,75120052,gaussian,1,1974-07-28 00:00:00,0.0,2.4794092178344727,2.4794092178344727,-6.949023246765137,-3.712435722351074,-1.3786284923553467,0.6155232787132263,2.4794092178344727,4.343295574188232,6.337447166442871,8.67125415802002,11.907840728759766
chronos_weather,subset=rain|364:target,subset=rain|364:target::origin=0,0,arima_2_1_2,0,75120052,gaussian,2,1974-07-29 00:00:00,0.0,2.5210821628570557,2.5210821628570557,-6.909964084625244,-3.6724791526794434,-1.3380249738693237,0.6566795706748962,2.5210821628570557,4.3854851722717285,6.380189418792725,8.714644432067871,11.952127456665039
chronos_weather,subset=rain|364:target,subset=rain|364:target::origin=0,0,arima_2_1_2,0,75120052,gaussian,3,1974-07-30 00:00:00,0.0,2.5528321266174316,2.5528321266174316,-6.879472255706787,-3.6415555477142334,-1.3067898750305176,0.6881807446479797,2.5528321266174316,4.417483806610107,6.412454128265381,8.747220039367676,11.985135078430176
chronos_weather,subset=rain|364:target,subset=rain|364:target::origin=0,0,arima_2_1_2,0,75120052,gaussian,4,1974-07-31 00:00:00,0.0,2.5523059368133545,2.5523059368133545,-6.879997730255127,-3.6420812606811523,-1.3073158264160156,0.6876547336578369,2.5523059368133545,4.416957378387451,6.411927700042725,8.74669361114502,11.98460865020752
chronos_weather,subset=rain|364:target,subset=rain|364:target::origin=0,0,arima_2_1_2,0,75120052,gaussian,5,1974-08-01 00:00:00,0.0,2.554072856903076,2.554072856903076,-6.878240585327148,-3.6403207778930664,-1.3055529594421387,0.689419686794281,2.554072856903076,4.418726444244385,6.413698673248291,8.748467445373535,11.986385345458984
chronos_weather,subset=rain|364:target,subset=rain|364:target::origin=0,0,arima_2_1_2,0,75120052,gaussian,6,1974-08-02 00:00:00,0.6000000238418579,2.553889513015747,2.553889513015747,-6.87842321395874,-3.6405038833618164,-1.3057360649108887,0.6892364621162415,2.553889513015747,4.418542861938477,6.413515090942383,8.748283386230469,11.986201286315918
chronos_weather,subset=rain|364:target,subset=rain|364:target::origin=0,0,arima_2_1_2,0,75120052,gaussian,7,1974-08-03 00:00:00,0.0,2.5540013313293457,2.5540013313293457,-6.878311634063721,-3.6403920650482178,-1.30562424659729,0.6893482804298401,2.5540013313293457,4.418654918670654,6.413626670837402,8.748394966125488,11.986312866210938
chronos_weather,subset=rain|364:target,subset=rain|364:target::origin=0,0,arima_2_1_2,0,75120052,gaussian,8,1974-08-04 00:00:00,0.0,2.5539815425872803,2.5539815425872803,-6.878331184387207,-3.640411853790283,-1.3056440353393555,0.6893284916877747,2.5539815425872803,4.41863489151001,6.413607120513916,8.748374938964844,11.98629379272461
chronos_weather,subset=rain|364:target,subset=rain|364:target::origin=0,0,arima_2_1_2,0,75120052,gaussian,9,1974-08-05 00:00:00,0.0,2.5539894104003906,2.5539894104003906,-6.878323554992676,-3.640403985977173,-1.3056361675262451,0.689336359500885,2.5539894104003906,4.418642997741699,6.413614749908447,8.748383522033691,11.98630142211914
chronos_weather,subset=rain|364:target,subset=rain|364:target::origin=0,0,arima_2_1_2,0,75120052,gaussian,10,1974-08-06 00:00:00,0.20000000298023224,2.553987503051758,2.553987503051758,-6.878325462341309,-3.6404058933258057,-1.305638074874878,0.6893344521522522,2.553987503051758,4.418641090393066,6.4136128425598145,8.748381614685059,11.986299514770508
chronos_weather,subset=rain|364:target,subset=rain|364:target::origin=0,0,arima_2_1_2,0,75120052,gaussian,11,1974-08-07 00:00:00,0.0,2.553988218307495,2.553988218307495,-6.878324508666992,-3.6404051780700684,-1.3056373596191406,0.6893351674079895,2.553988218307495,4.418641567230225,6.413613796234131,8.748381614685059,11.986300468444824
chronos_weather,subset=rain|364:target,subset=rain|364:target::origin=0,0,arima_2_1_2,0,75120052,gaussian,12,1974-08-08 00:00:00,2.4000000953674316,2.553987979888916,2.553987979888916,-6.87832498550415,-3.6404054164886475,-1.3056375980377197,0.6893349289894104,2.553987979888916,4.418641567230225,6.413613319396973,8.748381614685059,11.986299514770508
chronos_weather,subset=rain|364:target,subset=rain|364:target::origin=0,0,arima_2_1_2,0,75120052,gaussian,13,1974-08-09 00:00:00,0.0,2.553987979888916,2.553987979888916,-6.87832498550415,-3.6404054164886475,-1.3056375980377197,0.6893349289894104,2.553987979888916,4.418641567230225,6.413613319396973,8.748381614685059,11.986299514770508
chronos_weather,subset=rain|364:target,subset=rain|364:target::origin=0,0,arima_2_1_2,0,75120052,gaussian,14,1974-08-10 00:00:00,0.0,2.553987979888916,2.553987979888916,-6.87832498550415,-3.6404054164886475,-1.3056375980377197,0.6893349289894104,2.553987979888916,4.418641567230225,6.413613319396973,8.748381614685059,11.986299514770508
chronos_weather,subset=rain|364:target,subset=rain|364:target::origin=0,0,arima_2_1_2,0,75120052,gaussian,15,1974-08-11 00:00:00,0.0,2.553987979888916,2.553987979888916,-6.87832498550415,-3.6404054164886475,-1.3056375980377197,0.6893349289894104,2.553987979888916,4.418641567230225,6.413613319396973,8.748381614685059,11.986299514770508
chronos_weather,subset=rain|364:target,subset=rain|364:target::origin=0,0,arima_2_1_2,0,75120052,gaussian,16,1974-08-12 00:00:00,0.0,2.553987979888916,2.553987979888916,-6.87832498550415,-3.6404054164886475,-1.3056375980377197,0.6893349289894104,2.553987979888916,4.418641567230225,6.413613319396973,8.748381614685059,11.986299514770508
chronos_weather,subset=rain|364:target,subset=rain|364:target::origin=0,0,arima_2_1_2,0,75120052,gaussian,17,1974-08-13 00:00:00,0.0,2.553987979888916,2.553987979888916,-6.87832498550415,-3.6404054164886475,-1.3056375980377197,0.6893349289894104,2.553987979888916,4.418641567230225,6.413613319396973,8.748381614685059,11.986299514770508
chronos_weather,subset=rain|364:target,subset=rain|364:target::origin=0,0,arima_2_1_2,0,75120052,gaussian,18,1974-08-14 00:00:00,0.0,2.553987979888916,2.553987979888916,-6.87832498550415,-3.6404054164886475,-1.3056375980377197,0.6893349289894104,2.553987979888916,4.418641567230225,6.413613319396973,8.748381614685059,11.986299514770508
chronos_weather,subset=rain|364:target,subset=rain|364:target::origin=0,0,arima_2_1_2,0,75120052,gaussian,19,1974-08-15 00:00:00,0.4000000059604645,2.553987979888916,2.553987979888916,-6.87832498550415,-3.6404054164886475,-1.3056375980377197,0.6893349289894104,2.553987979888916,4.418641567230225,6.413613319396973,8.748381614685059,11.986299514770508
chronos_weather,subset=rain|364:target,subset=rain|364:target::origin=0,0,arima_2_1_2,0,75120052,gaussian,20,1974-08-16 00:00:00,0.0,2.553987979888916,2.553987979888916,-6.87832498550415,-3.6404054164886475,-1.3056375980377197,0.6893349289894104,2.553987979888916,4.418641567230225,6.413613319396973,8.748381614685059,11.986299514770508
chronos_weather,subset=rain|364:target,subset=rain|364:target::origin=0,0,arima_2_1_2,0,75120052,gaussian,21,1974-08-17 00:00:00,0.0,2.553987979888916,2.553987979888916,-6.87832498550415,-3.6404054164886475,-1.3056375980377197,0.6893349289894104,2.553987979888916,4.418641567230225,6.413613319396973,8.748381614685059,11.986299514770508
chronos_weather,subset=rain|364:target,subset=rain|364:target::origin=0,0,arima_2_1_2,0,75120052,gaussian,22,1974-08-18 00:00:00,0.0,2.553987979888916,2.553987979888916,-6.87832498550415,-3.6404054164886475,-1.3056375980377197,0.6893349289894104,2.553987979888916,4.418641567230225,6.413613319396973,8.748381614685059,11.986299514770508
chronos_weather,subset=rain|364:target,subset=rain|364:target::origin=0,0,arima_2_1_2,0,75120052,gaussian,23,1974-08-19 00:00:00,0.0,2.553987979888916,2.553987979888916,-6.87832498550415,-3.6404054164886475,-1.3056375980377197,0.6893349289894104,2.553987979888916,4.418641567230225,6.413613319396973,8.748381614685059,11.986299514770508
chronos_weather,subset=rain|364:target,subset=rain|364:target::origin=0,0,arima_2_1_2,0,75120052,gaussian,24,1974-08-20 00:00:00,0.0,2.553987979888916,2.553987979888916,-6.87832498550415,-3.6404054164886475,-1.3056375980377197,0.6893349289894104,2.553987979888916,4.418641567230225,6.413613319396973,8.748381614685059,11.986299514770508
chronos_weather,subset=rain|364:target,subset=rain|364:target::origin=0,0,arima_2_1_2,0,75120052,gaussian,25,1974-08-21 00:00:00,0.0,2.553987979888916,2.553987979888916,-6.87832498550415,-3.6404054164886475,-1.3056375980377197,0.6893349289894104,2.553987979888916,4.418641567230225,6.413613319396973,8.748381614685059,11.986299514770508
chronos_weather,subset=rain|364:target,subset=rain|364:target::origin=0,0,arima_2_1_2,0,75120052,gaussian,26,1974-08-22 00:00:00,0.0,2.553987979888916,2.553987979888916,-6.87832498550415,-3.6404054164886475,-1.3056375980377197,0.6893349289894104,2.553987979888916,4.418641567230225,6.413613319396973,8.748381614685059,11.986299514770508
chronos_weather,subset=rain|364:target,subset=rain|364:target::origin=0,0,arima_2_1_2,0,75120052,gaussian,27,1974-08-23 00:00:00,0.0,2.553987979888916,2.553987979888916,-6.87832498550415,-3.6404054164886475,-1.3056375980377197,0.6893349289894104,2.553987979888916,4.418641567230225,6.413613319396973,8.748381614685059,11.986299514770508
chronos_weather,subset=rain|364:target,subset=rain|364:target::origin=0,0,arima_2_1_2,0,75120052,gaussian,28,1974-08-24 00:00:00,0.0,2.553987979888916,2.553987979888916,-6.87832498550415,-3.6404054164886475,-1.3056375980377197,0.6893349289894104,2.553987979888916,4.418641567230225,6.413613319396973,8.748381614685059,11.986299514770508
chronos_weather,subset=rain|364:target,subset=rain|364:target::origin=0,0,arima_2_1_2,0,75120052,gaussian,29,1974-08-25 00:00:00,0.0,2.553987979888916,2.553987979888916,-6.87832498550415,-3.6404054164886475,-1.3056375980377197,0.6893349289894104,2.553987979888916,4.418641567230225,6.413613319396973,8.748381614685059,11.986299514770508
chronos_weather,subset=rain|364:target,subset=rain|364:target::origin=0,0,auto_arima,0,1727098295,gaussian,0,1974-07-27 00:00:00,0.0,1.8860890865325928,1.8860890865325928,-7.033747673034668,-3.9717507362365723,-1.7638355493545532,0.12274627387523651,1.8860890865325928,3.649432420730591,5.536013603210449,7.743929386138916,10.805925369262695
chronos_weather,subset=rain|364:target,subset=rain|364:target::origin=0,0,auto_arima,0,1727098295,gaussian,1,1974-07-28 00:00:00,0.0,2.554090976715088,2.554090976715088,-6.863109111785889,-3.6303772926330566,-1.2993505001068115,0.692425549030304,2.554090976715088,4.415756702423096,6.407532691955566,8.73855972290039,11.97128963470459
chronos_weather,subset=rain|364:target,subset=rain|364:target::origin=0,0,auto_arima,0,1727098295,gaussian,2,1974-07-29 00:00:00,0.0,2.554090976715088,2.554090976715088,-6.863109111785889,-3.6303772926330566,-1.2993505001068115,0.692425549030304,2.554090976715088,4.415756702423096,6.407532691955566,8.73855972290039,11.97128963470459
chronos_weather,subset=rain|364:target,subset=rain|364:target::origin=0,0,auto_arima,0,1727098295,gaussian,3,1974-07-30 00:00:00,0.0,2.554090976715088,2.554090976715088,-6.863109111785889,-3.6303772926330566,-1.2993505001068115,0.692425549030304,2.554090976715088,4.415756702423096,6.407532691955566,8.73855972290039,11.97128963470459
chronos_weather,subset=rain|364:target,subset=rain|364:target::origin=0,0,auto_arima,0,1727098295,gaussian,4,1974-07-31 00:00:00,0.0,2.554090976715088,2.554090976715088,-6.863109111785889,-3.6303772926330566,-1.2993505001068115,0.692425549030304,2.554090976715088,4.415756702423096,6.407532691955566,8.73855972290039,11.97128963470459
chronos_weather,subset=rain|364:target,subset=rain|364:target::origin=0,0,auto_arima,0,1727098295,gaussian,5,1974-08-01 00:00:00,0.0,2.554090976715088,2.554090976715088,-6.863109111785889,-3.6303772926330566,-1.2993505001068115,0.692425549030304,2.554090976715088,4.415756702423096,6.407532691955566,8.73855972290039,11.97128963470459
chronos_weather,subset=rain|364:target,subset=rain|364:target::origin=0,0,auto_arima,0,1727098295,gaussian,6,1974-08-02 00:00:00,0.6000000238418579,2.554090976715088,2.554090976715088,-6.863109111785889,-3.6303772926330566,-1.2993505001068115,0.692425549030304,2.554090976715088,4.415756702423096,6.407532691955566,8.73855972290039,11.97128963470459
chronos_weather,subset=rain|364:target,subset=rain|364:target::origin=0,0,auto_arima,0,1727098295,gaussian,7,1974-08-03 00:00:00,0.0,2.554090976715088,2.554090976715088,-6.863109111785889,-3.6303772926330566,-1.2993505001068115,0.692425549030304,2.554090976715088,4.415756702423096,6.407532691955566,8.73855972290039,11.97128963470459
chronos_weather,subset=rain|364:target,subset=rain|364:target::origin=0,0,auto_arima,0,1727098295,gaussian,8,1974-08-04 00:00:00,0.0,2.554090976715088,2.554090976715088,-6.863109111785889,-3.6303772926330566,-1.2993505001068115,0.692425549030304,2.554090976715088,4.415756702423096,6.407532691955566,8.73855972290039,11.97128963470459
chronos_weather,subset=rain|364:target,subset=rain|364:target::origin=0,0,auto_arima,0,1727098295,gaussian,9,1974-08-05 00:00:00,0.0,2.554090976715088,2.554090976715088,-6.863109111785889,-3.6303772926330566,-1.2993505001068115,0.692425549030304,2.554090976715088,4.415756702423096,6.407532691955566,8.73855972290039,11.97128963470459
chronos_weather,subset=rain|364:target,subset=rain|364:target::origin=0,0,auto_arima,0,1727098295,gaussian,10,1974-08-06 00:00:00,0.20000000298023224,2.554090976715088,2.554090976715088,-6.863109111785889,-3.6303772926330566,-1.2993505001068115,0.692425549030304,2.554090976715088,4.415756702423096,6.407532691955566,8.73855972290039,11.97128963470459
chronos_weather,subset=rain|364:target,subset=rain|364:target::origin=0,0,auto_arima,0,1727098295,gaussian,11,1974-08-07 00:00:00,0.0,2.554090976715088,2.554090976715088,-6.863109111785889,-3.6303772926330566,-1.2993505001068115,0.692425549030304,2.554090976715088,4.415756702423096,6.407532691955566,8.73855972290039,11.97128963470459
chronos_weather,subset=rain|364:target,subset=rain|364:target::origin=0,0,auto_arima,0,1727098295,gaussian,12,1974-08-08 00:00:00,2.4000000953674316,2.554090976715088,2.554090976715088,-6.863109111785889,-3.6303772926330566,-1.2993505001068115,0.692425549030304,2.554090976715088,4.415756702423096,6.407532691955566,8.73855972290039,11.97128963470459
chronos_weather,subset=rain|364:target,subset=rain|364:target::origin=0,0,auto_arima,0,1727098295,gaussian,13,1974-08-09 00:00:00,0.0,2.554090976715088,2.554090976715088,-6.863109111785889,-3.6303772926330566,-1.2993505001068115,0.692425549030304,2.554090976715088,4.415756702423096,6.407532691955566,8.73855972290039,11.97128963470459
chronos_weather,subset=rain|364:target,subset=rain|364:target::origin=0,0,auto_arima,0,1727098295,gaussian,14,1974-08-10 00:00:00,0.0,2.554090976715088,2.554090976715088,-6.863109111785889,-3.6303772926330566,-1.2993505001068115,0.692425549030304,2.554090976715088,4.415756702423096,6.407532691955566,8.73855972290039,11.97128963470459
chronos_weather,subset=rain|364:target,subset=rain|364:target::origin=0,0,auto_arima,0,1727098295,gaussian,15,1974-08-11 00:00:00,0.0,2.554090976715088,2.554090976715088,-6.863109111785889,-3.6303772926330566,-1.2993505001068115,0.692425549030304,2.554090976715088,4.415756702423096,6.407532691955566,8.73855972290039,11.97128963470459
chronos_weather,subset=rain|364:target,subset=rain|364:target::origin=0,0,auto_arima,0,1727098295,gaussian,16,1974-08-12 00:00:00,0.0,2.554090976715088,2.554090976715088,-6.863109111785889,-3.6303772926330566,-1.2993505001068115,0.692425549030304,2.554090976715088,4.415756702423096,6.407532691955566,8.73855972290039,11.97128963470459
chronos_weather,subset=rain|364:target,subset=rain|364:target::origin=0,0,auto_arima,0,1727098295,gaussian,17,1974-08-13 00:00:00,0.0,2.554090976715088,2.554090976715088,-6.863109111785889,-3.6303772926330566,-1.2993505001068115,0.692425549030304,2.554090976715088,4.415756702423096,6.407532691955566,8.73855972290039,11.97128963470459
chronos_weather,subset=rain|364:target,subset=rain|364:target::origin=0,0,auto_arima,0,1727098295,gaussian,18,1974-08-14 00:00:00,0.0,2.554090976715088,2.554090976715088,-6.863109111785889,-3.6303772926330566,-1.2993505001068115,0.692425549030304,2.554090976715088,4.415756702423096,6.407532691955566,8.73855972290039,11.97128963470459
chronos_weather,subset=rain|364:target,subset=rain|364:target::origin=0,0,auto_arima,0,1727098295,gaussian,19,1974-08-15 00:00:00,0.4000000059604645,2.554090976715088,2.554090976715088,-6.863109111785889,-3.6303772926330566,-1.2993505001068115,0.692425549030304,2.554090976715088,4.415756702423096,6.407532691955566,8.73855972290039,11.97128963470459
chronos_weather,subset=rain|364:target,subset=rain|364:target::origin=0,0,auto_arima,0,1727098295,gaussian,20,1974-08-16 00:00:00,0.0,2.554090976715088,2.554090976715088,-6.863109111785889,-3.6303772926330566,-1.2993505001068115,0.692425549030304,2.554090976715088,4.415756702423096,6.407532691955566,8.73855972290039,11.97128963470459
chronos_weather,subset=rain|364:target,subset=rain|364:target::origin=0,0,auto_arima,0,1727098295,gaussian,21,1974-08-17 00:00:00,0.0,2.554090976715088,2.554090976715088,-6.863109111785889,-3.6303772926330566,-1.2993505001068115,0.692425549030304,2.554090976715088,4.415756702423096,6.407532691955566,8.73855972290039,11.97128963470459
chronos_weather,subset=rain|364:target,subset=rain|364:target::origin=0,0,auto_arima,0,1727098295,gaussian,22,1974-08-18 00:00:00,0.0,2.554090976715088,2.554090976715088,-6.863109111785889,-3.6303772926330566,-1.2993505001068115,0.692425549030304,2.554090976715088,4.415756702423096,6.407532691955566,8.73855972290039,11.97128963470459
chronos_weather,subset=rain|364:target,subset=rain|364:target::origin=0,0,auto_arima,0,1727098295,gaussian,23,1974-08-19 00:00:00,0.0,2.554090976715088,2.554090976715088,-6.863109111785889,-3.6303772926330566,-1.2993505001068115,0.692425549030304,2.554090976715088,4.415756702423096,6.407532691955566,8.73855972290039,11.97128963470459
chronos_weather,subset=rain|364:target,subset=rain|364:target::origin=0,0,auto_arima,0,1727098295,gaussian,24,1974-08-20 00:00:00,0.0,2.554090976715088,2.554090976715088,-6.863109111785889,-3.6303772926330566,-1.2993505001068115,0.692425549030304,2.554090976715088,4.415756702423096,6.407532691955566,8.73855972290039,11.97128963470459
chronos_weather,subset=rain|364:target,subset=rain|364:target::origin=0,0,auto_arima,0,1727098295,gaussian,25,1974-08-21 00:00:00,0.0,2.554090976715088,2.554090976715088,-6.863109111785889,-3.6303772926330566,-1.2993505001068115,0.692425549030304,2.554090976715088,4.415756702423096,6.407532691955566,8.73855972290039,11.97128963470459
chronos_weather,subset=rain|364:target,subset=rain|364:target::origin=0,0,auto_arima,0,1727098295,gaussian,26,1974-08-22 00:00:00,0.0,2.554090976715088,2.554090976715088,-6.863109111785889,-3.6303772926330566,-1.2993505001068115,0.692425549030304,2.554090976715088,4.415756702423096,6.407532691955566,8.73855972290039,11.97128963470459
chronos_weather,subset=rain|364:target,subset=rain|364:target::origin=0,0,auto_arima,0,1727098295,gaussian,27,1974-08-23 00:00:00,0.0,2.554090976715088,2.554090976715088,-6.863109111785889,-3.6303772926330566,-1.2993505001068115,0.692425549030304,2.554090976715088,4.415756702423096,6.407532691955566,8.73855972290039,11.97128963470459
chronos_weather,subset=rain|364:target,subset=rain|364:target::origin=0,0,auto_arima,0,1727098295,gaussian,28,1974-08-24 00:00:00,0.0,2.554090976715088,2.554090976715088,-6.863109111785889,-3.6303772926330566,-1.2993505001068115,0.692425549030304,2.554090976715088,4.415756702423096,6.407532691955566,8.73855972290039,11.97128963470459
chronos_weather,subset=rain|364:target,subset=rain|364:target::origin=0,0,auto_arima,0,1727098295,gaussian,29,1974-08-25 00:00:00,0.0,2.554090976715088,2.554090976715088,-6.863109111785889,-3.6303772926330566,-1.2993505001068115,0.692425549030304,2.554090976715088,4.415756702423096,6.407532691955566,8.73855972290039,11.97128963470459
chronos_weather,subset=rain|364:target,subset=rain|364:target::origin=0,0,prophet,0,1659148243,samples,0,1974-07-27 00:00:00,0.0,1.5236260890960693,1.0383847951889038,-7.88562536239624,-6.079803466796875,-3.3279387950897217,-0.6193281412124634,1.5236260890960693,2.8756070137023926,4.316330909729004,6.29213285446167,8.978263854980469
chronos_weather,subset=rain|364:target,subset=rain|364:target::origin=0,0,prophet,0,1659148243,samples,1,1974-07-28 00:00:00,0.0,1.4072872400283813,1.3749620914459229,-8.023965835571289,-4.59940242767334,-2.064554214477539,-0.36608508229255676,1.4072872400283813,2.710167407989502,4.373593807220459,6.579339027404785,9.498847961425781
chronos_weather,subset=rain|364:target,subset=rain|364:target::origin=0,0,prophet,0,1659148243,samples,2,1974-07-29 00:00:00,0.0,1.7152116298675537,1.0406935214996338,-7.188835144042969,-4.989311218261719,-2.653818368911743,-0.4315201938152313,1.7152116298675537,3.292874574661255,4.7703094482421875,7.34615421295166,9.853033065795898
chronos_weather,subset=rain|364:target,subset=rain|364:target::origin=0,0,prophet,0,1659148243,samples,3,1974-07-30 00:00:00,0.0,1.6294548511505127,1.1043015718460083,-7.877069473266602,-4.938035488128662,-2.7846672534942627,-0.4672435224056244,1.6294548511505127,3.1548333168029785,4.745249271392822,7.044473171234131,9.40367603302002
chronos_weather,subset=rain|364:target,subset=rain|364:target::origin=0,0,prophet,0,1659148243,samples,4,1974-07-31 00:00:00,0.0,1.4011911153793335,0.8162219524383545,-7.819774150848389,-4.979292392730713,-2.6605615615844727,-0.9939435720443726,1.4011911153793335,3.0541155338287354,4.639004707336426,6.752562522888184,10.333381652832031
chronos_weather,subset=rain|364:target,subset=rain|364:target::origin=0,0,prophet,0,1659148243,samples,5,1974-08-01 00:00:00,0.0,0.8271600008010864,0.7825700044631958,-8.379433631896973,-5.249662399291992,-3.5436105728149414,-0.7482583522796631,0.8271600008010864,2.8651041984558105,4.744368553161621,7.550201416015625,11.329081535339355
chronos_weather,subset=rain|364:target,subset=rain|364:target::origin=0,0,prophet,0,1659148243,samples,6,1974-08-02 00:00:00,0.6000000238418579,1.208963394165039,0.822454571723938,-6.012641906738281,-4.179585933685303,-1.7785775661468506,0.08651939779520035,1.208963394165039,2.8948094844818115,4.926318645477295,7.020626068115234,10.253317832946777
chronos_weather,subset=rain|364:target,subset=rain|364:target::origin=0,0,prophet,0,1659148243,samples,7,1974-08-03 00:00:00,0.0,0.7646214365959167,0.7103966474533081,-9.073882102966309,-5.699192047119141,-3.119831085205078,-0.8422195911407471,0.7646214365959167,2.7334539890289307,4.232736587524414,5.969383239746094,8.013490676879883
chronos_weather,subset=rain|364:target,subset=rain|364:target::origin=0,0,prophet,0,1659148243,samples,8,1974-08-04 00:00:00,0.0,1.4417210817337036,1.0127924680709839,-7.871355056762695,-5.312575817108154,-2.6867082118988037,-0.6527004837989807,1.4417210817337036,3.599379301071167,4.969139099121094,6.9057536125183105,9.065686225891113
chronos_weather,subset=rain|364:target,subset=rain|364:target::origin=0,0,prophet,0,1659148243,samples,9,1974-08-05 00:00:00,0.0,0.736685574054718,0.6520048975944519,-9.794463157653809,-5.82833194732666,-3.2420074939727783,-1.0475852489471436,0.736685574054718,2.427386999130249,4.559629917144775,7.29042387008667,9.798543930053711
chronos_weather,subset=rain|364:target,subset=rain|364:target::origin=0,0,prophet,0,1659148243,samples,10,1974-08-06 00:00:00,0.20000000298023224,-0.4749947190284729,0.6982921957969666,-10.125629425048828,-6.221388339996338,-4.173957824707031,-2.1967461109161377,-0.4749947190284729,1.8198782205581665,3.7756595611572266,6.287224769592285,10.045671463012695
chronos_weather,subset=rain|364:target,subset=rain|364:target::origin=0,0,prophet,0,1659148243,samples,11,1974-08-07 00:00:00,0.0,-0.05567574501037598,0.4033738076686859,-8.61485767364502,-6.395511627197266,-3.99841570854187,-1.8279874324798584,-0.05567574501037598,1.8738535642623901,4.653534889221191,6.602808475494385,10.166226387023926
chronos_weather,subset=rain|364:target,subset=rain|364:target::origin=0,0,prophet,0,1659148243,samples,12,1974-08-08 00:00:00,2.4000000953674316,-0.2391306757926941,0.37435421347618103,-8.306538581848145,-5.686563014984131,-3.951244831085205,-1.602196216583252,-0.2391306757926941,1.1045935153961182,2.582148790359497,5.0104546546936035,7.659610271453857
chronos_weather,subset=rain|364:target,subset=rain|364:target::origin=0,0,prophet,0,1659148243,samples,13,1974-08-09 00:00:00,0.0,-0.5455437898635864,0.43100211024284363,-8.854935646057129,-5.669100284576416,-3.4509310722351074,-1.8712457418441772,-0.5455437898635864,1.7224230766296387,3.5659825801849365,5.238530158996582,8.73560619354248
chronos_weather,subset=rain|364:target,subset=rain|364:target::origin=0,0,prophet,0,1659148243,samples,14,1974-08-10 00:00:00,0.0,0.9224045872688293,0.3481416404247284,-8.819646835327148,-5.424899578094482,-3.1393954753875732,-0.8810179233551025,0.9224045872688293,2.8418197631835938,4.451730251312256,5.719849586486816,8.832576751708984
chronos_weather,subset=rain|364:target,subset=rain|364:target::origin=0,0,prophet,0,1659148243,samples,15,1974-08-11 00:00:00,0.0,1.1197834014892578,0.6920979022979736,-6.788181781768799,-4.934654712677002,-2.2701399326324463,-0.31555846333503723,1.1197834014892578,2.2196764945983887,3.773064136505127,6.4043145179748535,10.058691024780273
chronos_weather,subset=rain|364:target,subset=rain|364:target::origin=0,0,prophet,0,1659148243,samples,16,1974-08-12 00:00:00,0.0,1.5391093492507935,0.3847804069519043,-7.207666397094727,-4.257333755493164,-1.2622028589248657,-0.14735589921474457,1.5391093492507935,2.95536208152771,4.657331943511963,7.220369338989258,10.861075401306152
chronos_weather,subset=rain|364:target,subset=rain|364:target::origin=0,0,prophet,0,1659148243,samples,17,1974-08-13 00:00:00,0.0,-0.328037828207016,0.4956147074699402,-9.742378234863281,-6.035708904266357,-3.8200433254241943,-1.8090932369232178,-0.328037828207016,2.35795259475708,4.885154724121094,7.241493225097656,10.372029304504395
chronos_weather,subset=rain|364:target,subset=rain|364:target::origin=0,0,prophet,0,1659148243,samples,18,1974-08-14 00:00:00,0.0,0.684818685054779,0.2751207649707794,-8.542024612426758,-5.716220855712891,-3.2538204193115234,-1.439171314239502,0.684818685054779,2.6027286052703857,3.7156260013580322,6.3744378089904785,8.730000495910645
chronos_weather,subset=rain|364:target,subset=rain|364:target::origin=0,0,prophet,0,1659148243,samples,19,1974-08-15 00:00:00,0.4000000059604645,0.5460108518600464,0.32886046171188354,-9.033062934875488,-5.3263397216796875,-3.2928662300109863,-1.6890147924423218,0.5460108518600464,2.5382144451141357,4.386597156524658,6.849460601806641,9.62385082244873
chronos_weather,subset=rain|364:target,subset=rain|364:target::origin=0,0,prophet,0,1659148243,samples,20,1974-08-16 00:00:00,0.0,0.9431890845298767,0.4747503995895386,-9.12453556060791,-5.702302932739258,-3.4835996627807617,-1.1566555500030518,0.9431890845298767,2.5286245346069336,4.670485019683838,6.415224075317383,9.784424781799316
chronos_weather,subset=rain|364:target,subset=rain|364:target::origin=0,0,prophet,0,1659148243,samples,21,1974-08-17 00:00:00,0.0,2.028754234313965,0.4854961037635803,-7.805428981781006,-4.638355255126953,-2.1277596950531006,-0.5303946137428284,2.028754234313965,3.331338405609131,5.202755451202393,7.501214027404785,11.163053512573242
chronos_weather,subset=rain|364:target,subset=rain|364:target::origin=0,0,prophet,0,1659148243,samples,22,1974-08-18 00:00:00,0.0,1.298971176147461,0.9250891208648682,-7.394487380981445,-4.310912132263184,-2.235175371170044,-0.8078870177268982,1.298971176147461,3.1367955207824707,4.85459041595459,6.643243789672852,9.347368240356445
chronos_weather,subset=rain|364:target,subset=rain|364:target::origin=0,0,prophet,0,1659148243,samples,23,1974-08-19 00:00:00,0.0,1.0186121463775635,0.712949275970459,-7.670930862426758,-4.834306716918945,-2.1030852794647217,-0.48754313588142395,1.0186121463775635,2.3179445266723633,5.045017242431641,6.5425848960876465,9.747920036315918
chronos_weather,subset=rain|364:target,subset=rain|364:target::origin=0,0,prophet,0,1659148243,samples,24,1974-08-20 00:00:00,0.0,0.8069866895675659,0.9159210324287415,-7.468933582305908,-4.8882222175598145,-3.4491384029388428,-1.0388234853744507,0.8069866895675659,2.509650230407715,4.178351879119873,6.7714996337890625,10.052510261535645
chronos_weather,subset=rain|364:target,subset=rain|364:target::origin=0,0,prophet,0,1659148243,samples,25,1974-08-21 00:00:00,0.0,1.3621902465820312,0.7819212675094604,-9.421568870544434,-4.824160099029541,-3.356194496154785,-1.0395450592041016,1.3621902465820312,2.9017441272735596,4.059615612030029,6.970495700836182,9.740043640136719
chronos_weather,subset=rain|364:target,subset=rain|364:target::origin=0,0,prophet,0,1659148243,samples,26,1974-08-22 00:00:00,0.0,1.030022144317627,0.9139586091041565,-8.951247215270996,-5.975074291229248,-2.7573490142822266,-0.6864510774612427,1.030022144317627,2.8674912452697754,4.531955718994141,7.722755432128906,10.700392723083496
chronos_weather,subset=rain|364:target,subset=rain|364:target::origin=0,0,prophet,0,1659148243,samples,27,1974-08-23 00:00:00,0.0,0.31307145953178406,1.1275187730789185,-9.094138145446777,-6.062893867492676,-2.546436309814453,-0.9651226997375488,0.31307145953178406,2.228586196899414,4.274054527282715,7.085757255554199,10.060298919677734
chronos_weather,subset=rain|364:target,subset=rain|364:target::origin=0,0,prophet,0,1659148243,samples,28,1974-08-24 00:00:00,0.0,1.4100229740142822,1.193070411682129,-7.390899658203125,-4.580323219299316,-2.242415428161621,-0.8019165992736816,1.4100229740142822,2.70186448097229,4.674813747406006,6.686405181884766,9.775538444519043
chronos_weather,subset=rain|364:target,subset=rain|364:target::origin=0,0,prophet,0,1659148243,samples,29,1974-08-25 00:00:00,0.0,1.6723803281784058,1.672629952430725,-9.916090965270996,-5.880948066711426,-3.2958264350891113,-0.2744963765144348,1.6723803281784058,3.6501357555389404,5.2740044593811035,7.092579364776611,9.825885772705078
chronos_weather,subset=rain|364:target,subset=rain|364:target::origin=0,0,deepar,0,2885226212,samples,0,1974-07-27 00:00:00,0.0,0.0719418153166771,0.13938432931900024,-0.5051752924919128,-0.22091855108737946,-0.15083611011505127,-0.016339289024472237,0.0719418153166771,0.1714252084493637,0.28069379925727844,0.41179969906806946,0.7316864132881165
chronos_weather,subset=rain|364:target,subset=rain|364:target::origin=0,0,deepar,0,2885226212,samples,1,1974-07-28 00:00:00,0.0,0.03982621803879738,0.06144743785262108,-0.4991794526576996,-0.24404564499855042,-0.1153515949845314,-0.0518093965947628,0.03982621803879738,0.11791718006134033,0.2390129119157791,0.3488830626010895,0.751024603843689
chronos_weather,subset=rain|364:target,subset=rain|364:target::origin=0,0,deepar,0,2885226212,samples,2,1974-07-29 00:00:00,0.0,0.25083214044570923,0.265140175819397,-0.695336103439331,-0.07867162674665451,0.008872455917298794,0.1199885830283165,0.25083214044570923,0.31413784623146057,0.4426528811454773,0.6639705896377563,1.0651781558990479
chronos_weather,subset=rain|364:target,subset=rain|364:target::origin=0,0,deepar,0,2885226212,samples,3,1974-07-30 00:00:00,0.0,0.11064593493938446,0.02373460680246353,-0.6144351363182068,-0.22720947861671448,-0.16287194192409515,-0.020129598677158356,0.11064593493938446,0.18017125129699707,0.3752436637878418,0.4549402892589569,0.7429718971252441
chronos_weather,subset=rain|364:target,subset=rain|364:target::origin=0,0,deepar,0,2885226212,samples,4,1974-07-31 00:00:00,0.0,0.2917407751083374,0.20706701278686523,-0.40539854764938354,-0.10432163625955582,0.029383692890405655,0.08431848138570786,0.2917407751083374,0.36853551864624023,0.5268318057060242,0.6445620656013489,0.8945081830024719
chronos_weather,subset=rain|364:target,subset=rain|364:target::origin=0,0,deepar,0,2885226212,samples,5,1974-08-01 00:00:00,0.0,0.06297653913497925,0.01995127648115158,-0.6211192607879639,-0.38235339522361755,-0.17540700733661652,-0.06094248220324516,0.06297653913497925,0.15256625413894653,0.2623755633831024,0.4325162172317505,0.748813807964325
chronos_weather,subset=rain|364:target,subset=rain|364:target::origin=0,0,deepar,0,2885226212,samples,6,1974-08-02 00:00:00,0.6000000238418579,0.13347496092319489,0.2780553102493286,-0.3894721269607544,-0.23689047992229462,-0.05619512125849724,0.03849533572793007,0.13347496092319489,0.21232569217681885,0.3722981810569763,0.5364670157432556,0.8596880435943604
chronos_weather,subset=rain|364:target,subset=rain|364:target::origin=0,0,deepar,0,2885226212,samples,7,1974-08-03 00:00:00,0.0,0.1479085236787796,0.11885000020265579,-0.46302229166030884,-0.2533458173274994,-0.10824746638536453,0.07580384612083435,0.1479085236787796,0.27228304743766785,0.3551753759384155,0.4514101445674896,0.7554203867912292
chronos_weather,subset=rain|364:target,subset=rain|364:target::origin=0,0,deepar,0,2885226212,samples,8,1974-08-04 00:00:00,0.0,0.10413406789302826,0.13316981494426727,-0.5977023243904114,-0.2928066551685333,-0.130453422665596,0.01206396333873272,0.10413406789302826,0.21728429198265076,0.34691354632377625,0.424660861492157,0.8487273454666138
chronos_weather,subset=rain|364:target,subset=rain|364:target::origin=0,0,deepar,0,2885226212,samples,9,1974-08-05 00:00:00,0.0,0.12548266351222992,0.10152112692594528,-0.557595431804657,-0.3165890872478485,-0.21097593009471893,-0.05402460694313049,0.12548266351222992,0.18524010479450226,0.33079302310943604,0.4797016382217407,0.7336201667785645
chronos_weather,subset=rain|364:target,subset=rain|364:target::origin=0,0,deepar,0,2885226212,samples,10,1974-08-06 00:00:00,0.20000000298023224,0.13456027209758759,0.09783867746591568,-0.33552420139312744,-0.16489256918430328,-0.08391822874546051,0.03787326067686081,0.13456027209758759,0.24197714030742645,0.33260080218315125,0.4184115529060364,0.652102530002594
chronos_weather,subset=rain|364:target,subset=rain|364:target::origin=0,0,deepar,0,2885226212,samples,11,1974-08-07 00:00:00,0.0,0.1299077868461609,0.17447634041309357,-0.5435073971748352,-0.28002309799194336,-0.17261344194412231,-0.0245099738240242,0.1299077868461609,0.20479103922843933,0.322513222694397,0.4856816232204437,0.8769951462745667
chronos_weather,subset=rain|364:target,subset=rain|364:target::origin=0,0,deepar,0,2885226212,samples,12,1974-08-08 00:00:00,2.4000000953674316,0.13416118919849396,0.14839744567871094,-0.45127296447753906,-0.16779987514019012,-0.0417197085916996,0.040106840431690216,0.13416118919849396,0.19926297664642334,0.32736527919769287,0.4378957450389862,0.776847779750824
chronos_weather,subset=rain|364:target,subset=rain|364:target::origin=0,0,deepar,0,2885226212,samples,13,1974-08-09 00:00:00,0.0,0.0355507954955101,-0.05180264636874199,-0.5498918890953064,-0.2681085467338562,-0.15211708843708038,-0.08021609485149384,0.0355507954955101,0.13220399618148804,0.2370617836713791,0.4299297034740448,0.613517701625824
chronos_weather,subset=rain|364:target,subset=rain|364:target::origin=0,0,deepar,0,2885226212,samples,14,1974-08-10 00:00:00,0.0,0.06606649607419968,0.1336912214756012,-0.5934867262840271,-0.3627376854419708,-0.15695135295391083,-0.01763014681637287,0.06606649607419968,0.21640878915786743,0.30750951170921326,0.45356154441833496,0.7146716713905334
chronos_weather,subset=rain|364:target,subset=rain|364:target::origin=0,0,deepar,0,2885226212,samples,15,1974-08-11 00:00:00,0.0,0.049980077892541885,0.058091387152671814,-0.4866480231285095,-0.3368980288505554,-0.18818332254886627,-0.04806022718548775,0.049980077892541885,0.1658022105693817,0.26918306946754456,0.5132952332496643,0.6820613741874695
chronos_weather,subset=rain|364:target,subset=rain|364:target::origin=0,0,deepar,0,2885226212,samples,16,1974-08-12 00:00:00,0.0,0.054003212600946426,0.12030353397130966,-0.62652987241745,-0.2575478255748749,-0.14255982637405396,-0.055754028260707855,0.054003212600946426,0.20906098186969757,0.2873601019382477,0.48120275139808655,0.6646500825881958
chronos_weather,subset=rain|364:target,subset=rain|364:target::origin=0,0,deepar,0,2885226212,samples,17,1974-08-13 00:00:00,0.0,0.03952443227171898,-0.054721638560295105,-0.5544213652610779,-0.3031419515609741,-0.14365750551223755,-0.06373568624258041,0.03952443227171898,0.16105252504348755,0.22272251546382904,0.3268744647502899,0.5932603478431702
chronos_weather,subset=rain|364:target,subset=rain|364:target::origin=0,0,deepar,0,2885226212,samples,18,1974-08-14 00:00:00,0.0,0.11372639238834381,0.12615692615509033,-0.5996953845024109,-0.31314584612846375,-0.11589144170284271,-0.007070314604789019,0.11372639238834381,0.19011583924293518,0.38814249634742737,0.5432772040367126,0.6884742975234985
chronos_weather,subset=rain|364:target,subset=rain|364:target::origin=0,0,deepar,0,2885226212,samples,19,1974-08-15 00:00:00,0.4000000059604645,0.04600800573825836,0.04805498570203781,-0.7124431133270264,-0.3818749189376831,-0.28394362330436707,-0.03611893579363823,0.04600800573825836,0.14922554790973663,0.2722134590148926,0.46375519037246704,0.9028074145317078
chronos_weather,subset=rain|364:target,subset=rain|364:target::origin=0,0,deepar,0,2885226212,samples,20,1974-08-16 00:00:00,0.0,0.038224589079618454,0.034822072833776474,-0.4650137722492218,-0.2821417450904846,-0.13617560267448425,-0.04823112487792969,0.038224589079618454,0.1370377540588379,0.25131478905677795,0.371776282787323,0.6341415047645569
chronos_weather,subset=rain|364:target,subset=rain|364:target::origin=0,0,deepar,0,2885226212,samples,21,1974-08-17 00:00:00,0.0,0.05148499831557274,0.19035573303699493,-0.50056391954422,-0.1888398975133896,-0.0756358653306961,-0.009248427115380764,0.05148499831557274,0.23889164626598358,0.39988598227500916,0.5501090884208679,1.0314750671386719
chronos_weather,subset=rain|364:target,subset=rain|364:target::origin=0,0,deepar,0,2885226212,samples,22,1974-08-18 00:00:00,0.0,0.07666166126728058,0.04787873104214668,-0.5675803422927856,-0.28690797090530396,-0.16000957787036896,-0.0805211290717125,0.07666166126728058,0.12845101952552795,0.20545026659965515,0.33557724952697754,0.5722196102142334
chronos_weather,subset=rain|364:target,subset=rain|364:target::origin=0,0,deepar,0,2885226212,samples,23,1974-08-19 00:00:00,0.0,0.1137980967760086,0.14807158708572388,-0.42774972319602966,-0.20581059157848358,-0.09360281378030777,0.009046229533851147,0.1137980967760086,0.2206929475069046,0.3324123024940491,0.46798112988471985,0.7765159606933594
chronos_weather,subset=rain|364:target,subset=rain|364:target::origin=0,0,deepar,0,2885226212,samples,24,1974-08-20 00:00:00,0.0,0.04028381407260895,0.14953327178955078,-0.5866647362709045,-0.280629962682724,-0.13476251065731049,-0.01784224435687065,0.04028381407260895,0.13856211304664612,0.25928905606269836,0.4303629994392395,0.9080834984779358
chronos_weather,subset=rain|364:target,subset=rain|364:target::origin=0,0,deepar,0,2885226212,samples,25,1974-08-21 00:00:00,0.0,0.022347327321767807,0.08311183005571365,-0.5384559035301208,-0.4208359122276306,-0.25717663764953613,-0.08902257680892944,0.022347327321767807,0.16668610274791718,0.3323611617088318,0.547200620174408,0.8066715002059937
chronos_weather,subset=rain|364:target,subset=rain|364:target::origin=0,0,deepar,0,2885226212,samples,26,1974-08-22 00:00:00,0.0,-0.036931153386831284,-0.06793544441461563,-0.7566357851028442,-0.449988454580307,-0.3209550082683563,-0.1924787312746048,-0.036931153386831284,0.07888513803482056,0.18339024484157562,0.3141602575778961,0.5375478863716125
chronos_weather,subset=rain|364:target,subset=rain|364:target::origin=0,0,deepar,0,2885226212,samples,27,1974-08-23 00:00:00,0.0,0.02253037691116333,0.058075208216905594,-0.6795297861099243,-0.3681551516056061,-0.20209482312202454,-0.05657433345913887,0.02253037691116333,0.12847714126110077,0.280987411737442,0.48219776153564453,0.844955563545227
chronos_weather,subset=rain|364:target,subset=rain|364:target::origin=0,0,deepar,0,2885226212,samples,28,1974-08-24 00:00:00,0.0,0.01343065220862627,0.001272217952646315,-0.7005342841148376,-0.3467610478401184,-0.1974261850118637,-0.09287494421005249,0.01343065220862627,0.07436727732419968,0.15976890921592712,0.3566410541534424,0.5366045236587524
chronos_weather,subset=rain|364:target,subset=rain|364:target::origin=0,0,deepar,0,2885226212,samples,29,1974-08-25 00:00:00,0.0,0.01201202068477869,-0.045041199773550034,-0.8097387552261353,-0.4502715766429901,-0.27986612915992737,-0.09859540313482285,0.01201202068477869,0.10842892527580261,0.19935359060764313,0.29621076583862305,0.4122539162635803
external_national_illness,OT,OT::origin=0,0,chronos_t5_tiny,0,372023628,chronos_samples,0,2020-01-21 00:00:00,1579306.0,1605074.375,1603598.375,1537427.625,1560796.5,1574325.875,1598924.625,1605074.375,1617373.875,1629673.25,1648122.375,1667186.5
external_national_illness,OT,OT::origin=0,0,chronos_t5_tiny,0,372023628,chronos_samples,1,2020-01-28 00:00:00,1563623.0,1614299.0,1607595.875,1512828.875,1548497.125,1574325.875,1598924.625,1614299.0,1629673.25,1641972.75,1655502.125,1703469.75
external_national_illness,OT,OT::origin=0,0,chronos_t5_tiny,0,372023628,chronos_samples,2,2020-02-04 00:00:00,1601333.0,1611224.125,1602368.625,1475930.5,1537427.625,1574325.875,1590315.125,1611224.125,1623523.625,1654272.125,1666571.5,1697320.0
external_national_illness,OT,OT::origin=0,0,chronos_t5_tiny,0,372023628,chronos_samples,3,2020-02-11 00:00:00,1640587.0,1598924.625,1587732.125,1474700.625,1512828.875,1549727.0,1568176.125,1598924.625,1611224.125,1631518.125,1660421.875,1691170.375
external_national_illness,OT,OT::origin=0,0,chronos_t5_tiny,0,372023628,chronos_samples,4,2020-02-18 00:00:00,1590088.0,1577400.75,1588285.75,1487614.875,1523898.25,1541732.5,1562026.5,1577400.75,1605074.375,1641972.75,1666571.5,1685635.625
external_national_illness,OT,OT::origin=0,0,chronos_t5_tiny,0,372023628,chronos_samples,5,2020-02-25 00:00:00,1423220.0,1580475.625,1587240.375,1481465.25,1517748.625,1549727.0,1562026.5,1580475.625,1607534.25,1635823.0,1667801.5,1691170.375
external_national_illness,OT,OT::origin=0,0,chronos_t5_tiny,0,372023628,chronos_samples,6,2020-03-03 00:00:00,1536943.0,1598924.625,1592037.0,1451331.625,1511598.875,1541732.5,1580475.625,1598924.625,1619833.75,1643817.625,1678871.0,1715769.125
external_national_illness,OT,OT::origin=0,0,chronos_t5_tiny,0,372023628,chronos_samples,7,2020-03-10 00:00:00,1552636.0,1580475.625,1576847.375,1437187.375,1498069.375,1531277.875,1562026.5,1580475.625,1607534.25,1641972.75,1666571.5,1703469.75
external_national_illness,OT,OT::origin=0,0,chronos_t5_tiny,0,372023628,chronos_samples,8,2020-03-17 00:00:00,1491798.0,1586625.25,1571128.0,1395984.25,1493149.625,1525128.25,1557106.75,1586625.25,1607534.25,1637667.875,1678871.0,1704084.75
external_national_illness,OT,OT::origin=0,0,chronos_t5_tiny,0,372023628,chronos_samples,9,2020-03-24 00:00:00,1361170.0,1568176.125,1556430.25,1413818.5,1469780.75,1502989.25,1543577.375,1568176.125,1586625.25,1625368.5,1655502.125,1703469.75
external_national_illness,OT,OT::origin=0,0,chronos_t5_tiny,0,372023628,chronos_samples,10,2020-03-31 00:00:00,1457151.0,1558951.625,1543331.25,1365235.75,1432882.5,1500529.25,1525128.25,1558951.625,1586625.25,1619218.75,1637053.0,1697935.0
external_national_illness,OT,OT::origin=0,0,chronos_t5_tiny,0,372023628,chronos_samples,11,2020-04-07 00:00:00,1581455.0,1540502.5,1529802.125,1333257.25,1420583.125,1475930.5,1522668.375,1540502.5,1568176.125,1598924.625,1641972.75,1710234.5
external_national_illness,OT,OT::origin=0,0,chronos_t5_tiny,0,372023628,chronos_samples,12,2020-04-14 00:00:00,1517183.0,1525128.25,1509016.0,1303123.625,1371385.375,1431037.625,1491919.75,1525128.25,1562026.5,1598924.625,1641972.75,1693015.25
external_national_illness,OT,OT::origin=0,0,chronos_t5_tiny,0,372023628,chronos_samples,13,2020-04-21 00:00:00,1513962.0,1509754.0,1492473.25,1272990.0,1345556.625,1418738.25,1488229.875,1509754.0,1537427.625,1580475.625,1624753.625,1691170.375
external_national_illness,OT,OT::origin=0,0,chronos_t5_tiny,0,372023628,chronos_samples,14,2020-04-28 00:00:00,1504061.0,1482080.25,1473286.125,1272375.0,1327107.5,1387989.625,1437802.375,1482080.25,1536197.75,1574325.875,1617373.875,1680715.875
external_national_illness,OT,OT::origin=0,0,chronos_t5_tiny,0,372023628,chronos_samples,15,2020-05-05 00:00:00,1479946.0,1454406.5,1453976.0,1211493.0,1285289.5,1371385.375,1414433.5,1454406.5,1494379.625,1559566.5,1625983.5,1672721.25
external_national_illness,OT,OT::origin=0,0,chronos_t5_tiny,0,372023628,chronos_samples,16,2020-05-12 00:00:00,1438348.0,1432882.5,1426609.875,1167830.0,1265610.375,1363390.875,1402133.875,1432882.5,1484540.125,1520823.375,1587855.25,1642587.75
external_national_illness,OT,OT::origin=0,0,chronos_t5_tiny,0,372023628,chronos_samples,17,2020-05-19 00:00:00,1381381.0,1417508.25,1395185.0,1130316.875,1242241.5,1310503.375,1375075.25,1417508.25,1469780.75,1506679.0,1569406.125,1624138.625
external_national_illness,OT,OT::origin=0,0,chronos_t5_tiny,0,372023628,chronos_samples,18,2020-05-26 00:00:00,1537636.0,1414433.5,1368617.875,1087883.75,1197963.625,1271145.125,1341866.875,1414433.5,1443952.0,1500529.25,1552187.0,1608149.25
external_national_illness,OT,OT::origin=0,0,chronos_t5_tiny,0,372023628,chronos_samples,19,2020-06-02 00:00:00,1525058.0,1374460.25,1346540.625,1044835.8125,1172134.75,1242241.5,1307428.5,1374460.25,1435342.375,1463631.125,1538657.625,1611224.125
external_national_illness,OT,OT::origin=0,0,chronos_t5_tiny,0,372023628,chronos_samples,20,2020-06-09 00:00:00,1538038.0,1343711.75,1318620.875,1027001.6875,1137696.5,1209648.125,1290209.25,1343711.75,1398444.125,1457481.375,1501759.25,1562641.5
external_national_illness,OT,OT::origin=0,0,chronos_t5_tiny,0,372023628,chronos_samples,21,2020-06-16 00:00:00,1528103.0,1346786.625,1302385.625,1014087.3125,1125397.0,1180744.375,1266840.375,1346786.625,1392294.375,1426732.875,1500529.25,1568791.125
external_national_illness,OT,OT::origin=0,0,chronos_t5_tiny,0,372023628,chronos_samples,22,2020-06-23 00:00:00,1542813.0,1312963.25,1289532.75,983338.6875,1104488.0,1174594.625,1239781.625,1312963.25,1361545.875,1408283.75,1477160.5,1557721.625
external_national_illness,OT,OT::origin=0,0,chronos_t5_tiny,0,372023628,chronos_samples,23,2020-06-30 00:00:00,1509928.0,1300663.75,1278217.25,1007937.5625,1106947.875,1149995.875,1221332.5,1300663.75,1361545.875,1395984.25,1451331.625,1544192.375
external_national_illness,OT,OT::origin=0,0,seasonal_naive,0,3165361988,degenerate,0,2020-01-21 00:00:00,1579306.0,1473831.0,1473831.0,1473831.0,1473831.0,1473831.0,1473831.0,1473831.0,1473831.0,1473831.0,1473831.0,1473831.0
external_national_illness,OT,OT::origin=0,0,seasonal_naive,0,3165361988,degenerate,1,2020-01-28 00:00:00,1563623.0,1435369.0,1435369.0,1435369.0,1435369.0,1435369.0,1435369.0,1435369.0,1435369.0,1435369.0,1435369.0,1435369.0
external_national_illness,OT,OT::origin=0,0,seasonal_naive,0,3165361988,degenerate,2,2020-02-04 00:00:00,1601333.0,1463253.0,1463253.0,1463253.0,1463253.0,1463253.0,1463253.0,1463253.0,1463253.0,1463253.0,1463253.0,1463253.0
external_national_illness,OT,OT::origin=0,0,seasonal_naive,0,3165361988,degenerate,3,2020-02-11 00:00:00,1640587.0,1426928.0,1426928.0,1426928.0,1426928.0,1426928.0,1426928.0,1426928.0,1426928.0,1426928.0,1426928.0,1426928.0
external_national_illness,OT,OT::origin=0,0,seasonal_naive,0,3165361988,degenerate,4,2020-02-18 00:00:00,1590088.0,1484969.0,1484969.0,1484969.0,1484969.0,1484969.0,1484969.0,1484969.0,1484969.0,1484969.0,1484969.0,1484969.0
external_national_illness,OT,OT::origin=0,0,seasonal_naive,0,3165361988,degenerate,5,2020-02-25 00:00:00,1423220.0,1275199.0,1275199.0,1275199.0,1275199.0,1275199.0,1275199.0,1275199.0,1275199.0,1275199.0,1275199.0,1275199.0
external_national_illness,OT,OT::origin=0,0,seasonal_naive,0,3165361988,degenerate,6,2020-03-03 00:00:00,1536943.0,1476208.0,1476208.0,1476208.0,1476208.0,1476208.0,1476208.0,1476208.0,1476208.0,1476208.0,1476208.0,1476208.0
external_national_illness,OT,OT::origin=0,0,seasonal_naive,0,3165361988,degenerate,7,2020-03-10 00:00:00,1552636.0,1458774.0,1458774.0,1458774.0,1458774.0,1458774.0,1458774.0,1458774.0,1458774.0,1458774.0,1458774.0,1458774.0
external_national_illness,OT,OT::origin=0,0,seasonal_naive,0,3165361988,degenerate,8,2020-03-17 00:00:00,1491798.0,1424436.0,1424436.0,1424436.0,1424436.0,1424436.0,1424436.0,1424436.0,1424436.0,1424436.0,1424436.0,1424436.0
external_national_illness,OT,OT::origin=0,0,seasonal_naive,0,3165361988,degenerate,9,2020-03-24 00:00:00,1361170.0,1338669.0,1338669.0,1338669.0,1338669.0,1338669.0,1338669.0,1338669.0,1338669.0,1338669.0,1338669.0,1338669.0
external_national_illness,OT,OT::origin=0,0,seasonal_naive,0,3165361988,degenerate,10,2020-03-31 00:00:00,1457151.0,1426691.0,1426691.0,1426691.0,1426691.0,1426691.0,1426691.0,1426691.0,1426691.0,1426691.0,1426691.0,1426691.0
external_national_illness,OT,OT::origin=0,0,seasonal_naive,0,3165361988,degenerate,11,2020-04-07 00:00:00,1581455.0,1492251.0,1492251.0,1492251.0,1492251.0,1492251.0,1492251.0,1492251.0,1492251.0,1492251.0,1492251.0,1492251.0
external_national_illness,OT,OT::origin=0,0,seasonal_naive,0,3165361988,degenerate,12,2020-04-14 00:00:00,1517183.0,1489132.0,1489132.0,1489132.0,1489132.0,1489132.0,1489132.0,1489132.0,1489132.0,1489132.0,1489132.0,1489132.0
external_national_illness,OT,OT::origin=0,0,seasonal_naive,0,3165361988,degenerate,13,2020-04-21 00:00:00,1513962.0,1496826.0,1496826.0,1496826.0,1496826.0,1496826.0,1496826.0,1496826.0,1496826.0,1496826.0,1496826.0,1496826.0
external_national_illness,OT,OT::origin=0,0,seasonal_naive,0,3165361988,degenerate,14,2020-04-28 00:00:00,1504061.0,1575900.0,1575900.0,1575900.0,1575900.0,1575900.0,1575900.0,1575900.0,1575900.0,1575900.0,1575900.0,1575900.0
external_national_illness,OT,OT::origin=0,0,seasonal_naive,0,3165361988,degenerate,15,2020-05-05 00:00:00,1479946.0,1571657.0,1571657.0,1571657.0,1571657.0,1571657.0,1571657.0,1571657.0,1571657.0,1571657.0,1571657.0,1571657.0
external_national_illness,OT,OT::origin=0,0,seasonal_naive,0,3165361988,degenerate,16,2020-05-12 00:00:00,1438348.0,1533883.0,1533883.0,1533883.0,1533883.0,1533883.0,1533883.0,1533883.0,1533883.0,1533883.0,1533883.0,1533883.0
external_national_illness,OT,OT::origin=0,0,seasonal_naive,0,3165361988,degenerate,17,2020-05-19 00:00:00,1381381.0,1433517.0,1433517.0,1433517.0,1433517.0,1433517.0,1433517.0,1433517.0,1433517.0,1433517.0,1433517.0,1433517.0
external_national_illness,OT,OT::origin=0,0,seasonal_naive,0,3165361988,degenerate,18,2020-05-26 00:00:00,1537636.0,1466346.0,1466346.0,1466346.0,1466346.0,1466346.0,1466346.0,1466346.0,1466346.0,1466346.0,1466346.0,1466346.0
external_national_illness,OT,OT::origin=0,0,seasonal_naive,0,3165361988,degenerate,19,2020-06-02 00:00:00,1525058.0,1489410.0,1489410.0,1489410.0,1489410.0,1489410.0,1489410.0,1489410.0,1489410.0,1489410.0,1489410.0,1489410.0
external_national_illness,OT,OT::origin=0,0,seasonal_naive,0,3165361988,degenerate,20,2020-06-09 00:00:00,1538038.0,1425172.0,1425172.0,1425172.0,1425172.0,1425172.0,1425172.0,1425172.0,1425172.0,1425172.0,1425172.0,1425172.0
external_national_illness,OT,OT::origin=0,0,seasonal_naive,0,3165361988,degenerate,21,2020-06-16 00:00:00,1528103.0,1068755.0,1068755.0,1068755.0,1068755.0,1068755.0,1068755.0,1068755.0,1068755.0,1068755.0,1068755.0,1068755.0
external_national_illness,OT,OT::origin=0,0,seasonal_naive,0,3165361988,degenerate,22,2020-06-23 00:00:00,1542813.0,853431.0,853431.0,853431.0,853431.0,853431.0,853431.0,853431.0,853431.0,853431.0,853431.0,853431.0
external_national_illness,OT,OT::origin=0,0,seasonal_naive,0,3165361988,degenerate,23,2020-06-30 00:00:00,1509928.0,750546.0,750546.0,750546.0,750546.0,750546.0,750546.0,750546.0,750546.0,750546.0,750546.0,750546.0
external_national_illness,OT,OT::origin=0,0,ar_2,0,111376041,gaussian,0,2020-01-21 00:00:00,1579306.0,1575304.25,1575304.25,1500494.375,1526175.0,1544692.625,1560515.25,1575304.25,1590093.25,1605915.875,1624433.5,1650114.125
external_national_illness,OT,OT::origin=0,0,ar_2,0,111376041,gaussian,1,2020-01-28 00:00:00,1563623.0,1565775.25,1565775.25,1465918.875,1500197.5,1524914.875,1546034.875,1565775.25,1585515.625,1606635.625,1631353.0,1665631.625
external_national_illness,OT,OT::origin=0,0,ar_2,0,111376041,gaussian,2,2020-02-04 00:00:00,1601333.0,1556633.0,1556633.0,1436750.625,1477903.875,1507578.125,1532933.75,1556633.0,1580332.25,1605687.875,1635362.125,1676515.25
external_national_illness,OT,OT::origin=0,0,ar_2,0,111376041,gaussian,3,2020-02-11 00:00:00,1640587.0,1547549.125,1547549.125,1410893.625,1457804.625,1491630.75,1520534.0,1547549.125,1574564.25,1603467.5,1637293.625,1684204.625
external_national_illness,OT,OT::origin=0,0,ar_2,0,111376041,gaussian,4,2020-02-18 00:00:00,1590088.0,1538557.5,1538557.5,1387246.375,1439188.375,1476642.25,1508645.125,1538557.5,1568469.875,1600472.75,1637926.625,1689868.625
external_national_illness,OT,OT::origin=0,0,ar_2,0,111376041,gaussian,5,2020-02-25 00:00:00,1423220.0,1529653.5,1529653.5,1365236.375,1421677.375,1462375.375,1497150.25,1529653.5,1562156.75,1596931.625,1637629.625,1694070.625
external_national_illness,OT,OT::origin=0,0,ar_2,0,111376041,gaussian,6,2020-03-03 00:00:00,1536943.0,1520836.875,1520836.875,1344512.5,1405041.0,1448686.375,1485979.75,1520836.875,1555694.0,1592987.375,1636632.75,1697161.25
external_national_illness,OT,OT::origin=0,0,ar_2,0,111376041,gaussian,7,2020-03-10 00:00:00,1552636.0,1512106.5,1512106.5,1324840.75,1389125.25,1435478.875,1475086.375,1512106.5,1549126.625,1588734.125,1635087.75,1699372.25
external_national_illness,OT,OT::origin=0,0,ar_2,0,111376041,gaussian,8,2020-03-17 00:00:00,1491798.0,1503461.75,1503461.75,1306055.75,1373821.125,1422684.875,1464437.0,1503461.75,1542486.5,1584238.625,1633102.375,1700867.75
external_national_illness,OT,OT::origin=0,0,ar_2,0,111376041,gaussian,9,2020-03-24 00:00:00,1361170.0,1494901.625,1494901.625,1288035.125,1359048.125,1410253.5,1454006.625,1494901.625,1535796.625,1579549.75,1630755.125,1701768.125
external_national_illness,OT,OT::origin=0,0,ar_2,0,111376041,gaussian,10,2020-03-31 00:00:00,1457151.0,1486425.25,1486425.25,1270685.125,1344744.25,1398146.125,1443776.0,1486425.25,1529074.5,1574704.375,1628106.25,1702165.375
external_national_illness,OT,OT::origin=0,0,ar_2,0,111376041,gaussian,11,2020-04-07 00:00:00,1581455.0,1478032.0,1478032.0,1253932.0,1330861.0,1386332.125,1433730.125,1478032.0,1522333.875,1569731.875,1625203.0,1702132.0
external_national_illness,OT,OT::origin=0,0,ar_2,0,111376041,gaussian,12,2020-04-14 00:00:00,1517183.0,1469720.875,1469720.875,1237716.375,1317358.75,1374786.5,1423856.375,1469720.875,1515585.375,1564655.25,1622083.0,1701725.375
external_national_illness,OT,OT::origin=0,0,ar_2,0,111376041,gaussian,13,2020-04-21 00:00:00,1513962.0,1461491.25,1461491.25,1221989.5,1304205.5,1363489.125,1414144.625,1461491.25,1508837.875,1559493.375,1618777.0,1700993.0
external_national_illness,OT,OT::origin=0,0,ar_2,0,111376041,gaussian,14,2020-04-28 00:00:00,1504061.0,1453342.125,1453342.125,1206710.375,1291374.0,1352422.375,1404586.0,1453342.125,1502098.25,1554261.875,1615310.25,1699973.875
external_national_illness,OT,OT::origin=0,0,ar_2,0,111376041,gaussian,15,2020-05-05 00:00:00,1479946.0,1445272.875,1445272.875,1191844.875,1278841.5,1341572.125,1395173.25,1445272.875,1495372.5,1548973.625,1611704.25,1698700.875
external_national_illness,OT,OT::origin=0,0,ar_2,0,111376041,gaussian,16,2020-05-12 00:00:00,1438348.0,1437282.625,1437282.625,1177363.25,1266588.25,1330925.75,1385899.75,1437282.625,1488665.5,1543639.5,1607977.0,1697202.0
external_national_illness,OT,OT::origin=0,0,ar_2,0,111376041,gaussian,17,2020-05-19 00:00:00,1381381.0,1429370.75,1429370.75,1163240.25,1254597.375,1320472.375,1376760.0,1429370.75,1481981.5,1538269.125,1604144.125,1695501.25
external_national_illness,OT,OT::origin=0,0,ar_2,0,111376041,gaussian,18,2020-05-26 00:00:00,1537636.0,1421536.25,1421536.25,1149453.375,1242853.875,1310202.125,1367748.75,1421536.25,1475323.75,1532870.375,1600218.625,1693619.125
external_national_illness,OT,OT::origin=0,0,ar_2,0,111376041,gaussian,19,2020-06-02 00:00:00,1525058.0,1413778.5,1413778.5,1135983.0,1231344.5,1300106.875,1358861.75,1413778.5,1468695.25,1527450.125,1596212.5,1691573.875
external_national_illness,OT,OT::origin=0,0,ar_2,0,111376041,gaussian,20,2020-06-09 00:00:00,1538038.0,1406096.75,1406096.75,1122811.875,1220057.75,1290178.875,1350094.75,1406096.75,1462098.75,1522014.625,1592135.75,1689381.5
external_national_illness,OT,OT::origin=0,0,ar_2,0,111376041,gaussian,21,2020-06-16 00:00:00,1528103.0,1398490.125,1398490.125,1109924.25,1208983.0,1280411.375,1341444.125,1398490.125,1455536.125,1516568.875,1587997.25,1687056.0
external_national_illness,OT,OT::origin=0,0,ar_2,0,111376041,gaussian,22,2020-06-23 00:00:00,1542813.0,1390958.125,1390958.125,1097306.375,1198111.0,1270798.25,1332906.75,1390958.125,1449009.5,1511118.0,1583805.25,1684609.75
external_national_illness,OT,OT::origin=0,0,ar_2,0,111376041,gaussian,23,2020-06-30 00:00:00,1509928.0,1383499.875,1383499.875,1084945.5,1187433.125,1261333.875,1324479.375,1383499.875,1442520.375,1505665.875,1579566.625,1682054.25
external_national_illness,OT,OT::origin=0,0,ma_2,0,3375715189,gaussian,0,2020-01-21 00:00:00,1579306.0,1212135.5,1212135.5,808286.9375,946919.875,1046883.9375,1132299.625,1212135.5,1291971.5,1377387.0,1477351.125,1615984.0
external_national_illness,OT,OT::origin=0,0,ma_2,0,3375715189,gaussian,1,2020-01-28 00:00:00,1563623.0,825629.5,825629.5,164528.8125,391471.125,555112.5,694937.9375,825629.5,956321.0625,1096146.5,1259787.875,1486730.125
external_national_illness,OT,OT::origin=0,0,ma_2,0,3375715189,gaussian,2,2020-02-04 00:00:00,1601333.0,629459.4375,629459.4375,-84768.65625,160411.203125,337203.125,488265.28125,629459.4375,770653.625,921715.75,1098507.75,1343687.5
external_national_illness,OT,OT::origin=0,0,ma_2,0,3375715189,gaussian,3,2020-02-11 00:00:00,1640587.0,629459.4375,629459.4375,-84768.65625,160411.203125,337203.125,488265.28125,629459.4375,770653.625,921715.75,1098507.75,1343687.5
external_national_illness,OT,OT::origin=0,0,ma_2,0,3375715189,gaussian,4,2020-02-18 00:00:00,1590088.0,629459.4375,629459.4375,-84768.65625,160411.203125,337203.125,488265.28125,629459.4375,770653.625,921715.75,1098507.75,1343687.5
external_national_illness,OT,OT::origin=0,0,ma_2,0,3375715189,gaussian,5,2020-02-25 00:00:00,1423220.0,629459.4375,629459.4375,-84768.65625,160411.203125,337203.125,488265.28125,629459.4375,770653.625,921715.75,1098507.75,1343687.5
external_national_illness,OT,OT::origin=0,0,ma_2,0,3375715189,gaussian,6,2020-03-03 00:00:00,1536943.0,629459.4375,629459.4375,-84768.65625,160411.203125,337203.125,488265.28125,629459.4375,770653.625,921715.75,1098507.75,1343687.5
external_national_illness,OT,OT::origin=0,0,ma_2,0,3375715189,gaussian,7,2020-03-10 00:00:00,1552636.0,629459.4375,629459.4375,-84768.65625,160411.203125,337203.125,488265.28125,629459.4375,770653.625,921715.75,1098507.75,1343687.5
external_national_illness,OT,OT::origin=0,0,ma_2,0,3375715189,gaussian,8,2020-03-17 00:00:00,1491798.0,629459.4375,629459.4375,-84768.65625,160411.203125,337203.125,488265.28125,629459.4375,770653.625,921715.75,1098507.75,1343687.5
external_national_illness,OT,OT::origin=0,0,ma_2,0,3375715189,gaussian,9,2020-03-24 00:00:00,1361170.0,629459.4375,629459.4375,-84768.65625,160411.203125,337203.125,488265.28125,629459.4375,770653.625,921715.75,1098507.75,1343687.5
external_national_illness,OT,OT::origin=0,0,ma_2,0,3375715189,gaussian,10,2020-03-31 00:00:00,1457151.0,629459.4375,629459.4375,-84768.65625,160411.203125,337203.125,488265.28125,629459.4375,770653.625,921715.75,1098507.75,1343687.5
external_national_illness,OT,OT::origin=0,0,ma_2,0,3375715189,gaussian,11,2020-04-07 00:00:00,1581455.0,629459.4375,629459.4375,-84768.65625,160411.203125,337203.125,488265.28125,629459.4375,770653.625,921715.75,1098507.75,1343687.5
external_national_illness,OT,OT::origin=0,0,ma_2,0,3375715189,gaussian,12,2020-04-14 00:00:00,1517183.0,629459.4375,629459.4375,-84768.65625,160411.203125,337203.125,488265.28125,629459.4375,770653.625,921715.75,1098507.75,1343687.5
external_national_illness,OT,OT::origin=0,0,ma_2,0,3375715189,gaussian,13,2020-04-21 00:00:00,1513962.0,629459.4375,629459.4375,-84768.65625,160411.203125,337203.125,488265.28125,629459.4375,770653.625,921715.75,1098507.75,1343687.5
external_national_illness,OT,OT::origin=0,0,ma_2,0,3375715189,gaussian,14,2020-04-28 00:00:00,1504061.0,629459.4375,629459.4375,-84768.65625,160411.203125,337203.125,488265.28125,629459.4375,770653.625,921715.75,1098507.75,1343687.5
external_national_illness,OT,OT::origin=0,0,ma_2,0,3375715189,gaussian,15,2020-05-05 00:00:00,1479946.0,629459.4375,629459.4375,-84768.65625,160411.203125,337203.125,488265.28125,629459.4375,770653.625,921715.75,1098507.75,1343687.5
external_national_illness,OT,OT::origin=0,0,ma_2,0,3375715189,gaussian,16,2020-05-12 00:00:00,1438348.0,629459.4375,629459.4375,-84768.65625,160411.203125,337203.125,488265.28125,629459.4375,770653.625,921715.75,1098507.75,1343687.5
external_national_illness,OT,OT::origin=0,0,ma_2,0,3375715189,gaussian,17,2020-05-19 00:00:00,1381381.0,629459.4375,629459.4375,-84768.65625,160411.203125,337203.125,488265.28125,629459.4375,770653.625,921715.75,1098507.75,1343687.5
external_national_illness,OT,OT::origin=0,0,ma_2,0,3375715189,gaussian,18,2020-05-26 00:00:00,1537636.0,629459.4375,629459.4375,-84768.65625,160411.203125,337203.125,488265.28125,629459.4375,770653.625,921715.75,1098507.75,1343687.5
external_national_illness,OT,OT::origin=0,0,ma_2,0,3375715189,gaussian,19,2020-06-02 00:00:00,1525058.0,629459.4375,629459.4375,-84768.65625,160411.203125,337203.125,488265.28125,629459.4375,770653.625,921715.75,1098507.75,1343687.5
external_national_illness,OT,OT::origin=0,0,ma_2,0,3375715189,gaussian,20,2020-06-09 00:00:00,1538038.0,629459.4375,629459.4375,-84768.65625,160411.203125,337203.125,488265.28125,629459.4375,770653.625,921715.75,1098507.75,1343687.5
external_national_illness,OT,OT::origin=0,0,ma_2,0,3375715189,gaussian,21,2020-06-16 00:00:00,1528103.0,629459.4375,629459.4375,-84768.65625,160411.203125,337203.125,488265.28125,629459.4375,770653.625,921715.75,1098507.75,1343687.5
external_national_illness,OT,OT::origin=0,0,ma_2,0,3375715189,gaussian,22,2020-06-23 00:00:00,1542813.0,629459.4375,629459.4375,-84768.65625,160411.203125,337203.125,488265.28125,629459.4375,770653.625,921715.75,1098507.75,1343687.5
external_national_illness,OT,OT::origin=0,0,ma_2,0,3375715189,gaussian,23,2020-06-30 00:00:00,1509928.0,629459.4375,629459.4375,-84768.65625,160411.203125,337203.125,488265.28125,629459.4375,770653.625,921715.75,1098507.75,1343687.5
external_national_illness,OT,OT::origin=0,0,arma_2_2,0,2562321247,gaussian,0,2020-01-21 00:00:00,1579306.0,1511860.25,1511860.25,1407372.25,1443240.75,1469104.625,1491204.25,1511860.25,1532516.25,1554615.875,1580479.75,1616348.25
external_national_illness,OT,OT::origin=0,0,arma_2_2,0,2562321247,gaussian,1,2020-01-28 00:00:00,1563623.0,1482702.625,1482702.625,1350235.125,1395708.5,1428498.0,1456515.375,1482702.625,1508889.875,1536907.25,1569696.75,1615170.125
external_national_illness,OT,OT::origin=0,0,arma_2_2,0,2562321247,gaussian,2,2020-02-04 00:00:00,1601333.0,1478337.875,1478337.875,1339593.75,1387221.75,1421564.875,1450909.875,1478337.875,1505765.875,1535110.875,1569454.0,1617082.0
external_national_illness,OT,OT::origin=0,0,arma_2_2,0,2562321247,gaussian,3,2020-02-11 00:00:00,1640587.0,1473040.625,1473040.625,1327918.625,1377736.0,1413657.875,1444351.75,1473040.625,1501729.5,1532423.375,1568345.25,1618162.625
external_national_illness,OT,OT::origin=0,0,arma_2_2,0,2562321247,gaussian,4,2020-02-18 00:00:00,1590088.0,1467813.625,1467813.625,1316673.25,1368556.625,1405968.25,1437935.0,1467813.625,1497692.25,1529659.0,1567070.625,1618954.0
external_national_illness,OT,OT::origin=0,0,arma_2_2,0,2562321247,gaussian,5,2020-02-25 00:00:00,1423220.0,1462617.5,1462617.5,1305759.125,1359605.375,1398432.375,1431608.5,1462617.5,1493626.5,1526802.625,1565629.625,1619475.875
external_national_illness,OT,OT::origin=0,0,arma_2_2,0,2562321247,gaussian,6,2020-03-03 00:00:00,1536943.0,1457453.75,1457453.75,1295145.5,1350862.625,1391038.5,1425367.375,1457453.75,1489540.125,1523869.0,1564044.875,1619761.875
external_national_illness,OT,OT::origin=0,0,arma_2_2,0,2562321247,gaussian,7,2020-03-10 00:00:00,1552636.0,1452321.875,1452321.875,1284805.125,1342310.25,1383775.375,1419205.875,1452321.875,1485437.875,1520868.375,1562333.5,1619838.625
external_national_illness,OT,OT::origin=0,0,arma_2_2,0,2562321247,gaussian,8,2020-03-17 00:00:00,1491798.0,1447221.875,1447221.875,1274715.375,1333933.25,1376633.625,1413119.375,1447221.875,1481324.375,1517810.125,1560510.5,1619728.375
external_national_illness,OT,OT::origin=0,0,arma_2_2,0,2562321247,gaussian,9,2020-03-24 00:00:00,1361170.0,1442153.5,1442153.5,1264856.5,1325719.0,1369605.0,1407104.0,1442153.5,1477203.0,1514702.0,1558588.125,1619450.5
external_national_illness,OT,OT::origin=0,0,arma_2_2,0,2562321247,gaussian,10,2020-03-31 00:00:00,1457151.0,1437116.5,1437116.5,1255212.125,1317656.125,1362682.75,1401156.25,1437116.5,1473076.75,1511550.25,1556576.875,1619020.875
external_national_illness,OT,OT::origin=0,0,arma_2_2,0,2562321247,gaussian,11,2020-04-07 00:00:00,1581455.0,1432110.75,1432110.75,1245767.625,1309735.375,1355860.625,1395273.0,1432110.75,1468948.5,1508360.875,1554486.125,1618453.875
external_national_illness,OT,OT::origin=0,0,arma_2_2,0,2562321247,gaussian,12,2020-04-14 00:00:00,1517183.0,1427136.0,1427136.0,1236510.5,1301948.25,1349133.625,1389451.625,1427136.0,1464820.375,1505138.375,1552323.75,1617761.5
external_national_illness,OT,OT::origin=0,0,arma_2_2,0,2562321247,gaussian,13,2020-04-21 00:00:00,1513962.0,1422192.125,1422192.125,1227429.5,1294287.5,1342496.875,1383689.875,1422192.125,1460694.375,1501887.375,1550096.75,1616954.75
external_national_illness,OT,OT::origin=0,0,arma_2_2,0,2562321247,gaussian,14,2020-04-28 00:00:00,1504061.0,1417278.875,1417278.875,1218514.75,1286746.375,1335946.25,1377985.625,1417278.875,1456572.125,1498611.5,1547811.375,1616043.0
external_national_illness,OT,OT::origin=0,0,arma_2_2,0,2562321247,gaussian,15,2020-05-05 00:00:00,1479946.0,1412396.0,1412396.0,1209757.375,1279319.0,1329477.875,1372336.875,1412396.0,1452455.25,1495314.125,1545473.0,1615034.625
external_national_illness,OT,OT::origin=0,0,arma_2_2,0,2562321247,gaussian,16,2020-05-12 00:00:00,1438348.0,1407543.5,1407543.5,1201149.625,1272000.375,1323088.75,1366742.0,1407543.5,1448345.0,1491998.25,1543086.625,1613937.375
external_national_illness,OT,OT::origin=0,0,arma_2_2,0,2562321247,gaussian,17,2020-05-19 00:00:00,1381381.0,1402721.0,1402721.0,1192684.125,1264785.5,1316775.625,1361199.25,1402721.0,1444242.75,1488666.375,1540656.5,1612757.75
external_national_illness,OT,OT::origin=0,0,arma_2_2,0,2562321247,gaussian,18,2020-05-26 00:00:00,1537636.0,1397928.375,1397928.375,1184354.625,1257670.125,1310535.75,1355707.5,1397928.375,1440149.25,1485321.0,1538186.625,1611502.125
external_national_illness,OT,OT::origin=0,0,arma_2_2,0,2562321247,gaussian,19,2020-06-02 00:00:00,1525058.0,1393165.5,1393165.5,1176155.0,1250650.25,1304366.625,1350265.125,1393165.5,1436065.875,1481964.375,1535680.75,1610175.875
external_national_illness,OT,OT::origin=0,0,arma_2_2,0,2562321247,gaussian,20,2020-06-09 00:00:00,1538038.0,1388432.25,1388432.25,1168080.25,1243722.5,1298266.0,1344871.375,1388432.25,1431993.125,1478598.5,1533142.0,1608784.25
external_national_illness,OT,OT::origin=0,0,arma_2_2,0,2562321247,gaussian,21,2020-06-16 00:00:00,1528103.0,1383728.125,1383728.125,1160124.75,1236883.25,1292231.5,1339524.5,1383728.125,1427931.75,1475224.75,1530573.0,1607331.375
external_national_illness,OT,OT::origin=0,0,arma_2_2,0,2562321247,gaussian,22,2020-06-23 00:00:00,1542813.0,1379053.25,1379053.25,1152284.625,1230129.625,1286261.375,1334223.875,1379053.25,1423882.625,1471845.125,1527976.875,1605821.875
external_national_illness,OT,OT::origin=0,0,arma_2_2,0,2562321247,gaussian,23,2020-06-30 00:00:00,1509928.0,1374407.375,1374407.375,1144555.25,1223458.75,1280353.75,1328968.375,1374407.375,1419846.375,1468461.0,1525356.0,1604259.5
external_national_illness,OT,OT::origin=0,0,arima_2_1_2,0,2784362378,gaussian,0,2020-01-21 00:00:00,1579306.0,1558652.375,1558652.375,1469742.0,1500263.125,1522271.0,1541075.875,1558652.375,1576228.875,1595033.75,1617041.625,1647562.75
external_national_illness,OT,OT::origin=0,0,arima_2_1_2,0,2784362378,gaussian,1,2020-01-28 00:00:00,1563623.0,1538557.375,1538557.375,1422447.625,1462305.75,1491046.25,1515603.875,1538557.375,1561510.875,1586068.5,1614809.0,1654667.125
external_national_illness,OT,OT::origin=0,0,arima_2_1_2,0,2784362378,gaussian,2,2020-02-04 00:00:00,1601333.0,1528193.75,1528193.75,1393807.875,1439939.75,1473204.125,1501627.25,1528193.75,1554760.25,1583183.375,1616447.75,1662579.625
external_national_illness,OT,OT::origin=0,0,arima_2_1_2,0,2784362378,gaussian,3,2020-02-11 00:00:00,1640587.0,1517458.0,1517458.0,1370299.625,1420816.0,1457242.0,1488366.625,1517458.0,1546549.375,1577674.0,1614100.0,1664616.375
external_national_illness,OT,OT::origin=0,0,arima_2_1_2,0,2784362378,gaussian,4,2020-02-18 00:00:00,1590088.0,1513394.5,1513394.5,1355461.625,1409676.75,1448769.625,1482173.125,1513394.5,1544615.875,1578019.375,1617112.25,1671327.375
external_national_illness,OT,OT::origin=0,0,arima_2_1_2,0,2784362378,gaussian,5,2020-02-25 00:00:00,1423220.0,1507256.125,1507256.125,1340712.375,1397883.5,1439107.75,1474332.5,1507256.125,1540179.75,1575404.5,1616628.75,1673799.75
external_national_illness,OT,OT::origin=0,0,arima_2_1_2,0,2784362378,gaussian,6,2020-03-03 00:00:00,1536943.0,1506190.125,1506190.125,1331626.375,1391550.5,1434760.125,1471681.0,1506190.125,1540699.25,1577620.125,1620829.75,1680753.875
external_national_illness,OT,OT::origin=0,0,arima_2_1_2,0,2784362378,gaussian,7,2020-03-10 00:00:00,1552636.0,1502336.875,1502336.875,1320908.875,1383189.375,1428098.0,1466470.75,1502336.875,1538203.0,1576575.75,1621484.375,1683764.875
external_national_illness,OT,OT::origin=0,0,arima_2_1_2,0,2784362378,gaussian,8,2020-03-17 00:00:00,1491798.0,1502670.125,1502670.125,1314519.875,1379108.0,1425680.625,1465475.125,1502670.125,1539865.125,1579659.625,1626232.25,1690820.25
external_national_illness,OT,OT::origin=0,0,arima_2_1_2,0,2784362378,gaussian,9,2020-03-24 00:00:00,1361170.0,1499977.375,1499977.375,1305852.0,1372491.25,1420542.875,1461601.125,1499977.375,1538353.625,1579411.875,1627463.5,1694102.75
external_national_illness,OT,OT::origin=0,0,arima_2_1_2,0,2784362378,gaussian,10,2020-03-31 00:00:00,1457151.0,1500938.25,1500938.25,1300814.375,1369512.75,1419049.125,1461376.25,1500938.25,1540500.375,1582827.375,1632363.75,1701062.125
external_national_illness,OT,OT::origin=0,0,arima_2_1_2,0,2784362378,gaussian,11,2020-04-07 00:00:00,1581455.0,1498857.5,1498857.5,1293284.625,1363853.625,1414738.75,1458218.25,1498857.5,1539496.75,1582976.25,1633861.375,1704430.375
external_national_illness,OT,OT::origin=0,0,arima_2_1_2,0,2784362378,gaussian,12,2020-04-14 00:00:00,1517183.0,1500075.0,1500075.0,1288967.375,1361436.25,1413691.5,1458341.625,1500075.0,1541808.375,1586458.5,1638713.75,1711182.625
external_national_illness,OT,OT::origin=0,0,arima_2_1_2,0,2784362378,gaussian,13,2020-04-21 00:00:00,1513962.0,1498337.25,1498337.25,1282134.75,1356352.625,1409869.0,1455596.625,1498337.25,1541077.875,1586805.5,1640321.875,1714539.75
external_national_illness,OT,OT::origin=0,0,arima_2_1_2,0,2784362378,gaussian,14,2020-04-28 00:00:00,1504061.0,1499634.25,1499634.25,1278229.875,1354233.5,1409037.375,1455865.25,1499634.25,1543403.25,1590231.125,1645035.0,1721038.625
external_national_illness,OT,OT::origin=0,0,arima_2_1_2,0,2784362378,gaussian,15,2020-05-05 00:00:00,1479946.0,1498106.5,1498106.5,1271871.25,1349533.125,1405532.875,1453382.5,1498106.5,1542830.5,1590680.125,1646679.875,1724341.75
external_national_illness,OT,OT::origin=0,0,arima_2_1_2,0,2784362378,gaussian,16,2020-05-12 00:00:00,1438348.0,1499399.75,1499399.75,1268222.875,1347581.125,1404804.0,1453698.875,1499399.75,1545100.625,1593995.5,1651218.375,1730576.625
external_national_illness,OT,OT::origin=0,0,arima_2_1_2,0,2784362378,gaussian,17,2020-05-19 00:00:00,1381381.0,1498014.75,1498014.75,1262218.875,1343162.75,1401529.0,1451400.75,1498014.75,1544628.75,1594500.5,1652866.75,1733810.625
external_national_illness,OT,OT::origin=0,0,arima_2_1_2,0,2784362378,gaussian,18,2020-05-26 00:00:00,1537636.0,1499266.375,1499266.375,1258744.25,1341310.625,1400846.75,1451718.125,1499266.375,1546814.625,1597686.0,1657222.125,1739788.5
external_national_illness,OT,OT::origin=0,0,arima_2_1_2,0,2784362378,gaussian,19,2020-06-02 00:00:00,1525058.0,1497989.25,1497989.25,1253026.875,1337117.5,1397752.625,1449563.125,1497989.25,1546415.375,1598225.875,1658861.0,1742951.625
external_national_illness,OT,OT::origin=0,0,arima_2_1_2,0,2784362378,gaussian,20,2020-06-09 00:00:00,1538038.0,1499183.375,1499183.375,1249680.125,1335329.5,1397088.75,1449859.625,1499183.375,1548507.125,1601278.0,1663037.25,1748686.5
external_national_illness,OT,OT::origin=0,0,arima_2_1_2,0,2784362378,gaussian,21,2020-06-16 00:00:00,1528103.0,1497994.75,1497994.75,1244207.0,1331327.125,1394146.875,1447824.0,1497994.75,1548165.5,1601842.625,1664662.375,1751782.5
external_national_illness,OT,OT::origin=0,0,arima_2_1_2,0,2784362378,gaussian,22,2020-06-23 00:00:00,1542813.0,1499125.875,1499125.875,1240960.5,1329583.375,1393486.75,1448089.75,1499125.875,1550162.0,1604765.0,1668668.375,1757291.25
external_national_illness,OT,OT::origin=0,0,arima_2_1_2,0,2784362378,gaussian,23,2020-06-30 00:00:00,1509928.0,1498014.125,1498014.125,1235702.625,1325748.75,1390678.375,1446158.375,1498014.125,1549869.875,1605349.875,1670279.5,1760325.625
external_national_illness,OT,OT::origin=0,0,auto_arima,0,2008663975,gaussian,0,2020-01-21 00:00:00,1579306.0,1585105.875,1585105.875,1509989.75,1535775.5,1554369.0,1570256.375,1585105.875,1599955.375,1615842.75,1634436.25,1660222.0
external_national_illness,OT,OT::origin=0,0,auto_arima,0,2008663975,gaussian,1,2020-01-28 00:00:00,1563623.0,1585022.5,1585022.5,1484635.75,1519096.5,1543945.0,1565177.25,1585022.5,1604867.75,1626100.0,1650948.5,1685409.25
external_national_illness,OT,OT::origin=0,0,auto_arima,0,2008663975,gaussian,2,2020-02-04 00:00:00,1601333.0,1585022.5,1585022.5,1464405.375,1505810.75,1535667.0,1561178.0,1585022.5,1608867.0,1634378.0,1664234.25,1705639.625
external_national_illness,OT,OT::origin=0,0,auto_arima,0,2008663975,gaussian,3,2020-02-11 00:00:00,1640587.0,1585022.5,1585022.5,1447111.375,1494453.5,1528590.375,1557759.125,1585022.5,1612285.875,1641454.625,1675591.5,1722933.625
external_national_illness,OT,OT::origin=0,0,auto_arima,0,2008663975,gaussian,4,2020-02-18 00:00:00,1590088.0,1585022.5,1585022.5,1431756.5,1484369.625,1522307.375,1554723.75,1585022.5,1615321.375,1647737.625,1685675.375,1738288.5
external_national_illness,OT,OT::origin=0,0,auto_arima,0,2008663975,gaussian,5,2020-02-25 00:00:00,1423220.0,1585022.5,1585022.5,1417805.75,1475207.875,1516598.75,1551965.75,1585022.5,1618079.25,1653446.25,1694837.125,1752239.25
external_national_illness,OT,OT::origin=0,0,auto_arima,0,2008663975,gaussian,6,2020-03-03 00:00:00,1536943.0,1585022.5,1585022.5,1404932.5,1466753.75,1511331.125,1549420.875,1585022.5,1620624.125,1658713.875,1703291.375,1765112.5
external_national_illness,OT,OT::origin=0,0,auto_arima,0,2008663975,gaussian,7,2020-03-10 00:00:00,1552636.0,1585022.5,1585022.5,1392920.0,1458864.75,1506415.75,1547046.125,1585022.5,1622998.875,1663629.25,1711180.25,1777125.0
external_national_illness,OT,OT::origin=0,0,auto_arima,0,2008663975,gaussian,8,2020-03-17 00:00:00,1491798.0,1585022.5,1585022.5,1381615.625,1451441.0,1501790.0,1544811.375,1585022.5,1625233.625,1668255.0,1718604.0,1788429.375
external_national_illness,OT,OT::origin=0,0,auto_arima,0,2008663975,gaussian,9,2020-03-24 00:00:00,1361170.0,1585022.5,1585022.5,1370907.25,1444408.625,1497408.25,1542694.5,1585022.5,1627350.5,1672636.75,1725636.375,1799137.75
external_national_illness,OT,OT::origin=0,0,auto_arima,0,2008663975,gaussian,10,2020-03-31 00:00:00,1457151.0,1585022.5,1585022.5,1360709.5,1437711.5,1493235.375,1540678.5,1585022.5,1629366.5,1676809.625,1732333.5,1809335.5
external_national_illness,OT,OT::origin=0,0,auto_arima,0,2008663975,gaussian,11,2020-04-07 00:00:00,1581455.0,1585022.5,1585022.5,1350955.625,1431306.0,1489244.25,1538750.375,1585022.5,1631294.625,1680800.75,1738739.125,1819089.375
external_national_illness,OT,OT::origin=0,0,auto_arima,0,2008663975,gaussian,12,2020-04-14 00:00:00,1517183.0,1585022.5,1585022.5,1341592.25,1425156.875,1485412.75,1536899.25,1585022.5,1633145.75,1684632.25,1744888.125,1828452.75
external_national_illness,OT,OT::origin=0,0,auto_arima,0,2008663975,gaussian,13,2020-04-21 00:00:00,1513962.0,1585022.5,1585022.5,1332575.875,1419235.625,1481723.375,1535116.875,1585022.5,1634928.125,1688321.625,1750809.375,1837469.125
external_national_illness,OT,OT::origin=0,0,auto_arima,0,2008663975,gaussian,14,2020-04-28 00:00:00,1504061.0,1585022.5,1585022.5,1323870.625,1413518.75,1478161.25,1533396.0,1585022.5,1636649.0,1691883.75,1756526.25,1846174.25
external_national_illness,OT,OT::origin=0,0,auto_arima,0,2008663975,gaussian,15,2020-05-05 00:00:00,1479946.0,1585022.5,1585022.5,1315446.5,1407986.375,1474714.125,1531730.625,1585022.5,1638314.375,1695330.875,1762058.625,1854598.5
external_national_illness,OT,OT::origin=0,0,auto_arima,0,2008663975,gaussian,16,2020-05-12 00:00:00,1438348.0,1585022.5,1585022.5,1307277.625,1402621.75,1471371.5,1530115.75,1585022.5,1639929.25,1698673.5,1767423.25,1862767.375
external_national_illness,OT,OT::origin=0,0,auto_arima,0,2008663975,gaussian,17,2020-05-19 00:00:00,1381381.0,1585022.5,1585022.5,1299342.25,1397410.375,1468124.5,1528547.0,1585022.5,1641498.0,1701920.5,1772634.625,1870702.75
external_national_illness,OT,OT::origin=0,0,auto_arima,0,2008663975,gaussian,18,2020-05-26 00:00:00,1537636.0,1585022.5,1585022.5,1291621.375,1392340.0,1464965.125,1527020.75,1585022.5,1643024.375,1705079.875,1777705.0,1878423.5
external_national_illness,OT,OT::origin=0,0,auto_arima,0,2008663975,gaussian,19,2020-06-02 00:00:00,1525058.0,1585022.5,1585022.5,1284098.625,1387399.625,1461886.875,1525533.5,1585022.5,1644511.5,1708158.125,1782645.375,1885946.375
external_national_illness,OT,OT::origin=0,0,auto_arima,0,2008663975,gaussian,20,2020-06-09 00:00:00,1538038.0,1585022.5,1585022.5,1276759.375,1382579.75,1458883.75,1524082.625,1585022.5,1645962.375,1711161.25,1787465.25,1893285.625
external_national_illness,OT,OT::origin=0,0,auto_arima,0,2008663975,gaussian,21,2020-06-16 00:00:00,1528103.0,1585022.5,1585022.5,1269590.875,1377872.0,1455950.375,1522665.5,1585022.5,1647379.5,1714094.625,1792173.0,1900454.125
external_national_illness,OT,OT::origin=0,0,auto_arima,0,2008663975,gaussian,22,2020-06-23 00:00:00,1542813.0,1585022.5,1585022.5,1262581.625,1373269.0,1453082.25,1521279.875,1585022.5,1648765.125,1716962.75,1796776.125,1907463.375
external_national_illness,OT,OT::origin=0,0,auto_arima,0,2008663975,gaussian,23,2020-06-30 00:00:00,1509928.0,1585022.5,1585022.5,1255721.5,1368763.75,1450275.25,1519923.75,1585022.5,1650121.25,1719769.75,1801281.25,1914323.375
external_national_illness,OT,OT::origin=0,0,prophet,0,3162063843,samples,0,2020-01-21 00:00:00,1579306.0,1554489.25,1545919.75,1447077.875,1487657.25,1517651.375,1533900.375,1554489.25,1570196.875,1593875.375,1608898.75,1637550.75
external_national_illness,OT,OT::origin=0,0,prophet,0,3162063843,samples,1,2020-01-28 00:00:00,1563623.0,1547381.5,1546789.5,1450020.125,1487227.375,1508623.5,1525818.5,1547381.5,1564885.375,1577147.75,1596368.75,1643597.75
external_national_illness,OT,OT::origin=0,0,prophet,0,3162063843,samples,2,2020-02-04 00:00:00,1601333.0,1538888.375,1530579.625,1436633.25,1477087.625,1498289.125,1512432.0,1538888.375,1555129.375,1571858.625,1596536.5,1618208.25
external_national_illness,OT,OT::origin=0,0,prophet,0,3162063843,samples,3,2020-02-11 00:00:00,1640587.0,1516563.25,1507694.375,1410213.25,1446396.5,1472716.75,1498435.625,1516563.25,1532734.5,1556061.125,1577570.625,1612678.875
external_national_illness,OT,OT::origin=0,0,prophet,0,3162063843,samples,4,2020-02-18 00:00:00,1590088.0,1487218.25,1495118.125,1401152.5,1433971.25,1451508.625,1472940.75,1487218.25,1504647.875,1524468.5,1547008.25,1578731.25
external_national_illness,OT,OT::origin=0,0,prophet,0,3162063843,samples,5,2020-02-25 00:00:00,1423220.0,1508437.25,1501904.375,1409292.875,1444435.625,1465416.625,1494682.5,1508437.25,1522863.75,1546195.875,1563599.25,1585969.625
external_national_illness,OT,OT::origin=0,0,prophet,0,3162063843,samples,6,2020-03-03 00:00:00,1536943.0,1512468.25,1515393.75,1424103.125,1457787.5,1475467.625,1496274.875,1512468.25,1528333.75,1541691.875,1560934.25,1593389.625
external_national_illness,OT,OT::origin=0,0,prophet,0,3162063843,samples,7,2020-03-10 00:00:00,1552636.0,1514551.0,1510053.75,1415955.625,1449328.625,1473649.25,1489922.625,1514551.0,1530358.25,1557568.25,1574650.0,1608344.25
external_national_illness,OT,OT::origin=0,0,prophet,0,3162063843,samples,8,2020-03-17 00:00:00,1491798.0,1479974.0,1475811.25,1376471.25,1416236.125,1434914.5,1463043.0,1479974.0,1503882.75,1527764.75,1554515.75,1574122.125
external_national_illness,OT,OT::origin=0,0,prophet,0,3162063843,samples,9,2020-03-24 00:00:00,1361170.0,1434405.75,1435143.75,1347562.375,1369414.875,1391763.625,1419549.625,1434405.75,1449464.5,1466445.875,1493740.375,1523317.0
external_national_illness,OT,OT::origin=0,0,prophet,0,3162063843,samples,10,2020-03-31 00:00:00,1457151.0,1423506.75,1425499.625,1333010.75,1364678.25,1390253.0,1405421.75,1423506.75,1438353.375,1458260.375,1480152.125,1508741.5
external_national_illness,OT,OT::origin=0,0,prophet,0,3162063843,samples,11,2020-04-07 00:00:00,1581455.0,1464249.5,1462108.875,1365899.5,1406852.375,1422200.625,1439976.625,1464249.5,1478183.625,1499683.625,1524016.625,1549986.5
external_national_illness,OT,OT::origin=0,0,prophet,0,3162063843,samples,12,2020-04-14 00:00:00,1517183.0,1525155.25,1521201.375,1434627.125,1467168.75,1485647.125,1504784.25,1525155.25,1545678.0,1564973.5,1580512.125,1606934.5
external_national_illness,OT,OT::origin=0,0,prophet,0,3162063843,samples,13,2020-04-21 00:00:00,1513962.0,1562872.875,1563064.875,1474484.125,1495068.375,1524799.375,1546344.125,1562872.875,1578995.75,1600775.875,1622523.875,1645085.375
external_national_illness,OT,OT::origin=0,0,prophet,0,3162063843,samples,14,2020-04-28 00:00:00,1504061.0,1562592.0,1570154.375,1483798.0,1509748.875,1533840.0,1552289.0,1562592.0,1583382.625,1602999.125,1633717.125,1661268.875
external_national_illness,OT,OT::origin=0,0,prophet,0,3162063843,samples,15,2020-05-05 00:00:00,1479946.0,1561342.0,1559104.625,1477452.625,1501140.5,1526984.625,1540573.875,1561342.0,1576629.5,1603552.375,1628542.375,1650093.5
external_national_illness,OT,OT::origin=0,0,prophet,0,3162063843,samples,16,2020-05-12 00:00:00,1438348.0,1556186.5,1556196.875,1462945.625,1489362.75,1514513.375,1536227.875,1556186.5,1573343.75,1589412.625,1610816.5,1649210.375
external_national_illness,OT,OT::origin=0,0,prophet,0,3162063843,samples,17,2020-05-19 00:00:00,1381381.0,1558655.5,1566947.625,1468789.75,1495971.25,1513990.75,1537450.875,1558655.5,1576572.875,1589760.0,1611704.375,1645268.25
external_national_illness,OT,OT::origin=0,0,prophet,0,3162063843,samples,18,2020-05-26 00:00:00,1537636.0,1574055.75,1573998.125,1495616.75,1526229.875,1542455.375,1557829.875,1574055.75,1595303.0,1617155.5,1635818.25,1665892.25
external_national_illness,OT,OT::origin=0,0,prophet,0,3162063843,samples,19,2020-06-02 00:00:00,1525058.0,1551285.75,1561607.875,1472436.0,1501778.875,1518919.25,1535680.5,1551285.75,1565945.125,1582230.875,1601389.75,1645932.625
external_national_illness,OT,OT::origin=0,0,prophet,0,3162063843,samples,20,2020-06-09 00:00:00,1538038.0,1537452.875,1534685.5,1440300.5,1470744.625,1492020.75,1515705.875,1537452.875,1565704.75,1586397.375,1610150.625,1638594.625
external_national_illness,OT,OT::origin=0,0,prophet,0,3162063843,samples,21,2020-06-16 00:00:00,1528103.0,1516693.625,1510776.625,1424224.625,1450875.5,1475583.75,1505390.375,1516693.625,1532846.375,1555305.125,1582209.5,1612421.125
external_national_illness,OT,OT::origin=0,0,prophet,0,3162063843,samples,22,2020-06-23 00:00:00,1542813.0,1510643.75,1498490.375,1413750.0,1443803.125,1461195.125,1486576.625,1510643.75,1529185.75,1546919.375,1566402.75,1606795.75
external_national_illness,OT,OT::origin=0,0,prophet,0,3162063843,samples,23,2020-06-30 00:00:00,1509928.0,1496291.75,1490635.75,1394765.125,1425317.875,1447813.875,1470060.625,1496291.75,1513735.125,1535576.75,1558082.625,1582659.875
external_national_illness,OT,OT::origin=0,0,deepar,0,541056097,samples,0,2020-01-21 00:00:00,1579306.0,1321374.75,1313351.375,905658.3125,1095323.5,1165790.0,1236990.375,1321374.75,1383892.125,1434855.375,1550443.75,1741105.875
external_national_illness,OT,OT::origin=0,0,deepar,0,541056097,samples,1,2020-01-28 00:00:00,1563623.0,1382739.75,1364622.25,1007819.9375,1132904.125,1212601.0,1287631.5,1382739.75,1419455.0,1487840.375,1603413.875,1781608.375
external_national_illness,OT,OT::origin=0,0,deepar,0,541056097,samples,2,2020-02-04 00:00:00,1601333.0,1393547.125,1402807.0,1081603.875,1247554.375,1277797.375,1350264.0,1393547.125,1431731.5,1497336.5,1552056.75,1764969.375
external_national_illness,OT,OT::origin=0,0,deepar,0,541056097,samples,3,2020-02-11 00:00:00,1640587.0,1386728.0,1376843.5,1059963.75,1161978.375,1242311.125,1317882.375,1386728.0,1458616.25,1524097.875,1585703.75,1761219.625
external_national_illness,OT,OT::origin=0,0,deepar,0,541056097,samples,4,2020-02-18 00:00:00,1590088.0,1334160.75,1357191.5,939550.0625,1083181.5,1155172.875,1263269.625,1334160.75,1432175.625,1473913.25,1565354.5,1735935.75
external_national_illness,OT,OT::origin=0,0,deepar,0,541056097,samples,5,2020-02-25 00:00:00,1423220.0,1349816.75,1360818.75,1033296.6875,1174271.375,1237672.25,1296144.125,1349816.75,1388126.625,1454051.125,1521791.5,1696887.375
external_national_illness,OT,OT::origin=0,0,deepar,0,541056097,samples,6,2020-03-03 00:00:00,1536943.0,1382129.625,1399540.0,1097562.375,1162060.875,1294841.125,1352440.125,1382129.625,1415336.125,1498374.375,1606704.75,1766246.0
external_national_illness,OT,OT::origin=0,0,deepar,0,541056097,samples,7,2020-03-10 00:00:00,1552636.0,1344357.625,1301868.75,952130.3125,1196328.875,1257999.75,1298322.25,1344357.625,1417198.0,1458659.375,1580742.75,1651948.25
external_national_illness,OT,OT::origin=0,0,deepar,0,541056097,samples,8,2020-03-17 00:00:00,1491798.0,1326974.375,1329356.5,906022.5625,1129051.0,1237517.125,1288688.0,1326974.375,1378442.75,1433279.125,1528441.0,1746714.5
external_national_illness,OT,OT::origin=0,0,deepar,0,541056097,samples,9,2020-03-24 00:00:00,1361170.0,1392637.375,1365798.75,1023901.25,1117327.5,1245018.0,1330782.5,1392637.375,1435450.75,1481351.5,1588059.25,1714594.25
external_national_illness,OT,OT::origin=0,0,deepar,0,541056097,samples,10,2020-03-31 00:00:00,1457151.0,1368179.875,1351263.375,918068.5625,1107062.25,1221049.75,1328180.125,1368179.875,1401943.25,1457592.375,1580524.5,1718884.125
external_national_illness,OT,OT::origin=0,0,deepar,0,541056097,samples,11,2020-04-07 00:00:00,1581455.0,1352041.375,1331579.625,1013097.6875,1139144.5,1221547.875,1295826.375,1352041.375,1398516.25,1468151.625,1540197.75,1630823.0
external_national_illness,OT,OT::origin=0,0,deepar,0,541056097,samples,12,2020-04-14 00:00:00,1517183.0,1358489.0,1361091.5,1042223.6875,1115663.0,1227892.375,1311421.25,1358489.0,1417806.0,1460544.625,1614405.875,1713143.375
external_national_illness,OT,OT::origin=0,0,deepar,0,541056097,samples,13,2020-04-21 00:00:00,1513962.0,1338535.375,1304243.5,991344.125,1109498.25,1233225.625,1281578.875,1338535.375,1352924.25,1421508.75,1524847.0,1673196.75
external_national_illness,OT,OT::origin=0,0,deepar,0,541056097,samples,14,2020-04-28 00:00:00,1504061.0,1406093.125,1400831.25,1019117.875,1134405.5,1259546.0,1331231.375,1406093.125,1458649.125,1536870.125,1620699.875,1776051.375
external_national_illness,OT,OT::origin=0,0,deepar,0,541056097,samples,15,2020-05-05 00:00:00,1479946.0,1340478.25,1349426.375,903211.5,1107894.375,1204108.875,1274535.0,1340478.25,1386959.375,1437333.0,1555617.125,1760908.375
external_national_illness,OT,OT::origin=0,0,deepar,0,541056097,samples,16,2020-05-12 00:00:00,1438348.0,1306482.0,1303160.5,921511.25,1055374.75,1140136.5,1222599.625,1306482.0,1369011.0,1444518.5,1572645.0,1669274.625
external_national_illness,OT,OT::origin=0,0,deepar,0,541056097,samples,17,2020-05-19 00:00:00,1381381.0,1303506.875,1274008.75,944914.375,1055774.625,1150228.625,1208821.75,1303506.875,1390327.375,1477476.375,1543004.5,1668493.875
external_national_illness,OT,OT::origin=0,0,deepar,0,541056097,samples,18,2020-05-26 00:00:00,1537636.0,1341150.375,1318092.75,874236.75,1043106.5625,1182161.875,1257465.5,1341150.375,1408844.125,1517022.375,1611985.75,1769788.5
external_national_illness,OT,OT::origin=0,0,deepar,0,541056097,samples,19,2020-06-02 00:00:00,1525058.0,1364783.625,1363878.875,889422.8125,1057669.625,1198211.5,1264206.25,1364783.625,1447682.25,1564548.75,1652133.375,1795749.5
external_national_illness,OT,OT::origin=0,0,deepar,0,541056097,samples,20,2020-06-09 00:00:00,1538038.0,1325551.0,1306105.625,886129.625,1060080.75,1132721.25,1251278.75,1325551.0,1351256.625,1431076.125,1612367.375,1760071.875
external_national_illness,OT,OT::origin=0,0,deepar,0,541056097,samples,21,2020-06-16 00:00:00,1528103.0,1319315.625,1323231.0,986164.3125,1081079.75,1151624.875,1239909.75,1319315.625,1410227.25,1503479.125,1560329.0,1682498.0
external_national_illness,OT,OT::origin=0,0,deepar,0,541056097,samples,22,2020-06-23 00:00:00,1542813.0,1405453.5,1385927.0,948569.5,1082929.375,1214094.25,1330240.125,1405453.5,1466590.75,1511147.25,1608998.875,1853750.25
external_national_illness,OT,OT::origin=0,0,deepar,0,541056097,samples,23,2020-06-30 00:00:00,1509928.0,1331473.375,1343443.5,948646.1875,1083956.375,1212856.0,1283240.125,1331473.375,1401118.0,1456753.25,1514147.875,1708440.375
external_traffic,431,431::origin=0,0,chronos_t5_tiny,0,1968596675,chronos_samples,0,2018-07-01 02:00:00,0.01730000041425228,0.016852345317602158,0.01711033098399639,0.012899325229227543,0.01414764765650034,0.015395969152450562,0.01622818410396576,0.016852345317602158,0.017892614006996155,0.019265763461589813,0.02005637250840664,0.021221470087766647
external_traffic,431,431::origin=0,0,chronos_t5_tiny,0,1968596675,chronos_samples,1,2018-07-01 03:00:00,0.013700000010430813,0.01373154018074274,0.013548452407121658,0.009154359810054302,0.010818788781762123,0.011942279525101185,0.012899325229227543,0.01373154018074274,0.014563755132257938,0.01622818410396576,0.016644291579723358,0.017060397192835808
external_traffic,431,431::origin=0,0,chronos_t5_tiny,0,1968596675,chronos_samples,2,2018-07-01 04:00:00,0.010900000110268593,0.012899325229227543,0.012487378902733326,0.007406709715723991,0.009570468217134476,0.010818788781762123,0.01190066896378994,0.012899325229227543,0.01373154018074274,0.014563755132257938,0.01581207662820816,0.01668590120971203
external_traffic,431,431::origin=0,0,chronos_t5_tiny,0,1968596675,chronos_samples,3,2018-07-01 05:00:00,0.008500000461935997,0.012899325229227543,0.012866036966443062,0.007073824293911457,0.009154359810054302,0.010693957097828388,0.011484562419354916,0.012899325229227543,0.01414764765650034,0.015104692429304123,0.016644291579723358,0.017892614006996155
external_traffic,431,431::origin=0,0,chronos_t5_tiny,0,1968596675,chronos_samples,4,2018-07-01 06:00:00,0.009700000286102295,0.01643623784184456,0.017555564641952515,0.00823892466723919,0.009487247094511986,0.011234897188842297,0.014563755132257938,0.01643623784184456,0.018724827095866203,0.021346300840377808,0.025382542982697487,0.02837851271033287
external_traffic,431,431::origin=0,0,chronos_t5_tiny,0,1968596675,chronos_samples,5,2018-07-01 07:00:00,0.015599999576807022,0.02059730887413025,0.0308085847645998,0.0099865747615695,0.012899325229227543,0.01639462821185589,0.018308719620108604,0.02059730887413025,0.025548987090587616,0.04406575486063957,0.05659058690071106,0.062416087836027145
external_traffic,431,431::origin=0,0,chronos_t5_tiny,0,1968596675,chronos_samples,6,2018-07-01 08:00:00,0.02370000071823597,0.027046972885727882,0.039035018533468246,0.01406442653387785,0.017892614006996155,0.019557040184736252,0.02330200746655464,0.027046972885727882,0.037865761667490005,0.05172213166952133,0.0675758346915245,0.07993420213460922
external_traffic,431,431::origin=0,0,chronos_t5_tiny,0,1968596675,chronos_samples,7,2018-07-01 09:00:00,0.03319999948143959,0.034328848123550415,0.04337086156010628,0.018724827095866203,0.02330200746655464,0.02746308036148548,0.031208043918013573,0.034328848123550415,0.04360804334282875,0.05309528112411499,0.06549528241157532,0.07872749119997025
external_traffic,431,431::origin=0,0,chronos_t5_tiny,0,1968596675,chronos_samples,8,2018-07-01 10:00:00,0.04470000043511391,0.04431542381644249,0.04883851110935211,0.026589253917336464,0.030708717182278633,0.03524428606033325,0.03961341083049774,0.04431542381644249,0.050016093999147415,0.05600803345441818,0.06175033003091812,0.07660534977912903
external_traffic,431,431::origin=0,0,chronos_t5_tiny,0,1968596675,chronos_samples,9,2018-07-01 11:00:00,0.05339999869465828,0.05118119344115257,0.05309944599866867,0.034412071108818054,0.038614753633737564,0.04535569250583649,0.0493503212928772,0.05118119344115257,0.05550870671868324,0.059087228029966354,0.06341475248336792,0.07061339914798737
external_traffic,431,431::origin=0,0,chronos_t5_tiny,0,1968596675,chronos_samples,10,2018-07-01 12:00:00,0.05939999967813492,0.05617447942495346,0.05705662816762924,0.042817436158657074,0.046520791947841644,0.05247112363576889,0.054510053247213364,0.05617447942495346,0.058837562799453735,0.062416087836027145,0.06541205942630768,0.06911541521549225
external_traffic,431,431::origin=0,0,chronos_t5_tiny,0,1968596675,chronos_samples,11,2018-07-01 13:00:00,0.06629999727010727,0.05971138924360275,0.05969890579581261,0.04901743680238724,0.05226307362318039,0.0552174337208271,0.05783890560269356,0.05971138924360275,0.061999984085559845,0.06324830651283264,0.06499595195055008,0.07352614402770996
external_traffic,431,431::origin=0,0,chronos_t5_tiny,0,1968596675,chronos_samples,12,2018-07-01 14:00:00,0.07050000131130219,0.06012750044465065,0.06058521568775177,0.05147247016429901,0.054426830261945724,0.05659058690071106,0.058671120554208755,0.06012750044465065,0.061583876609802246,0.06324830651283264,0.06657715886831284,0.07369258999824524
external_traffic,431,431::origin=0,0,chronos_t5_tiny,0,1968596675,chronos_samples,13,2018-07-01 15:00:00,0.06859999895095825,0.06095971539616585,0.060680922120809555,0.049891259521245956,0.054093942046165466,0.0568818636238575,0.059087228029966354,0.06095971539616585,0.06258253008127213,0.06449662148952484,0.06624427437782288,0.07331809401512146
external_traffic,431,431::origin=0,0,chronos_t5_tiny,0,1968596675,chronos_samples,14,2018-07-01 16:00:00,0.06930000334978104,0.06137582287192345,0.06112615764141083,0.04947515204548836,0.054676495492458344,0.0568818636238575,0.05950333550572395,0.06137582287192345,0.06283219903707504,0.06449662148952484,0.06790870428085327,0.0742335319519043
external_traffic,431,431::origin=0,0,chronos_t5_tiny,0,1968596675,chronos_samples,15,2018-07-01 17:00:00,0.0689999982714653,0.06283219903707504,0.06331072002649307,0.04889260232448578,0.05475971847772598,0.05742280185222626,0.05991944670677185,0.06283219903707504,0.06549528241157532,0.06836641579866409,0.07281877100467682,0.08035030961036682
external_traffic,431,431::origin=0,0,chronos_t5_tiny,0,1968596675,chronos_samples,16,2018-07-01 18:00:00,0.07119999825954437,0.06387245655059814,0.06400977820158005,0.04781072586774826,0.05525904521346092,0.05783890560269356,0.06075166165828705,0.06387245655059814,0.06657715886831284,0.06932346522808075,0.07373420149087906,0.07960131019353867
external_traffic,431,431::origin=0,0,chronos_t5_tiny,0,1968596675,chronos_samples,17,2018-07-01 19:00:00,0.07410000264644623,0.061583876609802246,0.06170870363712311,0.04860132932662964,0.05284561961889267,0.0560496486723423,0.059170451015233994,0.061583876609802246,0.06449662148952484,0.0662858784198761,0.06907380372285843,0.07656373828649521
external_traffic,431,431::origin=0,0,chronos_t5_tiny,0,1968596675,chronos_samples,18,2018-07-01 20:00:00,0.06930000334978104,0.05326172709465027,0.053652867674827576,0.04477314278483391,0.04860132932662964,0.049932871013879776,0.05159730091691017,0.05326172709465027,0.05492616072297096,0.05659058690071106,0.05925367400050163,0.06541205942630768
external_traffic,431,431::origin=0,0,chronos_t5_tiny,0,1968596675,chronos_samples,19,2018-07-01 21:00:00,0.052000001072883606,0.04473153129220009,0.04533905163407326,0.038240257650613785,0.0399462953209877,0.0416107252240181,0.04352482035756111,0.04473153129220009,0.046604011207818985,0.04839327186346054,0.05101475492119789,0.05455166473984718
external_traffic,431,431::origin=0,0,chronos_t5_tiny,0,1968596675,chronos_samples,20,2018-07-01 22:00:00,0.0421999990940094,0.0403624065220356,0.04075770825147629,0.03536911681294441,0.03703354671597481,0.037865761667490005,0.039114080369472504,0.0403624065220356,0.0416107252240181,0.04327515512704849,0.04577179625630379,0.0483100526034832
external_traffic,431,431::origin=0,0,chronos_t5_tiny,0,1968596675,chronos_samples,21,2018-07-01 23:00:00,0.04129999876022339,0.03744965419173241,0.03796146810054779,0.031208043918013573,0.033704690635204315,0.034536901861429214,0.03578522428870201,0.03744965419173241,0.039114080369472504,0.0407785139977932,0.042526163160800934,0.04581340774893761
external_traffic,431,431::origin=0,0,chronos_t5_tiny,0,1968596675,chronos_samples,22,2018-07-02 00:00:00,0.03970000147819519,0.03308052569627762,0.03335932269692421,0.026589253917336464,0.02862817980349064,0.030375830829143524,0.03145771101117134,0.03308052569627762,0.034536901861429214,0.03620133176445961,0.038781195878982544,0.042859047651290894
external_traffic,431,431::origin=0,0,chronos_t5_tiny,0,1968596675,chronos_samples,23,2018-07-02 01:00:00,0.0284000001847744,0.02455032803118229,0.02555730752646923,0.019473819062113762,0.02072214148938656,0.022469792515039444,0.02371811494231224,0.02455032803118229,0.026131536811590195,0.02800401672720909,0.030791938304901123,0.033704690635204315
external_traffic,431,431::origin=0,0,seasonal_naive,0,3170190643,degenerate,0,2018-07-01 02:00:00,0.01730000041425228,0.015399999916553497,0.015399999916553497,0.015399999916553497,0.015399999916553497,0.015399999916553497,0.015399999916553497,0.015399999916553497,0.015399999916553497,0.015399999916553497,0.015399999916553497,0.015399999916553497
external_traffic,431,431::origin=0,0,seasonal_naive,0,3170190643,degenerate,1,2018-07-01 03:00:00,0.013700000010430813,0.012500000186264515,0.012500000186264515,0.012500000186264515,0.012500000186264515,0.012500000186264515,0.012500000186264515,0.012500000186264515,0.012500000186264515,0.012500000186264515,0.012500000186264515,0.012500000186264515
external_traffic,431,431::origin=0,0,seasonal_naive,0,3170190643,degenerate,2,2018-07-01 04:00:00,0.010900000110268593,0.011500000022351742,0.011500000022351742,0.011500000022351742,0.011500000022351742,0.011500000022351742,0.011500000022351742,0.011500000022351742,0.011500000022351742,0.011500000022351742,0.011500000022351742,0.011500000022351742
external_traffic,431,431::origin=0,0,seasonal_naive,0,3170190643,degenerate,3,2018-07-01 05:00:00,0.008500000461935997,0.010900000110268593,0.010900000110268593,0.010900000110268593,0.010900000110268593,0.010900000110268593,0.010900000110268593,0.010900000110268593,0.010900000110268593,0.010900000110268593,0.010900000110268593,0.010900000110268593
external_traffic,431,431::origin=0,0,seasonal_naive,0,3170190643,degenerate,4,2018-07-01 06:00:00,0.009700000286102295,0.019500000402331352,0.019500000402331352,0.019500000402331352,0.019500000402331352,0.019500000402331352,0.019500000402331352,0.019500000402331352,0.019500000402331352,0.019500000402331352,0.019500000402331352,0.019500000402331352
external_traffic,431,431::origin=0,0,seasonal_naive,0,3170190643,degenerate,5,2018-07-01 07:00:00,0.015599999576807022,0.04190000146627426,0.04190000146627426,0.04190000146627426,0.04190000146627426,0.04190000146627426,0.04190000146627426,0.04190000146627426,0.04190000146627426,0.04190000146627426,0.04190000146627426,0.04190000146627426
external_traffic,431,431::origin=0,0,seasonal_naive,0,3170190643,degenerate,6,2018-07-01 08:00:00,0.02370000071823597,0.05420000106096268,0.05420000106096268,0.05420000106096268,0.05420000106096268,0.05420000106096268,0.05420000106096268,0.05420000106096268,0.05420000106096268,0.05420000106096268,0.05420000106096268,0.05420000106096268
external_traffic,431,431::origin=0,0,seasonal_naive,0,3170190643,degenerate,7,2018-07-01 09:00:00,0.03319999948143959,0.05609999969601631,0.05609999969601631,0.05609999969601631,0.05609999969601631,0.05609999969601631,0.05609999969601631,0.05609999969601631,0.05609999969601631,0.05609999969601631,0.05609999969601631,0.05609999969601631
external_traffic,431,431::origin=0,0,seasonal_naive,0,3170190643,degenerate,8,2018-07-01 10:00:00,0.04470000043511391,0.05770000070333481,0.05770000070333481,0.05770000070333481,0.05770000070333481,0.05770000070333481,0.05770000070333481,0.05770000070333481,0.05770000070333481,0.05770000070333481,0.05770000070333481,0.05770000070333481
external_traffic,431,431::origin=0,0,seasonal_naive,0,3170190643,degenerate,9,2018-07-01 11:00:00,0.05339999869465828,0.06340000033378601,0.06340000033378601,0.06340000033378601,0.06340000033378601,0.06340000033378601,0.06340000033378601,0.06340000033378601,0.06340000033378601,0.06340000033378601,0.06340000033378601,0.06340000033378601
external_traffic,431,431::origin=0,0,seasonal_naive,0,3170190643,degenerate,10,2018-07-01 12:00:00,0.05939999967813492,0.06430000066757202,0.06430000066757202,0.06430000066757202,0.06430000066757202,0.06430000066757202,0.06430000066757202,0.06430000066757202,0.06430000066757202,0.06430000066757202,0.06430000066757202,0.06430000066757202
external_traffic,431,431::origin=0,0,seasonal_naive,0,3170190643,degenerate,11,2018-07-01 13:00:00,0.06629999727010727,0.06379999965429306,0.06379999965429306,0.06379999965429306,0.06379999965429306,0.06379999965429306,0.06379999965429306,0.06379999965429306,0.06379999965429306,0.06379999965429306,0.06379999965429306,0.06379999965429306
external_traffic,431,431::origin=0,0,seasonal_naive,0,3170190643,degenerate,12,2018-07-01 14:00:00,0.07050000131130219,0.06390000134706497,0.06390000134706497,0.06390000134706497,0.06390000134706497,0.06390000134706497,0.06390000134706497,0.06390000134706497,0.06390000134706497,0.06390000134706497,0.06390000134706497,0.06390000134706497
external_traffic,431,431::origin=0,0,seasonal_naive,0,3170190643,degenerate,13,2018-07-01 15:00:00,0.06859999895095825,0.062300000339746475,0.062300000339746475,0.062300000339746475,0.062300000339746475,0.062300000339746475,0.062300000339746475,0.062300000339746475,0.062300000339746475,0.062300000339746475,0.062300000339746475,0.062300000339746475
external_traffic,431,431::origin=0,0,seasonal_naive,0,3170190643,degenerate,14,2018-07-01 16:00:00,0.06930000334978104,0.06520000100135803,0.06520000100135803,0.06520000100135803,0.06520000100135803,0.06520000100135803,0.06520000100135803,0.06520000100135803,0.06520000100135803,0.06520000100135803,0.06520000100135803,0.06520000100135803
external_traffic,431,431::origin=0,0,seasonal_naive,0,3170190643,degenerate,15,2018-07-01 17:00:00,0.0689999982714653,0.07180000096559525,0.07180000096559525,0.07180000096559525,0.07180000096559525,0.07180000096559525,0.07180000096559525,0.07180000096559525,0.07180000096559525,0.07180000096559525,0.07180000096559525,0.07180000096559525
external_traffic,431,431::origin=0,0,seasonal_naive,0,3170190643,degenerate,16,2018-07-01 18:00:00,0.07119999825954437,0.06310000270605087,0.06310000270605087,0.06310000270605087,0.06310000270605087,0.06310000270605087,0.06310000270605087,0.06310000270605087,0.06310000270605087,0.06310000270605087,0.06310000270605087,0.06310000270605087
external_traffic,431,431::origin=0,0,seasonal_naive,0,3170190643,degenerate,17,2018-07-01 19:00:00,0.07410000264644623,0.06620000302791595,0.06620000302791595,0.06620000302791595,0.06620000302791595,0.06620000302791595,0.06620000302791595,0.06620000302791595,0.06620000302791595,0.06620000302791595,0.06620000302791595,0.06620000302791595
external_traffic,431,431::origin=0,0,seasonal_naive,0,3170190643,degenerate,18,2018-07-01 20:00:00,0.06930000334978104,0.05490000173449516,0.05490000173449516,0.05490000173449516,0.05490000173449516,0.05490000173449516,0.05490000173449516,0.05490000173449516,0.05490000173449516,0.05490000173449516,0.05490000173449516,0.05490000173449516
external_traffic,431,431::origin=0,0,seasonal_naive,0,3170190643,degenerate,19,2018-07-01 21:00:00,0.052000001072883606,0.04639999940991402,0.04639999940991402,0.04639999940991402,0.04639999940991402,0.04639999940991402,0.04639999940991402,0.04639999940991402,0.04639999940991402,0.04639999940991402,0.04639999940991402,0.04639999940991402
external_traffic,431,431::origin=0,0,seasonal_naive,0,3170190643,degenerate,20,2018-07-01 22:00:00,0.0421999990940094,0.03610000014305115,0.03610000014305115,0.03610000014305115,0.03610000014305115,0.03610000014305115,0.03610000014305115,0.03610000014305115,0.03610000014305115,0.03610000014305115,0.03610000014305115,0.03610000014305115
external_traffic,431,431::origin=0,0,seasonal_naive,0,3170190643,degenerate,21,2018-07-01 23:00:00,0.04129999876022339,0.0340999998152256,0.0340999998152256,0.0340999998152256,0.0340999998152256,0.0340999998152256,0.0340999998152256,0.0340999998152256,0.0340999998152256,0.0340999998152256,0.0340999998152256,0.0340999998152256
external_traffic,431,431::origin=0,0,seasonal_naive,0,3170190643,degenerate,22,2018-07-02 00:00:00,0.03970000147819519,0.03689999878406525,0.03689999878406525,0.03689999878406525,0.03689999878406525,0.03689999878406525,0.03689999878406525,0.03689999878406525,0.03689999878406525,0.03689999878406525,0.03689999878406525,0.03689999878406525
external_traffic,431,431::origin=0,0,seasonal_naive,0,3170190643,degenerate,23,2018-07-02 01:00:00,0.0284000001847744,0.02329999953508377,0.02329999953508377,0.02329999953508377,0.02329999953508377,0.02329999953508377,0.02329999953508377,0.02329999953508377,0.02329999953508377,0.02329999953508377,0.02329999953508377,0.02329999953508377
external_traffic,431,431::origin=0,0,ar_2,0,3516110194,gaussian,0,2018-07-01 02:00:00,0.01730000041425228,0.029093148186802864,0.029093148186802864,-0.007703215815126896,0.004928221460431814,0.014036376029253006,0.02181895636022091,0.029093148186802864,0.03636734187602997,0.04414992034435272,0.053258076310157776,0.06588950753211975
external_traffic,431,431::origin=0,0,ar_2,0,3516110194,gaussian,1,2018-07-01 03:00:00,0.013700000010430813,0.0397384911775589,0.0397384911775589,-0.014467599801719189,0.004140239208936691,0.017557799816131592,0.029022609815001488,0.0397384911775589,0.05045437440276146,0.061919182538986206,0.0753367468714714,0.09394457936286926
external_traffic,431,431::origin=0,0,ar_2,0,3516110194,gaussian,2,2018-07-01 04:00:00,0.010900000110268593,0.04938865080475807,0.04938865080475807,-0.013159974478185177,0.008311685174703598,0.0237942636013031,0.037023551762104034,0.04938865080475807,0.06175375357270241,0.07498303800821304,0.09046562016010284,0.1119372695684433
external_traffic,431,431::origin=0,0,ar_2,0,3516110194,gaussian,3,2018-07-01 05:00:00,0.008500000461935997,0.05640004575252533,0.05640004575252533,-0.009562145918607712,0.013081321492791176,0.029408853501081467,0.04336012527346611,0.05640004575252533,0.06943996995687485,0.0833912342786789,0.09971877187490463,0.12236223369836807
external_traffic,431,431::origin=0,0,ar_2,0,3516110194,gaussian,4,2018-07-01 06:00:00,0.009700000286102295,0.06087743118405342,0.06087743118405342,-0.0062789046205580235,0.016774488613009453,0.0333976075053215,0.04760144278407097,0.06087743118405342,0.07415342330932617,0.08835725486278534,0.10498037934303284,0.12803375720977783
external_traffic,431,431::origin=0,0,ar_2,0,3516110194,gaussian,5,2018-07-01 07:00:00,0.015599999576807022,0.06346330791711807,0.06346330791711807,-0.004046052694320679,0.019128525629639626,0.0358390286564827,0.05011753365397453,0.06346330791711807,0.07680908590555191,0.09108758717775345,0.10779809206724167,0.13097266852855682
external_traffic,431,431::origin=0,0,ar_2,0,3516110194,gaussian,6,2018-07-01 08:00:00,0.02370000071823597,0.06481895595788956,0.06481895595788956,-0.0027759240474551916,0.020428011193871498,0.03715968132019043,0.0514562726020813,0.06481895595788956,0.07818163931369781,0.09247823059558868,0.10920990258455276,0.1324138343334198
external_traffic,431,431::origin=0,0,ar_2,0,3516110194,gaussian,7,2018-07-01 09:00:00,0.03319999948143959,0.06545282900333405,0.06545282900333405,-0.00215775310061872,0.021051572635769844,0.03778712823987007,0.05208704248070717,0.06545282900333405,0.07881861925125122,0.09311852604150772,0.1098540872335434,0.133063405752182
external_traffic,431,431::origin=0,0,ar_2,0,3516110194,gaussian,8,2018-07-01 10:00:00,0.04470000043511391,0.06570203602313995,0.06570203602313995,-0.0019102600635960698,0.021299654617905617,0.03803563490509987,0.05233591049909592,0.06570203602313995,0.07906816154718399,0.09336843341588974,0.11010441929101944,0.1333143264055252
external_traffic,431,431::origin=0,0,ar_2,0,3516110194,gaussian,9,2018-07-01 11:00:00,0.05339999869465828,0.06576752662658691,0.06576752662658691,-0.001844788552261889,0.021365132182836533,0.03810111805796623,0.05240139737725258,0.06576752662658691,0.07913365960121155,0.0934339314699173,0.1101699247956276,0.13337983191013336
external_traffic,431,431::origin=0,0,ar_2,0,3516110194,gaussian,10,2018-07-01 12:00:00,0.05939999967813492,0.0657581239938736,0.0657581239938736,-0.0018542627803981304,0.021355682983994484,0.03809168562293053,0.05239197984337807,0.0657581239938736,0.07912427186965942,0.09342455863952637,0.11016056686639786,0.133370503783226
external_traffic,431,431::origin=0,0,ar_2,0,3516110194,gaussian,11,2018-07-01 13:00:00,0.06629999727010727,0.0657268762588501,0.0657268762588501,-0.0018856250680983067,0.021324360743165016,0.03806039318442345,0.05236070975661278,0.0657268762588501,0.07909304648637772,0.09339336305856705,0.11012939363718033,0.13333937525749207
external_traffic,431,431::origin=0,0,ar_2,0,3516110194,gaussian,12,2018-07-01 14:00:00,0.07050000131130219,0.0656960979104042,0.0656960979104042,-0.0019164797849953175,0.021293532103300095,0.03802958130836487,0.05232991650700569,0.0656960979104042,0.07906228303909302,0.09336261451244354,0.11009866744279861,0.13330866396427155
external_traffic,431,431::origin=0,0,ar_2,0,3516110194,gaussian,13,2018-07-01 15:00:00,0.06859999895095825,0.065672867000103,0.065672867000103,-0.0019397488795220852,0.021270275115966797,0.038006335496902466,0.052306678146123886,0.065672867000103,0.0790390595793724,0.09333939850330353,0.1100754588842392,0.13328547775745392
external_traffic,431,431::origin=0,0,ar_2,0,3516110194,gaussian,14,2018-07-01 16:00:00,0.06930000334978104,0.06565764546394348,0.06565764546394348,-0.001954984851181507,0.021255044266581535,0.037991106510162354,0.05229145288467407,0.06565764546394348,0.07902383804321289,0.09332418441772461,0.11006025224924088,0.133270263671875
external_traffic,431,431::origin=0,0,ar_2,0,3516110194,gaussian,15,2018-07-01 17:00:00,0.0689999982714653,0.06564866006374359,0.06564866006374359,-0.0019639749079942703,0.021246055141091347,0.03798212110996246,0.05228246748447418,0.06564866006374359,0.079014852643013,0.09331519901752472,0.11005126684904099,0.1332612931728363
external_traffic,431,431::origin=0,0,ar_2,0,3516110194,gaussian,16,2018-07-01 18:00:00,0.07119999825954437,0.06564383953809738,0.06564383953809738,-0.00196879543364048,0.021241234615445137,0.037977300584316254,0.05227764695882797,0.06564383953809738,0.07901003211736679,0.09331037849187851,0.11004644632339478,0.1332564651966095
external_traffic,431,431::origin=0,0,ar_2,0,3516110194,gaussian,17,2018-07-01 19:00:00,0.07410000264644623,0.06564152240753174,0.06564152240753174,-0.0019711125642061234,0.021238917484879494,0.03797498345375061,0.05227532982826233,0.06564152240753174,0.07900771498680115,0.09330806136131287,0.11004412919282913,0.13325415551662445
external_traffic,431,431::origin=0,0,ar_2,0,3516110194,gaussian,18,2018-07-01 20:00:00,0.06930000334978104,0.06564056128263474,0.06564056128263474,-0.0019720736891031265,0.02123795635998249,0.03797402232885361,0.052274368703365326,0.06564056128263474,0.07900675386190414,0.09330710023641586,0.11004316806793213,0.13325318694114685
external_traffic,431,431::origin=0,0,ar_2,0,3516110194,gaussian,19,2018-07-01 21:00:00,0.052000001072883606,0.06564027816057205,0.06564027816057205,-0.0019723568111658096,0.021237673237919807,0.037973739206790924,0.05227408558130264,0.06564027816057205,0.07900647073984146,0.09330681711435318,0.11004288494586945,0.13325290381908417
external_traffic,431,431::origin=0,0,ar_2,0,3516110194,gaussian,20,2018-07-01 22:00:00,0.0421999990940094,0.06564027070999146,0.06564027070999146,-0.0019723642617464066,0.02123766578733921,0.03797373175621033,0.052274078130722046,0.06564027070999146,0.07900646328926086,0.09330680966377258,0.11004287749528885,0.13325290381908417
external_traffic,431,431::origin=0,0,ar_2,0,3516110194,gaussian,21,2018-07-01 23:00:00,0.04129999876022339,0.06564036011695862,0.06564036011695862,-0.0019722748547792435,0.021237755194306374,0.03797382116317749,0.05227416753768921,0.06564036011695862,0.07900655269622803,0.09330689907073975,0.11004296690225601,0.13325299322605133
external_traffic,431,431::origin=0,0,ar_2,0,3516110194,gaussian,22,2018-07-02 00:00:00,0.03970000147819519,0.06564045697450638,0.06564045697450638,-0.0019721779972314835,0.021237852051854134,0.03797391802072525,0.05227426439523697,0.06564045697450638,0.07900664955377579,0.0933069959282875,0.11004306375980377,0.1332530826330185
external_traffic,431,431::origin=0,0,ar_2,0,3516110194,gaussian,23,2018-07-02 01:00:00,0.0284000001847744,0.06564053148031235,0.06564053148031235,-0.0019721034914255142,0.021237926557660103,0.03797399252653122,0.05227433890104294,0.06564053148031235,0.07900672405958176,0.09330707043409348,0.11004313826560974,0.13325315713882446
external_traffic,431,431::origin=0,0,ma_2,0,1478347069,gaussian,0,2018-07-01 02:00:00,0.01730000041425228,0.03485012426972389,0.03485012426972389,-0.005087554920464754,0.008622230961918831,0.018507951870560646,0.026954932138323784,0.03485012426972389,0.04274531826376915,0.05119229853153229,0.0610780194401741,0.07478780299425125
external_traffic,431,431::origin=0,0,ma_2,0,1478347069,gaussian,1,2018-07-01 03:00:00,0.013700000010430813,0.052939191460609436,0.052939191460609436,-0.0028391664382070303,0.01630839891731739,0.030115142464637756,0.041912492364645004,0.052939191460609436,0.06396589428186417,0.07576324045658112,0.08956998586654663,0.10871754586696625
external_traffic,431,431::origin=0,0,ma_2,0,1478347069,gaussian,2,2018-07-01 04:00:00,0.010900000110268593,0.06563831865787506,0.06563831865787506,0.006824593525379896,0.02701413817703724,0.041572220623493195,0.05401156470179558,0.06563831865787506,0.07726507633924484,0.08970441669225693,0.10426250100135803,0.12445203959941864
external_traffic,431,431::origin=0,0,ma_2,0,1478347069,gaussian,3,2018-07-01 05:00:00,0.008500000461935997,0.06563831865787506,0.06563831865787506,0.006824593525379896,0.02701413817703724,0.041572220623493195,0.05401156470179558,0.06563831865787506,0.07726507633924484,0.08970441669225693,0.10426250100135803,0.12445203959941864
external_traffic,431,431::origin=0,0,ma_2,0,1478347069,gaussian,4,2018-07-01 06:00:00,0.009700000286102295,0.06563831865787506,0.06563831865787506,0.006824593525379896,0.02701413817703724,0.041572220623493195,0.05401156470179558,0.06563831865787506,0.07726507633924484,0.08970441669225693,0.10426250100135803,0.12445203959941864
external_traffic,431,431::origin=0,0,ma_2,0,1478347069,gaussian,5,2018-07-01 07:00:00,0.015599999576807022,0.06563831865787506,0.06563831865787506,0.006824593525379896,0.02701413817703724,0.041572220623493195,0.05401156470179558,0.06563831865787506,0.07726507633924484,0.08970441669225693,0.10426250100135803,0.12445203959941864
external_traffic,431,431::origin=0,0,ma_2,0,1478347069,gaussian,6,2018-07-01 08:00:00,0.02370000071823597,0.06563831865787506,0.06563831865787506,0.006824593525379896,0.02701413817703724,0.041572220623493195,0.05401156470179558,0.06563831865787506,0.07726507633924484,0.08970441669225693,0.10426250100135803,0.12445203959941864
external_traffic,431,431::origin=0,0,ma_2,0,1478347069,gaussian,7,2018-07-01 09:00:00,0.03319999948143959,0.06563831865787506,0.06563831865787506,0.006824593525379896,0.02701413817703724,0.041572220623493195,0.05401156470179558,0.06563831865787506,0.07726507633924484,0.08970441669225693,0.10426250100135803,0.12445203959941864
external_traffic,431,431::origin=0,0,ma_2,0,1478347069,gaussian,8,2018-07-01 10:00:00,0.04470000043511391,0.06563831865787506,0.06563831865787506,0.006824593525379896,0.02701413817703724,0.041572220623493195,0.05401156470179558,0.06563831865787506,0.07726507633924484,0.08970441669225693,0.10426250100135803,0.12445203959941864
external_traffic,431,431::origin=0,0,ma_2,0,1478347069,gaussian,9,2018-07-01 11:00:00,0.05339999869465828,0.06563831865787506,0.06563831865787506,0.006824593525379896,0.02701413817703724,0.041572220623493195,0.05401156470179558,0.06563831865787506,0.07726507633924484,0.08970441669225693,0.10426250100135803,0.12445203959941864
external_traffic,431,431::origin=0,0,ma_2,0,1478347069,gaussian,10,2018-07-01 12:00:00,0.05939999967813492,0.06563831865787506,0.06563831865787506,0.006824593525379896,0.02701413817703724,0.041572220623493195,0.05401156470179558,0.06563831865787506,0.07726507633924484,0.08970441669225693,0.10426250100135803,0.12445203959941864
external_traffic,431,431::origin=0,0,ma_2,0,1478347069,gaussian,11,2018-07-01 13:00:00,0.06629999727010727,0.06563831865787506,0.06563831865787506,0.006824593525379896,0.02701413817703724,0.041572220623493195,0.05401156470179558,0.06563831865787506,0.07726507633924484,0.08970441669225693,0.10426250100135803,0.12445203959941864
external_traffic,431,431::origin=0,0,ma_2,0,1478347069,gaussian,12,2018-07-01 14:00:00,0.07050000131130219,0.06563831865787506,0.06563831865787506,0.006824593525379896,0.02701413817703724,0.041572220623493195,0.05401156470179558,0.06563831865787506,0.07726507633924484,0.08970441669225693,0.10426250100135803,0.12445203959941864
external_traffic,431,431::origin=0,0,ma_2,0,1478347069,gaussian,13,2018-07-01 15:00:00,0.06859999895095825,0.06563831865787506,0.06563831865787506,0.006824593525379896,0.02701413817703724,0.041572220623493195,0.05401156470179558,0.06563831865787506,0.07726507633924484,0.08970441669225693,0.10426250100135803,0.12445203959941864
external_traffic,431,431::origin=0,0,ma_2,0,1478347069,gaussian,14,2018-07-01 16:00:00,0.06930000334978104,0.06563831865787506,0.06563831865787506,0.006824593525379896,0.02701413817703724,0.041572220623493195,0.05401156470179558,0.06563831865787506,0.07726507633924484,0.08970441669225693,0.10426250100135803,0.12445203959941864
external_traffic,431,431::origin=0,0,ma_2,0,1478347069,gaussian,15,2018-07-01 17:00:00,0.0689999982714653,0.06563831865787506,0.06563831865787506,0.006824593525379896,0.02701413817703724,0.041572220623493195,0.05401156470179558,0.06563831865787506,0.07726507633924484,0.08970441669225693,0.10426250100135803,0.12445203959941864
external_traffic,431,431::origin=0,0,ma_2,0,1478347069,gaussian,16,2018-07-01 18:00:00,0.07119999825954437,0.06563831865787506,0.06563831865787506,0.006824593525379896,0.02701413817703724,0.041572220623493195,0.05401156470179558,0.06563831865787506,0.07726507633924484,0.08970441669225693,0.10426250100135803,0.12445203959941864
external_traffic,431,431::origin=0,0,ma_2,0,1478347069,gaussian,17,2018-07-01 19:00:00,0.07410000264644623,0.06563831865787506,0.06563831865787506,0.006824593525379896,0.02701413817703724,0.041572220623493195,0.05401156470179558,0.06563831865787506,0.07726507633924484,0.08970441669225693,0.10426250100135803,0.12445203959941864
external_traffic,431,431::origin=0,0,ma_2,0,1478347069,gaussian,18,2018-07-01 20:00:00,0.06930000334978104,0.06563831865787506,0.06563831865787506,0.006824593525379896,0.02701413817703724,0.041572220623493195,0.05401156470179558,0.06563831865787506,0.07726507633924484,0.08970441669225693,0.10426250100135803,0.12445203959941864
external_traffic,431,431::origin=0,0,ma_2,0,1478347069,gaussian,19,2018-07-01 21:00:00,0.052000001072883606,0.06563831865787506,0.06563831865787506,0.006824593525379896,0.02701413817703724,0.041572220623493195,0.05401156470179558,0.06563831865787506,0.07726507633924484,0.08970441669225693,0.10426250100135803,0.12445203959941864
external_traffic,431,431::origin=0,0,ma_2,0,1478347069,gaussian,20,2018-07-01 22:00:00,0.0421999990940094,0.06563831865787506,0.06563831865787506,0.006824593525379896,0.02701413817703724,0.041572220623493195,0.05401156470179558,0.06563831865787506,0.07726507633924484,0.08970441669225693,0.10426250100135803,0.12445203959941864
external_traffic,431,431::origin=0,0,ma_2,0,1478347069,gaussian,21,2018-07-01 23:00:00,0.04129999876022339,0.06563831865787506,0.06563831865787506,0.006824593525379896,0.02701413817703724,0.041572220623493195,0.05401156470179558,0.06563831865787506,0.07726507633924484,0.08970441669225693,0.10426250100135803,0.12445203959941864
external_traffic,431,431::origin=0,0,ma_2,0,1478347069,gaussian,22,2018-07-02 00:00:00,0.03970000147819519,0.06563831865787506,0.06563831865787506,0.006824593525379896,0.02701413817703724,0.041572220623493195,0.05401156470179558,0.06563831865787506,0.07726507633924484,0.08970441669225693,0.10426250100135803,0.12445203959941864
external_traffic,431,431::origin=0,0,ma_2,0,1478347069,gaussian,23,2018-07-02 01:00:00,0.0284000001847744,0.06563831865787506,0.06563831865787506,0.006824593525379896,0.02701413817703724,0.041572220623493195,0.05401156470179558,0.06563831865787506,0.07726507633924484,0.08970441669225693,0.10426250100135803,0.12445203959941864
external_traffic,431,431::origin=0,0,arma_2_2,0,244384433,gaussian,0,2018-07-01 02:00:00,0.01730000041425228,0.031287726014852524,0.031287726014852524,-0.005096693057566881,0.007393331732600927,0.01639951765537262,0.024094970896840096,0.031287726014852524,0.0384804829955101,0.04617593437433243,0.05518212169408798,0.06767214089632034
external_traffic,431,431::origin=0,0,arma_2_2,0,244384433,gaussian,1,2018-07-01 03:00:00,0.013700000010430813,0.044108301401138306,0.044108301401138306,-0.008443756029009819,0.00959628727287054,0.022604428231716156,0.03371940180659294,0.044108301401138306,0.05449720472097397,0.06561217457056046,0.0786203145980835,0.09666035324335098
external_traffic,431,431::origin=0,0,arma_2_2,0,244384433,gaussian,2,2018-07-01 04:00:00,0.010900000110268593,0.05523812398314476,0.05523812398314476,-0.004843081347644329,0.015781564638018608,0.03065338358283043,0.04336080327630043,0.05523812398314476,0.06711544841527939,0.07982286065816879,0.09469468891620636,0.11531932651996613
external_traffic,431,431::origin=0,0,arma_2_2,0,244384433,gaussian,3,2018-07-01 05:00:00,0.008500000461935997,0.06421082466840744,0.06421082466840744,0.000795757572632283,0.022564848884940147,0.03826189413666725,0.05167444050312042,0.06421082466840744,0.07674720883369446,0.09015975147485733,0.10585680603981018,0.12762588262557983
external_traffic,431,431::origin=0,0,arma_2_2,0,244384433,gaussian,4,2018-07-01 06:00:00,0.009700000286102295,0.0708661898970604,0.0708661898970604,0.006293481681495905,0.02845996804535389,0.044443562626838684,0.058100953698158264,0.0708661898970604,0.08363142609596252,0.0972888171672821,0.11327241361141205,0.13543888926506042
external_traffic,431,431::origin=0,0,arma_2_2,0,244384433,gaussian,5,2018-07-01 07:00:00,0.015599999576807022,0.07528027892112732,0.07528027892112732,0.010494738817214966,0.03273428604006767,0.048770565539598465,0.06247296929359436,0.07528027892112732,0.08808758854866028,0.10178999602794647,0.11782627552747726,0.14006581902503967
external_traffic,431,431::origin=0,0,arma_2_2,0,244384433,gaussian,6,2018-07-01 08:00:00,0.02370000071823597,0.07769492268562317,0.07769492268562317,0.012908962555229664,0.035148654133081436,0.05118503421545029,0.06488753110170364,0.07769492268562317,0.09050232172012329,0.10420481115579605,0.1202411949634552,0.14248088002204895
external_traffic,431,431::origin=0,0,arma_2_2,0,244384433,gaussian,7,2018-07-01 09:00:00,0.03319999948143959,0.07845255732536316,0.07845255732536316,0.013530313968658447,0.03581678867340088,0.0518869049847126,0.06561822444200516,0.07845255732536316,0.09128689765930176,0.10501821339130402,0.12108832597732544,0.14337480068206787
external_traffic,431,431::origin=0,0,arma_2_2,0,244384433,gaussian,8,2018-07-01 10:00:00,0.04470000043511391,0.07794039696455002,0.07794039696455002,0.012668495066463947,0.035075001418590546,0.05123166739940643,0.06503693759441376,0.07794039696455002,0.09084385633468628,0.1046491265296936,0.12080579996109009,0.14321228861808777
external_traffic,431,431::origin=0,0,arma_2_2,0,244384433,gaussian,9,2018-07-01 11:00:00,0.05339999869465828,0.07654605805873871,0.07654605805873871,0.010781129822134972,0.03335687890648842,0.04963558539748192,0.06354513764381409,0.07654605805873871,0.08954698592424393,0.1034565344452858,0.1197352409362793,0.1423109769821167
external_traffic,431,431::origin=0,0,arma_2_2,0,244384433,gaussian,10,2018-07-01 12:00:00,0.05939999967813492,0.07462523877620697,0.07462523877620697,0.008337483741343021,0.03109271079301834,0.04750083014369011,0.06152096018195152,0.07462523877620697,0.08772952109575272,0.10174965113401413,0.1181577667593956,0.1409129947423935
external_traffic,431,431::origin=0,0,arma_2_2,0,244384433,gaussian,11,2018-07-01 13:00:00,0.06629999727010727,0.07248075306415558,0.07248075306415558,0.005733848549425602,0.028646692633628845,0.04516846314072609,0.05928570404648781,0.07248075306415558,0.08567580580711365,0.09979303926229477,0.11631482094526291,0.13922765851020813
external_traffic,431,431::origin=0,0,arma_2_2,0,244384433,gaussian,12,2018-07-01 14:00:00,0.07050000131130219,0.07035175710916519,0.07035175710916519,0.003258755197748542,0.02629040740430355,0.042897846549749374,0.05708828940987587,0.07035175710916519,0.08361522853374481,0.09780566394329071,0.11441311240196228,0.13744474947452545
external_traffic,431,431::origin=0,0,arma_2_2,0,244384433,gaussian,13,2018-07-01 15:00:00,0.06859999895095825,0.06841112673282623,0.06841112673282623,0.001092684455215931,0.02420172467827797,0.0408649705350399,0.05510309338569641,0.06841112673282623,0.08171916007995605,0.09595728665590286,0.1126205325126648,0.1357295662164688
external_traffic,431,431::origin=0,0,arma_2_2,0,244384433,gaussian,14,2018-07-01 16:00:00,0.06930000334978104,0.06676910072565079,0.06676910072565079,-0.0006740232347510755,0.02247781865298748,0.03917192295193672,0.05343641713261604,0.06676910072565079,0.08010178804397583,0.09436627477407455,0.11106038838624954,0.13421222567558289
external_traffic,431,431::origin=0,0,arma_2_2,0,244384433,gaussian,15,2018-07-01 17:00:00,0.0689999982714653,0.06548113375902176,0.06548113375902176,-0.002017399063333869,0.021153463050723076,0.037861283868551254,0.05213749781250954,0.06548113375902176,0.07882477343082428,0.09310097992420197,0.10980881005525589,0.13297966122627258
external_traffic,431,431::origin=0,0,arma_2_2,0,244384433,gaussian,16,2018-07-01 18:00:00,0.07119999825954437,0.06455814093351364,0.06455814093351364,-0.002957349643111229,0.020219333469867706,0.0369313508272171,0.0512111522257328,0.06455814093351364,0.07790513336658478,0.09218493103981018,0.10889694839715958,0.13207362592220306
external_traffic,431,431::origin=0,0,arma_2_2,0,244384433,gaussian,17,2018-07-01 19:00:00,0.07410000264644623,0.06397774070501328,0.06397774070501328,-0.0035395831800997257,0.019637729972600937,0.036350201815366745,0.050630390644073486,0.06397774070501328,0.07732509076595306,0.0916052758693695,0.10831775516271591,0.13149505853652954
external_traffic,431,431::origin=0,0,arma_2_2,0,244384433,gaussian,18,2018-07-01 20:00:00,0.06930000334978104,0.06369511783123016,0.06369511783123016,-0.003822802798822522,0.019354714080691338,0.036067333072423935,0.050347648561000824,0.06369511783123016,0.0770425871014595,0.0913228988647461,0.10803552716970444,0.13121303915977478
external_traffic,431,431::origin=0,0,arma_2_2,0,244384433,gaussian,19,2018-07-01 21:00:00,0.052000001072883606,0.06365286558866501,0.06365286558866501,-0.0038701300509274006,0.01930912956595421,0.03602300584316254,0.05030439421534538,0.06365286558866501,0.07700134068727493,0.09128272533416748,0.10799660533666611,0.13117586076259613
external_traffic,431,431::origin=0,0,arma_2_2,0,244384433,gaussian,20,2018-07-01 22:00:00,0.0421999990940094,0.06378918886184692,0.06378918886184692,-0.0037437083665281534,0.01943895034492016,0.036155276000499725,0.050438761711120605,0.06378918886184692,0.07713962346315384,0.09142310172319412,0.10813943296670914,0.13132208585739136
external_traffic,431,431::origin=0,0,arma_2_2,0,244384433,gaussian,21,2018-07-01 23:00:00,0.04129999876022339,0.06404422968626022,0.06404422968626022,-0.003501161467283964,0.019685786217451096,0.036405205726623535,0.050691332668066025,0.06404422968626022,0.07739713042974472,0.09168325364589691,0.10840267688035965,0.1315896213054657
external_traffic,431,431::origin=0,0,arma_2_2,0,244384433,gaussian,22,2018-07-02 00:00:00,0.03970000147819519,0.06436451524496078,0.06436451524496078,-0.0031932885758578777,0.019997918978333473,0.03672041371464729,0.0510091632604599,0.06436451524496078,0.07771987468004227,0.09200862050056458,0.10873111337423325,0.13192231953144073
external_traffic,431,431::origin=0,0,arma_2_2,0,244384433,gaussian,23,2018-07-02 01:00:00,0.0284000001847744,0.06470566987991333,0.06470566987991333,-0.0028625130653381348,0.020332258194684982,0.03705732151865959,0.05134826526045799,0.06470566987991333,0.07806307822465897,0.09235402196645737,0.10907908529043198,0.1322738528251648
external_traffic,431,431::origin=0,0,arima_2_1_2,0,2869096901,gaussian,0,2018-07-01 02:00:00,0.01730000041425228,0.029714908450841904,0.029714908450841904,-0.006969389505684376,0.005623577628284693,0.014703992754220963,0.0224628709256649,0.029714908450841904,0.036966945976018906,0.044725824147462845,0.05380624160170555,0.06639920175075531
external_traffic,431,431::origin=0,0,arima_2_1_2,0,2869096901,gaussian,1,2018-07-01 03:00:00,0.013700000010430813,0.039277587085962296,0.039277587085962296,-0.013696328736841679,0.0044885301031172276,0.017601091414690018,0.028805291280150414,0.039277587085962296,0.04974988475441933,0.06095408275723457,0.0740666463971138,0.0922515019774437
external_traffic,431,431::origin=0,0,arima_2_1_2,0,2869096901,gaussian,2,2018-07-01 04:00:00,0.010900000110268593,0.04876532778143883,0.04876532778143883,-0.013067270629107952,0.008158592507243156,0.023463932797312737,0.03654177859425545,0.04876532778143883,0.060988880693912506,0.07406672090291977,0.08937206864356995,0.11059792339801788
external_traffic,431,431::origin=0,0,arima_2_1_2,0,2869096901,gaussian,3,2018-07-01 05:00:00,0.008500000461935997,0.056427180767059326,0.056427180767059326,-0.009355464950203896,0.013226368464529514,0.02950945869088173,0.04342275485396385,0.056427180767059326,0.0694316104054451,0.08334490656852722,0.09962799400091171,0.1222098171710968
external_traffic,431,431::origin=0,0,arima_2_1_2,0,2869096901,gaussian,4,2018-07-01 06:00:00,0.009700000286102295,0.061647653579711914,0.061647653579711914,-0.005423377733677626,0.017600731924176216,0.034202735871076584,0.0483885295689106,0.061647653579711914,0.07490678131580353,0.08909257501363754,0.10569457709789276,0.12871867418289185
external_traffic,431,431::origin=0,0,arima_2_1_2,0,2869096901,gaussian,5,2018-07-01 07:00:00,0.015599999576807022,0.06454893201589584,0.06454893201589584,-0.0027484563179314137,0.02035335637629032,0.037011388689279556,0.051245059818029404,0.06454893201589584,0.07785280793905258,0.09208647161722183,0.10874450951814651,0.13184630870819092
external_traffic,431,431::origin=0,0,arima_2_1_2,0,2869096901,gaussian,6,2018-07-01 08:00:00,0.02370000071823597,0.06563420593738556,0.06563420593738556,-0.001664075069129467,0.02143804542720318,0.03809629753232002,0.05233015865087509,0.06563420593738556,0.07893826067447662,0.0931721106171608,0.10983037203550339,0.13293248414993286
external_traffic,431,431::origin=0,0,arima_2_1_2,0,2869096901,gaussian,7,2018-07-01 09:00:00,0.03319999948143959,0.06552071124315262,0.06552071124315262,-0.0018242847872897983,0.021293871104717255,0.037963688373565674,0.052207428961992264,0.06552071124315262,0.07883399724960327,0.09307773411273956,0.10974755138158798,0.13286569714546204
external_traffic,431,431::origin=0,0,arima_2_1_2,0,2869096901,gaussian,8,2018-07-01 10:00:00,0.04470000043511391,0.06477201730012894,0.06477201730012894,-0.002668175380676985,0.020482659339904785,0.037176039069890976,0.05143991485238075,0.06477201730012894,0.07810412347316742,0.0923679918050766,0.10906137526035309,0.13221220672130585
external_traffic,431,431::origin=0,0,arima_2_1_2,0,2869096901,gaussian,9,2018-07-01 11:00:00,0.05339999869465828,0.06381627172231674,0.06381627172231674,-0.003713207086548209,0.0194682776927948,0.036183759570121765,0.050466518849134445,0.06381627172231674,0.07716602832078934,0.09144878387451172,0.10816426575183868,0.1313457489013672
external_traffic,431,431::origin=0,0,arima_2_1_2,0,2869096901,gaussian,10,2018-07-01 12:00:00,0.05939999967813492,0.06292692571878433,0.06292692571878433,-0.004657818470150232,0.018542638048529625,0.03527179732918739,0.04956624656915665,0.06292692571878433,0.07628760486841202,0.09058205038309097,0.10731121897697449,0.13051165640354156
external_traffic,431,431::origin=0,0,arima_2_1_2,0,2869096901,gaussian,11,2018-07-01 13:00:00,0.06629999727010727,0.062241245061159134,0.062241245061159134,-0.005367159843444824,0.017841419205069542,0.03457643836736679,0.04887589067220688,0.062241245061159134,0.07560660690069199,0.08990605175495148,0.10664107650518417,0.1298496425151825
external_traffic,431,431::origin=0,0,arima_2_1_2,0,2869096901,gaussian,12,2018-07-01 14:00:00,0.07050000131130219,0.06179610267281532,0.06179610267281532,-0.0058184037916362286,0.017392270267009735,0.03412879630923271,0.048429541289806366,0.06179610267281532,0.07516267150640488,0.08946340531110764,0.10619994252920151,0.12941060960292816
external_traffic,431,431::origin=0,0,arima_2_1_2,0,2869096901,gaussian,13,2018-07-01 15:00:00,0.06859999895095825,0.06156644597649574,0.06156644597649574,-0.006048423238098621,0.017162375152111053,0.03389899060130119,0.048199813812971115,0.06156644597649574,0.07493308186531067,0.0892338976264,0.10597052425146103,0.12918131053447723
external_traffic,431,431::origin=0,0,arima_2_1_2,0,2869096901,gaussian,14,2018-07-01 16:00:00,0.06930000334978104,0.0614980086684227,0.0614980086684227,-0.00611712783575058,0.017093760892748833,0.033830445259809494,0.048131320625543594,0.0614980086684227,0.0748647004365921,0.0891655683517456,0.10590226203203201,0.12911313772201538
external_traffic,431,431::origin=0,0,arima_2_1_2,0,2869096901,gaussian,15,2018-07-01 17:00:00,0.0689999982714653,0.061530742794275284,0.061530742794275284,-0.0060857306234538555,0.01712561771273613,0.033862631767988205,0.04816379025578499,0.061530742794275284,0.07489769905805588,0.08919885009527206,0.10593587160110474,0.1291472166776657
external_traffic,431,431::origin=0,0,arima_2_1_2,0,2869096901,gaussian,16,2018-07-01 18:00:00,0.07119999825954437,0.06161273270845413,0.06161273270845413,-0.006005545146763325,0.017206422984600067,0.03394388407468796,0.04824542626738548,0.06161273270845413,0.07498004287481308,0.0892815813422203,0.1060190424323082,0.12923100590705872
external_traffic,431,431::origin=0,0,arima_2_1_2,0,2869096901,gaussian,17,2018-07-01 19:00:00,0.07410000264644623,0.06170627474784851,0.06170627474784851,-0.005913573782891035,0.017298933118581772,0.034036785364151,0.04833865538239479,0.06170627474784851,0.07507389783859253,0.08937576413154602,0.10611362010240555,0.12932612001895905
external_traffic,431,431::origin=0,0,arima_2_1_2,0,2869096901,gaussian,18,2018-07-01 20:00:00,0.06930000334978104,0.061788544058799744,0.061788544058799744,-0.005832364782691002,0.017380505800247192,0.034118618816137314,0.04842071607708931,0.061788544058799744,0.07515637576580048,0.08945846557617188,0.1061965823173523,0.12940944731235504
external_traffic,431,431::origin=0,0,arima_2_1_2,0,2869096901,gaussian,19,2018-07-01 21:00:00,0.052000001072883606,0.061849165707826614,0.061849165707826614,-0.005772339645773172,0.017440736293792725,0.034178998321294785,0.04848121851682663,0.061849165707826614,0.0752171128988266,0.08951933681964874,0.1062575951218605,0.12947066128253937
external_traffic,431,431::origin=0,0,arima_2_1_2,0,2869096901,gaussian,20,2018-07-01 22:00:00,0.0421999990940094,0.06188652664422989,0.06188652664422989,-0.005735265091061592,0.017477909103035927,0.03421624004840851,0.04851852357387543,0.06188652664422989,0.07525452971458435,0.08955681324005127,0.106295146048069,0.12950831651687622
external_traffic,431,431::origin=0,0,arima_2_1_2,0,2869096901,gaussian,21,2018-07-01 23:00:00,0.04129999876022339,0.061904117465019226,0.061904117465019226,-0.005717803258448839,0.01749541610479355,0.03423377871513367,0.048536088317632675,0.061904117465019226,0.07527215033769608,0.08957445621490479,0.1063128262758255,0.1295260339975357
external_traffic,431,431::origin=0,0,arima_2_1_2,0,2869096901,gaussian,22,2018-07-02 00:00:00,0.03970000147819519,0.0619075745344162,0.0619075745344162,-0.005714403465390205,0.017498834058642387,0.03423721343278885,0.04853953421115875,0.0619075745344162,0.07527561485767365,0.08957793563604355,0.10631632059812546,0.12952955067157745
external_traffic,431,431::origin=0,0,arima_2_1_2,0,2869096901,gaussian,23,2018-07-02 01:00:00,0.0284000001847744,0.06190263479948044,0.06190263479948044,-0.005719366949051619,0.017493879422545433,0.03423226252198219,0.048534590750932693,0.06190263479948044,0.07527068257331848,0.08957300335168839,0.10631139576435089,0.12952463328838348
external_traffic,431,431::origin=0,0,auto_arima,0,4225776616,gaussian,0,2018-07-01 02:00:00,0.01730000041425228,0.03068643994629383,0.03068643994629383,-0.005993288941681385,0.006598109379410744,0.015677394345402718,0.023435305804014206,0.03068643994629383,0.037937577813863754,0.04569548740983009,0.05477477237582207,0.06736616790294647
external_traffic,431,431::origin=0,0,auto_arima,0,4225776616,gaussian,1,2018-07-01 03:00:00,0.013700000010430813,0.04128574579954147,0.04128574579954147,-0.011693059466779232,0.0064934780821204185,0.01960724964737892,0.03081248328089714,0.04128574579954147,0.051759012043476105,0.06296423822641373,0.07607801258563995,0.09426454454660416
external_traffic,431,431::origin=0,0,auto_arima,0,4225776616,gaussian,2,2018-07-01 04:00:00,0.010900000110268593,0.05163639783859253,0.05163639783859253,-0.01018976978957653,0.01103388611227274,0.0263376347720623,0.039414118975400925,0.05163639783859253,0.06385868042707443,0.07693516463041306,0.0922389104962349,0.11346255987882614
external_traffic,431,431::origin=0,0,auto_arima,0,4225776616,gaussian,3,2018-07-01 05:00:00,0.008500000461935997,0.05990254878997803,0.05990254878997803,-0.0058600641787052155,0.01671489141881466,0.032993022352457047,0.04690208286046982,0.05990254878997803,0.07290301471948624,0.08681207150220871,0.10309021174907684,0.12566515803337097
external_traffic,431,431::origin=0,0,auto_arima,0,4225776616,gaussian,4,2018-07-01 06:00:00,0.009700000286102295,0.06547826528549194,0.06547826528549194,-0.0015657873591408134,0.02144906111061573,0.038044385612010956,0.052224475890398026,0.06547826528549194,0.07873205840587616,0.09291214495897293,0.1095074713230133,0.132522314786911
external_traffic,431,431::origin=0,0,auto_arima,0,4225776616,gaussian,5,2018-07-01 07:00:00,0.015599999576807022,0.06854065507650375,0.06854065507650375,0.0012717924546450377,0.024363813921809196,0.04101478308439255,0.055242422968149185,0.06854065507650375,0.08183889091014862,0.09606652706861496,0.11271750181913376,0.1358095109462738
external_traffic,431,431::origin=0,0,auto_arima,0,4225776616,gaussian,6,2018-07-01 08:00:00,0.02370000071823597,0.06965935975313187,0.06965935975313187,0.0023895660415291786,0.025481905788183212,0.04213310778141022,0.056360941380262375,0.06965935975313187,0.08295778185129166,0.09718561172485352,0.11383681744337082,0.13692915439605713
external_traffic,431,431::origin=0,0,auto_arima,0,4225776616,gaussian,7,2018-07-01 09:00:00,0.03319999948143959,0.06951024383306503,0.06951024383306503,0.002193663502112031,0.025302065536379814,0.04196484759449959,0.05620257928967476,0.06951024383306503,0.0828179121017456,0.09705563634634018,0.1137184277176857,0.13682681322097778
external_traffic,431,431::origin=0,0,auto_arima,0,4225776616,gaussian,8,2018-07-01 10:00:00,0.04470000043511391,0.0686996653676033,0.0686996653676033,0.0012872200459241867,0.024428529664874077,0.04111504182219505,0.055373046547174454,0.0686996653676033,0.08202628791332245,0.09628428518772125,0.11297080665826797,0.13611210882663727
external_traffic,431,431::origin=0,0,auto_arima,0,4225776616,gaussian,9,2018-07-01 11:00:00,0.05339999869465828,0.06768196821212769,0.06768196821212769,0.0001783605111995712,0.023350965231657028,0.04006004333496094,0.05433733016252518,0.06768196821212769,0.08102661371231079,0.09530389308929443,0.11201297491788864,0.13518556952476501
external_traffic,431,431::origin=0,0,auto_arima,0,4225776616,gaussian,10,2018-07-01 12:00:00,0.05939999967813492,0.06674327701330185,0.06674327701330185,-0.0008183461613953114,0.022374173626303673,0.039097610861063004,0.05338716879487038,0.06674327701330185,0.08009938895702362,0.0943889394402504,0.11111238598823547,0.13430489599704742
external_traffic,431,431::origin=0,0,auto_arima,0,4225776616,gaussian,11,2018-07-01 13:00:00,0.06629999727010727,0.06602434068918228,0.06602434068918228,-0.001563630998134613,0.02163793332874775,0.03836789354681969,0.05266302451491356,0.06602434068918228,0.0793856605887413,0.09368079155683517,0.11041074991226196,0.13361230492591858
external_traffic,431,431::origin=0,0,auto_arima,0,4225776616,gaussian,12,2018-07-01 14:00:00,0.07050000131130219,0.06556031107902527,0.06556031107902527,-0.002035595243796706,0.021168692037463188,0.037900615483522415,0.052197426557540894,0.06556031107902527,0.07892319560050964,0.09322000294923782,0.1099519357085228,0.1331562101840973
external_traffic,431,431::origin=0,0,auto_arima,0,4225776616,gaussian,13,2018-07-01 15:00:00,0.06859999895095825,0.06532230973243713,0.06532230973243713,-0.0022746517788618803,0.02092999964952469,0.03766218572854996,0.051959216594696045,0.06532230973243713,0.07868540287017822,0.09298243373632431,0.10971462726593018,0.13291926681995392
external_traffic,431,431::origin=0,0,auto_arima,0,4225776616,gaussian,14,2018-07-01 16:00:00,0.06930000334978104,0.06525206565856934,0.06525206565856934,-0.0023449149448424578,0.020859742537140846,0.037591930478811264,0.05188896879553795,0.06525206565856934,0.07861516624689102,0.09291219711303711,0.10964439064264297,0.13284903764724731
external_traffic,431,431::origin=0,0,auto_arima,0,4225776616,gaussian,15,2018-07-01 17:00:00,0.0689999982714653,0.0652862936258316,0.0652862936258316,-0.0023112455382943153,0.020893603563308716,0.037625931203365326,0.05192308500409126,0.0652862936258316,0.07864950597286224,0.09294665604829788,0.10967898368835449,0.13288383185863495
external_traffic,431,431::origin=0,0,auto_arima,0,4225776616,gaussian,16,2018-07-01 18:00:00,0.07119999825954437,0.06537088751792908,0.06537088751792908,-0.0022275347728282213,0.02097761631011963,0.03771016374230385,0.05200750380754471,0.06537088751792908,0.07873427122831345,0.09303160756826401,0.10976415872573853,0.13296930491924286
external_traffic,431,431::origin=0,0,auto_arima,0,4225776616,gaussian,17,2018-07-01 19:00:00,0.07410000264644623,0.06546695530414581,0.06546695530414581,-0.002132211811840534,0.021073196083307266,0.03780592605471611,0.052103426307439804,0.06546695530414581,0.07883048802614212,0.09312798082828522,0.10986071825027466,0.1330661177635193
external_traffic,431,431::origin=0,0,auto_arima,0,4225776616,gaussian,18,2018-07-01 20:00:00,0.06930000334978104,0.06555116176605225,0.06555116176605225,-0.0020484444685280323,0.02115711383521557,0.03788995370268822,0.05218754708766937,0.06555116176605225,0.07891478389501572,0.09321237355470657,0.10994521528482437,0.13315075635910034
external_traffic,431,431::origin=0,0,auto_arima,0,4225776616,gaussian,19,2018-07-01 21:00:00,0.052000001072883606,0.06561306864023209,0.06561306864023209,-0.0019867238588631153,0.02121889777481556,0.03795178607106209,0.05224941670894623,0.06561306864023209,0.07897672802209854,0.09327435493469238,0.11000724136829376,0.1332128494977951
external_traffic,431,431::origin=0,0,auto_arima,0,4225776616,gaussian,20,2018-07-01 22:00:00,0.0421999990940094,0.06565117835998535,0.06565117835998535,-0.001948661869391799,0.021256977692246437,0.03798987343907356,0.0522875152528286,0.06565117835998535,0.0790148451924324,0.09331247955560684,0.11004538089036942,0.13325101137161255
external_traffic,431,431::origin=0,0,auto_arima,0,4225776616,gaussian,21,2018-07-01 23:00:00,0.04129999876022339,0.06566917896270752,0.06566917896270752,-0.001930661266669631,0.021274978294968605,0.03800787404179573,0.052305515855550766,0.06566917896270752,0.07903284579515457,0.09333048015832901,0.11006338149309158,0.13326901197433472
external_traffic,431,431::origin=0,0,auto_arima,0,4225776616,gaussian,22,2018-07-02 00:00:00,0.03970000147819519,0.0656728446483612,0.0656728446483612,-0.0019270003540441394,0.021278640255331993,0.03801153972744942,0.05230918154120445,0.0656728446483612,0.07903651148080826,0.0933341532945633,0.11006705462932587,0.1332726776599884
external_traffic,431,431::origin=0,0,auto_arima,0,4225776616,gaussian,23,2018-07-02 01:00:00,0.0284000001847744,0.065668024122715,0.065668024122715,-0.001931825652718544,0.021273816004395485,0.03800671547651291,0.05230436101555824,0.065668024122715,0.07903169095516205,0.09332933276891708,0.11006223410367966,0.1332678645849228
external_traffic,431,431::origin=0,0,prophet,0,2736715926,samples,0,2018-07-01 02:00:00,0.01730000041425228,-0.0008228507358580828,0.001481555518694222,-0.044857438653707504,-0.028163950890302658,-0.014988466165959835,-0.008870886638760567,-0.0008228507358580828,0.011120681650936604,0.02259748987853527,0.030596740543842316,0.04767488315701485
external_traffic,431,431::origin=0,0,prophet,0,2736715926,samples,1,2018-07-01 03:00:00,0.013700000010430813,0.0018350603058934212,-0.0032398412004113197,-0.04365171864628792,-0.029621955007314682,-0.017252933233976364,-0.00645864475518465,0.0018350603058934212,0.009521572850644588,0.01693008467555046,0.028269827365875244,0.045863743871450424
external_traffic,431,431::origin=0,0,prophet,0,2736715926,samples,2,2018-07-01 04:00:00,0.010900000110268593,0.0009605229133740067,-0.005038856528699398,-0.04164205119013786,-0.028093010187149048,-0.01654781587421894,-0.00847199372947216,0.0009605229133740067,0.007645386271178722,0.020024379715323448,0.030195657163858414,0.04416876658797264
external_traffic,431,431::origin=0,0,prophet,0,2736715926,samples,3,2018-07-01 05:00:00,0.008500000461935997,0.007055413443595171,0.001548526342958212,-0.031474899500608444,-0.023386575281620026,-0.011605145409703255,-0.0026914291083812714,0.007055413443595171,0.01466212049126625,0.02089751698076725,0.02689308486878872,0.04068273678421974
external_traffic,431,431::origin=0,0,prophet,0,2736715926,samples,4,2018-07-01 06:00:00,0.009700000286102295,0.020142730325460434,0.022085947915911674,-0.016688572242856026,-0.006672786548733711,0.005148770287632942,0.011995933018624783,0.020142730325460434,0.030075712129473686,0.03857418894767761,0.04907723143696785,0.06473968178033829
external_traffic,431,431::origin=0,0,prophet,0,2736715926,samples,5,2018-07-01 07:00:00,0.015599999576807022,0.05614897608757019,0.055819153785705566,0.013058221898972988,0.026817573234438896,0.03795280307531357,0.048114072531461716,0.05614897608757019,0.06409979611635208,0.07553168386220932,0.08420941233634949,0.10124465823173523
external_traffic,431,431::origin=0,0,prophet,0,2736715926,samples,6,2018-07-01 08:00:00,0.02370000071823597,0.09125201404094696,0.09261363744735718,0.0443209633231163,0.06406356394290924,0.07424099743366241,0.08472956717014313,0.09125201404094696,0.10093412548303604,0.10945696383714676,0.11888670176267624,0.13263414800167084
external_traffic,431,431::origin=0,0,prophet,0,2736715926,samples,7,2018-07-01 09:00:00,0.03319999948143959,0.11838951706886292,0.117398701608181,0.06952595710754395,0.08494538813829422,0.09769382327795029,0.10894744098186493,0.11838951706886292,0.12637893855571747,0.1373486965894699,0.14740526676177979,0.1611453890800476
external_traffic,431,431::origin=0,0,prophet,0,2736715926,samples,8,2018-07-01 10:00:00,0.04470000043511391,0.11987274140119553,0.11980888247489929,0.07702182233333588,0.09134258329868317,0.10145912319421768,0.11054018884897232,0.11987274140119553,0.13195466995239258,0.13919059932231903,0.14793550968170166,0.1631525754928589
external_traffic,431,431::origin=0,0,prophet,0,2736715926,samples,9,2018-07-01 11:00:00,0.05339999869465828,0.10053955018520355,0.10155941545963287,0.06454599648714066,0.0733981505036354,0.08249113708734512,0.08963261544704437,0.10053955018520355,0.11333226412534714,0.12111490964889526,0.13199324905872345,0.14897944033145905
external_traffic,431,431::origin=0,0,prophet,0,2736715926,samples,10,2018-07-01 12:00:00,0.05939999967813492,0.07534866034984589,0.07532192021608353,0.03330622985959053,0.04738039895892143,0.055714841932058334,0.0683964341878891,0.07534866034984589,0.08489223569631577,0.0939759612083435,0.10353867709636688,0.11980487406253815
external_traffic,431,431::origin=0,0,prophet,0,2736715926,samples,11,2018-07-01 13:00:00,0.06629999727010727,0.05927915871143341,0.05576002970337868,0.011279784142971039,0.025184612721204758,0.03886742517352104,0.05025849863886833,0.05927915871143341,0.06682942062616348,0.07428484410047531,0.08622695505619049,0.1035384088754654
external_traffic,431,431::origin=0,0,prophet,0,2736715926,samples,12,2018-07-01 14:00:00,0.07050000131130219,0.051337748765945435,0.04986828193068504,-0.0019596130587160587,0.014231755398213863,0.029406655579805374,0.03845776990056038,0.051337748765945435,0.05973236635327339,0.07050354778766632,0.07915420085191727,0.09288816899061203
external_traffic,431,431::origin=0,0,prophet,0,2736715926,samples,13,2018-07-01 15:00:00,0.06859999895095825,0.05695447698235512,0.05403252691030502,0.006321445573121309,0.0221430454403162,0.036926694214344025,0.04851694777607918,0.05695447698235512,0.06288499385118484,0.07330483943223953,0.08350367844104767,0.09545116871595383
external_traffic,431,431::origin=0,0,prophet,0,2736715926,samples,14,2018-07-01 16:00:00,0.06930000334978104,0.055737972259521484,0.059194982051849365,0.015503425151109695,0.029236163944005966,0.041960008442401886,0.04893892630934715,0.055737972259521484,0.06469888985157013,0.07621381431818008,0.08740947395563126,0.10306916385889053
external_traffic,431,431::origin=0,0,prophet,0,2736715926,samples,15,2018-07-01 17:00:00,0.0689999982714653,0.055457890033721924,0.058779723942279816,0.012119187973439693,0.026086360216140747,0.03702373057603836,0.04739992320537567,0.055457890033721924,0.06627769023180008,0.07936614751815796,0.09114434570074081,0.10877002775669098
external_traffic,431,431::origin=0,0,prophet,0,2736715926,samples,16,2018-07-01 18:00:00,0.07119999825954437,0.05323425680398941,0.05257786065340042,0.016289563849568367,0.02583755925297737,0.03471174091100693,0.04386879876255989,0.05323425680398941,0.06129217520356178,0.07279829680919647,0.08485527336597443,0.09933237731456757
external_traffic,431,431::origin=0,0,prophet,0,2736715926,samples,17,2018-07-01 19:00:00,0.07410000264644623,0.045738764107227325,0.04438918083906174,0.006959930062294006,0.01899598352611065,0.029094522818922997,0.03695026785135269,0.045738764107227325,0.054545219987630844,0.062022484838962555,0.07243325561285019,0.09014041721820831
external_traffic,431,431::origin=0,0,prophet,0,2736715926,samples,18,2018-07-01 20:00:00,0.06930000334978104,0.034863781183958054,0.03705533221364021,-0.008341973647475243,0.008035016246140003,0.01736263372004032,0.02748047187924385,0.034863781183958054,0.04156960919499397,0.052469369024038315,0.06116426736116409,0.07314975559711456
external_traffic,431,431::origin=0,0,prophet,0,2736715926,samples,19,2018-07-01 21:00:00,0.052000001072883606,0.03471945971250534,0.030099375173449516,-0.007365048862993717,0.007517089135944843,0.015670206397771835,0.02659483812749386,0.03471945971250534,0.043105706572532654,0.04964376613497734,0.060894571244716644,0.07808120548725128
external_traffic,431,431::origin=0,0,prophet,0,2736715926,samples,20,2018-07-01 22:00:00,0.0421999990940094,0.01732885092496872,0.02159455232322216,-0.028146304190158844,-0.013255195692181587,-0.0015253907768055797,0.00913625955581665,0.01732885092496872,0.024384813383221626,0.03708934783935547,0.0467156320810318,0.060398612171411514
external_traffic,431,431::origin=0,0,prophet,0,2736715926,samples,21,2018-07-01 23:00:00,0.04129999876022339,0.012500827200710773,0.011299061588943005,-0.03296395391225815,-0.015439753420650959,-0.006906881462782621,0.0005716697778552771,0.012500827200710773,0.02475765533745289,0.031824640929698944,0.03927813097834587,0.05670269578695297
external_traffic,431,431::origin=0,0,prophet,0,2736715926,samples,22,2018-07-02 00:00:00,0.03970000147819519,-0.0011700852774083614,0.0012594788568094373,-0.04266984388232231,-0.029618961736559868,-0.020233314484357834,-0.0077773528173565865,-0.0011700852774083614,0.007620517630130053,0.01943962089717388,0.03139990195631981,0.0495208278298378
external_traffic,431,431::origin=0,0,prophet,0,2736715926,samples,23,2018-07-02 01:00:00,0.0284000001847744,-0.003951955586671829,-0.006509283557534218,-0.057694464921951294,-0.038911644369363785,-0.028323860839009285,-0.015101817436516285,-0.003951955586671829,0.006119430530816317,0.01275972556322813,0.02385273016989231,0.03764764219522476
external_traffic,431,431::origin=0,0,deepar,0,928423261,samples,0,2018-07-01 02:00:00,0.01730000041425228,0.028848525136709213,0.027443237602710724,0.015361195430159569,0.02239091508090496,0.024438105523586273,0.02621355652809143,0.028848525136709213,0.03077242523431778,0.033597271889448166,0.03611147776246071,0.04226589947938919
external_traffic,431,431::origin=0,0,deepar,0,928423261,samples,1,2018-07-01 03:00:00,0.013700000010430813,0.022269411012530327,0.0247940793633461,0.010182996280491352,0.015428829938173294,0.018045702949166298,0.021083641797304153,0.022269411012530327,0.025822896510362625,0.030862724408507347,0.034009478986263275,0.03860348463058472
external_traffic,431,431::origin=0,0,deepar,0,928423261,samples,2,2018-07-01 04:00:00,0.010900000110268593,0.01818831078708172,0.01870020292699337,0.005963308271020651,0.010209648869931698,0.014239013195037842,0.016513561829924583,0.01818831078708172,0.019949423149228096,0.02276483364403248,0.025741705670952797,0.03037930652499199
external_traffic,431,431::origin=0,0,deepar,0,928423261,samples,3,2018-07-01 05:00:00,0.008500000461935997,0.013485937379300594,0.003521868959069252,-0.004802372772246599,0.00040571679710410535,0.0050246319733560085,0.010268572717905045,0.013485937379300594,0.01621623896062374,0.018230946734547615,0.020464392378926277,0.026597334071993828
external_traffic,431,431::origin=0,0,deepar,0,928423261,samples,4,2018-07-01 06:00:00,0.009700000286102295,0.016239935532212257,0.015380892902612686,0.0014422977110370994,0.008089778013527393,0.010444285348057747,0.012204799801111221,0.016239935532212257,0.017973965033888817,0.02106196992099285,0.022605527192354202,0.027584034949541092
external_traffic,431,431::origin=0,0,deepar,0,928423261,samples,5,2018-07-01 07:00:00,0.015599999576807022,0.02223126031458378,0.021843817085027695,0.005583680234849453,0.013013942167162895,0.015831317752599716,0.01888876035809517,0.02223126031458378,0.025095554068684578,0.027224034070968628,0.03126481547951698,0.036822207272052765
external_traffic,431,431::origin=0,0,deepar,0,928423261,samples,6,2018-07-01 08:00:00,0.02370000071823597,0.03164127096533775,0.030772389844059944,0.015478567220270634,0.02105563133955002,0.025448791682720184,0.029178611934185028,0.03164127096533775,0.03465687111020088,0.037870217114686966,0.04363258183002472,0.04790426418185234
external_traffic,431,431::origin=0,0,deepar,0,928423261,samples,7,2018-07-01 09:00:00,0.03319999948143959,0.043849144130945206,0.04322043061256409,0.024596000090241432,0.03366992622613907,0.037304624915122986,0.04115946218371391,0.043849144130945206,0.04746999219059944,0.050655972212553024,0.05395969748497009,0.060123518109321594
external_traffic,431,431::origin=0,0,deepar,0,928423261,samples,8,2018-07-01 10:00:00,0.04470000043511391,0.053943220525979996,0.05389080196619034,0.03854416683316231,0.04430883005261421,0.04882293567061424,0.051153942942619324,0.053943220525979996,0.055291712284088135,0.059336140751838684,0.06369073688983917,0.07165714353322983
external_traffic,431,431::origin=0,0,deepar,0,928423261,samples,9,2018-07-01 11:00:00,0.05339999869465828,0.0617806576192379,0.061701513826847076,0.04349047690629959,0.04968532174825668,0.056540027260780334,0.05869323015213013,0.0617806576192379,0.0635315403342247,0.06741885840892792,0.07114391773939133,0.08132832497358322
external_traffic,431,431::origin=0,0,deepar,0,928423261,samples,10,2018-07-01 12:00:00,0.05939999967813492,0.06594651192426682,0.06496812403202057,0.04782114177942276,0.05355631560087204,0.05765680968761444,0.061971161514520645,0.06594651192426682,0.06839386373758316,0.07208901643753052,0.07571388781070709,0.08513373881578445
external_traffic,431,431::origin=0,0,deepar,0,928423261,samples,11,2018-07-01 13:00:00,0.06629999727010727,0.07019748538732529,0.07088129222393036,0.05689778923988342,0.060873597860336304,0.0648176372051239,0.06799425929784775,0.07019748538732529,0.0725061371922493,0.07377158850431442,0.07944949716329575,0.08625761419534683
external_traffic,431,431::origin=0,0,deepar,0,928423261,samples,12,2018-07-01 14:00:00,0.07050000131130219,0.06893577426671982,0.07150983065366745,0.05558636412024498,0.05869733542203903,0.06325729936361313,0.06535615772008896,0.06893577426671982,0.0734192430973053,0.07555611431598663,0.07904969900846481,0.08734244853258133
external_traffic,431,431::origin=0,0,deepar,0,928423261,samples,13,2018-07-01 15:00:00,0.06859999895095825,0.06734221428632736,0.06782612949609756,0.04999065026640892,0.058668360114097595,0.06202719360589981,0.06480898708105087,0.06734221428632736,0.06879285722970963,0.07282375544309616,0.07627280801534653,0.0813206285238266
external_traffic,431,431::origin=0,0,deepar,0,928423261,samples,14,2018-07-01 16:00:00,0.06930000334978104,0.06852057576179504,0.06786899268627167,0.05554548650979996,0.059607066214084625,0.06301508843898773,0.06542480736970901,0.06852057576179504,0.0713241696357727,0.07277980446815491,0.07516329735517502,0.08377160131931305
external_traffic,431,431::origin=0,0,deepar,0,928423261,samples,15,2018-07-01 17:00:00,0.0689999982714653,0.0667504072189331,0.06745906174182892,0.05266829580068588,0.05895613506436348,0.06204696744680405,0.06419552117586136,0.0667504072189331,0.0687422901391983,0.07126682996749878,0.07587726414203644,0.08109638839960098
external_traffic,431,431::origin=0,0,deepar,0,928423261,samples,16,2018-07-01 18:00:00,0.07119999825954437,0.06736452132463455,0.06663123518228531,0.05063086748123169,0.0554925762116909,0.06037769466638565,0.06505908071994781,0.06736452132463455,0.07024145126342773,0.07247117906808853,0.07737798243761063,0.08122192323207855
external_traffic,431,431::origin=0,0,deepar,0,928423261,samples,17,2018-07-01 19:00:00,0.07410000264644623,0.06499847769737244,0.06650975346565247,0.051707081496715546,0.05877687782049179,0.06136668473482132,0.06311468034982681,0.06499847769737244,0.06818953901529312,0.07008949667215347,0.0733710527420044,0.07770663499832153
external_traffic,431,431::origin=0,0,deepar,0,928423261,samples,18,2018-07-01 20:00:00,0.06930000334978104,0.06038612872362137,0.06220927834510803,0.047644369304180145,0.05360948294401169,0.057159021496772766,0.05848262086510658,0.06038612872362137,0.0639868751168251,0.0675380602478981,0.0703539103269577,0.07741469889879227
external_traffic,431,431::origin=0,0,deepar,0,928423261,samples,19,2018-07-01 21:00:00,0.052000001072883606,0.060936056077480316,0.060953449457883835,0.048224009573459625,0.053636543452739716,0.05543069541454315,0.05844401568174362,0.060936056077480316,0.06242711842060089,0.06511370092630386,0.06913553923368454,0.0730445608496666
external_traffic,431,431::origin=0,0,deepar,0,928423261,samples,20,2018-07-01 22:00:00,0.0421999990940094,0.053395017981529236,0.05253494903445244,0.04104895144701004,0.045715250074863434,0.047932326793670654,0.05026882886886597,0.053395017981529236,0.055223748087882996,0.05681701749563217,0.05841897428035736,0.06465668231248856
external_traffic,431,431::origin=0,0,deepar,0,928423261,samples,21,2018-07-01 23:00:00,0.04129999876022339,0.04756472632288933,0.04707161337137222,0.033630818128585815,0.03964277356863022,0.04235447570681572,0.044220585376024246,0.04756472632288933,0.04947197437286377,0.050976552069187164,0.05508539453148842,0.060102540999650955
external_traffic,431,431::origin=0,0,deepar,0,928423261,samples,22,2018-07-02 00:00:00,0.03970000147819519,0.04127681255340576,0.0400795079767704,0.026865504682064056,0.03305917978286743,0.036375828087329865,0.03941403701901436,0.04127681255340576,0.043857913464307785,0.04724184796214104,0.04899062588810921,0.05214105173945427
external_traffic,431,431::origin=0,0,deepar,0,928423261,samples,23,2018-07-02 01:00:00,0.0284000001847744,0.03285912051796913,0.03165902569890022,0.023037012666463852,0.027298495173454285,0.02963889203965664,0.03110755793750286,0.03285912051796913,0.03392718359827995,0.03595803305506706,0.03905005007982254,0.04077098146080971
external_psm,feature_12,feature_12::origin=0,0,chronos_t5_tiny,0,3816332723,chronos_samples,0,2000-04-01 01:00:00,0.16533242166042328,0.1632048785686493,0.16360659897327423,0.1594386100769043,0.16069403290748596,0.16194945573806763,0.1632048785686493,0.1632048785686493,0.16446031630039215,0.16446031630039215,0.16571573913097382,0.16822656989097595
external_psm,feature_12,feature_12::origin=0,0,chronos_t5_tiny,0,3816332723,chronos_samples,1,2000-04-01 02:00:00,0.1596791297197342,0.1632048785686493,0.16370704770088196,0.1594386100769043,0.16069403290748596,0.16194945573806763,0.1632048785686493,0.1632048785686493,0.16446031630039215,0.16571573913097382,0.1669711470603943,0.1669711470603943
external_psm,feature_12,feature_12::origin=0,0,chronos_t5_tiny,0,3816332723,chronos_samples,2,2000-04-01 03:00:00,0.16039185225963593,0.16508802771568298,0.1652386635541916,0.1605684906244278,0.16194945573806763,0.1632048785686493,0.16446031630039215,0.16508802771568298,0.16571573913097382,0.1669711470603943,0.16822656989097595,0.17073741555213928
external_psm,feature_12,feature_12::origin=0,0,chronos_t5_tiny,0,3816332723,chronos_samples,3,2000-04-01 04:00:00,0.16553683578968048,0.1669711470603943,0.16738544404506683,0.1632048785686493,0.16446031630039215,0.16571573913097382,0.16571573913097382,0.1669711470603943,0.16822656989097595,0.16860319674015045,0.16948199272155762,0.17199283838272095
external_psm,feature_12,feature_12::origin=0,0,chronos_t5_tiny,0,3816332723,chronos_samples,4,2000-04-01 05:00:00,0.16903269290924072,0.16948199272155762,0.1694820076227188,0.16446031630039215,0.16672006249427795,0.1669711470603943,0.16822656989097595,0.16948199272155762,0.17073741555213928,0.17073741555213928,0.17199283838272095,0.17337380349636078
external_psm,feature_12,feature_12::origin=0,0,chronos_t5_tiny,0,3816332723,chronos_samples,5,2000-04-01 06:00:00,0.1648019403219223,0.17073741555213928,0.1708253026008606,0.16684560477733612,0.16822656989097595,0.16822656989097595,0.16948199272155762,0.17073741555213928,0.17073741555213928,0.17199283838272095,0.1732482612133026,0.1770145148038864
external_psm,feature_12,feature_12::origin=0,0,chronos_t5_tiny,0,3816332723,chronos_samples,6,2000-04-01 07:00:00,0.17098048329353333,0.17073741555213928,0.17118938267230988,0.16571573913097382,0.16797548532485962,0.16910536587238312,0.16948199272155762,0.17073741555213928,0.17199283838272095,0.1732482612133026,0.17450368404388428,0.1770145148038864
external_psm,feature_12,feature_12::origin=0,0,chronos_t5_tiny,0,3816332723,chronos_samples,7,2000-04-01 08:00:00,0.16989243030548096,0.17073741555213928,0.17149066925048828,0.16571573913097382,0.1669711470603943,0.16948199272155762,0.16948199272155762,0.17073741555213928,0.17199283838272095,0.1732482612133026,0.17575910687446594,0.17714005708694458
external_psm,feature_12,feature_12::origin=0,0,chronos_t5_tiny,0,3816332723,chronos_samples,8,2000-04-01 09:00:00,0.17064853012561798,0.17073741555213928,0.17194263637065887,0.1669711470603943,0.16822656989097595,0.16948199272155762,0.16948199272155762,0.17073741555213928,0.17199283838272095,0.1732482612133026,0.17601019144058228,0.17714005708694458
external_psm,feature_12,feature_12::origin=0,0,chronos_t5_tiny,0,3816332723,chronos_samples,9,2000-04-01 10:00:00,0.1648189127445221,0.17073741555213928,0.17170408368110657,0.16684560477733612,0.16822656989097595,0.16948199272155762,0.17073741555213928,0.17073741555213928,0.17199283838272095,0.1732482612133026,0.17450368404388428,0.17826993763446808
external_psm,feature_12,feature_12::origin=0,0,chronos_t5_tiny,0,3816332723,chronos_samples,10,2000-04-01 11:00:00,0.16361655294895172,0.17136512696743011,0.17166641354560852,0.16571573913097382,0.1669711470603943,0.16910536587238312,0.17073741555213928,0.17136512696743011,0.17199283838272095,0.17450368404388428,0.17575910687446594,0.17714005708694458
external_psm,feature_12,feature_12::origin=0,0,chronos_t5_tiny,0,3816332723,chronos_samples,11,2000-04-01 12:00:00,0.15943069756031036,0.17199283838272095,0.17244480550289154,0.1669711470603943,0.16822656989097595,0.16948199272155762,0.17073741555213928,0.17199283838272095,0.1732482612133026,0.17450368404388428,0.1770145148038864,0.17952536046504974
external_psm,feature_12,feature_12::origin=0,0,chronos_t5_tiny,0,3816332723,chronos_samples,12,2000-04-01 13:00:00,0.16293500363826752,0.1732482612133026,0.17373786866664886,0.16822656989097595,0.16948199272155762,0.17199283838272095,0.17199283838272095,0.1732482612133026,0.17375043034553528,0.17450368404388428,0.17826993763446808,0.1796509027481079
external_psm,feature_12,feature_12::origin=0,0,chronos_t5_tiny,0,3816332723,chronos_samples,13,2000-04-01 14:00:00,0.16489140689373016,0.17199283838272095,0.17312273383140564,0.16810102760791779,0.16948199272155762,0.17073741555213928,0.17199283838272095,0.17199283838272095,0.1732482612133026,0.17450368404388428,0.1770145148038864,0.1807807981967926
external_psm,feature_12,feature_12::origin=0,0,chronos_t5_tiny,0,3816332723,chronos_samples,14,2000-04-01 15:00:00,0.16309212148189545,0.16822656989097595,0.16870363056659698,0.16194945573806763,0.16420923173427582,0.16571573913097382,0.1669711470603943,0.16822656989097595,0.16948199272155762,0.17073741555213928,0.17199283838272095,0.17714005708694458
external_psm,feature_12,feature_12::origin=0,0,chronos_t5_tiny,0,3816332723,chronos_samples,15,2000-04-01 16:00:00,0.15877287089824677,0.16069403290748596,0.16197457909584045,0.15692777931690216,0.15818320214748383,0.1594386100769043,0.1601918637752533,0.16069403290748596,0.16194945573806763,0.16446031630039215,0.16596682369709015,0.16822656989097595
external_psm,feature_12,feature_12::origin=0,0,chronos_t5_tiny,0,3816332723,chronos_samples,16,2000-04-01 17:00:00,0.15560375154018402,0.15818320214748383,0.1584593951702118,0.15316151082515717,0.1556723564863205,0.1556723564863205,0.15692777931690216,0.15818320214748383,0.1594386100769043,0.16069403290748596,0.16194945573806763,0.16458585858345032
external_psm,feature_12,feature_12::origin=0,0,chronos_t5_tiny,0,3816332723,chronos_samples,17,2000-04-01 18:00:00,0.15704943239688873,0.15818320214748383,0.1587732434272766,0.15316151082515717,0.15441693365573883,0.1556723564863205,0.15692777931690216,0.15818320214748383,0.1594386100769043,0.16069403290748596,0.1632048785686493,0.16458585858345032
external_psm,feature_12,feature_12::origin=0,0,chronos_t5_tiny,0,3816332723,chronos_samples,18,2000-04-01 19:00:00,0.16114915907382965,0.16069403290748596,0.16130918264389038,0.15554681420326233,0.15692777931690216,0.1594386100769043,0.1594386100769043,0.16069403290748596,0.16194945573806763,0.1632048785686493,0.16571573913097382,0.16709668934345245
external_psm,feature_12,feature_12::origin=0,0,chronos_t5_tiny,0,3816332723,chronos_samples,19,2000-04-01 20:00:00,0.1607760190963745,0.16194945573806763,0.16212522983551025,0.15554681420326233,0.15818320214748383,0.1594386100769043,0.16069403290748596,0.16194945573806763,0.1632048785686493,0.16571573913097382,0.16596682369709015,0.16822656989097595
external_psm,feature_12,feature_12::origin=0,0,chronos_t5_tiny,0,3816332723,chronos_samples,20,2000-04-01 21:00:00,0.16129456460475922,0.16194945573806763,0.16187414526939392,0.15441693365573883,0.15818320214748383,0.1594386100769043,0.16069403290748596,0.16194945573806763,0.1632048785686493,0.16446031630039215,0.16571573913097382,0.16822656989097595
external_psm,feature_12,feature_12::origin=0,0,chronos_t5_tiny,0,3816332723,chronos_samples,21,2000-04-01 22:00:00,0.16123667359352112,0.16194945573806763,0.16191181540489197,0.1556723564863205,0.15818320214748383,0.1594386100769043,0.16069403290748596,0.16194945573806763,0.1632048785686493,0.16446031630039215,0.16571573913097382,0.16948199272155762
external_psm,feature_12,feature_12::origin=0,0,chronos_t5_tiny,0,3816332723,chronos_samples,22,2000-04-01 23:00:00,0.16235342621803284,0.1632048785686493,0.16307933628559113,0.15818320214748383,0.1594386100769043,0.16069403290748596,0.16194945573806763,0.1632048785686493,0.16446031630039215,0.16571573913097382,0.16822656989097595,0.17073741555213928
external_psm,feature_12,feature_12::origin=0,0,chronos_t5_tiny,0,3816332723,chronos_samples,23,2000-04-02 00:00:00,0.15797807276248932,0.16383260488510132,0.1632927656173706,0.15818320214748383,0.1594386100769043,0.16069403290748596,0.1632048785686493,0.16383260488510132,0.16496248543262482,0.16571573913097382,0.1669711470603943,0.16948199272155762
external_psm,feature_12,feature_12::origin=0,0,seasonal_naive,0,2084732373,degenerate,0,2000-04-01 01:00:00,0.16533242166042328,0.16223925352096558,0.16223925352096558,0.16223925352096558,0.16223925352096558,0.16223925352096558,0.16223925352096558,0.16223925352096558,0.16223925352096558,0.16223925352096558,0.16223925352096558,0.16223925352096558
external_psm,feature_12,feature_12::origin=0,0,seasonal_naive,0,2084732373,degenerate,1,2000-04-01 02:00:00,0.1596791297197342,0.16079558432102203,0.16079558432102203,0.16079558432102203,0.16079558432102203,0.16079558432102203,0.16079558432102203,0.16079558432102203,0.16079558432102203,0.16079558432102203,0.16079558432102203,0.16079558432102203
external_psm,feature_12,feature_12::origin=0,0,seasonal_naive,0,2084732373,degenerate,2,2000-04-01 03:00:00,0.16039185225963593,0.16020461916923523,0.16020461916923523,0.16020461916923523,0.16020461916923523,0.16020461916923523,0.16020461916923523,0.16020461916923523,0.16020461916923523,0.16020461916923523,0.16020461916923523,0.16020461916923523
external_psm,feature_12,feature_12::origin=0,0,seasonal_naive,0,2084732373,degenerate,3,2000-04-01 04:00:00,0.16553683578968048,0.16731806099414825,0.16731806099414825,0.16731806099414825,0.16731806099414825,0.16731806099414825,0.16731806099414825,0.16731806099414825,0.16731806099414825,0.16731806099414825,0.16731806099414825,0.16731806099414825
external_psm,feature_12,feature_12::origin=0,0,seasonal_naive,0,2084732373,degenerate,4,2000-04-01 05:00:00,0.16903269290924072,0.1649753898382187,0.1649753898382187,0.1649753898382187,0.1649753898382187,0.1649753898382187,0.1649753898382187,0.1649753898382187,0.1649753898382187,0.1649753898382187,0.1649753898382187,0.1649753898382187
external_psm,feature_12,feature_12::origin=0,0,seasonal_naive,0,2084732373,degenerate,5,2000-04-01 06:00:00,0.1648019403219223,0.1693842113018036,0.1693842113018036,0.1693842113018036,0.1693842113018036,0.1693842113018036,0.1693842113018036,0.1693842113018036,0.1693842113018036,0.1693842113018036,0.1693842113018036,0.1693842113018036
external_psm,feature_12,feature_12::origin=0,0,seasonal_naive,0,2084732373,degenerate,6,2000-04-01 07:00:00,0.17098048329353333,0.16963379085063934,0.16963379085063934,0.16963379085063934,0.16963379085063934,0.16963379085063934,0.16963379085063934,0.16963379085063934,0.16963379085063934,0.16963379085063934,0.16963379085063934,0.16963379085063934
external_psm,feature_12,feature_12::origin=0,0,seasonal_naive,0,2084732373,degenerate,7,2000-04-01 08:00:00,0.16989243030548096,0.1665337234735489,0.1665337234735489,0.1665337234735489,0.1665337234735489,0.1665337234735489,0.1665337234735489,0.1665337234735489,0.1665337234735489,0.1665337234735489,0.1665337234735489,0.1665337234735489
external_psm,feature_12,feature_12::origin=0,0,seasonal_naive,0,2084732373,degenerate,8,2000-04-01 09:00:00,0.17064853012561798,0.16936099529266357,0.16936099529266357,0.16936099529266357,0.16936099529266357,0.16936099529266357,0.16936099529266357,0.16936099529266357,0.16936099529266357,0.16936099529266357,0.16936099529266357,0.16936099529266357
external_psm,feature_12,feature_12::origin=0,0,seasonal_naive,0,2084732373,degenerate,9,2000-04-01 10:00:00,0.1648189127445221,0.16947509348392487,0.16947509348392487,0.16947509348392487,0.16947509348392487,0.16947509348392487,0.16947509348392487,0.16947509348392487,0.16947509348392487,0.16947509348392487,0.16947509348392487,0.16947509348392487
external_psm,feature_12,feature_12::origin=0,0,seasonal_naive,0,2084732373,degenerate,10,2000-04-01 11:00:00,0.16361655294895172,0.16521598398685455,0.16521598398685455,0.16521598398685455,0.16521598398685455,0.16521598398685455,0.16521598398685455,0.16521598398685455,0.16521598398685455,0.16521598398685455,0.16521598398685455,0.16521598398685455
external_psm,feature_12,feature_12::origin=0,0,seasonal_naive,0,2084732373,degenerate,11,2000-04-01 12:00:00,0.15943069756031036,0.17051845788955688,0.17051845788955688,0.17051845788955688,0.17051845788955688,0.17051845788955688,0.17051845788955688,0.17051845788955688,0.17051845788955688,0.17051845788955688,0.17051845788955688,0.17051845788955688
external_psm,feature_12,feature_12::origin=0,0,seasonal_naive,0,2084732373,degenerate,12,2000-04-01 13:00:00,0.16293500363826752,0.17229107022285461,0.17229107022285461,0.17229107022285461,0.17229107022285461,0.17229107022285461,0.17229107022285461,0.17229107022285461,0.17229107022285461,0.17229107022285461,0.17229107022285461,0.17229107022285461
external_psm,feature_12,feature_12::origin=0,0,seasonal_naive,0,2084732373,degenerate,13,2000-04-01 14:00:00,0.16489140689373016,0.16951191425323486,0.16951191425323486,0.16951191425323486,0.16951191425323486,0.16951191425323486,0.16951191425323486,0.16951191425323486,0.16951191425323486,0.16951191425323486,0.16951191425323486,0.16951191425323486
external_psm,feature_12,feature_12::origin=0,0,seasonal_naive,0,2084732373,degenerate,14,2000-04-01 15:00:00,0.16309212148189545,0.16842006146907806,0.16842006146907806,0.16842006146907806,0.16842006146907806,0.16842006146907806,0.16842006146907806,0.16842006146907806,0.16842006146907806,0.16842006146907806,0.16842006146907806,0.16842006146907806
external_psm,feature_12,feature_12::origin=0,0,seasonal_naive,0,2084732373,degenerate,15,2000-04-01 16:00:00,0.15877287089824677,0.1628820151090622,0.1628820151090622,0.1628820151090622,0.1628820151090622,0.1628820151090622,0.1628820151090622,0.1628820151090622,0.1628820151090622,0.1628820151090622,0.1628820151090622,0.1628820151090622
external_psm,feature_12,feature_12::origin=0,0,seasonal_naive,0,2084732373,degenerate,16,2000-04-01 17:00:00,0.15560375154018402,0.1584765762090683,0.1584765762090683,0.1584765762090683,0.1584765762090683,0.1584765762090683,0.1584765762090683,0.1584765762090683,0.1584765762090683,0.1584765762090683,0.1584765762090683,0.1584765762090683
external_psm,feature_12,feature_12::origin=0,0,seasonal_naive,0,2084732373,degenerate,17,2000-04-01 18:00:00,0.15704943239688873,0.15903280675411224,0.15903280675411224,0.15903280675411224,0.15903280675411224,0.15903280675411224,0.15903280675411224,0.15903280675411224,0.15903280675411224,0.15903280675411224,0.15903280675411224,0.15903280675411224
external_psm,feature_12,feature_12::origin=0,0,seasonal_naive,0,2084732373,degenerate,18,2000-04-01 19:00:00,0.16114915907382965,0.16421787440776825,0.16421787440776825,0.16421787440776825,0.16421787440776825,0.16421787440776825,0.16421787440776825,0.16421787440776825,0.16421787440776825,0.16421787440776825,0.16421787440776825,0.16421787440776825
external_psm,feature_12,feature_12::origin=0,0,seasonal_naive,0,2084732373,degenerate,19,2000-04-01 20:00:00,0.1607760190963745,0.16294430196285248,0.16294430196285248,0.16294430196285248,0.16294430196285248,0.16294430196285248,0.16294430196285248,0.16294430196285248,0.16294430196285248,0.16294430196285248,0.16294430196285248,0.16294430196285248
external_psm,feature_12,feature_12::origin=0,0,seasonal_naive,0,2084732373,degenerate,20,2000-04-01 21:00:00,0.16129456460475922,0.16207024455070496,0.16207024455070496,0.16207024455070496,0.16207024455070496,0.16207024455070496,0.16207024455070496,0.16207024455070496,0.16207024455070496,0.16207024455070496,0.16207024455070496,0.16207024455070496
external_psm,feature_12,feature_12::origin=0,0,seasonal_naive,0,2084732373,degenerate,21,2000-04-01 22:00:00,0.16123667359352112,0.15961389243602753,0.15961389243602753,0.15961389243602753,0.15961389243602753,0.15961389243602753,0.15961389243602753,0.15961389243602753,0.15961389243602753,0.15961389243602753,0.15961389243602753,0.15961389243602753
external_psm,feature_12,feature_12::origin=0,0,seasonal_naive,0,2084732373,degenerate,22,2000-04-01 23:00:00,0.16235342621803284,0.16569460928440094,0.16569460928440094,0.16569460928440094,0.16569460928440094,0.16569460928440094,0.16569460928440094,0.16569460928440094,0.16569460928440094,0.16569460928440094,0.16569460928440094,0.16569460928440094
external_psm,feature_12,feature_12::origin=0,0,seasonal_naive,0,2084732373,degenerate,23,2000-04-02 00:00:00,0.15797807276248932,0.16321584582328796,0.16321584582328796,0.16321584582328796,0.16321584582328796,0.16321584582328796,0.16321584582328796,0.16321584582328796,0.16321584582328796,0.16321584582328796,0.16321584582328796,0.16321584582328796
external_psm,feature_12,feature_12::origin=0,0,ar_2,0,1935466658,gaussian,0,2000-04-01 01:00:00,0.16533242166042328,0.16325348615646362,0.16325348615646362,0.15792891383171082,0.15975673496723175,0.1610747128725052,0.16220088303089142,0.16325348615646362,0.16430608928203583,0.16543225944042206,0.1667502373456955,0.16857804358005524
external_psm,feature_12,feature_12::origin=0,0,ar_2,0,1935466658,gaussian,1,2000-04-01 02:00:00,0.1596791297197342,0.16322606801986694,0.16322606801986694,0.15610583126544952,0.15855006873607635,0.16031253337860107,0.1618184894323349,0.16322606801986694,0.164633646607399,0.1661396026611328,0.16790206730365753,0.17034630477428436
external_psm,feature_12,feature_12::origin=0,0,ar_2,0,1935466658,gaussian,2,2000-04-01 03:00:00,0.16039185225963593,0.16320264339447021,0.16320264339447021,0.1548704206943512,0.15773069858551025,0.1597931683063507,0.1615554690361023,0.16320264339447021,0.16484981775283813,0.16661211848258972,0.16867458820343018,0.17153486609458923
external_psm,feature_12,feature_12::origin=0,0,ar_2,0,1935466658,gaussian,3,2000-04-01 04:00:00,0.16553683578968048,0.16318117082118988,0.16318117082118988,0.1539565920829773,0.15712320804595947,0.15940654277801514,0.161357581615448,0.16318117082118988,0.16500476002693176,0.16695579886436462,0.1692391335964203,0.17240574955940247
external_psm,feature_12,feature_12::origin=0,0,ar_2,0,1935466658,gaussian,4,2000-04-01 05:00:00,0.16903269290924072,0.1631615310907364,0.1631615310907364,0.15325196087360382,0.15665371716022491,0.15910661220550537,0.161202535033226,0.1631615310907364,0.16512052714824677,0.1672164499759674,0.16966934502124786,0.17307110130786896
external_psm,feature_12,feature_12::origin=0,0,ar_2,0,1935466658,gaussian,5,2000-04-01 06:00:00,0.1648019403219223,0.1631435751914978,0.1631435751914978,0.15269538760185242,0.15628203749656677,0.15886826813220978,0.1610780954360962,0.1631435751914978,0.16520905494689941,0.16741888225078583,0.17000511288642883,0.1735917627811432
external_psm,feature_12,feature_12::origin=0,0,ar_2,0,1935466658,gaussian,6,2000-04-01 07:00:00,0.17098048329353333,0.16312715411186218,0.16312715411186218,0.15224884450435638,0.15598313510417938,0.15867583453655243,0.16097664833068848,0.16312715411186218,0.1652776598930359,0.16757847368717194,0.17027117311954498,0.17400546371936798
external_psm,feature_12,feature_12::origin=0,0,ar_2,0,1935466658,gaussian,7,2000-04-01 08:00:00,0.16989243030548096,0.16311213374137878,0.16311213374137878,0.15188662707805634,0.15574011206626892,0.1585187464952469,0.16089299321174622,0.16311213374137878,0.16533127427101135,0.16770552098751068,0.17048415541648865,0.17433764040470123
external_psm,feature_12,feature_12::origin=0,0,ar_2,0,1935466658,gaussian,8,2000-04-01 09:00:00,0.17064853012561798,0.16309837996959686,0.16309837996959686,0.1515904664993286,0.15554089844226837,0.15838943421840668,0.16082340478897095,0.16309837996959686,0.16537335515022278,0.16780732572078705,0.17065586149692535,0.1746062934398651
external_psm,feature_12,feature_12::origin=0,0,ar_2,0,1935466658,gaussian,9,2000-04-01 10:00:00,0.1648189127445221,0.16308581829071045,0.16308581829071045,0.1513468623161316,0.1553766131401062,0.1582823395729065,0.1607651710510254,0.16308581829071045,0.1654064655303955,0.1678892970085144,0.1707950234413147,0.1748247593641281
external_psm,feature_12,feature_12::origin=0,0,ar_2,0,1935466658,gaussian,10,2000-04-01 11:00:00,0.16361655294895172,0.1630743145942688,0.1630743145942688,0.15114551782608032,0.15524043142795563,0.15819314122200012,0.16071613132953644,0.1630743145942688,0.16543249785900116,0.16795548796653748,0.17090819776058197,0.17500311136245728
external_psm,feature_12,feature_12::origin=0,0,ar_2,0,1935466658,gaussian,11,2000-04-01 12:00:00,0.15943069756031036,0.16306380927562714,0.16306380927562714,0.1509784758090973,0.1551271229982376,0.1581185907125473,0.16067469120025635,0.16306380927562714,0.16545292735099792,0.16800902783870697,0.17100049555301666,0.17514914274215698
external_psm,feature_12,feature_12::origin=0,0,ar_2,0,1935466658,gaussian,12,2000-04-01 13:00:00,0.16293500363826752,0.1630541831254959,0.1630541831254959,0.1508394330739975,0.15503251552581787,0.15805600583553314,0.16063947975635529,0.1630541831254959,0.16546888649463654,0.16805236041545868,0.17107585072517395,0.17526893317699432
external_psm,feature_12,feature_12::origin=0,0,ar_2,0,1935466658,gaussian,13,2000-04-01 14:00:00,0.16489140689373016,0.16304539144039154,0.16304539144039154,0.1507234275341034,0.15495330095291138,0.15800334513187408,0.16060948371887207,0.16304539144039154,0.165481299161911,0.168087437748909,0.1711374819278717,0.1753673553466797
external_psm,feature_12,feature_12::origin=0,0,ar_2,0,1935466658,gaussian,14,2000-04-01 15:00:00,0.16309212148189545,0.16303734481334686,0.16303734481334686,0.15062639117240906,0.15488681197166443,0.15795888006687164,0.16058385372161865,0.16303734481334686,0.16549083590507507,0.16811580955982208,0.1711878776550293,0.17544829845428467
external_psm,feature_12,feature_12::origin=0,0,ar_2,0,1935466658,gaussian,15,2000-04-01 16:00:00,0.15877287089824677,0.1630299836397171,0.1630299836397171,0.15054507553577423,0.15483088791370392,0.15792125463485718,0.16056187450885773,0.1630299836397171,0.16549809277057648,0.16813871264457703,0.17122907936573029,0.17551489174365997
external_psm,feature_12,feature_12::origin=0,0,ar_2,0,1935466658,gaussian,16,2000-04-01 17:00:00,0.15560375154018402,0.16302324831485748,0.16302324831485748,0.15047679841518402,0.15478374063968658,0.15788933634757996,0.16054296493530273,0.16302324831485748,0.16550353169441223,0.168157160282135,0.17126275599002838,0.17556969821453094
external_psm,feature_12,feature_12::origin=0,0,ar_2,0,1935466658,gaussian,17,2000-04-01 18:00:00,0.15704943239688873,0.16301709413528442,0.16301709413528442,0.15041938424110413,0.15474392473697662,0.15786221623420715,0.16052667796611786,0.16301709413528442,0.165507510304451,0.1681719720363617,0.17129026353359222,0.17561480402946472
external_psm,feature_12,feature_12::origin=0,0,ar_2,0,1935466658,gaussian,18,2000-04-01 19:00:00,0.16114915907382965,0.16301146149635315,0.16301146149635315,0.15037104487419128,0.15471023321151733,0.1578391045331955,0.16051261126995087,0.16301146149635315,0.16551032662391663,0.1681838184595108,0.17131268978118896,0.17565187811851501
external_psm,feature_12,feature_12::origin=0,0,ar_2,0,1935466658,gaussian,19,2000-04-01 20:00:00,0.1607760190963745,0.16300632059574127,0.16300632059574127,0.15033027529716492,0.15468169748783112,0.15781939029693604,0.1605004221200943,0.16300632059574127,0.16551221907138824,0.1681932508945465,0.17133094370365143,0.17568236589431763
external_psm,feature_12,feature_12::origin=0,0,ar_2,0,1935466658,gaussian,20,2000-04-01 21:00:00,0.16129456460475922,0.16300159692764282,0.16300159692764282,0.15029582381248474,0.15465745329856873,0.1578024923801422,0.16048982739448547,0.16300159692764282,0.16551338136196136,0.16820070147514343,0.17134574055671692,0.1757073700428009
external_psm,feature_12,feature_12::origin=0,0,ar_2,0,1935466658,gaussian,21,2000-04-01 22:00:00,0.16123667359352112,0.1629972904920578,0.1629972904920578,0.15026669204235077,0.15463684499263763,0.15778803825378418,0.16048060357570648,0.1629972904920578,0.16551397740840912,0.16820654273033142,0.17135773599147797,0.17572787404060364
external_psm,feature_12,feature_12::origin=0,0,ar_2,0,1935466658,gaussian,22,2000-04-01 23:00:00,0.16235342621803284,0.16299335658550262,0.16299335658550262,0.15024204552173615,0.15461930632591248,0.1577756255865097,0.160472571849823,0.16299335658550262,0.16551414132118225,0.16821108758449554,0.17136740684509277,0.1757446676492691
external_psm,feature_12,feature_12::origin=0,0,ar_2,0,1935466658,gaussian,23,2000-04-02 00:00:00,0.15797807276248932,0.1629897505044937,0.1629897505044937,0.15022112429141998,0.15460433065891266,0.15776492655277252,0.1604655534029007,0.1629897505044937,0.16551394760608673,0.1682145744562149,0.17137517035007477,0.17575837671756744
external_psm,feature_12,feature_12::origin=0,0,ma_2,0,3574488415,gaussian,0,2000-04-01 01:00:00,0.16533242166042328,0.1621154099702835,0.1621154099702835,0.15512359142303467,0.1575237363576889,0.15925441682338715,0.1607332080602646,0.1621154099702835,0.16349761188030243,0.16497640311717987,0.1667070835828781,0.16910722851753235
external_psm,feature_12,feature_12::origin=0,0,ma_2,0,3574488415,gaussian,1,2000-04-01 02:00:00,0.1596791297197342,0.16117629408836365,0.16117629408836365,0.15135397017002106,0.15472577512264252,0.1571570783853531,0.15923453867435455,0.16117629408836365,0.16311804950237274,0.1651955097913742,0.16762681305408478,0.17099861800670624
external_psm,feature_12,feature_12::origin=0,0,ma_2,0,3574488415,gaussian,2,2000-04-01 03:00:00,0.16039185225963593,0.16295349597930908,0.16295349597930908,0.15250295400619507,0.1560904085636139,0.15867722034454346,0.16088755428791046,0.16295349597930908,0.1650194376707077,0.1672297716140747,0.16981658339500427,0.1734040379524231
external_psm,feature_12,feature_12::origin=0,0,ma_2,0,3574488415,gaussian,3,2000-04-01 04:00:00,0.16553683578968048,0.16295349597930908,0.16295349597930908,0.15250295400619507,0.1560904085636139,0.15867722034454346,0.16088755428791046,0.16295349597930908,0.1650194376707077,0.1672297716140747,0.16981658339500427,0.1734040379524231
external_psm,feature_12,feature_12::origin=0,0,ma_2,0,3574488415,gaussian,4,2000-04-01 05:00:00,0.16903269290924072,0.16295349597930908,0.16295349597930908,0.15250295400619507,0.1560904085636139,0.15867722034454346,0.16088755428791046,0.16295349597930908,0.1650194376707077,0.1672297716140747,0.16981658339500427,0.1734040379524231
external_psm,feature_12,feature_12::origin=0,0,ma_2,0,3574488415,gaussian,5,2000-04-01 06:00:00,0.1648019403219223,0.16295349597930908,0.16295349597930908,0.15250295400619507,0.1560904085636139,0.15867722034454346,0.16088755428791046,0.16295349597930908,0.1650194376707077,0.1672297716140747,0.16981658339500427,0.1734040379524231
external_psm,feature_12,feature_12::origin=0,0,ma_2,0,3574488415,gaussian,6,2000-04-01 07:00:00,0.17098048329353333,0.16295349597930908,0.16295349597930908,0.15250295400619507,0.1560904085636139,0.15867722034454346,0.16088755428791046,0.16295349597930908,0.1650194376707077,0.1672297716140747,0.16981658339500427,0.1734040379524231
external_psm,feature_12,feature_12::origin=0,0,ma_2,0,3574488415,gaussian,7,2000-04-01 08:00:00,0.16989243030548096,0.16295349597930908,0.16295349597930908,0.15250295400619507,0.1560904085636139,0.15867722034454346,0.16088755428791046,0.16295349597930908,0.1650194376707077,0.1672297716140747,0.16981658339500427,0.1734040379524231
external_psm,feature_12,feature_12::origin=0,0,ma_2,0,3574488415,gaussian,8,2000-04-01 09:00:00,0.17064853012561798,0.16295349597930908,0.16295349597930908,0.15250295400619507,0.1560904085636139,0.15867722034454346,0.16088755428791046,0.16295349597930908,0.1650194376707077,0.1672297716140747,0.16981658339500427,0.1734040379524231
external_psm,feature_12,feature_12::origin=0,0,ma_2,0,3574488415,gaussian,9,2000-04-01 10:00:00,0.1648189127445221,0.16295349597930908,0.16295349597930908,0.15250295400619507,0.1560904085636139,0.15867722034454346,0.16088755428791046,0.16295349597930908,0.1650194376707077,0.1672297716140747,0.16981658339500427,0.1734040379524231
external_psm,feature_12,feature_12::origin=0,0,ma_2,0,3574488415,gaussian,10,2000-04-01 11:00:00,0.16361655294895172,0.16295349597930908,0.16295349597930908,0.15250295400619507,0.1560904085636139,0.15867722034454346,0.16088755428791046,0.16295349597930908,0.1650194376707077,0.1672297716140747,0.16981658339500427,0.1734040379524231
external_psm,feature_12,feature_12::origin=0,0,ma_2,0,3574488415,gaussian,11,2000-04-01 12:00:00,0.15943069756031036,0.16295349597930908,0.16295349597930908,0.15250295400619507,0.1560904085636139,0.15867722034454346,0.16088755428791046,0.16295349597930908,0.1650194376707077,0.1672297716140747,0.16981658339500427,0.1734040379524231
external_psm,feature_12,feature_12::origin=0,0,ma_2,0,3574488415,gaussian,12,2000-04-01 13:00:00,0.16293500363826752,0.16295349597930908,0.16295349597930908,0.15250295400619507,0.1560904085636139,0.15867722034454346,0.16088755428791046,0.16295349597930908,0.1650194376707077,0.1672297716140747,0.16981658339500427,0.1734040379524231
external_psm,feature_12,feature_12::origin=0,0,ma_2,0,3574488415,gaussian,13,2000-04-01 14:00:00,0.16489140689373016,0.16295349597930908,0.16295349597930908,0.15250295400619507,0.1560904085636139,0.15867722034454346,0.16088755428791046,0.16295349597930908,0.1650194376707077,0.1672297716140747,0.16981658339500427,0.1734040379524231
external_psm,feature_12,feature_12::origin=0,0,ma_2,0,3574488415,gaussian,14,2000-04-01 15:00:00,0.16309212148189545,0.16295349597930908,0.16295349597930908,0.15250295400619507,0.1560904085636139,0.15867722034454346,0.16088755428791046,0.16295349597930908,0.1650194376707077,0.1672297716140747,0.16981658339500427,0.1734040379524231
external_psm,feature_12,feature_12::origin=0,0,ma_2,0,3574488415,gaussian,15,2000-04-01 16:00:00,0.15877287089824677,0.16295349597930908,0.16295349597930908,0.15250295400619507,0.1560904085636139,0.15867722034454346,0.16088755428791046,0.16295349597930908,0.1650194376707077,0.1672297716140747,0.16981658339500427,0.1734040379524231
external_psm,feature_12,feature_12::origin=0,0,ma_2,0,3574488415,gaussian,16,2000-04-01 17:00:00,0.15560375154018402,0.16295349597930908,0.16295349597930908,0.15250295400619507,0.1560904085636139,0.15867722034454346,0.16088755428791046,0.16295349597930908,0.1650194376707077,0.1672297716140747,0.16981658339500427,0.1734040379524231
external_psm,feature_12,feature_12::origin=0,0,ma_2,0,3574488415,gaussian,17,2000-04-01 18:00:00,0.15704943239688873,0.16295349597930908,0.16295349597930908,0.15250295400619507,0.1560904085636139,0.15867722034454346,0.16088755428791046,0.16295349597930908,0.1650194376707077,0.1672297716140747,0.16981658339500427,0.1734040379524231
external_psm,feature_12,feature_12::origin=0,0,ma_2,0,3574488415,gaussian,18,2000-04-01 19:00:00,0.16114915907382965,0.16295349597930908,0.16295349597930908,0.15250295400619507,0.1560904085636139,0.15867722034454346,0.16088755428791046,0.16295349597930908,0.1650194376707077,0.1672297716140747,0.16981658339500427,0.1734040379524231
external_psm,feature_12,feature_12::origin=0,0,ma_2,0,3574488415,gaussian,19,2000-04-01 20:00:00,0.1607760190963745,0.16295349597930908,0.16295349597930908,0.15250295400619507,0.1560904085636139,0.15867722034454346,0.16088755428791046,0.16295349597930908,0.1650194376707077,0.1672297716140747,0.16981658339500427,0.1734040379524231
external_psm,feature_12,feature_12::origin=0,0,ma_2,0,3574488415,gaussian,20,2000-04-01 21:00:00,0.16129456460475922,0.16295349597930908,0.16295349597930908,0.15250295400619507,0.1560904085636139,0.15867722034454346,0.16088755428791046,0.16295349597930908,0.1650194376707077,0.1672297716140747,0.16981658339500427,0.1734040379524231
external_psm,feature_12,feature_12::origin=0,0,ma_2,0,3574488415,gaussian,21,2000-04-01 22:00:00,0.16123667359352112,0.16295349597930908,0.16295349597930908,0.15250295400619507,0.1560904085636139,0.15867722034454346,0.16088755428791046,0.16295349597930908,0.1650194376707077,0.1672297716140747,0.16981658339500427,0.1734040379524231
external_psm,feature_12,feature_12::origin=0,0,ma_2,0,3574488415,gaussian,22,2000-04-01 23:00:00,0.16235342621803284,0.16295349597930908,0.16295349597930908,0.15250295400619507,0.1560904085636139,0.15867722034454346,0.16088755428791046,0.16295349597930908,0.1650194376707077,0.1672297716140747,0.16981658339500427,0.1734040379524231
external_psm,feature_12,feature_12::origin=0,0,ma_2,0,3574488415,gaussian,23,2000-04-02 00:00:00,0.15797807276248932,0.16295349597930908,0.16295349597930908,0.15250295400619507,0.1560904085636139,0.15867722034454346,0.16088755428791046,0.16295349597930908,0.1650194376707077,0.1672297716140747,0.16981658339500427,0.1734040379524231
external_psm,feature_12,feature_12::origin=0,0,arma_2_2,0,1697367144,gaussian,0,2000-04-01 01:00:00,0.16533242166042328,0.16332127153873444,0.16332127153873444,0.1580006629228592,0.1598271131515503,0.16114412248134613,0.1622694581747055,0.16332127153873444,0.16437308490276337,0.16549842059612274,0.16681542992591858,0.16864188015460968
external_psm,feature_12,feature_12::origin=0,0,arma_2_2,0,1697367144,gaussian,1,2000-04-01 02:00:00,0.1596791297197342,0.1632702499628067,0.1632702499628067,0.15622833371162415,0.15864567458629608,0.1603887528181076,0.16187815368175507,0.1632702499628067,0.16466234624385834,0.1661517471075058,0.16789482533931732,0.17031216621398926
external_psm,feature_12,feature_12::origin=0,0,arma_2_2,0,1697367144,gaussian,2,2000-04-01 03:00:00,0.16039185225963593,0.16327275335788727,0.16327275335788727,0.15505248308181763,0.15787433087825775,0.15990908443927765,0.1616477072238922,0.16327275335788727,0.16489779949188232,0.1666364222764969,0.16867117583751678,0.1714930236339569
external_psm,feature_12,feature_12::origin=0,0,arma_2_2,0,1697367144,gaussian,3,2000-04-01 04:00:00,0.16553683578968048,0.16322623193264008,0.16322623193264008,0.15413254499435425,0.15725421905517578,0.15950517356395721,0.1614285260438919,0.16322623193264008,0.16502393782138824,0.16694729030132294,0.16919824481010437,0.1723199188709259
external_psm,feature_12,feature_12::origin=0,0,arma_2_2,0,1697367144,gaussian,4,2000-04-01 05:00:00,0.16903269290924072,0.16323180496692657,0.16323180496692657,0.15346038341522217,0.15681470930576324,0.15923342108726501,0.16130010783672333,0.16323180496692657,0.16516350209712982,0.16723018884658813,0.1696489006280899,0.17300322651863098
external_psm,feature_12,feature_12::origin=0,0,arma_2_2,0,1697367144,gaussian,5,2000-04-01 06:00:00,0.1648019403219223,0.16318915784358978,0.16318915784358978,0.15288251638412476,0.15642057359218597,0.15897177159786224,0.16115166246891022,0.16318915784358978,0.16522665321826935,0.16740654408931732,0.1699577420949936,0.1734957993030548
external_psm,feature_12,feature_12::origin=0,0,arma_2_2,0,1697367144,gaussian,6,2000-04-01 07:00:00,0.17098048329353333,0.16319724917411804,0.16319724917411804,0.15245869755744934,0.15614502131938934,0.15880312025547028,0.16107437014579773,0.16319724917411804,0.16532012820243835,0.1675913780927658,0.17024947702884674,0.17393580079078674
external_psm,feature_12,feature_12::origin=0,0,arma_2_2,0,1697367144,gaussian,7,2000-04-01 08:00:00,0.16989243030548096,0.16315793991088867,0.16315793991088867,0.15206953883171082,0.15587595105171204,0.1586206555366516,0.1609659045934677,0.16315793991088867,0.16534997522830963,0.16769522428512573,0.1704399287700653,0.17424634099006653
external_psm,feature_12,feature_12::origin=0,0,arma_2_2,0,1697367144,gaussian,8,2000-04-01 09:00:00,0.17064853012561798,0.1631680727005005,0.1631680727005005,0.1517919898033142,0.15569716691970825,0.15851306915283203,0.1609191596508026,0.1631680727005005,0.16541698575019836,0.16782307624816895,0.17063897848129272,0.17454415559768677
external_psm,feature_12,feature_12::origin=0,0,arma_2_2,0,1697367144,gaussian,9,2000-04-01 10:00:00,0.1648189127445221,0.16313163936138153,0.16313163936138153,0.1515195220708847,0.1555057317018509,0.15838006138801575,0.16083607077598572,0.16313163936138153,0.16542720794677734,0.16788321733474731,0.17075754702091217,0.17474375665187836
external_psm,feature_12,feature_12::origin=0,0,arma_2_2,0,1697367144,gaussian,10,2000-04-01 11:00:00,0.16361655294895172,0.16314344108104706,0.16314344108104706,0.15133513510227203,0.15538868308067322,0.15831157565116882,0.16080908477306366,0.16314344108104706,0.16547779738903046,0.1679753065109253,0.1708981990814209,0.17495174705982208
external_psm,feature_12,feature_12::origin=0,0,arma_2_2,0,1697367144,gaussian,11,2000-04-01 12:00:00,0.15943069756031036,0.16310952603816986,0.16310952603816986,0.15113908052444458,0.15524829924106598,0.15821132063865662,0.1607431173324585,0.16310952603816986,0.16547593474388123,0.1680077314376831,0.17097076773643494,0.17507997155189514
external_psm,feature_12,feature_12::origin=0,0,arma_2_2,0,1697367144,gaussian,12,2000-04-01 13:00:00,0.16293500363826752,0.16312265396118164,0.16312265396118164,0.15101651847362518,0.15517230331897736,0.15816892683506012,0.16072942316532135,0.16312265396118164,0.16551588475704193,0.16807638108730316,0.17107300460338593,0.1752287894487381
external_psm,feature_12,feature_12::origin=0,0,arma_2_2,0,1697367144,gaussian,13,2000-04-01 14:00:00,0.16489140689373016,0.16309089958667755,0.16309089958667755,0.1508721560239792,0.1550665944814682,0.15809108316898346,0.16067540645599365,0.16309089958667755,0.16550639271736145,0.16809071600437164,0.1711152046918869,0.17530964314937592
external_psm,feature_12,feature_12::origin=0,0,arma_2_2,0,1697367144,gaussian,14,2000-04-01 15:00:00,0.16309212148189545,0.1631050854921341,0.1631050854921341,0.15079164505004883,0.15501859784126282,0.158066526055336,0.16067086160182953,0.1631050854921341,0.16553930938243866,0.1681436449289322,0.17119157314300537,0.17541852593421936
external_psm,feature_12,feature_12::origin=0,0,arma_2_2,0,1697367144,gaussian,15,2000-04-01 16:00:00,0.15877287089824677,0.16307523846626282,0.16307523846626282,0.15068301558494568,0.1549370139837265,0.15800444781780243,0.16062544286251068,0.16307523846626282,0.16552503407001495,0.1681460291147232,0.17121346294879913,0.17546746134757996
external_psm,feature_12,feature_12::origin=0,0,arma_2_2,0,1697367144,gaussian,16,2000-04-01 17:00:00,0.15560375154018402,0.16309024393558502,0.16309024393558502,0.15063154697418213,0.15490835905075073,0.15799224376678467,0.1606273055076599,0.16309024393558502,0.16555318236351013,0.16818824410438538,0.1712721288204193,0.17554894089698792
external_psm,feature_12,feature_12::origin=0,0,arma_2_2,0,1697367144,gaussian,17,2000-04-01 18:00:00,0.15704943239688873,0.16306206583976746,0.16306206583976746,0.15054801106452942,0.15484382212162018,0.15794141590595245,0.16058818995952606,0.16306206583976746,0.16553594172000885,0.16818271577358246,0.17128030955791473,0.1755761206150055
external_psm,feature_12,feature_12::origin=0,0,arma_2_2,0,1697367144,gaussian,18,2000-04-01 19:00:00,0.16114915907382965,0.1630776971578598,0.1630776971578598,0.15051677823066711,0.15482868254184723,0.15793786942958832,0.16059455275535583,0.1630776971578598,0.16556084156036377,0.1682175248861313,0.17132671177387238,0.1756386160850525
external_psm,feature_12,feature_12::origin=0,0,arma_2_2,0,1697367144,gaussian,19,2000-04-01 20:00:00,0.1607760190963745,0.16305097937583923,0.16305097937583923,0.15045103430747986,0.15477633476257324,0.15789519250392914,0.16056013107299805,0.16305097937583923,0.16554182767868042,0.16820676624774933,0.17132562398910522,0.1756509244441986
external_psm,feature_12,feature_12::origin=0,0,arma_2_2,0,1697367144,gaussian,20,2000-04-01 21:00:00,0.16129456460475922,0.16306708753108978,0.16306708753108978,0.15043403208255768,0.15477070212364197,0.1578977406024933,0.1605696827173233,0.16306708753108978,0.16556449234485626,0.16823643445968628,0.1713634729385376,0.1757001429796219
external_psm,feature_12,feature_12::origin=0,0,arma_2_2,0,1697367144,gaussian,21,2000-04-01 22:00:00,0.16123667359352112,0.16304168105125427,0.16304168105125427,0.15038104355335236,0.15472717583179474,0.15786105394363403,0.16053882241249084,0.16304168105125427,0.1655445396900177,0.1682223081588745,0.1713561862707138,0.1757023185491562
external_psm,feature_12,feature_12::origin=0,0,arma_2_2,0,1697367144,gaussian,22,2000-04-01 23:00:00,0.16235342621803284,0.1630581021308899,0.1630581021308899,0.15037401020526886,0.15472820401191711,0.15786787867546082,0.16055060923099518,0.1630581021308899,0.1655655950307846,0.16824832558631897,0.17138800024986267,0.17574219405651093
external_psm,feature_12,feature_12::origin=0,0,arma_2_2,0,1697367144,gaussian,23,2000-04-02 00:00:00,0.15797807276248932,0.1630338579416275,0.1630338579416275,0.15033026039600372,0.15469114482402802,0.15783564746379852,0.16052250564098358,0.1630338579416275,0.16554521024227142,0.16823206841945648,0.171376571059227,0.17573745548725128
external_psm,feature_12,feature_12::origin=0,0,arima_2_1_2,0,2914204991,gaussian,0,2000-04-01 01:00:00,0.16533242166042328,0.16303414106369019,0.16303414106369019,0.1576293557882309,0.15948471426963806,0.1608225405216217,0.16196568310260773,0.16303414106369019,0.16410259902477264,0.16524574160575867,0.1665835678577423,0.16843892633914948
external_psm,feature_12,feature_12::origin=0,0,arima_2_1_2,0,2914204991,gaussian,1,2000-04-01 02:00:00,0.1596791297197342,0.16310566663742065,0.16310566663742065,0.15575513243675232,0.1582784205675125,0.1600978821516037,0.1616525501012802,0.16310566663742065,0.1645587831735611,0.1661134511232376,0.1679329127073288,0.170456200838089
external_psm,feature_12,feature_12::origin=0,0,arima_2_1_2,0,2914204991,gaussian,2,2000-04-01 03:00:00,0.16039185225963593,0.1630748063325882,0.1630748063325882,0.15441881120204926,0.15739023685455322,0.1595328450202942,0.1613636165857315,0.1630748063325882,0.16478599607944489,0.1666167676448822,0.16875937581062317,0.17173080146312714
external_psm,feature_12,feature_12::origin=0,0,arima_2_1_2,0,2914204991,gaussian,3,2000-04-01 04:00:00,0.16553683578968048,0.16308659315109253,0.16308659315109253,0.1533665806055069,0.15670326352119446,0.15910924971103668,0.1611650586128235,0.16308659315109253,0.16500812768936157,0.16706393659114838,0.1694699227809906,0.17280660569667816
external_psm,feature_12,feature_12::origin=0,0,arima_2_1_2,0,2914204991,gaussian,4,2000-04-01 05:00:00,0.16903269290924072,0.1630813032388687,0.1630813032388687,0.15244847536087036,0.15609849989414215,0.1587304323911667,0.16097931563854218,0.1630813032388687,0.16518329083919525,0.16743217408657074,0.17006410658359528,0.17371413111686707
external_psm,feature_12,feature_12::origin=0,0,arima_2_1_2,0,2914204991,gaussian,5,2000-04-01 06:00:00,0.1648019403219223,0.16308321058750153,0.16308321058750153,0.15162800252437592,0.15556032955646515,0.15839582681655884,0.1608186513185501,0.16308321058750153,0.16534776985645294,0.1677705943584442,0.1706060916185379,0.17453841865062714
external_psm,feature_12,feature_12::origin=0,0,arima_2_1_2,0,2914204991,gaussian,6,2000-04-01 07:00:00,0.17098048329353333,0.1630822867155075,0.1630822867155075,0.15087078511714935,0.155062735080719,0.158085435628891,0.16066822409629822,0.1630822867155075,0.1654963493347168,0.16807913780212402,0.17110183835029602,0.17529378831386566
external_psm,feature_12,feature_12::origin=0,0,arima_2_1_2,0,2914204991,gaussian,7,2000-04-01 08:00:00,0.16989243030548096,0.16308259963989258,0.16308259963989258,0.15016387403011322,0.15459860861301422,0.15779636800289154,0.16052871942520142,0.16308259963989258,0.16563647985458374,0.16836883127689362,0.17156659066677094,0.17600132524967194
external_psm,feature_12,feature_12::origin=0,0,arima_2_1_2,0,2914204991,gaussian,8,2000-04-01 09:00:00,0.17064853012561798,0.16308243572711945,0.16308243572711945,0.14949603378772736,0.15415996313095093,0.1575229912996292,0.16039657592773438,0.16308243572711945,0.16576829552650452,0.16864188015460968,0.17200490832328796,0.17666883766651154
external_psm,feature_12,feature_12::origin=0,0,arima_2_1_2,0,2914204991,gaussian,9,2000-04-01 10:00:00,0.1648189127445221,0.16308248043060303,0.16308248043060303,0.14886105060577393,0.1537429839372635,0.15726318955421448,0.1602710783481598,0.16308248043060303,0.16589388251304626,0.16890177130699158,0.17242199182510376,0.17730391025543213
external_psm,feature_12,feature_12::origin=0,0,arima_2_1_2,0,2914204991,gaussian,10,2000-04-01 11:00:00,0.16361655294895172,0.16308245062828064,0.16308245062828064,0.1482539027929306,0.15334424376487732,0.15701472759246826,0.16015103459358215,0.16308245062828064,0.16601386666297913,0.16915017366409302,0.17282065749168396,0.17791099846363068
external_psm,feature_12,feature_12::origin=0,0,arima_2_1_2,0,2914204991,gaussian,11,2000-04-01 12:00:00,0.15943069756031036,0.16308245062828064,0.16308245062828064,0.14767105877399445,0.15296146273612976,0.15677623450756073,0.16003580391407013,0.16308245062828064,0.16612909734249115,0.16938866674900055,0.17320343852043152,0.17849384248256683
external_psm,feature_12,feature_12::origin=0,0,arima_2_1_2,0,2914204991,gaussian,12,2000-04-01 13:00:00,0.16293500363826752,0.16308245062828064,0.16308245062828064,0.14710965752601624,0.15259279310703278,0.15654651820659637,0.15992482006549835,0.16308245062828064,0.16624008119106293,0.1696183830499649,0.1735721081495285,0.17905524373054504
external_psm,feature_12,feature_12::origin=0,0,arima_2_1_2,0,2914204991,gaussian,13,2000-04-01 14:00:00,0.16489140689373016,0.16308245062828064,0.16308245062828064,0.1465674340724945,0.1522367000579834,0.15632463991641998,0.159817636013031,0.16308245062828064,0.16634726524353027,0.1698402613401413,0.17392820119857788,0.17959746718406677
external_psm,feature_12,feature_12::origin=0,0,arima_2_1_2,0,2914204991,gaussian,14,2000-04-01 15:00:00,0.16309212148189545,0.16308245062828064,0.16308245062828064,0.14604251086711884,0.15189197659492493,0.15610985457897186,0.15971386432647705,0.16308245062828064,0.16645103693008423,0.17005504667758942,0.17427292466163635,0.18012239038944244
external_psm,feature_12,feature_12::origin=0,0,arima_2_1_2,0,2914204991,gaussian,15,2000-04-01 16:00:00,0.15877287089824677,0.16308245062828064,0.16308245062828064,0.14553332328796387,0.1515575796365738,0.1559014916419983,0.1596132069826126,0.16308245062828064,0.16655169427394867,0.170263409614563,0.1746073216199875,0.1806315779685974
external_psm,feature_12,feature_12::origin=0,0,arima_2_1_2,0,2914204991,gaussian,16,2000-04-01 17:00:00,0.15560375154018402,0.16308245062828064,0.16308245062828064,0.14503850042819977,0.15123261511325836,0.1556990146636963,0.159515380859375,0.16308245062828064,0.16664952039718628,0.170465886592865,0.17493228614330292,0.1811264008283615
external_psm,feature_12,feature_12::origin=0,0,arima_2_1_2,0,2914204991,gaussian,17,2000-04-01 18:00:00,0.15704943239688873,0.16308245062828064,0.16308245062828064,0.1445569097995758,0.15091633796691895,0.15550194680690765,0.1594201773405075,0.16308245062828064,0.16674472391605377,0.17066295444965363,0.17524856328964233,0.18160799145698547
external_psm,feature_12,feature_12::origin=0,0,arima_2_1_2,0,2914204991,gaussian,18,2000-04-01 19:00:00,0.16114915907382965,0.16308245062828064,0.16308245062828064,0.1440875083208084,0.150608092546463,0.15530987083911896,0.15932738780975342,0.16308245062828064,0.16683751344680786,0.17085503041744232,0.17555680871009827,0.18207737803459167
external_psm,feature_12,feature_12::origin=0,0,arima_2_1_2,0,2914204991,gaussian,19,2000-04-01 20:00:00,0.1607760190963745,0.16308245062828064,0.16308245062828064,0.14362944662570953,0.15030726790428162,0.15512244403362274,0.1592368334531784,0.16308245062828064,0.16692806780338287,0.17104245722293854,0.17585763335227966,0.18253543972969055
external_psm,feature_12,feature_12::origin=0,0,arima_2_1_2,0,2914204991,gaussian,20,2000-04-01 21:00:00,0.16129456460475922,0.16308245062828064,0.16308245062828064,0.1431819349527359,0.15001337230205536,0.15493932366371155,0.15914836525917053,0.16308245062828064,0.16701653599739075,0.17122557759284973,0.17615152895450592,0.18298296630382538
external_psm,feature_12,feature_12::origin=0,0,arima_2_1_2,0,2914204991,gaussian,21,2000-04-01 22:00:00,0.16123667359352112,0.16308245062828064,0.16308245062828064,0.1427442580461502,0.14972594380378723,0.1547602266073227,0.15906183421611786,0.16308245062828064,0.16710306704044342,0.1714046746492386,0.17643895745277405,0.18342064321041107
external_psm,feature_12,feature_12::origin=0,0,arima_2_1_2,0,2914204991,gaussian,22,2000-04-01 23:00:00,0.16235342621803284,0.16308245062828064,0.16308245062828064,0.1423158049583435,0.1494445651769638,0.15458491444587708,0.15897713601589203,0.16308245062828064,0.16718776524066925,0.1715799868106842,0.17672033607959747,0.18384909629821777
external_psm,feature_12,feature_12::origin=0,0,arima_2_1_2,0,2914204991,gaussian,23,2000-04-02 00:00:00,0.15797807276248932,0.16308245062828064,0.16308245062828064,0.14189600944519043,0.14916887879371643,0.1544131338596344,0.1588941514492035,0.16308245062828064,0.1672707498073578,0.17175176739692688,0.17699602246284485,0.18426887691020966
external_psm,feature_12,feature_12::origin=0,0,auto_arima,0,2219780096,gaussian,0,2000-04-01 01:00:00,0.16533242166042328,0.1633819043636322,0.1633819043636322,0.1581581085920334,0.1599513292312622,0.16124437749385834,0.16234922409057617,0.1633819043636322,0.16441458463668823,0.16551943123340607,0.1668124794960022,0.16860570013523102
external_psm,feature_12,feature_12::origin=0,0,auto_arima,0,2219780096,gaussian,1,2000-04-01 02:00:00,0.1596791297197342,0.16351719200611115,0.16351719200611115,0.15671633183956146,0.15905092656612396,0.16073434054851532,0.16217274963855743,0.16351719200611115,0.16486163437366486,0.16630004346370697,0.16798345744609833,0.17031805217266083
external_psm,feature_12,feature_12::origin=0,0,auto_arima,0,2219780096,gaussian,2,2000-04-01 03:00:00,0.16039185225963593,0.16362746059894562,0.16362746059894562,0.15590983629226685,0.1585591435432434,0.16046947240829468,0.16210177540779114,0.16362746059894562,0.1651531457901001,0.16678544878959656,0.16869577765464783,0.1713450849056244
external_psm,feature_12,feature_12::origin=0,0,auto_arima,0,2219780096,gaussian,3,2000-04-01 04:00:00,0.16553683578968048,0.16371740400791168,0.16371740400791168,0.15541009604930878,0.15826182067394257,0.16031812131404877,0.16207514703273773,0.16371740400791168,0.16535966098308563,0.1671166867017746,0.1691729873418808,0.1720247119665146
external_psm,feature_12,feature_12::origin=0,0,auto_arima,0,2219780096,gaussian,4,2000-04-01 05:00:00,0.16903269290924072,0.16379080712795258,0.16379080712795258,0.15508395433425903,0.158072829246521,0.16022802889347076,0.16206957399845123,0.16379080712795258,0.16551204025745392,0.1673535853624344,0.16950878500938416,0.17249765992164612
external_psm,feature_12,feature_12::origin=0,0,auto_arima,0,2219780096,gaussian,5,2000-04-01 06:00:00,0.1648019403219223,0.1638507843017578,0.1638507843017578,0.1548634171485901,0.1579485982656479,0.1601732224225998,0.16207408905029297,0.1638507843017578,0.16562747955322266,0.16752834618091583,0.16975297033786774,0.17283815145492554
external_psm,feature_12,feature_12::origin=0,0,auto_arima,0,2219780096,gaussian,6,2000-04-01 07:00:00,0.17098048329353333,0.16389983892440796,0.16389983892440796,0.1547098010778427,0.1578645557165146,0.16013935208320618,0.16208307445049286,0.16389983892440796,0.16571660339832306,0.16766032576560974,0.16993512213230133,0.1730898767709732
external_psm,feature_12,feature_12::origin=0,0,auto_arima,0,2219780096,gaussian,7,2000-04-01 08:00:00,0.16989243030548096,0.16394001245498657,0.16394001245498657,0.15459969639778137,0.15780603885650635,0.16011802852153778,0.16209354996681213,0.16394001245498657,0.165786474943161,0.16776199638843536,0.1700739860534668,0.17328032851219177
external_psm,feature_12,feature_12::origin=0,0,auto_arima,0,2219780096,gaussian,8,2000-04-01 09:00:00,0.17064853012561798,0.16397297382354736,0.16397297382354736,0.1545184850692749,0.1577640175819397,0.16010427474975586,0.16210393607616425,0.16397297382354736,0.16584201157093048,0.16784167289733887,0.17018193006515503,0.17342746257781982
external_psm,feature_12,feature_12::origin=0,0,auto_arima,0,2219780096,gaussian,9,2000-04-01 10:00:00,0.1648189127445221,0.16400007903575897,0.16400007903575897,0.1544567197561264,0.1577327698469162,0.16009502112865448,0.1621134728193283,0.16400007903575897,0.16588668525218964,0.16790513694286346,0.17026738822460175,0.17354342341423035
external_psm,feature_12,feature_12::origin=0,0,auto_arima,0,2219780096,gaussian,10,2000-04-01 11:00:00,0.16361655294895172,0.16402240097522736,0.16402240097522736,0.15440824627876282,0.15770858526229858,0.16008837521076202,0.16212180256843567,0.16402240097522736,0.16592299938201904,0.1679564267396927,0.17033621668815613,0.1736365556716919
external_psm,feature_12,feature_12::origin=0,0,auto_arima,0,2219780096,gaussian,11,2000-04-01 12:00:00,0.15943069756031036,0.16404086351394653,0.16404086351394653,0.15436898171901703,0.1576891392469406,0.16008320450782776,0.16212885081768036,0.16404086351394653,0.1659528762102127,0.1679985225200653,0.17039258778095245,0.17371274530887604
external_psm,feature_12,feature_12::origin=0,0,auto_arima,0,2219780096,gaussian,12,2000-04-01 13:00:00,0.16293500363826752,0.16405616700649261,0.16405616700649261,0.15433615446090698,0.15767283737659454,0.16007880866527557,0.16213463246822357,0.16405616700649261,0.16597770154476166,0.16803352534770966,0.17043949663639069,0.17377617955207825
external_psm,feature_12,feature_12::origin=0,0,auto_arima,0,2219780096,gaussian,13,2000-04-01 14:00:00,0.16489140689373016,0.16406890749931335,0.16406890749931335,0.15430787205696106,0.1576586365699768,0.16007477045059204,0.16213926672935486,0.16406890749931335,0.16599854826927185,0.16806304454803467,0.1704791784286499,0.17382994294166565
external_psm,feature_12,feature_12::origin=0,0,auto_arima,0,2219780096,gaussian,14,2000-04-01 15:00:00,0.16309212148189545,0.16407956182956696,0.16407956182956696,0.15428286790847778,0.15764588117599487,0.16007083654403687,0.16214287281036377,0.16407956182956696,0.16601625084877014,0.16808828711509705,0.17051325738430023,0.17387625575065613
external_psm,feature_12,feature_12::origin=0,0,auto_arima,0,2219780096,gaussian,15,2000-04-01 16:00:00,0.15877287089824677,0.16408853232860565,0.16408853232860565,0.15426026284694672,0.15763410925865173,0.1600668877363205,0.16214559972286224,0.16408853232860565,0.16603146493434906,0.1681101769208908,0.17054295539855957,0.1739168018102646
external_psm,feature_12,feature_12::origin=0,0,auto_arima,0,2219780096,gaussian,16,2000-04-01 17:00:00,0.15560375154018402,0.16409611701965332,0.16409611701965332,0.15423938632011414,0.15762299299240112,0.16006281971931458,0.16214756667613983,0.16409611701965332,0.1660446673631668,0.16812941431999207,0.17056924104690552,0.1739528477191925
external_psm,feature_12,feature_12::origin=0,0,auto_arima,0,2219780096,gaussian,17,2000-04-01 18:00:00,0.15704943239688873,0.16410259902477264,0.16410259902477264,0.1542198359966278,0.1576123833656311,0.1600586473941803,0.16214889287948608,0.16410259902477264,0.1660563051700592,0.168146550655365,0.17059281468391418,0.17398536205291748
external_psm,feature_12,feature_12::origin=0,0,auto_arima,0,2219780096,gaussian,18,2000-04-01 19:00:00,0.16114915907382965,0.16410815715789795,0.16410815715789795,0.15420123934745789,0.15760208666324615,0.16005432605743408,0.16214968264102936,0.16410815715789795,0.16606663167476654,0.16816198825836182,0.17061422765254974,0.174015074968338
external_psm,feature_12,feature_12::origin=0,0,auto_arima,0,2219780096,gaussian,19,2000-04-01 20:00:00,0.1607760190963745,0.16411298513412476,0.16411298513412476,0.15418341755867004,0.1575920283794403,0.16004988551139832,0.16215002536773682,0.16411298513412476,0.1660759449005127,0.1681760847568512,0.1706339418888092,0.17404255270957947
external_psm,feature_12,feature_12::origin=0,0,auto_arima,0,2219780096,gaussian,20,2000-04-01 21:00:00,0.16129456460475922,0.1641172170639038,0.1641172170639038,0.15416617691516876,0.15758216381072998,0.160045325756073,0.16215001046657562,0.1641172170639038,0.166084423661232,0.16818910837173462,0.17065227031707764,0.17406825721263885
external_psm,feature_12,feature_12::origin=0,0,auto_arima,0,2219780096,gaussian,21,2000-04-01 22:00:00,0.16123667359352112,0.16412095725536346,0.16412095725536346,0.1541493833065033,0.1575724184513092,0.16004066169261932,0.16214969754219055,0.16412095725536346,0.16609221696853638,0.1682012528181076,0.17066949605941772,0.17409253120422363
external_psm,feature_12,feature_12::origin=0,0,auto_arima,0,2219780096,gaussian,22,2000-04-01 23:00:00,0.16235342621803284,0.1641242951154709,0.1641242951154709,0.1541329324245453,0.1575627624988556,0.1600359082221985,0.16214913129806519,0.1641242951154709,0.1660994589328766,0.1682126820087433,0.17068582773208618,0.17411565780639648
external_psm,feature_12,feature_12::origin=0,0,auto_arima,0,2219780096,gaussian,23,2000-04-02 00:00:00,0.15797807276248932,0.16412730515003204,0.16412730515003204,0.15411676466464996,0.15755318105220795,0.16003108024597168,0.1621483415365219,0.16412730515003204,0.16610626876354218,0.1682235300540924,0.17070142924785614,0.17413784563541412
external_psm,feature_12,feature_12::origin=0,0,prophet,0,3431224901,samples,0,2000-04-01 01:00:00,0.16533242166042328,0.15392258763313293,0.15457427501678467,0.14836393296718597,0.1505088359117508,0.15188844501972198,0.15284137427806854,0.15392258763313293,0.1553797423839569,0.15666989982128143,0.15823319554328918,0.16056093573570251
external_psm,feature_12,feature_12::origin=0,0,prophet,0,3431224901,samples,1,2000-04-01 02:00:00,0.1596791297197342,0.1542210876941681,0.155175119638443,0.14858146011829376,0.15044373273849487,0.15181170403957367,0.1532101035118103,0.1542210876941681,0.1555892378091812,0.15748022496700287,0.15890181064605713,0.16150829195976257
external_psm,feature_12,feature_12::origin=0,0,prophet,0,3431224901,samples,2,2000-04-01 03:00:00,0.16039185225963593,0.1563321053981781,0.15602001547813416,0.15058638155460358,0.15304206311702728,0.1541338711977005,0.1551257222890854,0.1563321053981781,0.15766030550003052,0.15890416502952576,0.16014865040779114,0.16269449889659882
external_psm,feature_12,feature_12::origin=0,0,prophet,0,3431224901,samples,3,2000-04-01 04:00:00,0.16553683578968048,0.1573847234249115,0.15729960799217224,0.1513272374868393,0.15353453159332275,0.15491043031215668,0.15643739700317383,0.1573847234249115,0.15903128683567047,0.16067679226398468,0.1616552621126175,0.16299830377101898
external_psm,feature_12,feature_12::origin=0,0,prophet,0,3431224901,samples,4,2000-04-01 05:00:00,0.16903269290924072,0.1591489017009735,0.15925662219524384,0.15284602344036102,0.15524433553218842,0.1564047932624817,0.1577204167842865,0.1591489017009735,0.16022628545761108,0.1610231101512909,0.16268891096115112,0.16567496955394745
external_psm,feature_12,feature_12::origin=0,0,prophet,0,3431224901,samples,5,2000-04-01 06:00:00,0.1648019403219223,0.16127410531044006,0.16162411868572235,0.15693910419940948,0.15810969471931458,0.15909069776535034,0.16063834726810455,0.16127410531044006,0.1627991646528244,0.16394813358783722,0.1653042882680893,0.1671096831560135
external_psm,feature_12,feature_12::origin=0,0,prophet,0,3431224901,samples,6,2000-04-01 07:00:00,0.17098048329353333,0.1630396842956543,0.1635662466287613,0.15674427151679993,0.15952546894550323,0.1606876701116562,0.16214831173419952,0.1630396842956543,0.16413500905036926,0.16586294770240784,0.16752247512340546,0.16984212398529053
external_psm,feature_12,feature_12::origin=0,0,prophet,0,3431224901,samples,7,2000-04-01 08:00:00,0.16989243030548096,0.16518089175224304,0.16432501375675201,0.1588307023048401,0.16124776005744934,0.1628337800502777,0.16389194130897522,0.16518089175224304,0.16604574024677277,0.16721677780151367,0.16855672001838684,0.17142608761787415
external_psm,feature_12,feature_12::origin=0,0,prophet,0,3431224901,samples,8,2000-04-01 09:00:00,0.17064853012561798,0.16309979557991028,0.1639646291732788,0.15701568126678467,0.15926013886928558,0.16124950349330902,0.1621694415807724,0.16309979557991028,0.1647694706916809,0.166058748960495,0.16763415932655334,0.16957426071166992
external_psm,feature_12,feature_12::origin=0,0,prophet,0,3431224901,samples,9,2000-04-01 10:00:00,0.1648189127445221,0.16347290575504303,0.16338898241519928,0.15758377313613892,0.15994925796985626,0.16117139160633087,0.1624779999256134,0.16347290575504303,0.1648082435131073,0.1662323772907257,0.16756421327590942,0.16916730999946594
external_psm,feature_12,feature_12::origin=0,0,prophet,0,3431224901,samples,10,2000-04-01 11:00:00,0.16361655294895172,0.16371257603168488,0.1634800285100937,0.15730293095111847,0.16018621623516083,0.16185851395130157,0.16289277374744415,0.16371257603168488,0.16480836272239685,0.16599884629249573,0.16774702072143555,0.16939841210842133
external_psm,feature_12,feature_12::origin=0,0,prophet,0,3431224901,samples,11,2000-04-01 12:00:00,0.15943069756031036,0.16454757750034332,0.1641252487897873,0.15835118293762207,0.16017670929431915,0.1620785892009735,0.16315941512584686,0.16454757750034332,0.16593597829341888,0.1668185144662857,0.16837701201438904,0.17070432007312775
external_psm,feature_12,feature_12::origin=0,0,prophet,0,3431224901,samples,12,2000-04-01 13:00:00,0.16293500363826752,0.16415971517562866,0.16412584483623505,0.15746170282363892,0.159821555018425,0.16163332760334015,0.16306282579898834,0.16415971517562866,0.16508039832115173,0.1666792631149292,0.16772285103797913,0.1704786717891693
external_psm,feature_12,feature_12::origin=0,0,prophet,0,3431224901,samples,13,2000-04-01 14:00:00,0.16489140689373016,0.16218869388103485,0.1622062772512436,0.15580879151821136,0.1580462008714676,0.1597682237625122,0.16115595400333405,0.16218869388103485,0.16324664652347565,0.16449368000030518,0.1664804071187973,0.16881272196769714
external_psm,feature_12,feature_12::origin=0,0,prophet,0,3431224901,samples,14,2000-04-01 15:00:00,0.16309212148189545,0.1589934229850769,0.1582796722650528,0.15332473814487457,0.15479840338230133,0.15579178929328918,0.15704138576984406,0.1589934229850769,0.16034774482250214,0.1615736335515976,0.16301554441452026,0.16487383842468262
external_psm,feature_12,feature_12::origin=0,0,prophet,0,3431224901,samples,15,2000-04-01 16:00:00,0.15877287089824677,0.1532628834247589,0.15379706025123596,0.1477895826101303,0.1500234603881836,0.15108919143676758,0.15249282121658325,0.1532628834247589,0.1547868847846985,0.15602926909923553,0.1574597805738449,0.15944509208202362
external_psm,feature_12,feature_12::origin=0,0,prophet,0,3431224901,samples,16,2000-04-01 17:00:00,0.15560375154018402,0.15071097016334534,0.1507842242717743,0.14514625072479248,0.14683564007282257,0.1481373906135559,0.14933137595653534,0.15071097016334534,0.1517641693353653,0.15344707667827606,0.1551278829574585,0.15688680112361908
external_psm,feature_12,feature_12::origin=0,0,prophet,0,3431224901,samples,17,2000-04-01 18:00:00,0.15704943239688873,0.14952468872070312,0.1503491997718811,0.14321818947792053,0.14556756615638733,0.14666275680065155,0.14852666854858398,0.14952468872070312,0.15086956322193146,0.1524682492017746,0.15401709079742432,0.156596839427948
external_psm,feature_12,feature_12::origin=0,0,prophet,0,3431224901,samples,18,2000-04-01 19:00:00,0.16114915907382965,0.152551531791687,0.15192782878875732,0.14639513194561005,0.14856645464897156,0.15018919110298157,0.15115582942962646,0.152551531791687,0.15371941030025482,0.15485669672489166,0.15647920966148376,0.15836165845394135
external_psm,feature_12,feature_12::origin=0,0,prophet,0,3431224901,samples,19,2000-04-01 20:00:00,0.1607760190963745,0.153636634349823,0.15387026965618134,0.14684994518756866,0.14877189695835114,0.15070733428001404,0.15214227139949799,0.153636634349823,0.15498009324073792,0.1564697027206421,0.15787920355796814,0.15956681966781616
external_psm,feature_12,feature_12::origin=0,0,prophet,0,3431224901,samples,20,2000-04-01 21:00:00,0.16129456460475922,0.15458527207374573,0.15478871762752533,0.14798983931541443,0.15092532336711884,0.1519882082939148,0.15328727662563324,0.15458527207374573,0.15563735365867615,0.15676872432231903,0.15784628689289093,0.15922336280345917
external_psm,feature_12,feature_12::origin=0,0,prophet,0,3431224901,samples,21,2000-04-01 22:00:00,0.16123667359352112,0.15529341995716095,0.1544828861951828,0.14885102212429047,0.15115956962108612,0.15263833105564117,0.15391232073307037,0.15529341995716095,0.15613602101802826,0.15738724172115326,0.15902020037174225,0.16159239411354065
external_psm,feature_12,feature_12::origin=0,0,prophet,0,3431224901,samples,22,2000-04-01 23:00:00,0.16235342621803284,0.15328693389892578,0.15375502407550812,0.1480696201324463,0.14961543679237366,0.15084199607372284,0.15206585824489594,0.15328693389892578,0.15459232032299042,0.1559017449617386,0.1575120985507965,0.16001951694488525
external_psm,feature_12,feature_12::origin=0,0,prophet,0,3431224901,samples,23,2000-04-02 00:00:00,0.15797807276248932,0.15317225456237793,0.15348440408706665,0.14802157878875732,0.14979958534240723,0.15119998157024384,0.15228630602359772,0.15317225456237793,0.15453849732875824,0.15593649446964264,0.15729430317878723,0.15886786580085754
external_psm,feature_12,feature_12::origin=0,0,deepar,0,2880031406,samples,0,2000-04-01 01:00:00,0.16533242166042328,0.16559162735939026,0.16524772346019745,0.13663052022457123,0.14738017320632935,0.15485794842243195,0.1606905609369278,0.16559162735939026,0.17011182010173798,0.17596307396888733,0.18438386917114258,0.19611437618732452
external_psm,feature_12,feature_12::origin=0,0,deepar,0,2880031406,samples,1,2000-04-01 02:00:00,0.1596791297197342,0.16469697654247284,0.16139793395996094,0.13548867404460907,0.14502525329589844,0.15314872562885284,0.15934954583644867,0.16469697654247284,0.16945207118988037,0.1734585165977478,0.18207333981990814,0.18733632564544678
external_psm,feature_12,feature_12::origin=0,0,deepar,0,2880031406,samples,2,2000-04-01 03:00:00,0.16039185225963593,0.16515912115573883,0.1655326634645462,0.14207082986831665,0.15257073938846588,0.15936751663684845,0.16177283227443695,0.16515912115573883,0.16854125261306763,0.17624697089195251,0.18258897960186005,0.19180110096931458
external_psm,feature_12,feature_12::origin=0,0,deepar,0,2880031406,samples,3,2000-04-01 04:00:00,0.16553683578968048,0.16388161480426788,0.1633373498916626,0.1385132372379303,0.14940933883190155,0.1535656452178955,0.15664812922477722,0.16388161480426788,0.16849079728126526,0.1753280907869339,0.183787003159523,0.19142234325408936
external_psm,feature_12,feature_12::origin=0,0,deepar,0,2880031406,samples,4,2000-04-01 05:00:00,0.16903269290924072,0.16637997329235077,0.17072051763534546,0.1427166610956192,0.1492992639541626,0.1573275774717331,0.1613907665014267,0.16637997329235077,0.17381763458251953,0.1805173009634018,0.18910248577594757,0.20004795491695404
external_psm,feature_12,feature_12::origin=0,0,deepar,0,2880031406,samples,5,2000-04-01 06:00:00,0.1648019403219223,0.1655447632074356,0.16214603185653687,0.13257747888565063,0.15012995898723602,0.1565876454114914,0.16111941635608673,0.1655447632074356,0.17053329944610596,0.17417803406715393,0.1785764992237091,0.18719087541103363
external_psm,feature_12,feature_12::origin=0,0,deepar,0,2880031406,samples,6,2000-04-01 07:00:00,0.17098048329353333,0.1676410734653473,0.16717535257339478,0.13714954257011414,0.1516273468732834,0.15758062899112701,0.1614154875278473,0.1676410734653473,0.1743870973587036,0.18009892106056213,0.18268358707427979,0.19341331720352173
external_psm,feature_12,feature_12::origin=0,0,deepar,0,2880031406,samples,7,2000-04-01 08:00:00,0.16989243030548096,0.1704602837562561,0.16825151443481445,0.1421034336090088,0.15654487907886505,0.1596694141626358,0.1661464124917984,0.1704602837562561,0.1726711541414261,0.17564375698566437,0.18551579117774963,0.19387172162532806
external_psm,feature_12,feature_12::origin=0,0,deepar,0,2880031406,samples,8,2000-04-01 09:00:00,0.17064853012561798,0.16774408519268036,0.16643808782100677,0.14142782986164093,0.15345069766044617,0.157612606883049,0.1624644547700882,0.16774408519268036,0.17133353650569916,0.17540672421455383,0.1819460242986679,0.1920497715473175
external_psm,feature_12,feature_12::origin=0,0,deepar,0,2880031406,samples,9,2000-04-01 10:00:00,0.1648189127445221,0.16609688103199005,0.16302801668643951,0.13616327941417694,0.1512346714735031,0.15629887580871582,0.15988896787166595,0.16609688103199005,0.16898219287395477,0.17324459552764893,0.18062977492809296,0.1888851374387741
external_psm,feature_12,feature_12::origin=0,0,deepar,0,2880031406,samples,10,2000-04-01 11:00:00,0.16361655294895172,0.16755416989326477,0.1659056693315506,0.14180804789066315,0.1538739800453186,0.15963850915431976,0.1646817922592163,0.16755416989326477,0.17002420127391815,0.1731095165014267,0.17997169494628906,0.18807266652584076
external_psm,feature_12,feature_12::origin=0,0,deepar,0,2880031406,samples,11,2000-04-01 12:00:00,0.15943069756031036,0.16351760923862457,0.16262751817703247,0.1293143630027771,0.14311003684997559,0.1530156135559082,0.15795637667179108,0.16351760923862457,0.1688448190689087,0.17367973923683167,0.18753471970558167,0.19819408655166626
external_psm,feature_12,feature_12::origin=0,0,deepar,0,2880031406,samples,12,2000-04-01 13:00:00,0.16293500363826752,0.1668962985277176,0.16546522080898285,0.13679765164852142,0.14848515391349792,0.15422260761260986,0.16235613822937012,0.1668962985277176,0.17115746438503265,0.17742875218391418,0.1829575002193451,0.1977120041847229
external_psm,feature_12,feature_12::origin=0,0,deepar,0,2880031406,samples,13,2000-04-01 14:00:00,0.16489140689373016,0.16397792100906372,0.16855491697788239,0.14165154099464417,0.1494380533695221,0.15695784986019135,0.1605042666196823,0.16397792100906372,0.1708269715309143,0.17580831050872803,0.18286502361297607,0.19587287306785583
external_psm,feature_12,feature_12::origin=0,0,deepar,0,2880031406,samples,14,2000-04-01 15:00:00,0.16309212148189545,0.16809065639972687,0.1662973016500473,0.13803453743457794,0.15134988725185394,0.15837308764457703,0.1612265259027481,0.16809065639972687,0.17150647938251495,0.17523063719272614,0.1798672080039978,0.19157536327838898
external_psm,feature_12,feature_12::origin=0,0,deepar,0,2880031406,samples,15,2000-04-01 16:00:00,0.15877287089824677,0.16743454337120056,0.16642555594444275,0.14046496152877808,0.15113933384418488,0.1570751667022705,0.16321849822998047,0.16743454337120056,0.17000213265419006,0.17620977759361267,0.17934012413024902,0.19095522165298462
external_psm,feature_12,feature_12::origin=0,0,deepar,0,2880031406,samples,16,2000-04-01 17:00:00,0.15560375154018402,0.16541625559329987,0.16214820742607117,0.13107050955295563,0.14683005213737488,0.15165285766124725,0.15856114029884338,0.16541625559329987,0.170014888048172,0.17449511587619781,0.17986081540584564,0.18849247694015503
external_psm,feature_12,feature_12::origin=0,0,deepar,0,2880031406,samples,17,2000-04-01 18:00:00,0.15704943239688873,0.1692202240228653,0.1689596325159073,0.13867899775505066,0.15219002962112427,0.1588129848241806,0.16330984234809875,0.1692202240228653,0.17303960025310516,0.1784965544939041,0.1851220428943634,0.19373297691345215
external_psm,feature_12,feature_12::origin=0,0,deepar,0,2880031406,samples,18,2000-04-01 19:00:00,0.16114915907382965,0.16379275918006897,0.1628553718328476,0.1331830471754074,0.1471135914325714,0.15296350419521332,0.15805384516716003,0.16379275918006897,0.167681485414505,0.17212103307247162,0.17879602313041687,0.18908487260341644
external_psm,feature_12,feature_12::origin=0,0,deepar,0,2880031406,samples,19,2000-04-01 20:00:00,0.1607760190963745,0.16833016276359558,0.17132233083248138,0.1438169628381729,0.15025612711906433,0.16213414072990417,0.16576045751571655,0.16833016276359558,0.17282015085220337,0.17832182347774506,0.19048938155174255,0.20452694594860077
external_psm,feature_12,feature_12::origin=0,0,deepar,0,2880031406,samples,20,2000-04-01 21:00:00,0.16129456460475922,0.16652317345142365,0.16443410515785217,0.13936306536197662,0.1479283571243286,0.1527673751115799,0.1612902581691742,0.16652317345142365,0.17151705920696259,0.17433175444602966,0.1804613620042801,0.18644897639751434
external_psm,feature_12,feature_12::origin=0,0,deepar,0,2880031406,samples,21,2000-04-01 22:00:00,0.16123667359352112,0.16170500218868256,0.15721799433231354,0.13564418256282806,0.14929865300655365,0.155738964676857,0.15826307237148285,0.16170500218868256,0.16528278589248657,0.1717069298028946,0.17976202070713043,0.19080139696598053
external_psm,feature_12,feature_12::origin=0,0,deepar,0,2880031406,samples,22,2000-04-01 23:00:00,0.16235342621803284,0.16333170235157013,0.16145172715187073,0.13059034943580627,0.14366313815116882,0.14927098155021667,0.1546483337879181,0.16333170235157013,0.16671381890773773,0.17222030460834503,0.1775047481060028,0.18389804661273956
external_psm,feature_12,feature_12::origin=0,0,deepar,0,2880031406,samples,23,2000-04-02 00:00:00,0.15797807276248932,0.1651591956615448,0.16106437146663666,0.13507238030433655,0.14539268612861633,0.1536703258752823,0.16032159328460693,0.1651591956615448,0.16792812943458557,0.17187270522117615,0.17555512487888336,0.18601293861865997
