dataset,series_id,item_id,origin,step,timestamp,actual
external_national_illness,OT,OT::origin=0,0,-104,2018-01-23 00:00:00,1256271.0
external_national_illness,OT,OT::origin=0,0,-103,2018-01-30 00:00:00,1258405.0
external_national_illness,OT,OT::origin=0,0,-102,2018-02-06 00:00:00,1249921.0
external_national_illness,OT,OT::origin=0,0,-101,2018-02-13 00:00:00,1171062.0
external_national_illness,OT,OT::origin=0,0,-100,2018-02-20 00:00:00,1026187.0
external_national_illness,OT,OT::origin=0,0,-99,2018-02-27 00:00:00,1296156.0
external_national_illness,OT,OT::origin=0,0,-98,2018-03-06 00:00:00,1233986.0
external_national_illness,OT,OT::origin=0,0,-97,2018-03-13 00:00:00,1212127.0
external_national_illness,OT,OT::origin=0,0,-96,2018-03-20 00:00:00,1180820.0
external_national_illness,OT,OT::origin=0,0,-95,2018-03-27 00:00:00,1052725.0
external_national_illness,OT,OT::origin=0,0,-94,2018-04-03 00:00:00,1160440.0
external_national_illness,OT,OT::origin=0,0,-93,2018-04-10 00:00:00,1237552.0
external_national_illness,OT,OT::origin=0,0,-92,2018-04-17 00:00:00,1225384.0
external_national_illness,OT,OT::origin=0,0,-91,2018-04-24 00:00:00,1191426.0
external_national_illness,OT,OT::origin=0,0,-90,2018-05-01 00:00:00,1222020.0
external_national_illness,OT,OT::origin=0,0,-89,2018-05-08 00:00:00,1340765.0
external_national_illness,OT,OT::origin=0,0,-88,2018-05-15 00:00:00,1292464.0
external_national_illness,OT,OT::origin=0,0,-87,2018-05-22 00:00:00,1260932.0
external_national_illness,OT,OT::origin=0,0,-86,2018-05-29 00:00:00,1281115.0
external_national_illness,OT,OT::origin=0,0,-85,2018-06-05 00:00:00,1260615.0
external_national_illness,OT,OT::origin=0,0,-84,2018-06-12 00:00:00,1288273.0
external_national_illness,OT,OT::origin=0,0,-83,2018-06-19 00:00:00,1303765.0
external_national_illness,OT,OT::origin=0,0,-82,2018-06-26 00:00:00,1244935.0
external_national_illness,OT,OT::origin=0,0,-81,2018-07-03 00:00:00,1229217.0
external_national_illness,OT,OT::origin=0,0,-80,2018-07-10 00:00:00,1229148.0
external_national_illness,OT,OT::origin=0,0,-79,2018-07-17 00:00:00,1178058.0
external_national_illness,OT,OT::origin=0,0,-78,2018-07-24 00:00:00,1196855.0
external_national_illness,OT,OT::origin=0,0,-77,2018-07-31 00:00:00,1199386.0
external_national_illness,OT,OT::origin=0,0,-76,2018-08-07 00:00:00,1173980.0
external_national_illness,OT,OT::origin=0,0,-75,2018-08-14 00:00:00,1094840.0
external_national_illness,OT,OT::origin=0,0,-74,2018-08-21 00:00:00,1123869.0
external_national_illness,OT,OT::origin=0,0,-73,2018-08-28 00:00:00,1052737.0
external_national_illness,OT,OT::origin=0,0,-72,2018-09-04 00:00:00,1086961.0
external_national_illness,OT,OT::origin=0,0,-71,2018-09-11 00:00:00,1079343.0
external_national_illness,OT,OT::origin=0,0,-70,2018-09-18 00:00:00,1056024.0
external_national_illness,OT,OT::origin=0,0,-69,2018-09-25 00:00:00,1044732.0
external_national_illness,OT,OT::origin=0,0,-68,2018-10-02 00:00:00,992358.0
external_national_illness,OT,OT::origin=0,0,-67,2018-10-09 00:00:00,1060841.0
external_national_illness,OT,OT::origin=0,0,-66,2018-10-16 00:00:00,1058986.0
external_national_illness,OT,OT::origin=0,0,-65,2018-10-23 00:00:00,1040191.0
external_national_illness,OT,OT::origin=0,0,-64,2018-10-30 00:00:00,1041320.0
external_national_illness,OT,OT::origin=0,0,-63,2018-11-06 00:00:00,1046625.0
external_national_illness,OT,OT::origin=0,0,-62,2018-11-13 00:00:00,1079056.0
external_national_illness,OT,OT::origin=0,0,-61,2018-11-20 00:00:00,1074399.0
external_national_illness,OT,OT::origin=0,0,-60,2018-11-27 00:00:00,1100212.0
external_national_illness,OT,OT::origin=0,0,-59,2018-12-04 00:00:00,1097022.0
external_national_illness,OT,OT::origin=0,0,-58,2018-12-11 00:00:00,1166071.0
external_national_illness,OT,OT::origin=0,0,-57,2018-12-18 00:00:00,1152730.0
external_national_illness,OT,OT::origin=0,0,-56,2018-12-25 00:00:00,1167311.0
external_national_illness,OT,OT::origin=0,0,-55,2019-01-01 00:00:00,1458307.0
external_national_illness,OT,OT::origin=0,0,-54,2019-01-08 00:00:00,1436748.0
external_national_illness,OT,OT::origin=0,0,-53,2019-01-15 00:00:00,1430800.0
external_national_illness,OT,OT::origin=0,0,-52,2019-01-22 00:00:00,1473831.0
external_national_illness,OT,OT::origin=0,0,-51,2019-01-29 00:00:00,1435369.0
external_national_illness,OT,OT::origin=0,0,-50,2019-02-05 00:00:00,1463253.0
external_national_illness,OT,OT::origin=0,0,-49,2019-02-12 00:00:00,1426928.0
external_national_illness,OT,OT::origin=0,0,-48,2019-02-19 00:00:00,1484969.0
external_national_illness,OT,OT::origin=0,0,-47,2019-02-26 00:00:00,1275199.0
external_national_illness,OT,OT::origin=0,0,-46,2019-03-05 00:00:00,1476208.0
external_national_illness,OT,OT::origin=0,0,-45,2019-03-12 00:00:00,1458774.0
external_national_illness,OT,OT::origin=0,0,-44,2019-03-19 00:00:00,1424436.0
external_national_illness,OT,OT::origin=0,0,-43,2019-03-26 00:00:00,1338669.0
external_national_illness,OT,OT::origin=0,0,-42,2019-04-02 00:00:00,1426691.0
external_national_illness,OT,OT::origin=0,0,-41,2019-04-09 00:00:00,1492251.0
external_national_illness,OT,OT::origin=0,0,-40,2019-04-16 00:00:00,1489132.0
external_national_illness,OT,OT::origin=0,0,-39,2019-04-23 00:00:00,1496826.0
external_national_illness,OT,OT::origin=0,0,-38,2019-04-30 00:00:00,1575900.0
external_national_illness,OT,OT::origin=0,0,-37,2019-05-07 00:00:00,1571657.0
external_national_illness,OT,OT::origin=0,0,-36,2019-05-14 00:00:00,1533883.0
external_national_illness,OT,OT::origin=0,0,-35,2019-05-21 00:00:00,1433517.0
external_national_illness,OT,OT::origin=0,0,-34,2019-05-28 00:00:00,1466346.0
external_national_illness,OT,OT::origin=0,0,-33,2019-06-04 00:00:00,1489410.0
external_national_illness,OT,OT::origin=0,0,-32,2019-06-11 00:00:00,1425172.0
external_national_illness,OT,OT::origin=0,0,-31,2019-06-18 00:00:00,1068755.0
external_national_illness,OT,OT::origin=0,0,-30,2019-06-25 00:00:00,853431.0
external_national_illness,OT,OT::origin=0,0,-29,2019-07-02 00:00:00,750546.0
external_national_illness,OT,OT::origin=0,0,-28,2019-07-09 00:00:00,718953.0
external_national_illness,OT,OT::origin=0,0,-27,2019-07-16 00:00:00,709970.0
external_national_illness,OT,OT::origin=0,0,-26,2019-07-23 00:00:00,750576.0
external_national_illness,OT,OT::origin=0,0,-25,2019-07-30 00:00:00,790883.0
external_national_illness,OT,OT::origin=0,0,-24,2019-08-06 00:00:00,817791.0
external_national_illness,OT,OT::origin=0,0,-23,2019-08-13 00:00:00,846493.0
external_national_illness,OT,OT::origin=0,0,-22,2019-08-20 00:00:00,1059901.0
external_national_illness,OT,OT::origin=0,0,-21,2019-08-27 00:00:00,1082074.0
external_national_illness,OT,OT::origin=0,0,-20,2019-09-03 00:00:00,1134988.0
external_national_illness,OT,OT::origin=0,0,-19,2019-09-10 00:00:00,1174543.0
external_national_illness,OT,OT::origin=0,0,-18,2019-09-17 00:00:00,1247096.0
external_national_illness,OT,OT::origin=0,0,-17,2019-09-24 00:00:00,1287264.0
external_national_illness,OT,OT::origin=0,0,-16,2019-10-01 00:00:00,1287401.0
external_national_illness,OT,OT::origin=0,0,-15,2019-10-08 00:00:00,1360037.0
external_national_illness,OT,OT::origin=0,0,-14,2019-10-15 00:00:00,1338613.0
external_national_illness,OT,OT::origin=0,0,-13,2019-10-22 00:00:00,1355190.0
external_national_illness,OT,OT::origin=0,0,-12,2019-10-29 00:00:00,1346820.0
external_national_illness,OT,OT::origin=0,0,-11,2019-11-05 00:00:00,1333292.0
external_national_illness,OT,OT::origin=0,0,-10,2019-11-12 00:00:00,1338686.0
external_national_illness,OT,OT::origin=0,0,-9,2019-11-19 00:00:00,1344069.0
external_national_illness,OT,OT::origin=0,0,-8,2019-11-26 00:00:00,1351058.0
external_national_illness,OT,OT::origin=0,0,-7,2019-12-03 00:00:00,1336359.0
external_national_illness,OT,OT::origin=0,0,-6,2019-12-10 00:00:00,1326890.0
external_national_illness,OT,OT::origin=0,0,-5,2019-12-17 00:00:00,1359239.0
external_national_illness,OT,OT::origin=0,0,-4,2019-12-24 00:00:00,1397083.0
external_national_illness,OT,OT::origin=0,0,-3,2019-12-31 00:00:00,1539527.0
external_national_illness,OT,OT::origin=0,0,-2,2020-01-07 00:00:00,1615360.0
external_national_illness,OT,OT::origin=0,0,-1,2020-01-14 00:00:00,1582135.0
external_national_illness,OT,OT::origin=1,1,-104,2017-08-08 00:00:00,909661.0
external_national_illness,OT,OT::origin=1,1,-103,2017-08-15 00:00:00,906668.0
external_national_illness,OT,OT::origin=1,1,-102,2017-08-22 00:00:00,863879.0
external_national_illness,OT,OT::origin=1,1,-101,2017-08-29 00:00:00,785606.0
external_national_illness,OT,OT::origin=1,1,-100,2017-09-05 00:00:00,830040.0
external_national_illness,OT,OT::origin=1,1,-99,2017-09-12 00:00:00,774246.0
external_national_illness,OT,OT::origin=1,1,-98,2017-09-19 00:00:00,778114.0
external_national_illness,OT,OT::origin=1,1,-97,2017-09-26 00:00:00,800757.0
external_national_illness,OT,OT::origin=1,1,-96,2017-10-03 00:00:00,760130.0
external_national_illness,OT,OT::origin=1,1,-95,2017-10-10 00:00:00,842647.0
external_national_illness,OT,OT::origin=1,1,-94,2017-10-17 00:00:00,818597.0
external_national_illness,OT,OT::origin=1,1,-93,2017-10-24 00:00:00,802300.0
external_national_illness,OT,OT::origin=1,1,-92,2017-10-31 00:00:00,816468.0
external_national_illness,OT,OT::origin=1,1,-91,2017-11-07 00:00:00,796621.0
external_national_illness,OT,OT::origin=1,1,-90,2017-11-14 00:00:00,810994.0
external_national_illness,OT,OT::origin=1,1,-89,2017-11-21 00:00:00,775731.0
external_national_illness,OT,OT::origin=1,1,-88,2017-11-28 00:00:00,844807.0
external_national_illness,OT,OT::origin=1,1,-87,2017-12-05 00:00:00,835027.0
external_national_illness,OT,OT::origin=1,1,-86,2017-12-12 00:00:00,876862.0
external_national_illness,OT,OT::origin=1,1,-85,2017-12-19 00:00:00,853109.0
external_national_illness,OT,OT::origin=1,1,-84,2017-12-26 00:00:00,933130.0
external_national_illness,OT,OT::origin=1,1,-83,2018-01-02 00:00:00,1266076.0
external_national_illness,OT,OT::origin=1,1,-82,2018-01-09 00:00:00,1266257.0
external_national_illness,OT,OT::origin=1,1,-81,2018-01-16 00:00:00,1254844.0
external_national_illness,OT,OT::origin=1,1,-80,2018-01-23 00:00:00,1256271.0
external_national_illness,OT,OT::origin=1,1,-79,2018-01-30 00:00:00,1258405.0
external_national_illness,OT,OT::origin=1,1,-78,2018-02-06 00:00:00,1249921.0
external_national_illness,OT,OT::origin=1,1,-77,2018-02-13 00:00:00,1171062.0
external_national_illness,OT,OT::origin=1,1,-76,2018-02-20 00:00:00,1026187.0
external_national_illness,OT,OT::origin=1,1,-75,2018-02-27 00:00:00,1296156.0
external_national_illness,OT,OT::origin=1,1,-74,2018-03-06 00:00:00,1233986.0
external_national_illness,OT,OT::origin=1,1,-73,2018-03-13 00:00:00,1212127.0
external_national_illness,OT,OT::origin=1,1,-72,2018-03-20 00:00:00,1180820.0
external_national_illness,OT,OT::origin=1,1,-71,2018-03-27 00:00:00,1052725.0
external_national_illness,OT,OT::origin=1,1,-70,2018-04-03 00:00:00,1160440.0
external_national_illness,OT,OT::origin=1,1,-69,2018-04-10 00:00:00,1237552.0
external_national_illness,OT,OT::origin=1,1,-68,2018-04-17 00:00:00,1225384.0
external_national_illness,OT,OT::origin=1,1,-67,2018-04-24 00:00:00,1191426.0
external_national_illness,OT,OT::origin=1,1,-66,2018-05-01 00:00:00,1222020.0
external_national_illness,OT,OT::origin=1,1,-65,2018-05-08 00:00:00,1340765.0
external_national_illness,OT,OT::origin=1,1,-64,2018-05-15 00:00:00,1292464.0
external_national_illness,OT,OT::origin=1,1,-63,2018-05-22 00:00:00,1260932.0
external_national_illness,OT,OT::origin=1,1,-62,2018-05-29 00:00:00,1281115.0
external_national_illness,OT,OT::origin=1,1,-61,2018-06-05 00:00:00,1260615.0
external_national_illness,OT,OT::origin=1,1,-60,2018-06-12 00:00:00,1288273.0
external_national_illness,OT,OT::origin=1,1,-59,2018-06-19 00:00:00,1303765.0
external_national_illness,OT,OT::origin=1,1,-58,2018-06-26 00:00:00,1244935.0
external_national_illness,OT,OT::origin=1,1,-57,2018-07-03 00:00:00,1229217.0
external_national_illness,OT,OT::origin=1,1,-56,2018-07-10 00:00:00,1229148.0
external_national_illness,OT,OT::origin=1,1,-55,2018-07-17 00:00:00,1178058.0
external_national_illness,OT,OT::origin=1,1,-54,2018-07-24 00:00:00,1196855.0
external_national_illness,OT,OT::origin=1,1,-53,2018-07-31 00:00:00,1199386.0
external_national_illness,OT,OT::origin=1,1,-52,2018-08-07 00:00:00,1173980.0
external_national_illness,OT,OT::origin=1,1,-51,2018-08-14 00:00:00,1094840.0
external_national_illness,OT,OT::origin=1,1,-50,2018-08-21 00:00:00,1123869.0
external_national_illness,OT,OT::origin=1,1,-49,2018-08-28 00:00:00,1052737.0
external_national_illness,OT,OT::origin=1,1,-48,2018-09-04 00:00:00,1086961.0
external_national_illness,OT,OT::origin=1,1,-47,2018-09-11 00:00:00,1079343.0
external_national_illness,OT,OT::origin=1,1,-46,2018-09-18 00:00:00,1056024.0
external_national_illness,OT,OT::origin=1,1,-45,2018-09-25 00:00:00,1044732.0
external_national_illness,OT,OT::origin=1,1,-44,2018-10-02 00:00:00,992358.0
external_national_illness,OT,OT::origin=1,1,-43,2018-10-09 00:00:00,1060841.0
external_national_illness,OT,OT::origin=1,1,-42,2018-10-16 00:00:00,1058986.0
external_national_illness,OT,OT::origin=1,1,-41,2018-10-23 00:00:00,1040191.0
external_national_illness,OT,OT::origin=1,1,-40,2018-10-30 00:00:00,1041320.0
external_national_illness,OT,OT::origin=1,1,-39,2018-11-06 00:00:00,1046625.0
external_national_illness,OT,OT::origin=1,1,-38,2018-11-13 00:00:00,1079056.0
external_national_illness,OT,OT::origin=1,1,-37,2018-11-20 00:00:00,1074399.0
external_national_illness,OT,OT::origin=1,1,-36,2018-11-27 00:00:00,1100212.0
external_national_illness,OT,OT::origin=1,1,-35,2018-12-04 00:00:00,1097022.0
external_national_illness,OT,OT::origin=1,1,-34,2018-12-11 00:00:00,1166071.0
external_national_illness,OT,OT::origin=1,1,-33,2018-12-18 00:00:00,1152730.0
external_national_illness,OT,OT::origin=1,1,-32,2018-12-25 00:00:00,1167311.0
external_national_illness,OT,OT::origin=1,1,-31,2019-01-01 00:00:00,1458307.0
external_national_illness,OT,OT::origin=1,1,-30,2019-01-08 00:00:00,1436748.0
external_national_illness,OT,OT::origin=1,1,-29,2019-01-15 00:00:00,1430800.0
external_national_illness,OT,OT::origin=1,1,-28,2019-01-22 00:00:00,1473831.0
external_national_illness,OT,OT::origin=1,1,-27,2019-01-29 00:00:00,1435369.0
external_national_illness,OT,OT::origin=1,1,-26,2019-02-05 00:00:00,1463253.0
external_national_illness,OT,OT::origin=1,1,-25,2019-02-12 00:00:00,1426928.0
external_national_illness,OT,OT::origin=1,1,-24,2019-02-19 00:00:00,1484969.0
external_national_illness,OT,OT::origin=1,1,-23,2019-02-26 00:00:00,1275199.0
external_national_illness,OT,OT::origin=1,1,-22,2019-03-05 00:00:00,1476208.0
external_national_illness,OT,OT::origin=1,1,-21,2019-03-12 00:00:00,1458774.0
external_national_illness,OT,OT::origin=1,1,-20,2019-03-19 00:00:00,1424436.0
external_national_illness,OT,OT::origin=1,1,-19,2019-03-26 00:00:00,1338669.0
external_national_illness,OT,OT::origin=1,1,-18,2019-04-02 00:00:00,1426691.0
external_national_illness,OT,OT::origin=1,1,-17,2019-04-09 00:00:00,1492251.0
external_national_illness,OT,OT::origin=1,1,-16,2019-04-16 00:00:00,1489132.0
external_national_illness,OT,OT::origin=1,1,-15,2019-04-23 00:00:00,1496826.0
external_national_illness,OT,OT::origin=1,1,-14,2019-04-30 00:00:00,1575900.0
external_national_illness,OT,OT::origin=1,1,-13,2019-05-07 00:00:00,1571657.0
external_national_illness,OT,OT::origin=1,1,-12,2019-05-14 00:00:00,1533883.0
external_national_illness,OT,OT::origin=1,1,-11,2019-05-21 00:00:00,1433517.0
external_national_illness,OT,OT::origin=1,1,-10,2019-05-28 00:00:00,1466346.0
external_national_illness,OT,OT::origin=1,1,-9,2019-06-04 00:00:00,1489410.0
external_national_illness,OT,OT::origin=1,1,-8,2019-06-11 00:00:00,1425172.0
external_national_illness,OT,OT::origin=1,1,-7,2019-06-18 00:00:00,1068755.0
external_national_illness,OT,OT::origin=1,1,-6,2019-06-25 00:00:00,853431.0
external_national_illness,OT,OT::origin=1,1,-5,2019-07-02 00:00:00,750546.0
external_national_illness,OT,OT::origin=1,1,-4,2019-07-09 00:00:00,718953.0
external_national_illness,OT,OT::origin=1,1,-3,2019-07-16 00:00:00,709970.0
external_national_illness,OT,OT::origin=1,1,-2,2019-07-23 00:00:00,750576.0
external_national_illness,OT,OT::origin=1,1,-1,2019-07-30 00:00:00,790883.0
external_national_illness,OT,OT::origin=2,2,-104,2017-02-21 00:00:00,848314.0
external_national_illness,OT,OT::origin=2,2,-103,2017-02-28 00:00:00,1057350.0
external_national_illness,OT,OT::origin=2,2,-102,2017-03-07 00:00:00,1000183.0
external_national_illness,OT,OT::origin=2,2,-101,2017-03-14 00:00:00,984283.0
external_national_illness,OT,OT::origin=2,2,-100,2017-03-21 00:00:00,963978.0
external_national_illness,OT,OT::origin=2,2,-99,2017-03-28 00:00:00,828299.0
external_national_illness,OT,OT::origin=2,2,-98,2017-04-04 00:00:00,882271.0
external_national_illness,OT,OT::origin=2,2,-97,2017-04-11 00:00:00,1027466.0
external_national_illness,OT,OT::origin=2,2,-96,2017-04-18 00:00:00,993431.0
external_national_illness,OT,OT::origin=2,2,-95,2017-04-25 00:00:00,1101807.0
external_national_illness,OT,OT::origin=2,2,-94,2017-05-02 00:00:00,1105078.0
external_national_illness,OT,OT::origin=2,2,-93,2017-05-09 00:00:00,1130397.0
external_national_illness,OT,OT::origin=2,2,-92,2017-05-16 00:00:00,1118800.0
external_national_illness,OT,OT::origin=2,2,-91,2017-05-23 00:00:00,1028116.0
external_national_illness,OT,OT::origin=2,2,-90,2017-05-30 00:00:00,1013191.0
external_national_illness,OT,OT::origin=2,2,-89,2017-06-06 00:00:00,969427.0
external_national_illness,OT,OT::origin=2,2,-88,2017-06-13 00:00:00,949978.0
external_national_illness,OT,OT::origin=2,2,-87,2017-06-20 00:00:00,960779.0
external_national_illness,OT,OT::origin=2,2,-86,2017-06-27 00:00:00,875658.0
external_national_illness,OT,OT::origin=2,2,-85,2017-07-04 00:00:00,938963.0
external_national_illness,OT,OT::origin=2,2,-84,2017-07-11 00:00:00,923848.0
external_national_illness,OT,OT::origin=2,2,-83,2017-07-18 00:00:00,936950.0
external_national_illness,OT,OT::origin=2,2,-82,2017-07-25 00:00:00,946160.0
external_national_illness,OT,OT::origin=2,2,-81,2017-08-01 00:00:00,916783.0
external_national_illness,OT,OT::origin=2,2,-80,2017-08-08 00:00:00,909661.0
external_national_illness,OT,OT::origin=2,2,-79,2017-08-15 00:00:00,906668.0
external_national_illness,OT,OT::origin=2,2,-78,2017-08-22 00:00:00,863879.0
external_national_illness,OT,OT::origin=2,2,-77,2017-08-29 00:00:00,785606.0
external_national_illness,OT,OT::origin=2,2,-76,2017-09-05 00:00:00,830040.0
external_national_illness,OT,OT::origin=2,2,-75,2017-09-12 00:00:00,774246.0
external_national_illness,OT,OT::origin=2,2,-74,2017-09-19 00:00:00,778114.0
external_national_illness,OT,OT::origin=2,2,-73,2017-09-26 00:00:00,800757.0
external_national_illness,OT,OT::origin=2,2,-72,2017-10-03 00:00:00,760130.0
external_national_illness,OT,OT::origin=2,2,-71,2017-10-10 00:00:00,842647.0
external_national_illness,OT,OT::origin=2,2,-70,2017-10-17 00:00:00,818597.0
external_national_illness,OT,OT::origin=2,2,-69,2017-10-24 00:00:00,802300.0
external_national_illness,OT,OT::origin=2,2,-68,2017-10-31 00:00:00,816468.0
external_national_illness,OT,OT::origin=2,2,-67,2017-11-07 00:00:00,796621.0
external_national_illness,OT,OT::origin=2,2,-66,2017-11-14 00:00:00,810994.0
external_national_illness,OT,OT::origin=2,2,-65,2017-11-21 00:00:00,775731.0
external_national_illness,OT,OT::origin=2,2,-64,2017-11-28 00:00:00,844807.0
external_national_illness,OT,OT::origin=2,2,-63,2017-12-05 00:00:00,835027.0
external_national_illness,OT,OT::origin=2,2,-62,2017-12-12 00:00:00,876862.0
external_national_illness,OT,OT::origin=2,2,-61,2017-12-19 00:00:00,853109.0
external_national_illness,OT,OT::origin=2,2,-60,2017-12-26 00:00:00,933130.0
external_national_illness,OT,OT::origin=2,2,-59,2018-01-02 00:00:00,1266076.0
external_national_illness,OT,OT::origin=2,2,-58,2018-01-09 00:00:00,1266257.0
external_national_illness,OT,OT::origin=2,2,-57,2018-01-16 00:00:00,1254844.0
external_national_illness,OT,OT::origin=2,2,-56,2018-01-23 00:00:00,1256271.0
external_national_illness,OT,OT::origin=2,2,-55,2018-01-30 00:00:00,1258405.0
external_national_illness,OT,OT::origin=2,2,-54,2018-02-06 00:00:00,1249921.0
external_national_illness,OT,OT::origin=2,2,-53,2018-02-13 00:00:00,1171062.0
external_national_illness,OT,OT::origin=2,2,-52,2018-02-20 00:00:00,1026187.0
external_national_illness,OT,OT::origin=2,2,-51,2018-02-27 00:00:00,1296156.0
external_national_illness,OT,OT::origin=2,2,-50,2018-03-06 00:00:00,1233986.0
external_national_illness,OT,OT::origin=2,2,-49,2018-03-13 00:00:00,1212127.0
external_national_illness,OT,OT::origin=2,2,-48,2018-03-20 00:00:00,1180820.0
external_national_illness,OT,OT::origin=2,2,-47,2018-03-27 00:00:00,1052725.0
external_national_illness,OT,OT::origin=2,2,-46,2018-04-03 00:00:00,1160440.0
external_national_illness,OT,OT::origin=2,2,-45,2018-04-10 00:00:00,1237552.0
external_national_illness,OT,OT::origin=2,2,-44,2018-04-17 00:00:00,1225384.0
external_national_illness,OT,OT::origin=2,2,-43,2018-04-24 00:00:00,1191426.0
external_national_illness,OT,OT::origin=2,2,-42,2018-05-01 00:00:00,1222020.0
external_national_illness,OT,OT::origin=2,2,-41,2018-05-08 00:00:00,1340765.0
external_national_illness,OT,OT::origin=2,2,-40,2018-05-15 00:00:00,1292464.0
external_national_illness,OT,OT::origin=2,2,-39,2018-05-22 00:00:00,1260932.0
external_national_illness,OT,OT::origin=2,2,-38,2018-05-29 00:00:00,1281115.0
external_national_illness,OT,OT::origin=2,2,-37,2018-06-05 00:00:00,1260615.0
external_national_illness,OT,OT::origin=2,2,-36,2018-06-12 00:00:00,1288273.0
external_national_illness,OT,OT::origin=2,2,-35,2018-06-19 00:00:00,1303765.0
external_national_illness,OT,OT::origin=2,2,-34,2018-06-26 00:00:00,1244935.0
external_national_illness,OT,OT::origin=2,2,-33,2018-07-03 00:00:00,1229217.0
external_national_illness,OT,OT::origin=2,2,-32,2018-07-10 00:00:00,1229148.0
external_national_illness,OT,OT::origin=2,2,-31,2018-07-17 00:00:00,1178058.0
external_national_illness,OT,OT::origin=2,2,-30,2018-07-24 00:00:00,1196855.0
external_national_illness,OT,OT::origin=2,2,-29,2018-07-31 00:00:00,1199386.0
external_national_illness,OT,OT::origin=2,2,-28,2018-08-07 00:00:00,1173980.0
external_national_illness,OT,OT::origin=2,2,-27,2018-08-14 00:00:00,1094840.0
external_national_illness,OT,OT::origin=2,2,-26,2018-08-21 00:00:00,1123869.0
external_national_illness,OT,OT::origin=2,2,-25,2018-08-28 00:00:00,1052737.0
external_national_illness,OT,OT::origin=2,2,-24,2018-09-04 00:00:00,1086961.0
external_national_illness,OT,OT::origin=2,2,-23,2018-09-11 00:00:00,1079343.0
external_national_illness,OT,OT::origin=2,2,-22,2018-09-18 00:00:00,1056024.0
external_national_illness,OT,OT::origin=2,2,-21,2018-09-25 00:00:00,1044732.0
external_national_illness,OT,OT::origin=2,2,-20,2018-10-02 00:00:00,992358.0
external_national_illness,OT,OT::origin=2,2,-19,2018-10-09 00:00:00,1060841.0
external_national_illness,OT,OT::origin=2,2,-18,2018-10-16 00:00:00,1058986.0
external_national_illness,OT,OT::origin=2,2,-17,2018-10-23 00:00:00,1040191.0
external_national_illness,OT,OT::origin=2,2,-16,2018-10-30 00:00:00,1041320.0
external_national_illness,OT,OT::origin=2,2,-15,2018-11-06 00:00:00,1046625.0
external_national_illness,OT,OT::origin=2,2,-14,2018-11-13 00:00:00,1079056.0
external_national_illness,OT,OT::origin=2,2,-13,2018-11-20 00:00:00,1074399.0
external_national_illness,OT,OT::origin=2,2,-12,2018-11-27 00:00:00,1100212.0
external_national_illness,OT,OT::origin=2,2,-11,2018-12-04 00:00:00,1097022.0
external_national_illness,OT,OT::origin=2,2,-10,2018-12-11 00:00:00,1166071.0
external_national_illness,OT,OT::origin=2,2,-9,2018-12-18 00:00:00,1152730.0
external_national_illness,OT,OT::origin=2,2,-8,2018-12-25 00:00:00,1167311.0
external_national_illness,OT,OT::origin=2,2,-7,2019-01-01 00:00:00,1458307.0
external_national_illness,OT,OT::origin=2,2,-6,2019-01-08 00:00:00,1436748.0
external_national_illness,OT,OT::origin=2,2,-5,2019-01-15 00:00:00,1430800.0
external_national_illness,OT,OT::origin=2,2,-4,2019-01-22 00:00:00,1473831.0
external_national_illness,OT,OT::origin=2,2,-3,2019-01-29 00:00:00,1435369.0
external_national_illness,OT,OT::origin=2,2,-2,2019-02-05 00:00:00,1463253.0
external_national_illness,OT,OT::origin=2,2,-1,2019-02-12 00:00:00,1426928.0
external_traffic,0,0::origin=0,0,-72,2018-06-28 02:00:00,0.004800000227987766
external_traffic,0,0::origin=0,0,-71,2018-06-28 03:00:00,0.0044999998062849045
external_traffic,0,0::origin=0,0,-70,2018-06-28 04:00:00,0.00419999985024333
external_traffic,0,0::origin=0,0,-69,2018-06-28 05:00:00,0.004999999888241291
external_traffic,0,0::origin=0,0,-68,2018-06-28 06:00:00,0.010599999688565731
external_traffic,0,0::origin=0,0,-67,2018-06-28 07:00:00,0.04610000178217888
external_traffic,0,0::origin=0,0,-66,2018-06-28 08:00:00,0.05860000103712082
external_traffic,0,0::origin=0,0,-65,2018-06-28 09:00:00,0.04740000143647194
external_traffic,0,0::origin=0,0,-64,2018-06-28 10:00:00,0.0494999997317791
external_traffic,0,0::origin=0,0,-63,2018-06-28 11:00:00,0.05730000138282776
external_traffic,0,0::origin=0,0,-62,2018-06-28 12:00:00,0.06769999861717224
external_traffic,0,0::origin=0,0,-61,2018-06-28 13:00:00,0.06800000369548798
external_traffic,0,0::origin=0,0,-60,2018-06-28 14:00:00,0.06520000100135803
external_traffic,0,0::origin=0,0,-59,2018-06-28 15:00:00,0.06360000371932983
external_traffic,0,0::origin=0,0,-58,2018-06-28 16:00:00,0.06449999660253525
external_traffic,0,0::origin=0,0,-57,2018-06-28 17:00:00,0.0608999989926815
external_traffic,0,0::origin=0,0,-56,2018-06-28 18:00:00,0.06120000034570694
external_traffic,0,0::origin=0,0,-55,2018-06-28 19:00:00,0.059300001710653305
external_traffic,0,0::origin=0,0,-54,2018-06-28 20:00:00,0.04749999940395355
external_traffic,0,0::origin=0,0,-53,2018-06-28 21:00:00,0.0348999984562397
external_traffic,0,0::origin=0,0,-52,2018-06-28 22:00:00,0.027899999171495438
external_traffic,0,0::origin=0,0,-51,2018-06-28 23:00:00,0.022299999371170998
external_traffic,0,0::origin=0,0,-50,2018-06-29 00:00:00,0.00860000029206276
external_traffic,0,0::origin=0,0,-49,2018-06-29 01:00:00,0.005499999970197678
external_traffic,0,0::origin=0,0,-48,2018-06-29 02:00:00,0.004800000227987766
external_traffic,0,0::origin=0,0,-47,2018-06-29 03:00:00,0.004399999976158142
external_traffic,0,0::origin=0,0,-46,2018-06-29 04:00:00,0.004399999976158142
external_traffic,0,0::origin=0,0,-45,2018-06-29 05:00:00,0.005400000140070915
external_traffic,0,0::origin=0,0,-44,2018-06-29 06:00:00,0.01489999983459711
external_traffic,0,0::origin=0,0,-43,2018-06-29 07:00:00,0.04360000044107437
external_traffic,0,0::origin=0,0,-42,2018-06-29 08:00:00,0.05920000001788139
external_traffic,0,0::origin=0,0,-41,2018-06-29 09:00:00,0.04780000075697899
external_traffic,0,0::origin=0,0,-40,2018-06-29 10:00:00,0.05040000006556511
external_traffic,0,0::origin=0,0,-39,2018-06-29 11:00:00,0.05939999967813492
external_traffic,0,0::origin=0,0,-38,2018-06-29 12:00:00,0.0658000037074089
external_traffic,0,0::origin=0,0,-37,2018-06-29 13:00:00,0.06759999692440033
external_traffic,0,0::origin=0,0,-36,2018-06-29 14:00:00,0.059700001031160355
external_traffic,0,0::origin=0,0,-35,2018-06-29 15:00:00,0.0681999996304512
external_traffic,0,0::origin=0,0,-34,2018-06-29 16:00:00,0.0632999986410141
external_traffic,0,0::origin=0,0,-33,2018-06-29 17:00:00,0.06260000169277191
external_traffic,0,0::origin=0,0,-32,2018-06-29 18:00:00,0.0625
external_traffic,0,0::origin=0,0,-31,2018-06-29 19:00:00,0.05570000037550926
external_traffic,0,0::origin=0,0,-30,2018-06-29 20:00:00,0.0494999997317791
external_traffic,0,0::origin=0,0,-29,2018-06-29 21:00:00,0.03519999980926514
external_traffic,0,0::origin=0,0,-28,2018-06-29 22:00:00,0.028699999675154686
external_traffic,0,0::origin=0,0,-27,2018-06-29 23:00:00,0.02070000022649765
external_traffic,0,0::origin=0,0,-26,2018-06-30 00:00:00,0.008500000461935997
external_traffic,0,0::origin=0,0,-25,2018-06-30 01:00:00,0.006099999882280827
external_traffic,0,0::origin=0,0,-24,2018-06-30 02:00:00,0.004600000102072954
external_traffic,0,0::origin=0,0,-23,2018-06-30 03:00:00,0.004399999976158142
external_traffic,0,0::origin=0,0,-22,2018-06-30 04:00:00,0.004600000102072954
external_traffic,0,0::origin=0,0,-21,2018-06-30 05:00:00,0.004999999888241291
external_traffic,0,0::origin=0,0,-20,2018-06-30 06:00:00,0.006500000134110451
external_traffic,0,0::origin=0,0,-19,2018-06-30 07:00:00,0.032999999821186066
external_traffic,0,0::origin=0,0,-18,2018-06-30 08:00:00,0.05050000175833702
external_traffic,0,0::origin=0,0,-17,2018-06-30 09:00:00,0.042399998754262924
external_traffic,0,0::origin=0,0,-16,2018-06-30 10:00:00,0.04670000076293945
external_traffic,0,0::origin=0,0,-15,2018-06-30 11:00:00,0.05420000106096268
external_traffic,0,0::origin=0,0,-14,2018-06-30 12:00:00,0.061000000685453415
external_traffic,0,0::origin=0,0,-13,2018-06-30 13:00:00,0.06669999659061432
external_traffic,0,0::origin=0,0,-12,2018-06-30 14:00:00,0.06430000066757202
external_traffic,0,0::origin=0,0,-11,2018-06-30 15:00:00,0.05620000138878822
external_traffic,0,0::origin=0,0,-10,2018-06-30 16:00:00,0.066600002348423
external_traffic,0,0::origin=0,0,-9,2018-06-30 17:00:00,0.06889999657869339
external_traffic,0,0::origin=0,0,-8,2018-06-30 18:00:00,0.06289999932050705
external_traffic,0,0::origin=0,0,-7,2018-06-30 19:00:00,0.04309999942779541
external_traffic,0,0::origin=0,0,-6,2018-06-30 20:00:00,0.05420000106096268
external_traffic,0,0::origin=0,0,-5,2018-06-30 21:00:00,0.03849999979138374
external_traffic,0,0::origin=0,0,-4,2018-06-30 22:00:00,0.02889999933540821
external_traffic,0,0::origin=0,0,-3,2018-06-30 23:00:00,0.024800000712275505
external_traffic,0,0::origin=0,0,-2,2018-07-01 00:00:00,0.020500000566244125
external_traffic,0,0::origin=0,0,-1,2018-07-01 01:00:00,0.007600000128149986
external_traffic,0,0::origin=1,1,-72,2018-06-27 02:00:00,0.004600000102072954
external_traffic,0,0::origin=1,1,-71,2018-06-27 03:00:00,0.0044999998062849045
external_traffic,0,0::origin=1,1,-70,2018-06-27 04:00:00,0.00430000014603138
external_traffic,0,0::origin=1,1,-69,2018-06-27 05:00:00,0.005200000014156103
external_traffic,0,0::origin=1,1,-68,2018-06-27 06:00:00,0.010300000198185444
external_traffic,0,0::origin=1,1,-67,2018-06-27 07:00:00,0.04729999974370003
external_traffic,0,0::origin=1,1,-66,2018-06-27 08:00:00,0.05790000036358833
external_traffic,0,0::origin=1,1,-65,2018-06-27 09:00:00,0.04600000008940697
external_traffic,0,0::origin=1,1,-64,2018-06-27 10:00:00,0.0478999987244606
external_traffic,0,0::origin=1,1,-63,2018-06-27 11:00:00,0.0560000017285347
external_traffic,0,0::origin=1,1,-62,2018-06-27 12:00:00,0.0640999972820282
external_traffic,0,0::origin=1,1,-61,2018-06-27 13:00:00,0.07010000199079514
external_traffic,0,0::origin=1,1,-60,2018-06-27 14:00:00,0.06710000336170197
external_traffic,0,0::origin=1,1,-59,2018-06-27 15:00:00,0.06360000371932983
external_traffic,0,0::origin=1,1,-58,2018-06-27 16:00:00,0.060600001364946365
external_traffic,0,0::origin=1,1,-57,2018-06-27 17:00:00,0.0625
external_traffic,0,0::origin=1,1,-56,2018-06-27 18:00:00,0.05979999899864197
external_traffic,0,0::origin=1,1,-55,2018-06-27 19:00:00,0.05510000139474869
external_traffic,0,0::origin=1,1,-54,2018-06-27 20:00:00,0.04690000042319298
external_traffic,0,0::origin=1,1,-53,2018-06-27 21:00:00,0.03310000151395798
external_traffic,0,0::origin=1,1,-52,2018-06-27 22:00:00,0.025800000876188278
external_traffic,0,0::origin=1,1,-51,2018-06-27 23:00:00,0.020500000566244125
external_traffic,0,0::origin=1,1,-50,2018-06-28 00:00:00,0.009100000374019146
external_traffic,0,0::origin=1,1,-49,2018-06-28 01:00:00,0.005499999970197678
external_traffic,0,0::origin=1,1,-48,2018-06-28 02:00:00,0.004800000227987766
external_traffic,0,0::origin=1,1,-47,2018-06-28 03:00:00,0.0044999998062849045
external_traffic,0,0::origin=1,1,-46,2018-06-28 04:00:00,0.00419999985024333
external_traffic,0,0::origin=1,1,-45,2018-06-28 05:00:00,0.004999999888241291
external_traffic,0,0::origin=1,1,-44,2018-06-28 06:00:00,0.010599999688565731
external_traffic,0,0::origin=1,1,-43,2018-06-28 07:00:00,0.04610000178217888
external_traffic,0,0::origin=1,1,-42,2018-06-28 08:00:00,0.05860000103712082
external_traffic,0,0::origin=1,1,-41,2018-06-28 09:00:00,0.04740000143647194
external_traffic,0,0::origin=1,1,-40,2018-06-28 10:00:00,0.0494999997317791
external_traffic,0,0::origin=1,1,-39,2018-06-28 11:00:00,0.05730000138282776
external_traffic,0,0::origin=1,1,-38,2018-06-28 12:00:00,0.06769999861717224
external_traffic,0,0::origin=1,1,-37,2018-06-28 13:00:00,0.06800000369548798
external_traffic,0,0::origin=1,1,-36,2018-06-28 14:00:00,0.06520000100135803
external_traffic,0,0::origin=1,1,-35,2018-06-28 15:00:00,0.06360000371932983
external_traffic,0,0::origin=1,1,-34,2018-06-28 16:00:00,0.06449999660253525
external_traffic,0,0::origin=1,1,-33,2018-06-28 17:00:00,0.0608999989926815
external_traffic,0,0::origin=1,1,-32,2018-06-28 18:00:00,0.06120000034570694
external_traffic,0,0::origin=1,1,-31,2018-06-28 19:00:00,0.059300001710653305
external_traffic,0,0::origin=1,1,-30,2018-06-28 20:00:00,0.04749999940395355
external_traffic,0,0::origin=1,1,-29,2018-06-28 21:00:00,0.0348999984562397
external_traffic,0,0::origin=1,1,-28,2018-06-28 22:00:00,0.027899999171495438
external_traffic,0,0::origin=1,1,-27,2018-06-28 23:00:00,0.022299999371170998
external_traffic,0,0::origin=1,1,-26,2018-06-29 00:00:00,0.00860000029206276
external_traffic,0,0::origin=1,1,-25,2018-06-29 01:00:00,0.005499999970197678
external_traffic,0,0::origin=1,1,-24,2018-06-29 02:00:00,0.004800000227987766
external_traffic,0,0::origin=1,1,-23,2018-06-29 03:00:00,0.004399999976158142
external_traffic,0,0::origin=1,1,-22,2018-06-29 04:00:00,0.004399999976158142
external_traffic,0,0::origin=1,1,-21,2018-06-29 05:00:00,0.005400000140070915
external_traffic,0,0::origin=1,1,-20,2018-06-29 06:00:00,0.01489999983459711
external_traffic,0,0::origin=1,1,-19,2018-06-29 07:00:00,0.04360000044107437
external_traffic,0,0::origin=1,1,-18,2018-06-29 08:00:00,0.05920000001788139
external_traffic,0,0::origin=1,1,-17,2018-06-29 09:00:00,0.04780000075697899
external_traffic,0,0::origin=1,1,-16,2018-06-29 10:00:00,0.05040000006556511
external_traffic,0,0::origin=1,1,-15,2018-06-29 11:00:00,0.05939999967813492
external_traffic,0,0::origin=1,1,-14,2018-06-29 12:00:00,0.0658000037074089
external_traffic,0,0::origin=1,1,-13,2018-06-29 13:00:00,0.06759999692440033
external_traffic,0,0::origin=1,1,-12,2018-06-29 14:00:00,0.059700001031160355
external_traffic,0,0::origin=1,1,-11,2018-06-29 15:00:00,0.0681999996304512
external_traffic,0,0::origin=1,1,-10,2018-06-29 16:00:00,0.0632999986410141
external_traffic,0,0::origin=1,1,-9,2018-06-29 17:00:00,0.06260000169277191
external_traffic,0,0::origin=1,1,-8,2018-06-29 18:00:00,0.0625
external_traffic,0,0::origin=1,1,-7,2018-06-29 19:00:00,0.05570000037550926
external_traffic,0,0::origin=1,1,-6,2018-06-29 20:00:00,0.0494999997317791
external_traffic,0,0::origin=1,1,-5,2018-06-29 21:00:00,0.03519999980926514
external_traffic,0,0::origin=1,1,-4,2018-06-29 22:00:00,0.028699999675154686
external_traffic,0,0::origin=1,1,-3,2018-06-29 23:00:00,0.02070000022649765
external_traffic,0,0::origin=1,1,-2,2018-06-30 00:00:00,0.008500000461935997
external_traffic,0,0::origin=1,1,-1,2018-06-30 01:00:00,0.006099999882280827
external_traffic,0,0::origin=2,2,-72,2018-06-26 02:00:00,0.005200000014156103
external_traffic,0,0::origin=2,2,-71,2018-06-26 03:00:00,0.00419999985024333
external_traffic,0,0::origin=2,2,-70,2018-06-26 04:00:00,0.00430000014603138
external_traffic,0,0::origin=2,2,-69,2018-06-26 05:00:00,0.004600000102072954
external_traffic,0,0::origin=2,2,-68,2018-06-26 06:00:00,0.006000000052154064
external_traffic,0,0::origin=2,2,-67,2018-06-26 07:00:00,0.0066999997943639755
external_traffic,0,0::origin=2,2,-66,2018-06-26 08:00:00,0.01119999960064888
external_traffic,0,0::origin=2,2,-65,2018-06-26 09:00:00,0.01640000008046627
external_traffic,0,0::origin=2,2,-64,2018-06-26 10:00:00,0.02759999968111515
external_traffic,0,0::origin=2,2,-63,2018-06-26 11:00:00,0.039799999445676804
external_traffic,0,0::origin=2,2,-62,2018-06-26 12:00:00,0.05420000106096268
external_traffic,0,0::origin=2,2,-61,2018-06-26 13:00:00,0.06480000168085098
external_traffic,0,0::origin=2,2,-60,2018-06-26 14:00:00,0.0658000037074089
external_traffic,0,0::origin=2,2,-59,2018-06-26 15:00:00,0.06419999897480011
external_traffic,0,0::origin=2,2,-58,2018-06-26 16:00:00,0.06400000303983688
external_traffic,0,0::origin=2,2,-57,2018-06-26 17:00:00,0.06530000269412994
external_traffic,0,0::origin=2,2,-56,2018-06-26 18:00:00,0.05939999967813492
external_traffic,0,0::origin=2,2,-55,2018-06-26 19:00:00,0.05689999833703041
external_traffic,0,0::origin=2,2,-54,2018-06-26 20:00:00,0.046799998730421066
external_traffic,0,0::origin=2,2,-53,2018-06-26 21:00:00,0.03739999979734421
external_traffic,0,0::origin=2,2,-52,2018-06-26 22:00:00,0.031700000166893005
external_traffic,0,0::origin=2,2,-51,2018-06-26 23:00:00,0.02370000071823597
external_traffic,0,0::origin=2,2,-50,2018-06-27 00:00:00,0.01080000028014183
external_traffic,0,0::origin=2,2,-49,2018-06-27 01:00:00,0.005799999926239252
external_traffic,0,0::origin=2,2,-48,2018-06-27 02:00:00,0.004600000102072954
external_traffic,0,0::origin=2,2,-47,2018-06-27 03:00:00,0.0044999998062849045
external_traffic,0,0::origin=2,2,-46,2018-06-27 04:00:00,0.00430000014603138
external_traffic,0,0::origin=2,2,-45,2018-06-27 05:00:00,0.005200000014156103
external_traffic,0,0::origin=2,2,-44,2018-06-27 06:00:00,0.010300000198185444
external_traffic,0,0::origin=2,2,-43,2018-06-27 07:00:00,0.04729999974370003
external_traffic,0,0::origin=2,2,-42,2018-06-27 08:00:00,0.05790000036358833
external_traffic,0,0::origin=2,2,-41,2018-06-27 09:00:00,0.04600000008940697
external_traffic,0,0::origin=2,2,-40,2018-06-27 10:00:00,0.0478999987244606
external_traffic,0,0::origin=2,2,-39,2018-06-27 11:00:00,0.0560000017285347
external_traffic,0,0::origin=2,2,-38,2018-06-27 12:00:00,0.0640999972820282
external_traffic,0,0::origin=2,2,-37,2018-06-27 13:00:00,0.07010000199079514
external_traffic,0,0::origin=2,2,-36,2018-06-27 14:00:00,0.06710000336170197
external_traffic,0,0::origin=2,2,-35,2018-06-27 15:00:00,0.06360000371932983
external_traffic,0,0::origin=2,2,-34,2018-06-27 16:00:00,0.060600001364946365
external_traffic,0,0::origin=2,2,-33,2018-06-27 17:00:00,0.0625
external_traffic,0,0::origin=2,2,-32,2018-06-27 18:00:00,0.05979999899864197
external_traffic,0,0::origin=2,2,-31,2018-06-27 19:00:00,0.05510000139474869
external_traffic,0,0::origin=2,2,-30,2018-06-27 20:00:00,0.04690000042319298
external_traffic,0,0::origin=2,2,-29,2018-06-27 21:00:00,0.03310000151395798
external_traffic,0,0::origin=2,2,-28,2018-06-27 22:00:00,0.025800000876188278
external_traffic,0,0::origin=2,2,-27,2018-06-27 23:00:00,0.020500000566244125
external_traffic,0,0::origin=2,2,-26,2018-06-28 00:00:00,0.009100000374019146
external_traffic,0,0::origin=2,2,-25,2018-06-28 01:00:00,0.005499999970197678
external_traffic,0,0::origin=2,2,-24,2018-06-28 02:00:00,0.004800000227987766
external_traffic,0,0::origin=2,2,-23,2018-06-28 03:00:00,0.0044999998062849045
external_traffic,0,0::origin=2,2,-22,2018-06-28 04:00:00,0.00419999985024333
external_traffic,0,0::origin=2,2,-21,2018-06-28 05:00:00,0.004999999888241291
external_traffic,0,0::origin=2,2,-20,2018-06-28 06:00:00,0.010599999688565731
external_traffic,0,0::origin=2,2,-19,2018-06-28 07:00:00,0.04610000178217888
external_traffic,0,0::origin=2,2,-18,2018-06-28 08:00:00,0.05860000103712082
external_traffic,0,0::origin=2,2,-17,2018-06-28 09:00:00,0.04740000143647194
external_traffic,0,0::origin=2,2,-16,2018-06-28 10:00:00,0.0494999997317791
external_traffic,0,0::origin=2,2,-15,2018-06-28 11:00:00,0.05730000138282776
external_traffic,0,0::origin=2,2,-14,2018-06-28 12:00:00,0.06769999861717224
external_traffic,0,0::origin=2,2,-13,2018-06-28 13:00:00,0.06800000369548798
external_traffic,0,0::origin=2,2,-12,2018-06-28 14:00:00,0.06520000100135803
external_traffic,0,0::origin=2,2,-11,2018-06-28 15:00:00,0.06360000371932983
external_traffic,0,0::origin=2,2,-10,2018-06-28 16:00:00,0.06449999660253525
external_traffic,0,0::origin=2,2,-9,2018-06-28 17:00:00,0.0608999989926815
external_traffic,0,0::origin=2,2,-8,2018-06-28 18:00:00,0.06120000034570694
external_traffic,0,0::origin=2,2,-7,2018-06-28 19:00:00,0.059300001710653305
external_traffic,0,0::origin=2,2,-6,2018-06-28 20:00:00,0.04749999940395355
external_traffic,0,0::origin=2,2,-5,2018-06-28 21:00:00,0.0348999984562397
external_traffic,0,0::origin=2,2,-4,2018-06-28 22:00:00,0.027899999171495438
external_traffic,0,0::origin=2,2,-3,2018-06-28 23:00:00,0.022299999371170998
external_traffic,0,0::origin=2,2,-2,2018-06-29 00:00:00,0.00860000029206276
external_traffic,0,0::origin=2,2,-1,2018-06-29 01:00:00,0.005499999970197678
external_traffic,215,215::origin=0,0,-72,2018-06-28 02:00:00,0.00559999980032444
external_traffic,215,215::origin=0,0,-71,2018-06-28 03:00:00,0.003000000026077032
external_traffic,215,215::origin=0,0,-70,2018-06-28 04:00:00,0.002199999988079071
external_traffic,215,215::origin=0,0,-69,2018-06-28 05:00:00,0.0010999999940395355
external_traffic,215,215::origin=0,0,-68,2018-06-28 06:00:00,0.002099999925121665
external_traffic,215,215::origin=0,0,-67,2018-06-28 07:00:00,0.004600000102072954
external_traffic,215,215::origin=0,0,-66,2018-06-28 08:00:00,0.009999999776482582
external_traffic,215,215::origin=0,0,-65,2018-06-28 09:00:00,0.014299999922513962
external_traffic,215,215::origin=0,0,-64,2018-06-28 10:00:00,0.018300000578165054
external_traffic,215,215::origin=0,0,-63,2018-06-28 11:00:00,0.02290000021457672
external_traffic,215,215::origin=0,0,-62,2018-06-28 12:00:00,0.027899999171495438
external_traffic,215,215::origin=0,0,-61,2018-06-28 13:00:00,0.032600000500679016
external_traffic,215,215::origin=0,0,-60,2018-06-28 14:00:00,0.03610000014305115
external_traffic,215,215::origin=0,0,-59,2018-06-28 15:00:00,0.04089999943971634
external_traffic,215,215::origin=0,0,-58,2018-06-28 16:00:00,0.04740000143647194
external_traffic,215,215::origin=0,0,-57,2018-06-28 17:00:00,0.04740000143647194
external_traffic,215,215::origin=0,0,-56,2018-06-28 18:00:00,0.049400001764297485
external_traffic,215,215::origin=0,0,-55,2018-06-28 19:00:00,0.050200000405311584
external_traffic,215,215::origin=0,0,-54,2018-06-28 20:00:00,0.03999999910593033
external_traffic,215,215::origin=0,0,-53,2018-06-28 21:00:00,0.03420000150799751
external_traffic,215,215::origin=0,0,-52,2018-06-28 22:00:00,0.025299999862909317
external_traffic,215,215::origin=0,0,-51,2018-06-28 23:00:00,0.022199999541044235
external_traffic,215,215::origin=0,0,-50,2018-06-29 00:00:00,0.01759999990463257
external_traffic,215,215::origin=0,0,-49,2018-06-29 01:00:00,0.010200000368058681
external_traffic,215,215::origin=0,0,-48,2018-06-29 02:00:00,0.006099999882280827
external_traffic,215,215::origin=0,0,-47,2018-06-29 03:00:00,0.0034000000450760126
external_traffic,215,215::origin=0,0,-46,2018-06-29 04:00:00,0.002300000051036477
external_traffic,215,215::origin=0,0,-45,2018-06-29 05:00:00,0.001500000013038516
external_traffic,215,215::origin=0,0,-44,2018-06-29 06:00:00,0.0024999999441206455
external_traffic,215,215::origin=0,0,-43,2018-06-29 07:00:00,0.004399999976158142
external_traffic,215,215::origin=0,0,-42,2018-06-29 08:00:00,0.008899999782443047
external_traffic,215,215::origin=0,0,-41,2018-06-29 09:00:00,0.014000000432133675
external_traffic,215,215::origin=0,0,-40,2018-06-29 10:00:00,0.017500000074505806
external_traffic,215,215::origin=0,0,-39,2018-06-29 11:00:00,0.017799999564886093
external_traffic,215,215::origin=0,0,-38,2018-06-29 12:00:00,0.0203000009059906
external_traffic,215,215::origin=0,0,-37,2018-06-29 13:00:00,0.025299999862909317
external_traffic,215,215::origin=0,0,-36,2018-06-29 14:00:00,0.02879999950528145
external_traffic,215,215::origin=0,0,-35,2018-06-29 15:00:00,0.03189999982714653
external_traffic,215,215::origin=0,0,-34,2018-06-29 16:00:00,0.039500001817941666
external_traffic,215,215::origin=0,0,-33,2018-06-29 17:00:00,0.038100000470876694
external_traffic,215,215::origin=0,0,-32,2018-06-29 18:00:00,0.041200000792741776
external_traffic,215,215::origin=0,0,-31,2018-06-29 19:00:00,0.04100000113248825
external_traffic,215,215::origin=0,0,-30,2018-06-29 20:00:00,0.029500000178813934
external_traffic,215,215::origin=0,0,-29,2018-06-29 21:00:00,0.025800000876188278
external_traffic,215,215::origin=0,0,-28,2018-06-29 22:00:00,0.022099999710917473
external_traffic,215,215::origin=0,0,-27,2018-06-29 23:00:00,0.017999999225139618
external_traffic,215,215::origin=0,0,-26,2018-06-30 00:00:00,0.013399999588727951
external_traffic,215,215::origin=0,0,-25,2018-06-30 01:00:00,0.009399999864399433
external_traffic,215,215::origin=0,0,-24,2018-06-30 02:00:00,0.005100000184029341
external_traffic,215,215::origin=0,0,-23,2018-06-30 03:00:00,0.0032999999821186066
external_traffic,215,215::origin=0,0,-22,2018-06-30 04:00:00,0.0020000000949949026
external_traffic,215,215::origin=0,0,-21,2018-06-30 05:00:00,0.0012000000569969416
external_traffic,215,215::origin=0,0,-20,2018-06-30 06:00:00,0.0017999999690800905
external_traffic,215,215::origin=0,0,-19,2018-06-30 07:00:00,0.00430000014603138
external_traffic,215,215::origin=0,0,-18,2018-06-30 08:00:00,0.007699999958276749
external_traffic,215,215::origin=0,0,-17,2018-06-30 09:00:00,0.010599999688565731
external_traffic,215,215::origin=0,0,-16,2018-06-30 10:00:00,0.013700000010430813
external_traffic,215,215::origin=0,0,-15,2018-06-30 11:00:00,0.01730000041425228
external_traffic,215,215::origin=0,0,-14,2018-06-30 12:00:00,0.020500000566244125
external_traffic,215,215::origin=0,0,-13,2018-06-30 13:00:00,0.026599999517202377
external_traffic,215,215::origin=0,0,-12,2018-06-30 14:00:00,0.03269999846816063
external_traffic,215,215::origin=0,0,-11,2018-06-30 15:00:00,0.03500000014901161
external_traffic,215,215::origin=0,0,-10,2018-06-30 16:00:00,0.03920000046491623
external_traffic,215,215::origin=0,0,-9,2018-06-30 17:00:00,0.03669999912381172
external_traffic,215,215::origin=0,0,-8,2018-06-30 18:00:00,0.03420000150799751
external_traffic,215,215::origin=0,0,-7,2018-06-30 19:00:00,0.03180000185966492
external_traffic,215,215::origin=0,0,-6,2018-06-30 20:00:00,0.027899999171495438
external_traffic,215,215::origin=0,0,-5,2018-06-30 21:00:00,0.02630000002682209
external_traffic,215,215::origin=0,0,-4,2018-06-30 22:00:00,0.020500000566244125
external_traffic,215,215::origin=0,0,-3,2018-06-30 23:00:00,0.019899999722838402
external_traffic,215,215::origin=0,0,-2,2018-07-01 00:00:00,0.021800000220537186
external_traffic,215,215::origin=0,0,-1,2018-07-01 01:00:00,0.010999999940395355
external_traffic,215,215::origin=1,1,-72,2018-06-27 02:00:00,0.00570000009611249
external_traffic,215,215::origin=1,1,-71,2018-06-27 03:00:00,0.0032999999821186066
external_traffic,215,215::origin=1,1,-70,2018-06-27 04:00:00,0.002199999988079071
external_traffic,215,215::origin=1,1,-69,2018-06-27 05:00:00,0.0012000000569969416
external_traffic,215,215::origin=1,1,-68,2018-06-27 06:00:00,0.0027000000700354576
external_traffic,215,215::origin=1,1,-67,2018-06-27 07:00:00,0.0052999998442828655
external_traffic,215,215::origin=1,1,-66,2018-06-27 08:00:00,0.009100000374019146
external_traffic,215,215::origin=1,1,-65,2018-06-27 09:00:00,0.0142000000923872
external_traffic,215,215::origin=1,1,-64,2018-06-27 10:00:00,0.016899999231100082
external_traffic,215,215::origin=1,1,-63,2018-06-27 11:00:00,0.02239999920129776
external_traffic,215,215::origin=1,1,-62,2018-06-27 12:00:00,0.025100000202655792
external_traffic,215,215::origin=1,1,-61,2018-06-27 13:00:00,0.02810000069439411
external_traffic,215,215::origin=1,1,-60,2018-06-27 14:00:00,0.033900000154972076
external_traffic,215,215::origin=1,1,-59,2018-06-27 15:00:00,0.03929999843239784
external_traffic,215,215::origin=1,1,-58,2018-06-27 16:00:00,0.04740000143647194
external_traffic,215,215::origin=1,1,-57,2018-06-27 17:00:00,0.04699999839067459
external_traffic,215,215::origin=1,1,-56,2018-06-27 18:00:00,0.05000000074505806
external_traffic,215,215::origin=1,1,-55,2018-06-27 19:00:00,0.051500000059604645
external_traffic,215,215::origin=1,1,-54,2018-06-27 20:00:00,0.0364999994635582
external_traffic,215,215::origin=1,1,-53,2018-06-27 21:00:00,0.03319999948143959
external_traffic,215,215::origin=1,1,-52,2018-06-27 22:00:00,0.024299999698996544
external_traffic,215,215::origin=1,1,-51,2018-06-27 23:00:00,0.019300000742077827
external_traffic,215,215::origin=1,1,-50,2018-06-28 00:00:00,0.015599999576807022
external_traffic,215,215::origin=1,1,-49,2018-06-28 01:00:00,0.009800000116229057
external_traffic,215,215::origin=1,1,-48,2018-06-28 02:00:00,0.00559999980032444
external_traffic,215,215::origin=1,1,-47,2018-06-28 03:00:00,0.003000000026077032
external_traffic,215,215::origin=1,1,-46,2018-06-28 04:00:00,0.002199999988079071
external_traffic,215,215::origin=1,1,-45,2018-06-28 05:00:00,0.0010999999940395355
external_traffic,215,215::origin=1,1,-44,2018-06-28 06:00:00,0.002099999925121665
external_traffic,215,215::origin=1,1,-43,2018-06-28 07:00:00,0.004600000102072954
external_traffic,215,215::origin=1,1,-42,2018-06-28 08:00:00,0.009999999776482582
external_traffic,215,215::origin=1,1,-41,2018-06-28 09:00:00,0.014299999922513962
external_traffic,215,215::origin=1,1,-40,2018-06-28 10:00:00,0.018300000578165054
external_traffic,215,215::origin=1,1,-39,2018-06-28 11:00:00,0.02290000021457672
external_traffic,215,215::origin=1,1,-38,2018-06-28 12:00:00,0.027899999171495438
external_traffic,215,215::origin=1,1,-37,2018-06-28 13:00:00,0.032600000500679016
external_traffic,215,215::origin=1,1,-36,2018-06-28 14:00:00,0.03610000014305115
external_traffic,215,215::origin=1,1,-35,2018-06-28 15:00:00,0.04089999943971634
external_traffic,215,215::origin=1,1,-34,2018-06-28 16:00:00,0.04740000143647194
external_traffic,215,215::origin=1,1,-33,2018-06-28 17:00:00,0.04740000143647194
external_traffic,215,215::origin=1,1,-32,2018-06-28 18:00:00,0.049400001764297485
external_traffic,215,215::origin=1,1,-31,2018-06-28 19:00:00,0.050200000405311584
external_traffic,215,215::origin=1,1,-30,2018-06-28 20:00:00,0.03999999910593033
external_traffic,215,215::origin=1,1,-29,2018-06-28 21:00:00,0.03420000150799751
external_traffic,215,215::origin=1,1,-28,2018-06-28 22:00:00,0.025299999862909317
external_traffic,215,215::origin=1,1,-27,2018-06-28 23:00:00,0.022199999541044235
external_traffic,215,215::origin=1,1,-26,2018-06-29 00:00:00,0.01759999990463257
external_traffic,215,215::origin=1,1,-25,2018-06-29 01:00:00,0.010200000368058681
external_traffic,215,215::origin=1,1,-24,2018-06-29 02:00:00,0.006099999882280827
external_traffic,215,215::origin=1,1,-23,2018-06-29 03:00:00,0.0034000000450760126
external_traffic,215,215::origin=1,1,-22,2018-06-29 04:00:00,0.002300000051036477
external_traffic,215,215::origin=1,1,-21,2018-06-29 05:00:00,0.001500000013038516
external_traffic,215,215::origin=1,1,-20,2018-06-29 06:00:00,0.0024999999441206455
external_traffic,215,215::origin=1,1,-19,2018-06-29 07:00:00,0.004399999976158142
external_traffic,215,215::origin=1,1,-18,2018-06-29 08:00:00,0.008899999782443047
external_traffic,215,215::origin=1,1,-17,2018-06-29 09:00:00,0.014000000432133675
external_traffic,215,215::origin=1,1,-16,2018-06-29 10:00:00,0.017500000074505806
external_traffic,215,215::origin=1,1,-15,2018-06-29 11:00:00,0.017799999564886093
external_traffic,215,215::origin=1,1,-14,2018-06-29 12:00:00,0.0203000009059906
external_traffic,215,215::origin=1,1,-13,2018-06-29 13:00:00,0.025299999862909317
external_traffic,215,215::origin=1,1,-12,2018-06-29 14:00:00,0.02879999950528145
external_traffic,215,215::origin=1,1,-11,2018-06-29 15:00:00,0.03189999982714653
external_traffic,215,215::origin=1,1,-10,2018-06-29 16:00:00,0.039500001817941666
external_traffic,215,215::origin=1,1,-9,2018-06-29 17:00:00,0.038100000470876694
external_traffic,215,215::origin=1,1,-8,2018-06-29 18:00:00,0.041200000792741776
external_traffic,215,215::origin=1,1,-7,2018-06-29 19:00:00,0.04100000113248825
external_traffic,215,215::origin=1,1,-6,2018-06-29 20:00:00,0.029500000178813934
external_traffic,215,215::origin=1,1,-5,2018-06-29 21:00:00,0.025800000876188278
external_traffic,215,215::origin=1,1,-4,2018-06-29 22:00:00,0.022099999710917473
external_traffic,215,215::origin=1,1,-3,2018-06-29 23:00:00,0.017999999225139618
external_traffic,215,215::origin=1,1,-2,2018-06-30 00:00:00,0.013399999588727951
external_traffic,215,215::origin=1,1,-1,2018-06-30 01:00:00,0.009399999864399433
external_traffic,215,215::origin=2,2,-72,2018-06-26 02:00:00,0.00570000009611249
external_traffic,215,215::origin=2,2,-71,2018-06-26 03:00:00,0.002899999963119626
external_traffic,215,215::origin=2,2,-70,2018-06-26 04:00:00,0.0017000000225380063
external_traffic,215,215::origin=2,2,-69,2018-06-26 05:00:00,0.0012000000569969416
external_traffic,215,215::origin=2,2,-68,2018-06-26 06:00:00,0.0020000000949949026
external_traffic,215,215::origin=2,2,-67,2018-06-26 07:00:00,0.0034000000450760126
external_traffic,215,215::origin=2,2,-66,2018-06-26 08:00:00,0.004999999888241291
external_traffic,215,215::origin=2,2,-65,2018-06-26 09:00:00,0.00930000003427267
external_traffic,215,215::origin=2,2,-64,2018-06-26 10:00:00,0.013199999928474426
external_traffic,215,215::origin=2,2,-63,2018-06-26 11:00:00,0.01679999940097332
external_traffic,215,215::origin=2,2,-62,2018-06-26 12:00:00,0.023600000888109207
external_traffic,215,215::origin=2,2,-61,2018-06-26 13:00:00,0.02850000001490116
external_traffic,215,215::origin=2,2,-60,2018-06-26 14:00:00,0.03310000151395798
external_traffic,215,215::origin=2,2,-59,2018-06-26 15:00:00,0.03550000116229057
external_traffic,215,215::origin=2,2,-58,2018-06-26 16:00:00,0.03500000014901161
external_traffic,215,215::origin=2,2,-57,2018-06-26 17:00:00,0.0364999994635582
external_traffic,215,215::origin=2,2,-56,2018-06-26 18:00:00,0.033399999141693115
external_traffic,215,215::origin=2,2,-55,2018-06-26 19:00:00,0.03310000151395798
external_traffic,215,215::origin=2,2,-54,2018-06-26 20:00:00,0.027499999850988388
external_traffic,215,215::origin=2,2,-53,2018-06-26 21:00:00,0.02710000053048134
external_traffic,215,215::origin=2,2,-52,2018-06-26 22:00:00,0.021199999377131462
external_traffic,215,215::origin=2,2,-51,2018-06-26 23:00:00,0.02019999921321869
external_traffic,215,215::origin=2,2,-50,2018-06-27 00:00:00,0.014800000004470348
external_traffic,215,215::origin=2,2,-49,2018-06-27 01:00:00,0.009800000116229057
external_traffic,215,215::origin=2,2,-48,2018-06-27 02:00:00,0.00570000009611249
external_traffic,215,215::origin=2,2,-47,2018-06-27 03:00:00,0.0032999999821186066
external_traffic,215,215::origin=2,2,-46,2018-06-27 04:00:00,0.002199999988079071
external_traffic,215,215::origin=2,2,-45,2018-06-27 05:00:00,0.0012000000569969416
external_traffic,215,215::origin=2,2,-44,2018-06-27 06:00:00,0.0027000000700354576
external_traffic,215,215::origin=2,2,-43,2018-06-27 07:00:00,0.0052999998442828655
external_traffic,215,215::origin=2,2,-42,2018-06-27 08:00:00,0.009100000374019146
external_traffic,215,215::origin=2,2,-41,2018-06-27 09:00:00,0.0142000000923872
external_traffic,215,215::origin=2,2,-40,2018-06-27 10:00:00,0.016899999231100082
external_traffic,215,215::origin=2,2,-39,2018-06-27 11:00:00,0.02239999920129776
external_traffic,215,215::origin=2,2,-38,2018-06-27 12:00:00,0.025100000202655792
external_traffic,215,215::origin=2,2,-37,2018-06-27 13:00:00,0.02810000069439411
external_traffic,215,215::origin=2,2,-36,2018-06-27 14:00:00,0.033900000154972076
external_traffic,215,215::origin=2,2,-35,2018-06-27 15:00:00,0.03929999843239784
external_traffic,215,215::origin=2,2,-34,2018-06-27 16:00:00,0.04740000143647194
external_traffic,215,215::origin=2,2,-33,2018-06-27 17:00:00,0.04699999839067459
external_traffic,215,215::origin=2,2,-32,2018-06-27 18:00:00,0.05000000074505806
external_traffic,215,215::origin=2,2,-31,2018-06-27 19:00:00,0.051500000059604645
external_traffic,215,215::origin=2,2,-30,2018-06-27 20:00:00,0.0364999994635582
external_traffic,215,215::origin=2,2,-29,2018-06-27 21:00:00,0.03319999948143959
external_traffic,215,215::origin=2,2,-28,2018-06-27 22:00:00,0.024299999698996544
external_traffic,215,215::origin=2,2,-27,2018-06-27 23:00:00,0.019300000742077827
external_traffic,215,215::origin=2,2,-26,2018-06-28 00:00:00,0.015599999576807022
external_traffic,215,215::origin=2,2,-25,2018-06-28 01:00:00,0.009800000116229057
external_traffic,215,215::origin=2,2,-24,2018-06-28 02:00:00,0.00559999980032444
external_traffic,215,215::origin=2,2,-23,2018-06-28 03:00:00,0.003000000026077032
external_traffic,215,215::origin=2,2,-22,2018-06-28 04:00:00,0.002199999988079071
external_traffic,215,215::origin=2,2,-21,2018-06-28 05:00:00,0.0010999999940395355
external_traffic,215,215::origin=2,2,-20,2018-06-28 06:00:00,0.002099999925121665
external_traffic,215,215::origin=2,2,-19,2018-06-28 07:00:00,0.004600000102072954
external_traffic,215,215::origin=2,2,-18,2018-06-28 08:00:00,0.009999999776482582
external_traffic,215,215::origin=2,2,-17,2018-06-28 09:00:00,0.014299999922513962
external_traffic,215,215::origin=2,2,-16,2018-06-28 10:00:00,0.018300000578165054
external_traffic,215,215::origin=2,2,-15,2018-06-28 11:00:00,0.02290000021457672
external_traffic,215,215::origin=2,2,-14,2018-06-28 12:00:00,0.027899999171495438
external_traffic,215,215::origin=2,2,-13,2018-06-28 13:00:00,0.032600000500679016
external_traffic,215,215::origin=2,2,-12,2018-06-28 14:00:00,0.03610000014305115
external_traffic,215,215::origin=2,2,-11,2018-06-28 15:00:00,0.04089999943971634
external_traffic,215,215::origin=2,2,-10,2018-06-28 16:00:00,0.04740000143647194
external_traffic,215,215::origin=2,2,-9,2018-06-28 17:00:00,0.04740000143647194
external_traffic,215,215::origin=2,2,-8,2018-06-28 18:00:00,0.049400001764297485
external_traffic,215,215::origin=2,2,-7,2018-06-28 19:00:00,0.050200000405311584
external_traffic,215,215::origin=2,2,-6,2018-06-28 20:00:00,0.03999999910593033
external_traffic,215,215::origin=2,2,-5,2018-06-28 21:00:00,0.03420000150799751
external_traffic,215,215::origin=2,2,-4,2018-06-28 22:00:00,0.025299999862909317
external_traffic,215,215::origin=2,2,-3,2018-06-28 23:00:00,0.022199999541044235
external_traffic,215,215::origin=2,2,-2,2018-06-29 00:00:00,0.01759999990463257
external_traffic,215,215::origin=2,2,-1,2018-06-29 01:00:00,0.010200000368058681
external_traffic,430,430::origin=0,0,-72,2018-06-28 02:00:00,0.004900000058114529
external_traffic,430,430::origin=0,0,-71,2018-06-28 03:00:00,0.00279999990016222
external_traffic,430,430::origin=0,0,-70,2018-06-28 04:00:00,0.0015999999595806003
external_traffic,430,430::origin=0,0,-69,2018-06-28 05:00:00,0.0010999999940395355
external_traffic,430,430::origin=0,0,-68,2018-06-28 06:00:00,0.0012000000569969416
external_traffic,430,430::origin=0,0,-67,2018-06-28 07:00:00,0.0034000000450760126
external_traffic,430,430::origin=0,0,-66,2018-06-28 08:00:00,0.006899999920278788
external_traffic,430,430::origin=0,0,-65,2018-06-28 09:00:00,0.013799999840557575
external_traffic,430,430::origin=0,0,-64,2018-06-28 10:00:00,0.020099999383091927
external_traffic,430,430::origin=0,0,-63,2018-06-28 11:00:00,0.02500000037252903
external_traffic,430,430::origin=0,0,-62,2018-06-28 12:00:00,0.027000000700354576
external_traffic,430,430::origin=0,0,-61,2018-06-28 13:00:00,0.032099999487400055
external_traffic,430,430::origin=0,0,-60,2018-06-28 14:00:00,0.03420000150799751
external_traffic,430,430::origin=0,0,-59,2018-06-28 15:00:00,0.03970000147819519
external_traffic,430,430::origin=0,0,-58,2018-06-28 16:00:00,0.05429999902844429
external_traffic,430,430::origin=0,0,-57,2018-06-28 17:00:00,0.06759999692440033
external_traffic,430,430::origin=0,0,-56,2018-06-28 18:00:00,0.06509999930858612
external_traffic,430,430::origin=0,0,-55,2018-06-28 19:00:00,0.06310000270605087
external_traffic,430,430::origin=0,0,-54,2018-06-28 20:00:00,0.04580000042915344
external_traffic,430,430::origin=0,0,-53,2018-06-28 21:00:00,0.03189999982714653
external_traffic,430,430::origin=0,0,-52,2018-06-28 22:00:00,0.02250000089406967
external_traffic,430,430::origin=0,0,-51,2018-06-28 23:00:00,0.020800000056624413
external_traffic,430,430::origin=0,0,-50,2018-06-29 00:00:00,0.01510000042617321
external_traffic,430,430::origin=0,0,-49,2018-06-29 01:00:00,0.009100000374019146
external_traffic,430,430::origin=0,0,-48,2018-06-29 02:00:00,0.005400000140070915
external_traffic,430,430::origin=0,0,-47,2018-06-29 03:00:00,0.0026000000070780516
external_traffic,430,430::origin=0,0,-46,2018-06-29 04:00:00,0.001500000013038516
external_traffic,430,430::origin=0,0,-45,2018-06-29 05:00:00,0.0010999999940395355
external_traffic,430,430::origin=0,0,-44,2018-06-29 06:00:00,0.0013000000035390258
external_traffic,430,430::origin=0,0,-43,2018-06-29 07:00:00,0.0034000000450760126
external_traffic,430,430::origin=0,0,-42,2018-06-29 08:00:00,0.007300000172108412
external_traffic,430,430::origin=0,0,-41,2018-06-29 09:00:00,0.014700000174343586
external_traffic,430,430::origin=0,0,-40,2018-06-29 10:00:00,0.02019999921321869
external_traffic,430,430::origin=0,0,-39,2018-06-29 11:00:00,0.01979999989271164
external_traffic,430,430::origin=0,0,-38,2018-06-29 12:00:00,0.02280000038444996
external_traffic,430,430::origin=0,0,-37,2018-06-29 13:00:00,0.02370000071823597
external_traffic,430,430::origin=0,0,-36,2018-06-29 14:00:00,0.025499999523162842
external_traffic,430,430::origin=0,0,-35,2018-06-29 15:00:00,0.029100000858306885
external_traffic,430,430::origin=0,0,-34,2018-06-29 16:00:00,0.04399999976158142
external_traffic,430,430::origin=0,0,-33,2018-06-29 17:00:00,0.05040000006556511
external_traffic,430,430::origin=0,0,-32,2018-06-29 18:00:00,0.051600001752376556
external_traffic,430,430::origin=0,0,-31,2018-06-29 19:00:00,0.04639999940991402
external_traffic,430,430::origin=0,0,-30,2018-06-29 20:00:00,0.03460000082850456
external_traffic,430,430::origin=0,0,-29,2018-06-29 21:00:00,0.023399999365210533
external_traffic,430,430::origin=0,0,-28,2018-06-29 22:00:00,0.01940000057220459
external_traffic,430,430::origin=0,0,-27,2018-06-29 23:00:00,0.015200000256299973
external_traffic,430,430::origin=0,0,-26,2018-06-30 00:00:00,0.014100000262260437
external_traffic,430,430::origin=0,0,-25,2018-06-30 01:00:00,0.008799999952316284
external_traffic,430,430::origin=0,0,-24,2018-06-30 02:00:00,0.004399999976158142
external_traffic,430,430::origin=0,0,-23,2018-06-30 03:00:00,0.00279999990016222
external_traffic,430,430::origin=0,0,-22,2018-06-30 04:00:00,0.001500000013038516
external_traffic,430,430::origin=0,0,-21,2018-06-30 05:00:00,0.0007999999797903001
external_traffic,430,430::origin=0,0,-20,2018-06-30 06:00:00,0.0010000000474974513
external_traffic,430,430::origin=0,0,-19,2018-06-30 07:00:00,0.003100000089034438
external_traffic,430,430::origin=0,0,-18,2018-06-30 08:00:00,0.00559999980032444
external_traffic,430,430::origin=0,0,-17,2018-06-30 09:00:00,0.010099999606609344
external_traffic,430,430::origin=0,0,-16,2018-06-30 10:00:00,0.01510000042617321
external_traffic,430,430::origin=0,0,-15,2018-06-30 11:00:00,0.016899999231100082
external_traffic,430,430::origin=0,0,-14,2018-06-30 12:00:00,0.02449999935925007
external_traffic,430,430::origin=0,0,-13,2018-06-30 13:00:00,0.026900000870227814
external_traffic,430,430::origin=0,0,-12,2018-06-30 14:00:00,0.030300000682473183
external_traffic,430,430::origin=0,0,-11,2018-06-30 15:00:00,0.032600000500679016
external_traffic,430,430::origin=0,0,-10,2018-06-30 16:00:00,0.04340000078082085
external_traffic,430,430::origin=0,0,-9,2018-06-30 17:00:00,0.04670000076293945
external_traffic,430,430::origin=0,0,-8,2018-06-30 18:00:00,0.040300000458955765
external_traffic,430,430::origin=0,0,-7,2018-06-30 19:00:00,0.03579999879002571
external_traffic,430,430::origin=0,0,-6,2018-06-30 20:00:00,0.02889999933540821
external_traffic,430,430::origin=0,0,-5,2018-06-30 21:00:00,0.022299999371170998
external_traffic,430,430::origin=0,0,-4,2018-06-30 22:00:00,0.017000000923871994
external_traffic,430,430::origin=0,0,-3,2018-06-30 23:00:00,0.016300000250339508
external_traffic,430,430::origin=0,0,-2,2018-07-01 00:00:00,0.013799999840557575
external_traffic,430,430::origin=0,0,-1,2018-07-01 01:00:00,0.010099999606609344
external_traffic,430,430::origin=1,1,-72,2018-06-27 02:00:00,0.004800000227987766
external_traffic,430,430::origin=1,1,-71,2018-06-27 03:00:00,0.002300000051036477
external_traffic,430,430::origin=1,1,-70,2018-06-27 04:00:00,0.0008999999845400453
external_traffic,430,430::origin=1,1,-69,2018-06-27 05:00:00,0.0007999999797903001
external_traffic,430,430::origin=1,1,-68,2018-06-27 06:00:00,0.0012000000569969416
external_traffic,430,430::origin=1,1,-67,2018-06-27 07:00:00,0.0034000000450760126
external_traffic,430,430::origin=1,1,-66,2018-06-27 08:00:00,0.0071000000461936
external_traffic,430,430::origin=1,1,-65,2018-06-27 09:00:00,0.014399999752640724
external_traffic,430,430::origin=1,1,-64,2018-06-27 10:00:00,0.02070000022649765
external_traffic,430,430::origin=1,1,-63,2018-06-27 11:00:00,0.022700000554323196
external_traffic,430,430::origin=1,1,-62,2018-06-27 12:00:00,0.03020000085234642
external_traffic,430,430::origin=1,1,-61,2018-06-27 13:00:00,0.03180000185966492
external_traffic,430,430::origin=1,1,-60,2018-06-27 14:00:00,0.03550000116229057
external_traffic,430,430::origin=1,1,-59,2018-06-27 15:00:00,0.038600001484155655
external_traffic,430,430::origin=1,1,-58,2018-06-27 16:00:00,0.05310000106692314
external_traffic,430,430::origin=1,1,-57,2018-06-27 17:00:00,0.061000000685453415
external_traffic,430,430::origin=1,1,-56,2018-06-27 18:00:00,0.061900001019239426
external_traffic,430,430::origin=1,1,-55,2018-06-27 19:00:00,0.055799998342990875
external_traffic,430,430::origin=1,1,-54,2018-06-27 20:00:00,0.039000000804662704
external_traffic,430,430::origin=1,1,-53,2018-06-27 21:00:00,0.03009999915957451
external_traffic,430,430::origin=1,1,-52,2018-06-27 22:00:00,0.022099999710917473
external_traffic,430,430::origin=1,1,-51,2018-06-27 23:00:00,0.019300000742077827
external_traffic,430,430::origin=1,1,-50,2018-06-28 00:00:00,0.013299999758601189
external_traffic,430,430::origin=1,1,-49,2018-06-28 01:00:00,0.008700000122189522
external_traffic,430,430::origin=1,1,-48,2018-06-28 02:00:00,0.004900000058114529
external_traffic,430,430::origin=1,1,-47,2018-06-28 03:00:00,0.00279999990016222
external_traffic,430,430::origin=1,1,-46,2018-06-28 04:00:00,0.0015999999595806003
external_traffic,430,430::origin=1,1,-45,2018-06-28 05:00:00,0.0010999999940395355
external_traffic,430,430::origin=1,1,-44,2018-06-28 06:00:00,0.0012000000569969416
external_traffic,430,430::origin=1,1,-43,2018-06-28 07:00:00,0.0034000000450760126
external_traffic,430,430::origin=1,1,-42,2018-06-28 08:00:00,0.006899999920278788
external_traffic,430,430::origin=1,1,-41,2018-06-28 09:00:00,0.013799999840557575
external_traffic,430,430::origin=1,1,-40,2018-06-28 10:00:00,0.020099999383091927
external_traffic,430,430::origin=1,1,-39,2018-06-28 11:00:00,0.02500000037252903
external_traffic,430,430::origin=1,1,-38,2018-06-28 12:00:00,0.027000000700354576
external_traffic,430,430::origin=1,1,-37,2018-06-28 13:00:00,0.032099999487400055
external_traffic,430,430::origin=1,1,-36,2018-06-28 14:00:00,0.03420000150799751
external_traffic,430,430::origin=1,1,-35,2018-06-28 15:00:00,0.03970000147819519
external_traffic,430,430::origin=1,1,-34,2018-06-28 16:00:00,0.05429999902844429
external_traffic,430,430::origin=1,1,-33,2018-06-28 17:00:00,0.06759999692440033
external_traffic,430,430::origin=1,1,-32,2018-06-28 18:00:00,0.06509999930858612
external_traffic,430,430::origin=1,1,-31,2018-06-28 19:00:00,0.06310000270605087
external_traffic,430,430::origin=1,1,-30,2018-06-28 20:00:00,0.04580000042915344
external_traffic,430,430::origin=1,1,-29,2018-06-28 21:00:00,0.03189999982714653
external_traffic,430,430::origin=1,1,-28,2018-06-28 22:00:00,0.02250000089406967
external_traffic,430,430::origin=1,1,-27,2018-06-28 23:00:00,0.020800000056624413
external_traffic,430,430::origin=1,1,-26,2018-06-29 00:00:00,0.01510000042617321
external_traffic,430,430::origin=1,1,-25,2018-06-29 01:00:00,0.009100000374019146
external_traffic,430,430::origin=1,1,-24,2018-06-29 02:00:00,0.005400000140070915
external_traffic,430,430::origin=1,1,-23,2018-06-29 03:00:00,0.0026000000070780516
external_traffic,430,430::origin=1,1,-22,2018-06-29 04:00:00,0.001500000013038516
external_traffic,430,430::origin=1,1,-21,2018-06-29 05:00:00,0.0010999999940395355
external_traffic,430,430::origin=1,1,-20,2018-06-29 06:00:00,0.0013000000035390258
external_traffic,430,430::origin=1,1,-19,2018-06-29 07:00:00,0.0034000000450760126
external_traffic,430,430::origin=1,1,-18,2018-06-29 08:00:00,0.007300000172108412
external_traffic,430,430::origin=1,1,-17,2018-06-29 09:00:00,0.014700000174343586
external_traffic,430,430::origin=1,1,-16,2018-06-29 10:00:00,0.02019999921321869
external_traffic,430,430::origin=1,1,-15,2018-06-29 11:00:00,0.01979999989271164
external_traffic,430,430::origin=1,1,-14,2018-06-29 12:00:00,0.02280000038444996
external_traffic,430,430::origin=1,1,-13,2018-06-29 13:00:00,0.02370000071823597
external_traffic,430,430::origin=1,1,-12,2018-06-29 14:00:00,0.025499999523162842
external_traffic,430,430::origin=1,1,-11,2018-06-29 15:00:00,0.029100000858306885
external_traffic,430,430::origin=1,1,-10,2018-06-29 16:00:00,0.04399999976158142
external_traffic,430,430::origin=1,1,-9,2018-06-29 17:00:00,0.05040000006556511
external_traffic,430,430::origin=1,1,-8,2018-06-29 18:00:00,0.051600001752376556
external_traffic,430,430::origin=1,1,-7,2018-06-29 19:00:00,0.04639999940991402
external_traffic,430,430::origin=1,1,-6,2018-06-29 20:00:00,0.03460000082850456
external_traffic,430,430::origin=1,1,-5,2018-06-29 21:00:00,0.023399999365210533
external_traffic,430,430::origin=1,1,-4,2018-06-29 22:00:00,0.01940000057220459
external_traffic,430,430::origin=1,1,-3,2018-06-29 23:00:00,0.015200000256299973
external_traffic,430,430::origin=1,1,-2,2018-06-30 00:00:00,0.014100000262260437
external_traffic,430,430::origin=1,1,-1,2018-06-30 01:00:00,0.008799999952316284
external_traffic,430,430::origin=2,2,-72,2018-06-26 02:00:00,0.005499999970197678
external_traffic,430,430::origin=2,2,-71,2018-06-26 03:00:00,0.002400000113993883
external_traffic,430,430::origin=2,2,-70,2018-06-26 04:00:00,0.001500000013038516
external_traffic,430,430::origin=2,2,-69,2018-06-26 05:00:00,0.0010999999940395355
external_traffic,430,430::origin=2,2,-68,2018-06-26 06:00:00,0.0013000000035390258
external_traffic,430,430::origin=2,2,-67,2018-06-26 07:00:00,0.0027000000700354576
external_traffic,430,430::origin=2,2,-66,2018-06-26 08:00:00,0.005200000014156103
external_traffic,430,430::origin=2,2,-65,2018-06-26 09:00:00,0.010200000368058681
external_traffic,430,430::origin=2,2,-64,2018-06-26 10:00:00,0.01510000042617321
external_traffic,430,430::origin=2,2,-63,2018-06-26 11:00:00,0.023099999874830246
external_traffic,430,430::origin=2,2,-62,2018-06-26 12:00:00,0.029100000858306885
external_traffic,430,430::origin=2,2,-61,2018-06-26 13:00:00,0.031099999323487282
external_traffic,430,430::origin=2,2,-60,2018-06-26 14:00:00,0.031700000166893005
external_traffic,430,430::origin=2,2,-59,2018-06-26 15:00:00,0.032999999821186066
external_traffic,430,430::origin=2,2,-58,2018-06-26 16:00:00,0.0357000008225441
external_traffic,430,430::origin=2,2,-57,2018-06-26 17:00:00,0.03759999945759773
external_traffic,430,430::origin=2,2,-56,2018-06-26 18:00:00,0.033399999141693115
external_traffic,430,430::origin=2,2,-55,2018-06-26 19:00:00,0.03150000050663948
external_traffic,430,430::origin=2,2,-54,2018-06-26 20:00:00,0.024700000882148743
external_traffic,430,430::origin=2,2,-53,2018-06-26 21:00:00,0.020600000396370888
external_traffic,430,430::origin=2,2,-52,2018-06-26 22:00:00,0.01899999938905239
external_traffic,430,430::origin=2,2,-51,2018-06-26 23:00:00,0.016499999910593033
external_traffic,430,430::origin=2,2,-50,2018-06-27 00:00:00,0.013100000098347664
external_traffic,430,430::origin=2,2,-49,2018-06-27 01:00:00,0.008100000210106373
external_traffic,430,430::origin=2,2,-48,2018-06-27 02:00:00,0.004800000227987766
external_traffic,430,430::origin=2,2,-47,2018-06-27 03:00:00,0.002300000051036477
external_traffic,430,430::origin=2,2,-46,2018-06-27 04:00:00,0.0008999999845400453
external_traffic,430,430::origin=2,2,-45,2018-06-27 05:00:00,0.0007999999797903001
external_traffic,430,430::origin=2,2,-44,2018-06-27 06:00:00,0.0012000000569969416
external_traffic,430,430::origin=2,2,-43,2018-06-27 07:00:00,0.0034000000450760126
external_traffic,430,430::origin=2,2,-42,2018-06-27 08:00:00,0.0071000000461936
external_traffic,430,430::origin=2,2,-41,2018-06-27 09:00:00,0.014399999752640724
external_traffic,430,430::origin=2,2,-40,2018-06-27 10:00:00,0.02070000022649765
external_traffic,430,430::origin=2,2,-39,2018-06-27 11:00:00,0.022700000554323196
external_traffic,430,430::origin=2,2,-38,2018-06-27 12:00:00,0.03020000085234642
external_traffic,430,430::origin=2,2,-37,2018-06-27 13:00:00,0.03180000185966492
external_traffic,430,430::origin=2,2,-36,2018-06-27 14:00:00,0.03550000116229057
external_traffic,430,430::origin=2,2,-35,2018-06-27 15:00:00,0.038600001484155655
external_traffic,430,430::origin=2,2,-34,2018-06-27 16:00:00,0.05310000106692314
external_traffic,430,430::origin=2,2,-33,2018-06-27 17:00:00,0.061000000685453415
external_traffic,430,430::origin=2,2,-32,2018-06-27 18:00:00,0.061900001019239426
external_traffic,430,430::origin=2,2,-31,2018-06-27 19:00:00,0.055799998342990875
external_traffic,430,430::origin=2,2,-30,2018-06-27 20:00:00,0.039000000804662704
external_traffic,430,430::origin=2,2,-29,2018-06-27 21:00:00,0.03009999915957451
external_traffic,430,430::origin=2,2,-28,2018-06-27 22:00:00,0.022099999710917473
external_traffic,430,430::origin=2,2,-27,2018-06-27 23:00:00,0.019300000742077827
external_traffic,430,430::origin=2,2,-26,2018-06-28 00:00:00,0.013299999758601189
external_traffic,430,430::origin=2,2,-25,2018-06-28 01:00:00,0.008700000122189522
external_traffic,430,430::origin=2,2,-24,2018-06-28 02:00:00,0.004900000058114529
external_traffic,430,430::origin=2,2,-23,2018-06-28 03:00:00,0.00279999990016222
external_traffic,430,430::origin=2,2,-22,2018-06-28 04:00:00,0.0015999999595806003
external_traffic,430,430::origin=2,2,-21,2018-06-28 05:00:00,0.0010999999940395355
external_traffic,430,430::origin=2,2,-20,2018-06-28 06:00:00,0.0012000000569969416
external_traffic,430,430::origin=2,2,-19,2018-06-28 07:00:00,0.0034000000450760126
external_traffic,430,430::origin=2,2,-18,2018-06-28 08:00:00,0.006899999920278788
external_traffic,430,430::origin=2,2,-17,2018-06-28 09:00:00,0.013799999840557575
external_traffic,430,430::origin=2,2,-16,2018-06-28 10:00:00,0.020099999383091927
external_traffic,430,430::origin=2,2,-15,2018-06-28 11:00:00,0.02500000037252903
external_traffic,430,430::origin=2,2,-14,2018-06-28 12:00:00,0.027000000700354576
external_traffic,430,430::origin=2,2,-13,2018-06-28 13:00:00,0.032099999487400055
external_traffic,430,430::origin=2,2,-12,2018-06-28 14:00:00,0.03420000150799751
external_traffic,430,430::origin=2,2,-11,2018-06-28 15:00:00,0.03970000147819519
external_traffic,430,430::origin=2,2,-10,2018-06-28 16:00:00,0.05429999902844429
external_traffic,430,430::origin=2,2,-9,2018-06-28 17:00:00,0.06759999692440033
external_traffic,430,430::origin=2,2,-8,2018-06-28 18:00:00,0.06509999930858612
external_traffic,430,430::origin=2,2,-7,2018-06-28 19:00:00,0.06310000270605087
external_traffic,430,430::origin=2,2,-6,2018-06-28 20:00:00,0.04580000042915344
external_traffic,430,430::origin=2,2,-5,2018-06-28 21:00:00,0.03189999982714653
external_traffic,430,430::origin=2,2,-4,2018-06-28 22:00:00,0.02250000089406967
external_traffic,430,430::origin=2,2,-3,2018-06-28 23:00:00,0.020800000056624413
external_traffic,430,430::origin=2,2,-2,2018-06-29 00:00:00,0.01510000042617321
external_traffic,430,430::origin=2,2,-1,2018-06-29 01:00:00,0.009100000374019146
external_traffic,645,645::origin=0,0,-72,2018-06-28 02:00:00,0.028999999165534973
external_traffic,645,645::origin=0,0,-71,2018-06-28 03:00:00,0.025499999523162842
external_traffic,645,645::origin=0,0,-70,2018-06-28 04:00:00,0.022600000724196434
external_traffic,645,645::origin=0,0,-69,2018-06-28 05:00:00,0.024299999698996544
external_traffic,645,645::origin=0,0,-68,2018-06-28 06:00:00,0.035599999129772186
external_traffic,645,645::origin=0,0,-67,2018-06-28 07:00:00,0.06989999860525131
external_traffic,645,645::origin=0,0,-66,2018-06-28 08:00:00,0.08179999887943268
external_traffic,645,645::origin=0,0,-65,2018-06-28 09:00:00,0.08309999853372574
external_traffic,645,645::origin=0,0,-64,2018-06-28 10:00:00,0.08169999718666077
external_traffic,645,645::origin=0,0,-63,2018-06-28 11:00:00,0.0778999999165535
external_traffic,645,645::origin=0,0,-62,2018-06-28 12:00:00,0.08420000225305557
external_traffic,645,645::origin=0,0,-61,2018-06-28 13:00:00,0.08470000326633453
external_traffic,645,645::origin=0,0,-60,2018-06-28 14:00:00,0.08349999785423279
external_traffic,645,645::origin=0,0,-59,2018-06-28 15:00:00,0.08209999650716782
external_traffic,645,645::origin=0,0,-58,2018-06-28 16:00:00,0.08640000224113464
external_traffic,645,645::origin=0,0,-57,2018-06-28 17:00:00,0.08879999816417694
external_traffic,645,645::origin=0,0,-56,2018-06-28 18:00:00,0.09160000085830688
external_traffic,645,645::origin=0,0,-55,2018-06-28 19:00:00,0.09229999780654907
external_traffic,645,645::origin=0,0,-54,2018-06-28 20:00:00,0.08169999718666077
external_traffic,645,645::origin=0,0,-53,2018-06-28 21:00:00,0.07029999792575836
external_traffic,645,645::origin=0,0,-52,2018-06-28 22:00:00,0.06030000001192093
external_traffic,645,645::origin=0,0,-51,2018-06-28 23:00:00,0.05550000071525574
external_traffic,645,645::origin=0,0,-50,2018-06-29 00:00:00,0.04580000042915344
external_traffic,645,645::origin=0,0,-49,2018-06-29 01:00:00,0.03319999948143959
external_traffic,645,645::origin=0,0,-48,2018-06-29 02:00:00,0.02889999933540821
external_traffic,645,645::origin=0,0,-47,2018-06-29 03:00:00,0.02449999935925007
external_traffic,645,645::origin=0,0,-46,2018-06-29 04:00:00,0.02280000038444996
external_traffic,645,645::origin=0,0,-45,2018-06-29 05:00:00,0.02459999918937683
external_traffic,645,645::origin=0,0,-44,2018-06-29 06:00:00,0.033900000154972076
external_traffic,645,645::origin=0,0,-43,2018-06-29 07:00:00,0.06599999964237213
external_traffic,645,645::origin=0,0,-42,2018-06-29 08:00:00,0.08070000261068344
external_traffic,645,645::origin=0,0,-41,2018-06-29 09:00:00,0.08429999649524689
external_traffic,645,645::origin=0,0,-40,2018-06-29 10:00:00,0.0828000009059906
external_traffic,645,645::origin=0,0,-39,2018-06-29 11:00:00,0.066600002348423
external_traffic,645,645::origin=0,0,-38,2018-06-29 12:00:00,0.06759999692440033
external_traffic,645,645::origin=0,0,-37,2018-06-29 13:00:00,0.07010000199079514
external_traffic,645,645::origin=0,0,-36,2018-06-29 14:00:00,0.06930000334978104
external_traffic,645,645::origin=0,0,-35,2018-06-29 15:00:00,0.06960000097751617
external_traffic,645,645::origin=0,0,-34,2018-06-29 16:00:00,0.0723000019788742
external_traffic,645,645::origin=0,0,-33,2018-06-29 17:00:00,0.07660000026226044
external_traffic,645,645::origin=0,0,-32,2018-06-29 18:00:00,0.07599999755620956
external_traffic,645,645::origin=0,0,-31,2018-06-29 19:00:00,0.07580000162124634
external_traffic,645,645::origin=0,0,-30,2018-06-29 20:00:00,0.06520000100135803
external_traffic,645,645::origin=0,0,-29,2018-06-29 21:00:00,0.05730000138282776
external_traffic,645,645::origin=0,0,-28,2018-06-29 22:00:00,0.05429999902844429
external_traffic,645,645::origin=0,0,-27,2018-06-29 23:00:00,0.051899999380111694
external_traffic,645,645::origin=0,0,-26,2018-06-30 00:00:00,0.041600000113248825
external_traffic,645,645::origin=0,0,-25,2018-06-30 01:00:00,0.031099999323487282
external_traffic,645,645::origin=0,0,-24,2018-06-30 02:00:00,0.0272000003606081
external_traffic,645,645::origin=0,0,-23,2018-06-30 03:00:00,0.02539999969303608
external_traffic,645,645::origin=0,0,-22,2018-06-30 04:00:00,0.02329999953508377
external_traffic,645,645::origin=0,0,-21,2018-06-30 05:00:00,0.023399999365210533
external_traffic,645,645::origin=0,0,-20,2018-06-30 06:00:00,0.03020000085234642
external_traffic,645,645::origin=0,0,-19,2018-06-30 07:00:00,0.05040000006556511
external_traffic,645,645::origin=0,0,-18,2018-06-30 08:00:00,0.06319999694824219
external_traffic,645,645::origin=0,0,-17,2018-06-30 09:00:00,0.0625
external_traffic,645,645::origin=0,0,-16,2018-06-30 10:00:00,0.06469999998807907
external_traffic,645,645::origin=0,0,-15,2018-06-30 11:00:00,0.06430000066757202
external_traffic,645,645::origin=0,0,-14,2018-06-30 12:00:00,0.06809999793767929
external_traffic,645,645::origin=0,0,-13,2018-06-30 13:00:00,0.06989999860525131
external_traffic,645,645::origin=0,0,-12,2018-06-30 14:00:00,0.07020000368356705
external_traffic,645,645::origin=0,0,-11,2018-06-30 15:00:00,0.06989999860525131
external_traffic,645,645::origin=0,0,-10,2018-06-30 16:00:00,0.07259999960660934
external_traffic,645,645::origin=0,0,-9,2018-06-30 17:00:00,0.07680000364780426
external_traffic,645,645::origin=0,0,-8,2018-06-30 18:00:00,0.08070000261068344
external_traffic,645,645::origin=0,0,-7,2018-06-30 19:00:00,0.07859999686479568
external_traffic,645,645::origin=0,0,-6,2018-06-30 20:00:00,0.07729999721050262
external_traffic,645,645::origin=0,0,-5,2018-06-30 21:00:00,0.06449999660253525
external_traffic,645,645::origin=0,0,-4,2018-06-30 22:00:00,0.05429999902844429
external_traffic,645,645::origin=0,0,-3,2018-06-30 23:00:00,0.05220000073313713
external_traffic,645,645::origin=0,0,-2,2018-07-01 00:00:00,0.050599999725818634
external_traffic,645,645::origin=0,0,-1,2018-07-01 01:00:00,0.03669999912381172
external_traffic,645,645::origin=1,1,-72,2018-06-27 02:00:00,0.029400000348687172
external_traffic,645,645::origin=1,1,-71,2018-06-27 03:00:00,0.024700000882148743
external_traffic,645,645::origin=1,1,-70,2018-06-27 04:00:00,0.022700000554323196
external_traffic,645,645::origin=1,1,-69,2018-06-27 05:00:00,0.02449999935925007
external_traffic,645,645::origin=1,1,-68,2018-06-27 06:00:00,0.034299999475479126
external_traffic,645,645::origin=1,1,-67,2018-06-27 07:00:00,0.0697999969124794
external_traffic,645,645::origin=1,1,-66,2018-06-27 08:00:00,0.08009999990463257
external_traffic,645,645::origin=1,1,-65,2018-06-27 09:00:00,0.08110000193119049
external_traffic,645,645::origin=1,1,-64,2018-06-27 10:00:00,0.07970000058412552
external_traffic,645,645::origin=1,1,-63,2018-06-27 11:00:00,0.07680000364780426
external_traffic,645,645::origin=1,1,-62,2018-06-27 12:00:00,0.08009999990463257
external_traffic,645,645::origin=1,1,-61,2018-06-27 13:00:00,0.07419999688863754
external_traffic,645,645::origin=1,1,-60,2018-06-27 14:00:00,0.07919999957084656
external_traffic,645,645::origin=1,1,-59,2018-06-27 15:00:00,0.07970000058412552
external_traffic,645,645::origin=1,1,-58,2018-06-27 16:00:00,0.08209999650716782
external_traffic,645,645::origin=1,1,-57,2018-06-27 17:00:00,0.08739999681711197
external_traffic,645,645::origin=1,1,-56,2018-06-27 18:00:00,0.08950000256299973
external_traffic,645,645::origin=1,1,-55,2018-06-27 19:00:00,0.08990000188350677
external_traffic,645,645::origin=1,1,-54,2018-06-27 20:00:00,0.07970000058412552
external_traffic,645,645::origin=1,1,-53,2018-06-27 21:00:00,0.07029999792575836
external_traffic,645,645::origin=1,1,-52,2018-06-27 22:00:00,0.05950000137090683
external_traffic,645,645::origin=1,1,-51,2018-06-27 23:00:00,0.05559999868273735
external_traffic,645,645::origin=1,1,-50,2018-06-28 00:00:00,0.04769999906420708
external_traffic,645,645::origin=1,1,-49,2018-06-28 01:00:00,0.03660000115633011
external_traffic,645,645::origin=1,1,-48,2018-06-28 02:00:00,0.028999999165534973
external_traffic,645,645::origin=1,1,-47,2018-06-28 03:00:00,0.025499999523162842
external_traffic,645,645::origin=1,1,-46,2018-06-28 04:00:00,0.022600000724196434
external_traffic,645,645::origin=1,1,-45,2018-06-28 05:00:00,0.024299999698996544
external_traffic,645,645::origin=1,1,-44,2018-06-28 06:00:00,0.035599999129772186
external_traffic,645,645::origin=1,1,-43,2018-06-28 07:00:00,0.06989999860525131
external_traffic,645,645::origin=1,1,-42,2018-06-28 08:00:00,0.08179999887943268
external_traffic,645,645::origin=1,1,-41,2018-06-28 09:00:00,0.08309999853372574
external_traffic,645,645::origin=1,1,-40,2018-06-28 10:00:00,0.08169999718666077
external_traffic,645,645::origin=1,1,-39,2018-06-28 11:00:00,0.0778999999165535
external_traffic,645,645::origin=1,1,-38,2018-06-28 12:00:00,0.08420000225305557
external_traffic,645,645::origin=1,1,-37,2018-06-28 13:00:00,0.08470000326633453
external_traffic,645,645::origin=1,1,-36,2018-06-28 14:00:00,0.08349999785423279
external_traffic,645,645::origin=1,1,-35,2018-06-28 15:00:00,0.08209999650716782
external_traffic,645,645::origin=1,1,-34,2018-06-28 16:00:00,0.08640000224113464
external_traffic,645,645::origin=1,1,-33,2018-06-28 17:00:00,0.08879999816417694
external_traffic,645,645::origin=1,1,-32,2018-06-28 18:00:00,0.09160000085830688
external_traffic,645,645::origin=1,1,-31,2018-06-28 19:00:00,0.09229999780654907
external_traffic,645,645::origin=1,1,-30,2018-06-28 20:00:00,0.08169999718666077
external_traffic,645,645::origin=1,1,-29,2018-06-28 21:00:00,0.07029999792575836
external_traffic,645,645::origin=1,1,-28,2018-06-28 22:00:00,0.06030000001192093
external_traffic,645,645::origin=1,1,-27,2018-06-28 23:00:00,0.05550000071525574
external_traffic,645,645::origin=1,1,-26,2018-06-29 00:00:00,0.04580000042915344
external_traffic,645,645::origin=1,1,-25,2018-06-29 01:00:00,0.03319999948143959
external_traffic,645,645::origin=1,1,-24,2018-06-29 02:00:00,0.02889999933540821
external_traffic,645,645::origin=1,1,-23,2018-06-29 03:00:00,0.02449999935925007
external_traffic,645,645::origin=1,1,-22,2018-06-29 04:00:00,0.02280000038444996
external_traffic,645,645::origin=1,1,-21,2018-06-29 05:00:00,0.02459999918937683
external_traffic,645,645::origin=1,1,-20,2018-06-29 06:00:00,0.033900000154972076
external_traffic,645,645::origin=1,1,-19,2018-06-29 07:00:00,0.06599999964237213
external_traffic,645,645::origin=1,1,-18,2018-06-29 08:00:00,0.08070000261068344
external_traffic,645,645::origin=1,1,-17,2018-06-29 09:00:00,0.08429999649524689
external_traffic,645,645::origin=1,1,-16,2018-06-29 10:00:00,0.0828000009059906
external_traffic,645,645::origin=1,1,-15,2018-06-29 11:00:00,0.066600002348423
external_traffic,645,645::origin=1,1,-14,2018-06-29 12:00:00,0.06759999692440033
external_traffic,645,645::origin=1,1,-13,2018-06-29 13:00:00,0.07010000199079514
external_traffic,645,645::origin=1,1,-12,2018-06-29 14:00:00,0.06930000334978104
external_traffic,645,645::origin=1,1,-11,2018-06-29 15:00:00,0.06960000097751617
external_traffic,645,645::origin=1,1,-10,2018-06-29 16:00:00,0.0723000019788742
external_traffic,645,645::origin=1,1,-9,2018-06-29 17:00:00,0.07660000026226044
external_traffic,645,645::origin=1,1,-8,2018-06-29 18:00:00,0.07599999755620956
external_traffic,645,645::origin=1,1,-7,2018-06-29 19:00:00,0.07580000162124634
external_traffic,645,645::origin=1,1,-6,2018-06-29 20:00:00,0.06520000100135803
external_traffic,645,645::origin=1,1,-5,2018-06-29 21:00:00,0.05730000138282776
external_traffic,645,645::origin=1,1,-4,2018-06-29 22:00:00,0.05429999902844429
external_traffic,645,645::origin=1,1,-3,2018-06-29 23:00:00,0.051899999380111694
external_traffic,645,645::origin=1,1,-2,2018-06-30 00:00:00,0.041600000113248825
external_traffic,645,645::origin=1,1,-1,2018-06-30 01:00:00,0.031099999323487282
external_traffic,645,645::origin=2,2,-72,2018-06-26 02:00:00,0.02879999950528145
external_traffic,645,645::origin=2,2,-71,2018-06-26 03:00:00,0.02419999986886978
external_traffic,645,645::origin=2,2,-70,2018-06-26 04:00:00,0.02329999953508377
external_traffic,645,645::origin=2,2,-69,2018-06-26 05:00:00,0.023000000044703484
external_traffic,645,645::origin=2,2,-68,2018-06-26 06:00:00,0.02710000053048134
external_traffic,645,645::origin=2,2,-67,2018-06-26 07:00:00,0.033799998462200165
external_traffic,645,645::origin=2,2,-66,2018-06-26 08:00:00,0.03909999877214432
external_traffic,645,645::origin=2,2,-65,2018-06-26 09:00:00,0.04190000146627426
external_traffic,645,645::origin=2,2,-64,2018-06-26 10:00:00,0.049400001764297485
external_traffic,645,645::origin=2,2,-63,2018-06-26 11:00:00,0.05810000002384186
external_traffic,645,645::origin=2,2,-62,2018-06-26 12:00:00,0.06800000369548798
external_traffic,645,645::origin=2,2,-61,2018-06-26 13:00:00,0.07569999992847443
external_traffic,645,645::origin=2,2,-60,2018-06-26 14:00:00,0.0771000012755394
external_traffic,645,645::origin=2,2,-59,2018-06-26 15:00:00,0.08049999922513962
external_traffic,645,645::origin=2,2,-58,2018-06-26 16:00:00,0.07890000194311142
external_traffic,645,645::origin=2,2,-57,2018-06-26 17:00:00,0.08370000123977661
external_traffic,645,645::origin=2,2,-56,2018-06-26 18:00:00,0.08709999918937683
external_traffic,645,645::origin=2,2,-55,2018-06-26 19:00:00,0.08340000361204147
external_traffic,645,645::origin=2,2,-54,2018-06-26 20:00:00,0.0763000026345253
external_traffic,645,645::origin=2,2,-53,2018-06-26 21:00:00,0.06800000369548798
external_traffic,645,645::origin=2,2,-52,2018-06-26 22:00:00,0.06199999898672104
external_traffic,645,645::origin=2,2,-51,2018-06-26 23:00:00,0.05849999934434891
external_traffic,645,645::origin=2,2,-50,2018-06-27 00:00:00,0.0478999987244606
external_traffic,645,645::origin=2,2,-49,2018-06-27 01:00:00,0.0357000008225441
external_traffic,645,645::origin=2,2,-48,2018-06-27 02:00:00,0.029400000348687172
external_traffic,645,645::origin=2,2,-47,2018-06-27 03:00:00,0.024700000882148743
external_traffic,645,645::origin=2,2,-46,2018-06-27 04:00:00,0.022700000554323196
external_traffic,645,645::origin=2,2,-45,2018-06-27 05:00:00,0.02449999935925007
external_traffic,645,645::origin=2,2,-44,2018-06-27 06:00:00,0.034299999475479126
external_traffic,645,645::origin=2,2,-43,2018-06-27 07:00:00,0.0697999969124794
external_traffic,645,645::origin=2,2,-42,2018-06-27 08:00:00,0.08009999990463257
external_traffic,645,645::origin=2,2,-41,2018-06-27 09:00:00,0.08110000193119049
external_traffic,645,645::origin=2,2,-40,2018-06-27 10:00:00,0.07970000058412552
external_traffic,645,645::origin=2,2,-39,2018-06-27 11:00:00,0.07680000364780426
external_traffic,645,645::origin=2,2,-38,2018-06-27 12:00:00,0.08009999990463257
external_traffic,645,645::origin=2,2,-37,2018-06-27 13:00:00,0.07419999688863754
external_traffic,645,645::origin=2,2,-36,2018-06-27 14:00:00,0.07919999957084656
external_traffic,645,645::origin=2,2,-35,2018-06-27 15:00:00,0.07970000058412552
external_traffic,645,645::origin=2,2,-34,2018-06-27 16:00:00,0.08209999650716782
external_traffic,645,645::origin=2,2,-33,2018-06-27 17:00:00,0.08739999681711197
external_traffic,645,645::origin=2,2,-32,2018-06-27 18:00:00,0.08950000256299973
external_traffic,645,645::origin=2,2,-31,2018-06-27 19:00:00,0.08990000188350677
external_traffic,645,645::origin=2,2,-30,2018-06-27 20:00:00,0.07970000058412552
external_traffic,645,645::origin=2,2,-29,2018-06-27 21:00:00,0.07029999792575836
external_traffic,645,645::origin=2,2,-28,2018-06-27 22:00:00,0.05950000137090683
external_traffic,645,645::origin=2,2,-27,2018-06-27 23:00:00,0.05559999868273735
external_traffic,645,645::origin=2,2,-26,2018-06-28 00:00:00,0.04769999906420708
external_traffic,645,645::origin=2,2,-25,2018-06-28 01:00:00,0.03660000115633011
external_traffic,645,645::origin=2,2,-24,2018-06-28 02:00:00,0.028999999165534973
external_traffic,645,645::origin=2,2,-23,2018-06-28 03:00:00,0.025499999523162842
external_traffic,645,645::origin=2,2,-22,2018-06-28 04:00:00,0.022600000724196434
external_traffic,645,645::origin=2,2,-21,2018-06-28 05:00:00,0.024299999698996544
external_traffic,645,645::origin=2,2,-20,2018-06-28 06:00:00,0.035599999129772186
external_traffic,645,645::origin=2,2,-19,2018-06-28 07:00:00,0.06989999860525131
external_traffic,645,645::origin=2,2,-18,2018-06-28 08:00:00,0.08179999887943268
external_traffic,645,645::origin=2,2,-17,2018-06-28 09:00:00,0.08309999853372574
external_traffic,645,645::origin=2,2,-16,2018-06-28 10:00:00,0.08169999718666077
external_traffic,645,645::origin=2,2,-15,2018-06-28 11:00:00,0.0778999999165535
external_traffic,645,645::origin=2,2,-14,2018-06-28 12:00:00,0.08420000225305557
external_traffic,645,645::origin=2,2,-13,2018-06-28 13:00:00,0.08470000326633453
external_traffic,645,645::origin=2,2,-12,2018-06-28 14:00:00,0.08349999785423279
external_traffic,645,645::origin=2,2,-11,2018-06-28 15:00:00,0.08209999650716782
external_traffic,645,645::origin=2,2,-10,2018-06-28 16:00:00,0.08640000224113464
external_traffic,645,645::origin=2,2,-9,2018-06-28 17:00:00,0.08879999816417694
external_traffic,645,645::origin=2,2,-8,2018-06-28 18:00:00,0.09160000085830688
external_traffic,645,645::origin=2,2,-7,2018-06-28 19:00:00,0.09229999780654907
external_traffic,645,645::origin=2,2,-6,2018-06-28 20:00:00,0.08169999718666077
external_traffic,645,645::origin=2,2,-5,2018-06-28 21:00:00,0.07029999792575836
external_traffic,645,645::origin=2,2,-4,2018-06-28 22:00:00,0.06030000001192093
external_traffic,645,645::origin=2,2,-3,2018-06-28 23:00:00,0.05550000071525574
external_traffic,645,645::origin=2,2,-2,2018-06-29 00:00:00,0.04580000042915344
external_traffic,645,645::origin=2,2,-1,2018-06-29 01:00:00,0.03319999948143959
external_traffic,OT,OT::origin=0,0,-72,2018-06-28 02:00:00,0.008999999612569809
external_traffic,OT,OT::origin=0,0,-71,2018-06-28 03:00:00,0.0052999998442828655
external_traffic,OT,OT::origin=0,0,-70,2018-06-28 04:00:00,0.004699999932199717
external_traffic,OT,OT::origin=0,0,-69,2018-06-28 05:00:00,0.0052999998442828655
external_traffic,OT,OT::origin=0,0,-68,2018-06-28 06:00:00,0.008999999612569809
external_traffic,OT,OT::origin=0,0,-67,2018-06-28 07:00:00,0.0142000000923872
external_traffic,OT,OT::origin=0,0,-66,2018-06-28 08:00:00,0.025299999862909317
external_traffic,OT,OT::origin=0,0,-65,2018-06-28 09:00:00,0.03280000016093254
external_traffic,OT,OT::origin=0,0,-64,2018-06-28 10:00:00,0.040800001472234726
external_traffic,OT,OT::origin=0,0,-63,2018-06-28 11:00:00,0.04089999943971634
external_traffic,OT,OT::origin=0,0,-62,2018-06-28 12:00:00,0.042899999767541885
external_traffic,OT,OT::origin=0,0,-61,2018-06-28 13:00:00,0.05420000106096268
external_traffic,OT,OT::origin=0,0,-60,2018-06-28 14:00:00,0.05730000138282776
external_traffic,OT,OT::origin=0,0,-59,2018-06-28 15:00:00,0.06239999830722809
external_traffic,OT,OT::origin=0,0,-58,2018-06-28 16:00:00,0.06629999727010727
external_traffic,OT,OT::origin=0,0,-57,2018-06-28 17:00:00,0.06889999657869339
external_traffic,OT,OT::origin=0,0,-56,2018-06-28 18:00:00,0.07039999961853027
external_traffic,OT,OT::origin=0,0,-55,2018-06-28 19:00:00,0.07569999992847443
external_traffic,OT,OT::origin=0,0,-54,2018-06-28 20:00:00,0.06340000033378601
external_traffic,OT,OT::origin=0,0,-53,2018-06-28 21:00:00,0.04839999973773956
external_traffic,OT,OT::origin=0,0,-52,2018-06-28 22:00:00,0.035999998450279236
external_traffic,OT,OT::origin=0,0,-51,2018-06-28 23:00:00,0.028200000524520874
external_traffic,OT,OT::origin=0,0,-50,2018-06-29 00:00:00,0.019300000742077827
external_traffic,OT,OT::origin=0,0,-49,2018-06-29 01:00:00,0.013799999840557575
external_traffic,OT,OT::origin=0,0,-48,2018-06-29 02:00:00,0.009200000204145908
external_traffic,OT,OT::origin=0,0,-47,2018-06-29 03:00:00,0.007000000216066837
external_traffic,OT,OT::origin=0,0,-46,2018-06-29 04:00:00,0.004600000102072954
external_traffic,OT,OT::origin=0,0,-45,2018-06-29 05:00:00,0.006099999882280827
external_traffic,OT,OT::origin=0,0,-44,2018-06-29 06:00:00,0.008500000461935997
external_traffic,OT,OT::origin=0,0,-43,2018-06-29 07:00:00,0.016200000420212746
external_traffic,OT,OT::origin=0,0,-42,2018-06-29 08:00:00,0.019700000062584877
external_traffic,OT,OT::origin=0,0,-41,2018-06-29 09:00:00,0.03519999980926514
external_traffic,OT,OT::origin=0,0,-40,2018-06-29 10:00:00,0.0406000018119812
external_traffic,OT,OT::origin=0,0,-39,2018-06-29 11:00:00,0.04399999976158142
external_traffic,OT,OT::origin=0,0,-38,2018-06-29 12:00:00,0.046300001442432404
external_traffic,OT,OT::origin=0,0,-37,2018-06-29 13:00:00,0.05169999971985817
external_traffic,OT,OT::origin=0,0,-36,2018-06-29 14:00:00,0.06030000001192093
external_traffic,OT,OT::origin=0,0,-35,2018-06-29 15:00:00,0.06520000100135803
external_traffic,OT,OT::origin=0,0,-34,2018-06-29 16:00:00,0.0697999969124794
external_traffic,OT,OT::origin=0,0,-33,2018-06-29 17:00:00,0.07129999995231628
external_traffic,OT,OT::origin=0,0,-32,2018-06-29 18:00:00,0.07519999891519547
external_traffic,OT,OT::origin=0,0,-31,2018-06-29 19:00:00,0.07940000295639038
external_traffic,OT,OT::origin=0,0,-30,2018-06-29 20:00:00,0.06840000301599503
external_traffic,OT,OT::origin=0,0,-29,2018-06-29 21:00:00,0.04859999939799309
external_traffic,OT,OT::origin=0,0,-28,2018-06-29 22:00:00,0.03799999877810478
external_traffic,OT,OT::origin=0,0,-27,2018-06-29 23:00:00,0.029400000348687172
external_traffic,OT,OT::origin=0,0,-26,2018-06-30 00:00:00,0.020400000736117363
external_traffic,OT,OT::origin=0,0,-25,2018-06-30 01:00:00,0.015399999916553497
external_traffic,OT,OT::origin=0,0,-24,2018-06-30 02:00:00,0.009200000204145908
external_traffic,OT,OT::origin=0,0,-23,2018-06-30 03:00:00,0.00559999980032444
external_traffic,OT,OT::origin=0,0,-22,2018-06-30 04:00:00,0.00559999980032444
external_traffic,OT,OT::origin=0,0,-21,2018-06-30 05:00:00,0.00559999980032444
external_traffic,OT,OT::origin=0,0,-20,2018-06-30 06:00:00,0.00860000029206276
external_traffic,OT,OT::origin=0,0,-19,2018-06-30 07:00:00,0.013799999840557575
external_traffic,OT,OT::origin=0,0,-18,2018-06-30 08:00:00,0.02459999918937683
external_traffic,OT,OT::origin=0,0,-17,2018-06-30 09:00:00,0.03099999949336052
external_traffic,OT,OT::origin=0,0,-16,2018-06-30 10:00:00,0.04019999876618385
external_traffic,OT,OT::origin=0,0,-15,2018-06-30 11:00:00,0.04089999943971634
external_traffic,OT,OT::origin=0,0,-14,2018-06-30 12:00:00,0.04960000142455101
external_traffic,OT,OT::origin=0,0,-13,2018-06-30 13:00:00,0.05900000035762787
external_traffic,OT,OT::origin=0,0,-12,2018-06-30 14:00:00,0.06469999998807907
external_traffic,OT,OT::origin=0,0,-11,2018-06-30 15:00:00,0.06840000301599503
external_traffic,OT,OT::origin=0,0,-10,2018-06-30 16:00:00,0.07670000195503235
external_traffic,OT,OT::origin=0,0,-9,2018-06-30 17:00:00,0.07119999825954437
external_traffic,OT,OT::origin=0,0,-8,2018-06-30 18:00:00,0.0723000019788742
external_traffic,OT,OT::origin=0,0,-7,2018-06-30 19:00:00,0.07559999823570251
external_traffic,OT,OT::origin=0,0,-6,2018-06-30 20:00:00,0.06459999829530716
external_traffic,OT,OT::origin=0,0,-5,2018-06-30 21:00:00,0.04690000042319298
external_traffic,OT,OT::origin=0,0,-4,2018-06-30 22:00:00,0.03830000013113022
external_traffic,OT,OT::origin=0,0,-3,2018-06-30 23:00:00,0.030700000002980232
external_traffic,OT,OT::origin=0,0,-2,2018-07-01 00:00:00,0.025200000032782555
external_traffic,OT,OT::origin=0,0,-1,2018-07-01 01:00:00,0.019200000911951065
external_traffic,OT,OT::origin=1,1,-72,2018-06-27 02:00:00,0.00800000037997961
external_traffic,OT,OT::origin=1,1,-71,2018-06-27 03:00:00,0.004600000102072954
external_traffic,OT,OT::origin=1,1,-70,2018-06-27 04:00:00,0.0032999999821186066
external_traffic,OT,OT::origin=1,1,-69,2018-06-27 05:00:00,0.00570000009611249
external_traffic,OT,OT::origin=1,1,-68,2018-06-27 06:00:00,0.008100000210106373
external_traffic,OT,OT::origin=1,1,-67,2018-06-27 07:00:00,0.01269999984651804
external_traffic,OT,OT::origin=1,1,-66,2018-06-27 08:00:00,0.02539999969303608
external_traffic,OT,OT::origin=1,1,-65,2018-06-27 09:00:00,0.030700000002980232
external_traffic,OT,OT::origin=1,1,-64,2018-06-27 10:00:00,0.040699999779462814
external_traffic,OT,OT::origin=1,1,-63,2018-06-27 11:00:00,0.039400000125169754
external_traffic,OT,OT::origin=1,1,-62,2018-06-27 12:00:00,0.042899999767541885
external_traffic,OT,OT::origin=1,1,-61,2018-06-27 13:00:00,0.04969999939203262
external_traffic,OT,OT::origin=1,1,-60,2018-06-27 14:00:00,0.05660000070929527
external_traffic,OT,OT::origin=1,1,-59,2018-06-27 15:00:00,0.05660000070929527
external_traffic,OT,OT::origin=1,1,-58,2018-06-27 16:00:00,0.06650000065565109
external_traffic,OT,OT::origin=1,1,-57,2018-06-27 17:00:00,0.07590000331401825
external_traffic,OT,OT::origin=1,1,-56,2018-06-27 18:00:00,0.07440000027418137
external_traffic,OT,OT::origin=1,1,-55,2018-06-27 19:00:00,0.07919999957084656
external_traffic,OT,OT::origin=1,1,-54,2018-06-27 20:00:00,0.06400000303983688
external_traffic,OT,OT::origin=1,1,-53,2018-06-27 21:00:00,0.04749999940395355
external_traffic,OT,OT::origin=1,1,-52,2018-06-27 22:00:00,0.03440000116825104
external_traffic,OT,OT::origin=1,1,-51,2018-06-27 23:00:00,0.026599999517202377
external_traffic,OT,OT::origin=1,1,-50,2018-06-28 00:00:00,0.018300000578165054
external_traffic,OT,OT::origin=1,1,-49,2018-06-28 01:00:00,0.01269999984651804
external_traffic,OT,OT::origin=1,1,-48,2018-06-28 02:00:00,0.008999999612569809
external_traffic,OT,OT::origin=1,1,-47,2018-06-28 03:00:00,0.0052999998442828655
external_traffic,OT,OT::origin=1,1,-46,2018-06-28 04:00:00,0.004699999932199717
external_traffic,OT,OT::origin=1,1,-45,2018-06-28 05:00:00,0.0052999998442828655
external_traffic,OT,OT::origin=1,1,-44,2018-06-28 06:00:00,0.008999999612569809
external_traffic,OT,OT::origin=1,1,-43,2018-06-28 07:00:00,0.0142000000923872
external_traffic,OT,OT::origin=1,1,-42,2018-06-28 08:00:00,0.025299999862909317
external_traffic,OT,OT::origin=1,1,-41,2018-06-28 09:00:00,0.03280000016093254
external_traffic,OT,OT::origin=1,1,-40,2018-06-28 10:00:00,0.040800001472234726
external_traffic,OT,OT::origin=1,1,-39,2018-06-28 11:00:00,0.04089999943971634
external_traffic,OT,OT::origin=1,1,-38,2018-06-28 12:00:00,0.042899999767541885
external_traffic,OT,OT::origin=1,1,-37,2018-06-28 13:00:00,0.05420000106096268
external_traffic,OT,OT::origin=1,1,-36,2018-06-28 14:00:00,0.05730000138282776
external_traffic,OT,OT::origin=1,1,-35,2018-06-28 15:00:00,0.06239999830722809
external_traffic,OT,OT::origin=1,1,-34,2018-06-28 16:00:00,0.06629999727010727
external_traffic,OT,OT::origin=1,1,-33,2018-06-28 17:00:00,0.06889999657869339
external_traffic,OT,OT::origin=1,1,-32,2018-06-28 18:00:00,0.07039999961853027
external_traffic,OT,OT::origin=1,1,-31,2018-06-28 19:00:00,0.07569999992847443
external_traffic,OT,OT::origin=1,1,-30,2018-06-28 20:00:00,0.06340000033378601
external_traffic,OT,OT::origin=1,1,-29,2018-06-28 21:00:00,0.04839999973773956
external_traffic,OT,OT::origin=1,1,-28,2018-06-28 22:00:00,0.035999998450279236
external_traffic,OT,OT::origin=1,1,-27,2018-06-28 23:00:00,0.028200000524520874
external_traffic,OT,OT::origin=1,1,-26,2018-06-29 00:00:00,0.019300000742077827
external_traffic,OT,OT::origin=1,1,-25,2018-06-29 01:00:00,0.013799999840557575
external_traffic,OT,OT::origin=1,1,-24,2018-06-29 02:00:00,0.009200000204145908
external_traffic,OT,OT::origin=1,1,-23,2018-06-29 03:00:00,0.007000000216066837
external_traffic,OT,OT::origin=1,1,-22,2018-06-29 04:00:00,0.004600000102072954
external_traffic,OT,OT::origin=1,1,-21,2018-06-29 05:00:00,0.006099999882280827
external_traffic,OT,OT::origin=1,1,-20,2018-06-29 06:00:00,0.008500000461935997
external_traffic,OT,OT::origin=1,1,-19,2018-06-29 07:00:00,0.016200000420212746
external_traffic,OT,OT::origin=1,1,-18,2018-06-29 08:00:00,0.019700000062584877
external_traffic,OT,OT::origin=1,1,-17,2018-06-29 09:00:00,0.03519999980926514
external_traffic,OT,OT::origin=1,1,-16,2018-06-29 10:00:00,0.0406000018119812
external_traffic,OT,OT::origin=1,1,-15,2018-06-29 11:00:00,0.04399999976158142
external_traffic,OT,OT::origin=1,1,-14,2018-06-29 12:00:00,0.046300001442432404
external_traffic,OT,OT::origin=1,1,-13,2018-06-29 13:00:00,0.05169999971985817
external_traffic,OT,OT::origin=1,1,-12,2018-06-29 14:00:00,0.06030000001192093
external_traffic,OT,OT::origin=1,1,-11,2018-06-29 15:00:00,0.06520000100135803
external_traffic,OT,OT::origin=1,1,-10,2018-06-29 16:00:00,0.0697999969124794
external_traffic,OT,OT::origin=1,1,-9,2018-06-29 17:00:00,0.07129999995231628
external_traffic,OT,OT::origin=1,1,-8,2018-06-29 18:00:00,0.07519999891519547
external_traffic,OT,OT::origin=1,1,-7,2018-06-29 19:00:00,0.07940000295639038
external_traffic,OT,OT::origin=1,1,-6,2018-06-29 20:00:00,0.06840000301599503
external_traffic,OT,OT::origin=1,1,-5,2018-06-29 21:00:00,0.04859999939799309
external_traffic,OT,OT::origin=1,1,-4,2018-06-29 22:00:00,0.03799999877810478
external_traffic,OT,OT::origin=1,1,-3,2018-06-29 23:00:00,0.029400000348687172
external_traffic,OT,OT::origin=1,1,-2,2018-06-30 00:00:00,0.020400000736117363
external_traffic,OT,OT::origin=1,1,-1,2018-06-30 01:00:00,0.015399999916553497
external_traffic,OT,OT::origin=2,2,-72,2018-06-26 02:00:00,0.008500000461935997
external_traffic,OT,OT::origin=2,2,-71,2018-06-26 03:00:00,0.00419999985024333
external_traffic,OT,OT::origin=2,2,-70,2018-06-26 04:00:00,0.003100000089034438
external_traffic,OT,OT::origin=2,2,-69,2018-06-26 05:00:00,0.0034000000450760126
external_traffic,OT,OT::origin=2,2,-68,2018-06-26 06:00:00,0.0052999998442828655
external_traffic,OT,OT::origin=2,2,-67,2018-06-26 07:00:00,0.007899999618530273
external_traffic,OT,OT::origin=2,2,-66,2018-06-26 08:00:00,0.010200000368058681
external_traffic,OT,OT::origin=2,2,-65,2018-06-26 09:00:00,0.017400000244379044
external_traffic,OT,OT::origin=2,2,-64,2018-06-26 10:00:00,0.02449999935925007
external_traffic,OT,OT::origin=2,2,-63,2018-06-26 11:00:00,0.028200000524520874
external_traffic,OT,OT::origin=2,2,-62,2018-06-26 12:00:00,0.03759999945759773
external_traffic,OT,OT::origin=2,2,-61,2018-06-26 13:00:00,0.04439999908208847
external_traffic,OT,OT::origin=2,2,-60,2018-06-26 14:00:00,0.05090000107884407
external_traffic,OT,OT::origin=2,2,-59,2018-06-26 15:00:00,0.052400000393390656
external_traffic,OT,OT::origin=2,2,-58,2018-06-26 16:00:00,0.05429999902844429
external_traffic,OT,OT::origin=2,2,-57,2018-06-26 17:00:00,0.053300000727176666
external_traffic,OT,OT::origin=2,2,-56,2018-06-26 18:00:00,0.05040000006556511
external_traffic,OT,OT::origin=2,2,-55,2018-06-26 19:00:00,0.052000001072883606
external_traffic,OT,OT::origin=2,2,-54,2018-06-26 20:00:00,0.04729999974370003
external_traffic,OT,OT::origin=2,2,-53,2018-06-26 21:00:00,0.03629999980330467
external_traffic,OT,OT::origin=2,2,-52,2018-06-26 22:00:00,0.030500000342726707
external_traffic,OT,OT::origin=2,2,-51,2018-06-26 23:00:00,0.023900000378489494
external_traffic,OT,OT::origin=2,2,-50,2018-06-27 00:00:00,0.017500000074505806
external_traffic,OT,OT::origin=2,2,-49,2018-06-27 01:00:00,0.010599999688565731
external_traffic,OT,OT::origin=2,2,-48,2018-06-27 02:00:00,0.00800000037997961
external_traffic,OT,OT::origin=2,2,-47,2018-06-27 03:00:00,0.004600000102072954
external_traffic,OT,OT::origin=2,2,-46,2018-06-27 04:00:00,0.0032999999821186066
external_traffic,OT,OT::origin=2,2,-45,2018-06-27 05:00:00,0.00570000009611249
external_traffic,OT,OT::origin=2,2,-44,2018-06-27 06:00:00,0.008100000210106373
external_traffic,OT,OT::origin=2,2,-43,2018-06-27 07:00:00,0.01269999984651804
external_traffic,OT,OT::origin=2,2,-42,2018-06-27 08:00:00,0.02539999969303608
external_traffic,OT,OT::origin=2,2,-41,2018-06-27 09:00:00,0.030700000002980232
external_traffic,OT,OT::origin=2,2,-40,2018-06-27 10:00:00,0.040699999779462814
external_traffic,OT,OT::origin=2,2,-39,2018-06-27 11:00:00,0.039400000125169754
external_traffic,OT,OT::origin=2,2,-38,2018-06-27 12:00:00,0.042899999767541885
external_traffic,OT,OT::origin=2,2,-37,2018-06-27 13:00:00,0.04969999939203262
external_traffic,OT,OT::origin=2,2,-36,2018-06-27 14:00:00,0.05660000070929527
external_traffic,OT,OT::origin=2,2,-35,2018-06-27 15:00:00,0.05660000070929527
external_traffic,OT,OT::origin=2,2,-34,2018-06-27 16:00:00,0.06650000065565109
external_traffic,OT,OT::origin=2,2,-33,2018-06-27 17:00:00,0.07590000331401825
external_traffic,OT,OT::origin=2,2,-32,2018-06-27 18:00:00,0.07440000027418137
external_traffic,OT,OT::origin=2,2,-31,2018-06-27 19:00:00,0.07919999957084656
external_traffic,OT,OT::origin=2,2,-30,2018-06-27 20:00:00,0.06400000303983688
external_traffic,OT,OT::origin=2,2,-29,2018-06-27 21:00:00,0.04749999940395355
external_traffic,OT,OT::origin=2,2,-28,2018-06-27 22:00:00,0.03440000116825104
external_traffic,OT,OT::origin=2,2,-27,2018-06-27 23:00:00,0.026599999517202377
external_traffic,OT,OT::origin=2,2,-26,2018-06-28 00:00:00,0.018300000578165054
external_traffic,OT,OT::origin=2,2,-25,2018-06-28 01:00:00,0.01269999984651804
external_traffic,OT,OT::origin=2,2,-24,2018-06-28 02:00:00,0.008999999612569809
external_traffic,OT,OT::origin=2,2,-23,2018-06-28 03:00:00,0.0052999998442828655
external_traffic,OT,OT::origin=2,2,-22,2018-06-28 04:00:00,0.004699999932199717
external_traffic,OT,OT::origin=2,2,-21,2018-06-28 05:00:00,0.0052999998442828655
external_traffic,OT,OT::origin=2,2,-20,2018-06-28 06:00:00,0.008999999612569809
external_traffic,OT,OT::origin=2,2,-19,2018-06-28 07:00:00,0.0142000000923872
external_traffic,OT,OT::origin=2,2,-18,2018-06-28 08:00:00,0.025299999862909317
external_traffic,OT,OT::origin=2,2,-17,2018-06-28 09:00:00,0.03280000016093254
external_traffic,OT,OT::origin=2,2,-16,2018-06-28 10:00:00,0.040800001472234726
external_traffic,OT,OT::origin=2,2,-15,2018-06-28 11:00:00,0.04089999943971634
external_traffic,OT,OT::origin=2,2,-14,2018-06-28 12:00:00,0.042899999767541885
external_traffic,OT,OT::origin=2,2,-13,2018-06-28 13:00:00,0.05420000106096268
external_traffic,OT,OT::origin=2,2,-12,2018-06-28 14:00:00,0.05730000138282776
external_traffic,OT,OT::origin=2,2,-11,2018-06-28 15:00:00,0.06239999830722809
external_traffic,OT,OT::origin=2,2,-10,2018-06-28 16:00:00,0.06629999727010727
external_traffic,OT,OT::origin=2,2,-9,2018-06-28 17:00:00,0.06889999657869339
external_traffic,OT,OT::origin=2,2,-8,2018-06-28 18:00:00,0.07039999961853027
external_traffic,OT,OT::origin=2,2,-7,2018-06-28 19:00:00,0.07569999992847443
external_traffic,OT,OT::origin=2,2,-6,2018-06-28 20:00:00,0.06340000033378601
external_traffic,OT,OT::origin=2,2,-5,2018-06-28 21:00:00,0.04839999973773956
external_traffic,OT,OT::origin=2,2,-4,2018-06-28 22:00:00,0.035999998450279236
external_traffic,OT,OT::origin=2,2,-3,2018-06-28 23:00:00,0.028200000524520874
external_traffic,OT,OT::origin=2,2,-2,2018-06-29 00:00:00,0.019300000742077827
external_traffic,OT,OT::origin=2,2,-1,2018-06-29 01:00:00,0.013799999840557575
external_psm,feature_0,feature_0::origin=0,0,-72,2000-03-29 01:00:00,0.8347523212432861
external_psm,feature_0,feature_0::origin=0,0,-71,2000-03-29 02:00:00,0.8367224931716919
external_psm,feature_0,feature_0::origin=0,0,-70,2000-03-29 03:00:00,0.8382396101951599
external_psm,feature_0,feature_0::origin=0,0,-69,2000-03-29 04:00:00,0.8380059599876404
external_psm,feature_0,feature_0::origin=0,0,-68,2000-03-29 05:00:00,0.8391465544700623
external_psm,feature_0,feature_0::origin=0,0,-67,2000-03-29 06:00:00,0.8400670886039734
external_psm,feature_0,feature_0::origin=0,0,-66,2000-03-29 07:00:00,0.8408812284469604
external_psm,feature_0,feature_0::origin=0,0,-65,2000-03-29 08:00:00,0.8419296145439148
external_psm,feature_0,feature_0::origin=0,0,-64,2000-03-29 09:00:00,0.8421719670295715
external_psm,feature_0,feature_0::origin=0,0,-63,2000-03-29 10:00:00,0.8434593677520752
external_psm,feature_0,feature_0::origin=0,0,-62,2000-03-29 11:00:00,0.8457203507423401
external_psm,feature_0,feature_0::origin=0,0,-61,2000-03-29 12:00:00,0.8471715450286865
external_psm,feature_0,feature_0::origin=0,0,-60,2000-03-29 13:00:00,0.8472756743431091
external_psm,feature_0,feature_0::origin=0,0,-59,2000-03-29 14:00:00,0.8479092717170715
external_psm,feature_0,feature_0::origin=0,0,-58,2000-03-29 15:00:00,0.8484084606170654
external_psm,feature_0,feature_0::origin=0,0,-57,2000-03-29 16:00:00,0.848436176776886
external_psm,feature_0,feature_0::origin=0,0,-56,2000-03-29 17:00:00,0.8478383421897888
external_psm,feature_0,feature_0::origin=0,0,-55,2000-03-29 18:00:00,0.8483055233955383
external_psm,feature_0,feature_0::origin=0,0,-54,2000-03-29 19:00:00,0.8475976586341858
external_psm,feature_0,feature_0::origin=0,0,-53,2000-03-29 20:00:00,0.847614049911499
external_psm,feature_0,feature_0::origin=0,0,-52,2000-03-29 21:00:00,0.8473623991012573
external_psm,feature_0,feature_0::origin=0,0,-51,2000-03-29 22:00:00,0.846981942653656
external_psm,feature_0,feature_0::origin=0,0,-50,2000-03-29 23:00:00,0.8470274806022644
external_psm,feature_0,feature_0::origin=0,0,-49,2000-03-30 00:00:00,0.8473340272903442
external_psm,feature_0,feature_0::origin=0,0,-48,2000-03-30 01:00:00,0.8477957248687744
external_psm,feature_0,feature_0::origin=0,0,-47,2000-03-30 02:00:00,0.8489148616790771
external_psm,feature_0,feature_0::origin=0,0,-46,2000-03-30 03:00:00,0.850433886051178
external_psm,feature_0,feature_0::origin=0,0,-45,2000-03-30 04:00:00,0.8511986136436462
external_psm,feature_0,feature_0::origin=0,0,-44,2000-03-30 05:00:00,0.85276198387146
external_psm,feature_0,feature_0::origin=0,0,-43,2000-03-30 06:00:00,0.8534590005874634
external_psm,feature_0,feature_0::origin=0,0,-42,2000-03-30 07:00:00,0.8536087274551392
external_psm,feature_0,feature_0::origin=0,0,-41,2000-03-30 08:00:00,0.8548370599746704
external_psm,feature_0,feature_0::origin=0,0,-40,2000-03-30 09:00:00,0.8558528423309326
external_psm,feature_0,feature_0::origin=0,0,-39,2000-03-30 10:00:00,0.8567457795143127
external_psm,feature_0,feature_0::origin=0,0,-38,2000-03-30 11:00:00,0.8575398325920105
external_psm,feature_0,feature_0::origin=0,0,-37,2000-03-30 12:00:00,0.8672053217887878
external_psm,feature_0,feature_0::origin=0,0,-36,2000-03-30 13:00:00,0.8755652904510498
external_psm,feature_0,feature_0::origin=0,0,-35,2000-03-30 14:00:00,0.8766326904296875
external_psm,feature_0,feature_0::origin=0,0,-34,2000-03-30 15:00:00,0.8767204880714417
external_psm,feature_0,feature_0::origin=0,0,-33,2000-03-30 16:00:00,0.8770487308502197
external_psm,feature_0,feature_0::origin=0,0,-32,2000-03-30 17:00:00,0.8760635852813721
external_psm,feature_0,feature_0::origin=0,0,-31,2000-03-30 18:00:00,0.8761196136474609
external_psm,feature_0,feature_0::origin=0,0,-30,2000-03-30 19:00:00,0.8764988780021667
external_psm,feature_0,feature_0::origin=0,0,-29,2000-03-30 20:00:00,0.8761634826660156
external_psm,feature_0,feature_0::origin=0,0,-28,2000-03-30 21:00:00,0.8757274150848389
external_psm,feature_0,feature_0::origin=0,0,-27,2000-03-30 22:00:00,0.8759448528289795
external_psm,feature_0,feature_0::origin=0,0,-26,2000-03-30 23:00:00,0.8757790923118591
external_psm,feature_0,feature_0::origin=0,0,-25,2000-03-31 00:00:00,0.876429557800293
external_psm,feature_0,feature_0::origin=0,0,-24,2000-03-31 01:00:00,0.8763682842254639
external_psm,feature_0,feature_0::origin=0,0,-23,2000-03-31 02:00:00,0.8766786456108093
external_psm,feature_0,feature_0::origin=0,0,-22,2000-03-31 03:00:00,0.8781969547271729
external_psm,feature_0,feature_0::origin=0,0,-21,2000-03-31 04:00:00,0.8782449960708618
external_psm,feature_0,feature_0::origin=0,0,-20,2000-03-31 05:00:00,0.8790765404701233
external_psm,feature_0,feature_0::origin=0,0,-19,2000-03-31 06:00:00,0.8798519968986511
external_psm,feature_0,feature_0::origin=0,0,-18,2000-03-31 07:00:00,0.8807083368301392
external_psm,feature_0,feature_0::origin=0,0,-17,2000-03-31 08:00:00,0.8819580078125
external_psm,feature_0,feature_0::origin=0,0,-16,2000-03-31 09:00:00,0.8820157647132874
external_psm,feature_0,feature_0::origin=0,0,-15,2000-03-31 10:00:00,0.882473349571228
external_psm,feature_0,feature_0::origin=0,0,-14,2000-03-31 11:00:00,0.8833982944488525
external_psm,feature_0,feature_0::origin=0,0,-13,2000-03-31 12:00:00,0.8843331933021545
external_psm,feature_0,feature_0::origin=0,0,-12,2000-03-31 13:00:00,0.8851680755615234
external_psm,feature_0,feature_0::origin=0,0,-11,2000-03-31 14:00:00,0.8857119083404541
external_psm,feature_0,feature_0::origin=0,0,-10,2000-03-31 15:00:00,0.8862631916999817
external_psm,feature_0,feature_0::origin=0,0,-9,2000-03-31 16:00:00,0.8879145383834839
external_psm,feature_0,feature_0::origin=0,0,-8,2000-03-31 17:00:00,0.8872805237770081
external_psm,feature_0,feature_0::origin=0,0,-7,2000-03-31 18:00:00,0.8866768479347229
external_psm,feature_0,feature_0::origin=0,0,-6,2000-03-31 19:00:00,0.886196494102478
external_psm,feature_0,feature_0::origin=0,0,-5,2000-03-31 20:00:00,0.8859000205993652
external_psm,feature_0,feature_0::origin=0,0,-4,2000-03-31 21:00:00,0.8857176899909973
external_psm,feature_0,feature_0::origin=0,0,-3,2000-03-31 22:00:00,0.8843712210655212
external_psm,feature_0,feature_0::origin=0,0,-2,2000-03-31 23:00:00,0.8841850161552429
external_psm,feature_0,feature_0::origin=0,0,-1,2000-04-01 00:00:00,0.7558931112289429
external_psm,feature_0,feature_0::origin=1,1,-72,2000-03-28 01:00:00,0.812913179397583
external_psm,feature_0,feature_0::origin=1,1,-71,2000-03-28 02:00:00,0.8166413903236389
external_psm,feature_0,feature_0::origin=1,1,-70,2000-03-28 03:00:00,0.8191174864768982
external_psm,feature_0,feature_0::origin=1,1,-69,2000-03-28 04:00:00,0.8200419545173645
external_psm,feature_0,feature_0::origin=1,1,-68,2000-03-28 05:00:00,0.8213556408882141
external_psm,feature_0,feature_0::origin=1,1,-67,2000-03-28 06:00:00,0.8223795890808105
external_psm,feature_0,feature_0::origin=1,1,-66,2000-03-28 07:00:00,0.8211415410041809
external_psm,feature_0,feature_0::origin=1,1,-65,2000-03-28 08:00:00,0.8243990540504456
external_psm,feature_0,feature_0::origin=1,1,-64,2000-03-28 09:00:00,0.8289222717285156
external_psm,feature_0,feature_0::origin=1,1,-63,2000-03-28 10:00:00,0.8301724791526794
external_psm,feature_0,feature_0::origin=1,1,-62,2000-03-28 11:00:00,0.8316975831985474
external_psm,feature_0,feature_0::origin=1,1,-61,2000-03-28 12:00:00,0.8327092528343201
external_psm,feature_0,feature_0::origin=1,1,-60,2000-03-28 13:00:00,0.8352139592170715
external_psm,feature_0,feature_0::origin=1,1,-59,2000-03-28 14:00:00,0.8357399702072144
external_psm,feature_0,feature_0::origin=1,1,-58,2000-03-28 15:00:00,0.8350833058357239
external_psm,feature_0,feature_0::origin=1,1,-57,2000-03-28 16:00:00,0.8361772298812866
external_psm,feature_0,feature_0::origin=1,1,-56,2000-03-28 17:00:00,0.8356991410255432
external_psm,feature_0,feature_0::origin=1,1,-55,2000-03-28 18:00:00,0.8355622887611389
external_psm,feature_0,feature_0::origin=1,1,-54,2000-03-28 19:00:00,0.835010826587677
external_psm,feature_0,feature_0::origin=1,1,-53,2000-03-28 20:00:00,0.8355334401130676
external_psm,feature_0,feature_0::origin=1,1,-52,2000-03-28 21:00:00,0.8350114226341248
external_psm,feature_0,feature_0::origin=1,1,-51,2000-03-28 22:00:00,0.8334461450576782
external_psm,feature_0,feature_0::origin=1,1,-50,2000-03-28 23:00:00,0.8329201936721802
external_psm,feature_0,feature_0::origin=1,1,-49,2000-03-29 00:00:00,0.8326544761657715
external_psm,feature_0,feature_0::origin=1,1,-48,2000-03-29 01:00:00,0.8347523212432861
external_psm,feature_0,feature_0::origin=1,1,-47,2000-03-29 02:00:00,0.8367224931716919
external_psm,feature_0,feature_0::origin=1,1,-46,2000-03-29 03:00:00,0.8382396101951599
external_psm,feature_0,feature_0::origin=1,1,-45,2000-03-29 04:00:00,0.8380059599876404
external_psm,feature_0,feature_0::origin=1,1,-44,2000-03-29 05:00:00,0.8391465544700623
external_psm,feature_0,feature_0::origin=1,1,-43,2000-03-29 06:00:00,0.8400670886039734
external_psm,feature_0,feature_0::origin=1,1,-42,2000-03-29 07:00:00,0.8408812284469604
external_psm,feature_0,feature_0::origin=1,1,-41,2000-03-29 08:00:00,0.8419296145439148
external_psm,feature_0,feature_0::origin=1,1,-40,2000-03-29 09:00:00,0.8421719670295715
external_psm,feature_0,feature_0::origin=1,1,-39,2000-03-29 10:00:00,0.8434593677520752
external_psm,feature_0,feature_0::origin=1,1,-38,2000-03-29 11:00:00,0.8457203507423401
external_psm,feature_0,feature_0::origin=1,1,-37,2000-03-29 12:00:00,0.8471715450286865
external_psm,feature_0,feature_0::origin=1,1,-36,2000-03-29 13:00:00,0.8472756743431091
external_psm,feature_0,feature_0::origin=1,1,-35,2000-03-29 14:00:00,0.8479092717170715
external_psm,feature_0,feature_0::origin=1,1,-34,2000-03-29 15:00:00,0.8484084606170654
external_psm,feature_0,feature_0::origin=1,1,-33,2000-03-29 16:00:00,0.848436176776886
external_psm,feature_0,feature_0::origin=1,1,-32,2000-03-29 17:00:00,0.8478383421897888
external_psm,feature_0,feature_0::origin=1,1,-31,2000-03-29 18:00:00,0.8483055233955383
external_psm,feature_0,feature_0::origin=1,1,-30,2000-03-29 19:00:00,0.8475976586341858
external_psm,feature_0,feature_0::origin=1,1,-29,2000-03-29 20:00:00,0.847614049911499
external_psm,feature_0,feature_0::origin=1,1,-28,2000-03-29 21:00:00,0.8473623991012573
external_psm,feature_0,feature_0::origin=1,1,-27,2000-03-29 22:00:00,0.846981942653656
external_psm,feature_0,feature_0::origin=1,1,-26,2000-03-29 23:00:00,0.8470274806022644
external_psm,feature_0,feature_0::origin=1,1,-25,2000-03-30 00:00:00,0.8473340272903442
external_psm,feature_0,feature_0::origin=1,1,-24,2000-03-30 01:00:00,0.8477957248687744
external_psm,feature_0,feature_0::origin=1,1,-23,2000-03-30 02:00:00,0.8489148616790771
external_psm,feature_0,feature_0::origin=1,1,-22,2000-03-30 03:00:00,0.850433886051178
external_psm,feature_0,feature_0::origin=1,1,-21,2000-03-30 04:00:00,0.8511986136436462
external_psm,feature_0,feature_0::origin=1,1,-20,2000-03-30 05:00:00,0.85276198387146
external_psm,feature_0,feature_0::origin=1,1,-19,2000-03-30 06:00:00,0.8534590005874634
external_psm,feature_0,feature_0::origin=1,1,-18,2000-03-30 07:00:00,0.8536087274551392
external_psm,feature_0,feature_0::origin=1,1,-17,2000-03-30 08:00:00,0.8548370599746704
external_psm,feature_0,feature_0::origin=1,1,-16,2000-03-30 09:00:00,0.8558528423309326
external_psm,feature_0,feature_0::origin=1,1,-15,2000-03-30 10:00:00,0.8567457795143127
external_psm,feature_0,feature_0::origin=1,1,-14,2000-03-30 11:00:00,0.8575398325920105
external_psm,feature_0,feature_0::origin=1,1,-13,2000-03-30 12:00:00,0.8672053217887878
external_psm,feature_0,feature_0::origin=1,1,-12,2000-03-30 13:00:00,0.8755652904510498
external_psm,feature_0,feature_0::origin=1,1,-11,2000-03-30 14:00:00,0.8766326904296875
external_psm,feature_0,feature_0::origin=1,1,-10,2000-03-30 15:00:00,0.8767204880714417
external_psm,feature_0,feature_0::origin=1,1,-9,2000-03-30 16:00:00,0.8770487308502197
external_psm,feature_0,feature_0::origin=1,1,-8,2000-03-30 17:00:00,0.8760635852813721
external_psm,feature_0,feature_0::origin=1,1,-7,2000-03-30 18:00:00,0.8761196136474609
external_psm,feature_0,feature_0::origin=1,1,-6,2000-03-30 19:00:00,0.8764988780021667
external_psm,feature_0,feature_0::origin=1,1,-5,2000-03-30 20:00:00,0.8761634826660156
external_psm,feature_0,feature_0::origin=1,1,-4,2000-03-30 21:00:00,0.8757274150848389
external_psm,feature_0,feature_0::origin=1,1,-3,2000-03-30 22:00:00,0.8759448528289795
external_psm,feature_0,feature_0::origin=1,1,-2,2000-03-30 23:00:00,0.8757790923118591
external_psm,feature_0,feature_0::origin=1,1,-1,2000-03-31 00:00:00,0.876429557800293
external_psm,feature_0,feature_0::origin=2,2,-72,2000-03-27 01:00:00,0.8140039443969727
external_psm,feature_0,feature_0::origin=2,2,-71,2000-03-27 02:00:00,0.8152804970741272
external_psm,feature_0,feature_0::origin=2,2,-70,2000-03-27 03:00:00,0.8169623613357544
external_psm,feature_0,feature_0::origin=2,2,-69,2000-03-27 04:00:00,0.8185670375823975
external_psm,feature_0,feature_0::origin=2,2,-68,2000-03-27 05:00:00,0.8198674917221069
external_psm,feature_0,feature_0::origin=2,2,-67,2000-03-27 06:00:00,0.8213643431663513
external_psm,feature_0,feature_0::origin=2,2,-66,2000-03-27 07:00:00,0.8220911622047424
external_psm,feature_0,feature_0::origin=2,2,-65,2000-03-27 08:00:00,0.823041558265686
external_psm,feature_0,feature_0::origin=2,2,-64,2000-03-27 09:00:00,0.8238097429275513
external_psm,feature_0,feature_0::origin=2,2,-63,2000-03-27 10:00:00,0.8245353102684021
external_psm,feature_0,feature_0::origin=2,2,-62,2000-03-27 11:00:00,0.8253663182258606
external_psm,feature_0,feature_0::origin=2,2,-61,2000-03-27 12:00:00,0.8256288766860962
external_psm,feature_0,feature_0::origin=2,2,-60,2000-03-27 13:00:00,0.8258417844772339
external_psm,feature_0,feature_0::origin=2,2,-59,2000-03-27 14:00:00,0.8258244395256042
external_psm,feature_0,feature_0::origin=2,2,-58,2000-03-27 15:00:00,0.8252052664756775
external_psm,feature_0,feature_0::origin=2,2,-57,2000-03-27 16:00:00,0.8250680565834045
external_psm,feature_0,feature_0::origin=2,2,-56,2000-03-27 17:00:00,0.8246615529060364
external_psm,feature_0,feature_0::origin=2,2,-55,2000-03-27 18:00:00,0.8245836496353149
external_psm,feature_0,feature_0::origin=2,2,-54,2000-03-27 19:00:00,0.8121300339698792
external_psm,feature_0,feature_0::origin=2,2,-53,2000-03-27 20:00:00,0.8056427240371704
external_psm,feature_0,feature_0::origin=2,2,-52,2000-03-27 21:00:00,0.8051429986953735
external_psm,feature_0,feature_0::origin=2,2,-51,2000-03-27 22:00:00,0.8088429570198059
external_psm,feature_0,feature_0::origin=2,2,-50,2000-03-27 23:00:00,0.8100754022598267
external_psm,feature_0,feature_0::origin=2,2,-49,2000-03-28 00:00:00,0.8103185296058655
external_psm,feature_0,feature_0::origin=2,2,-48,2000-03-28 01:00:00,0.812913179397583
external_psm,feature_0,feature_0::origin=2,2,-47,2000-03-28 02:00:00,0.8166413903236389
external_psm,feature_0,feature_0::origin=2,2,-46,2000-03-28 03:00:00,0.8191174864768982
external_psm,feature_0,feature_0::origin=2,2,-45,2000-03-28 04:00:00,0.8200419545173645
external_psm,feature_0,feature_0::origin=2,2,-44,2000-03-28 05:00:00,0.8213556408882141
external_psm,feature_0,feature_0::origin=2,2,-43,2000-03-28 06:00:00,0.8223795890808105
external_psm,feature_0,feature_0::origin=2,2,-42,2000-03-28 07:00:00,0.8211415410041809
external_psm,feature_0,feature_0::origin=2,2,-41,2000-03-28 08:00:00,0.8243990540504456
external_psm,feature_0,feature_0::origin=2,2,-40,2000-03-28 09:00:00,0.8289222717285156
external_psm,feature_0,feature_0::origin=2,2,-39,2000-03-28 10:00:00,0.8301724791526794
external_psm,feature_0,feature_0::origin=2,2,-38,2000-03-28 11:00:00,0.8316975831985474
external_psm,feature_0,feature_0::origin=2,2,-37,2000-03-28 12:00:00,0.8327092528343201
external_psm,feature_0,feature_0::origin=2,2,-36,2000-03-28 13:00:00,0.8352139592170715
external_psm,feature_0,feature_0::origin=2,2,-35,2000-03-28 14:00:00,0.8357399702072144
external_psm,feature_0,feature_0::origin=2,2,-34,2000-03-28 15:00:00,0.8350833058357239
external_psm,feature_0,feature_0::origin=2,2,-33,2000-03-28 16:00:00,0.8361772298812866
external_psm,feature_0,feature_0::origin=2,2,-32,2000-03-28 17:00:00,0.8356991410255432
external_psm,feature_0,feature_0::origin=2,2,-31,2000-03-28 18:00:00,0.8355622887611389
external_psm,feature_0,feature_0::origin=2,2,-30,2000-03-28 19:00:00,0.835010826587677
external_psm,feature_0,feature_0::origin=2,2,-29,2000-03-28 20:00:00,0.8355334401130676
external_psm,feature_0,feature_0::origin=2,2,-28,2000-03-28 21:00:00,0.8350114226341248
external_psm,feature_0,feature_0::origin=2,2,-27,2000-03-28 22:00:00,0.8334461450576782
external_psm,feature_0,feature_0::origin=2,2,-26,2000-03-28 23:00:00,0.8329201936721802
external_psm,feature_0,feature_0::origin=2,2,-25,2000-03-29 00:00:00,0.8326544761657715
external_psm,feature_0,feature_0::origin=2,2,-24,2000-03-29 01:00:00,0.8347523212432861
external_psm,feature_0,feature_0::origin=2,2,-23,2000-03-29 02:00:00,0.8367224931716919
external_psm,feature_0,feature_0::origin=2,2,-22,2000-03-29 03:00:00,0.8382396101951599
external_psm,feature_0,feature_0::origin=2,2,-21,2000-03-29 04:00:00,0.8380059599876404
external_psm,feature_0,feature_0::origin=2,2,-20,2000-03-29 05:00:00,0.8391465544700623
external_psm,feature_0,feature_0::origin=2,2,-19,2000-03-29 06:00:00,0.8400670886039734
external_psm,feature_0,feature_0::origin=2,2,-18,2000-03-29 07:00:00,0.8408812284469604
external_psm,feature_0,feature_0::origin=2,2,-17,2000-03-29 08:00:00,0.8419296145439148
external_psm,feature_0,feature_0::origin=2,2,-16,2000-03-29 09:00:00,0.8421719670295715
external_psm,feature_0,feature_0::origin=2,2,-15,2000-03-29 10:00:00,0.8434593677520752
external_psm,feature_0,feature_0::origin=2,2,-14,2000-03-29 11:00:00,0.8457203507423401
external_psm,feature_0,feature_0::origin=2,2,-13,2000-03-29 12:00:00,0.8471715450286865
external_psm,feature_0,feature_0::origin=2,2,-12,2000-03-29 13:00:00,0.8472756743431091
external_psm,feature_0,feature_0::origin=2,2,-11,2000-03-29 14:00:00,0.8479092717170715
external_psm,feature_0,feature_0::origin=2,2,-10,2000-03-29 15:00:00,0.8484084606170654
external_psm,feature_0,feature_0::origin=2,2,-9,2000-03-29 16:00:00,0.848436176776886
external_psm,feature_0,feature_0::origin=2,2,-8,2000-03-29 17:00:00,0.8478383421897888
external_psm,feature_0,feature_0::origin=2,2,-7,2000-03-29 18:00:00,0.8483055233955383
external_psm,feature_0,feature_0::origin=2,2,-6,2000-03-29 19:00:00,0.8475976586341858
external_psm,feature_0,feature_0::origin=2,2,-5,2000-03-29 20:00:00,0.847614049911499
external_psm,feature_0,feature_0::origin=2,2,-4,2000-03-29 21:00:00,0.8473623991012573
external_psm,feature_0,feature_0::origin=2,2,-3,2000-03-29 22:00:00,0.846981942653656
external_psm,feature_0,feature_0::origin=2,2,-2,2000-03-29 23:00:00,0.8470274806022644
external_psm,feature_0,feature_0::origin=2,2,-1,2000-03-30 00:00:00,0.8473340272903442
external_psm,feature_6,feature_6::origin=0,0,-72,2000-03-29 01:00:00,0.5038825869560242
external_psm,feature_6,feature_6::origin=0,0,-71,2000-03-29 02:00:00,0.534375011920929
external_psm,feature_6,feature_6::origin=0,0,-70,2000-03-29 03:00:00,0.5435606241226196
external_psm,feature_6,feature_6::origin=0,0,-69,2000-03-29 04:00:00,0.5445075631141663
external_psm,feature_6,feature_6::origin=0,0,-68,2000-03-29 05:00:00,0.5474432110786438
external_psm,feature_6,feature_6::origin=0,0,-67,2000-03-29 06:00:00,0.5484848618507385
external_psm,feature_6,feature_6::origin=0,0,-66,2000-03-29 07:00:00,0.563825786113739
external_psm,feature_6,feature_6::origin=0,0,-65,2000-03-29 08:00:00,0.5808712244033813
external_psm,feature_6,feature_6::origin=0,0,-64,2000-03-29 09:00:00,0.5903409123420715
external_psm,feature_6,feature_6::origin=0,0,-63,2000-03-29 10:00:00,0.5934659242630005
external_psm,feature_6,feature_6::origin=0,0,-62,2000-03-29 11:00:00,0.5874053239822388
external_psm,feature_6,feature_6::origin=0,0,-61,2000-03-29 12:00:00,0.6069697141647339
external_psm,feature_6,feature_6::origin=0,0,-60,2000-03-29 13:00:00,0.6004734635353088
external_psm,feature_6,feature_6::origin=0,0,-59,2000-03-29 14:00:00,0.5943182110786438
external_psm,feature_6,feature_6::origin=0,0,-58,2000-03-29 15:00:00,0.5533143877983093
external_psm,feature_6,feature_6::origin=0,0,-57,2000-03-29 16:00:00,0.5391098260879517
external_psm,feature_6,feature_6::origin=0,0,-56,2000-03-29 17:00:00,0.5253787636756897
external_psm,feature_6,feature_6::origin=0,0,-55,2000-03-29 18:00:00,0.5196022987365723
external_psm,feature_6,feature_6::origin=0,0,-54,2000-03-29 19:00:00,0.5192235112190247
external_psm,feature_6,feature_6::origin=0,0,-53,2000-03-29 20:00:00,0.5086174011230469
external_psm,feature_6,feature_6::origin=0,0,-52,2000-03-29 21:00:00,0.5027462244033813
external_psm,feature_6,feature_6::origin=0,0,-51,2000-03-29 22:00:00,0.49299243092536926
external_psm,feature_6,feature_6::origin=0,0,-50,2000-03-29 23:00:00,0.48806819319725037
external_psm,feature_6,feature_6::origin=0,0,-49,2000-03-30 00:00:00,0.49232953786849976
external_psm,feature_6,feature_6::origin=0,0,-48,2000-03-30 01:00:00,0.5107007622718811
external_psm,feature_6,feature_6::origin=0,0,-47,2000-03-30 02:00:00,0.5390151739120483
external_psm,feature_6,feature_6::origin=0,0,-46,2000-03-30 03:00:00,0.555018961429596
external_psm,feature_6,feature_6::origin=0,0,-45,2000-03-30 04:00:00,0.560606062412262
external_psm,feature_6,feature_6::origin=0,0,-44,2000-03-30 05:00:00,0.5776515007019043
external_psm,feature_6,feature_6::origin=0,0,-43,2000-03-30 06:00:00,0.5810984969139099
external_psm,feature_6,feature_6::origin=0,0,-42,2000-03-30 07:00:00,0.5872159004211426
external_psm,feature_6,feature_6::origin=0,0,-41,2000-03-30 08:00:00,0.5979166626930237
external_psm,feature_6,feature_6::origin=0,0,-40,2000-03-30 09:00:00,0.583143949508667
external_psm,feature_6,feature_6::origin=0,0,-39,2000-03-30 10:00:00,0.5746212005615234
external_psm,feature_6,feature_6::origin=0,0,-38,2000-03-30 11:00:00,0.5911931991577148
external_psm,feature_6,feature_6::origin=0,0,-37,2000-03-30 12:00:00,0.6103219985961914
external_psm,feature_6,feature_6::origin=0,0,-36,2000-03-30 13:00:00,0.6182765364646912
external_psm,feature_6,feature_6::origin=0,0,-35,2000-03-30 14:00:00,0.5971590876579285
external_psm,feature_6,feature_6::origin=0,0,-34,2000-03-30 15:00:00,0.5801136493682861
external_psm,feature_6,feature_6::origin=0,0,-33,2000-03-30 16:00:00,0.5443181991577148
external_psm,feature_6,feature_6::origin=0,0,-32,2000-03-30 17:00:00,0.5146780014038086
external_psm,feature_6,feature_6::origin=0,0,-31,2000-03-30 18:00:00,0.5269886255264282
external_psm,feature_6,feature_6::origin=0,0,-30,2000-03-30 19:00:00,0.5274621248245239
external_psm,feature_6,feature_6::origin=0,0,-29,2000-03-30 20:00:00,0.5261363387107849
external_psm,feature_6,feature_6::origin=0,0,-28,2000-03-30 21:00:00,0.5303977131843567
external_psm,feature_6,feature_6::origin=0,0,-27,2000-03-30 22:00:00,0.5084280371665955
external_psm,feature_6,feature_6::origin=0,0,-26,2000-03-30 23:00:00,0.5123106241226196
external_psm,feature_6,feature_6::origin=0,0,-25,2000-03-31 00:00:00,0.5117045640945435
external_psm,feature_6,feature_6::origin=0,0,-24,2000-03-31 01:00:00,0.5170454382896423
external_psm,feature_6,feature_6::origin=0,0,-23,2000-03-31 02:00:00,0.5583333373069763
external_psm,feature_6,feature_6::origin=0,0,-22,2000-03-31 03:00:00,0.5526893734931946
external_psm,feature_6,feature_6::origin=0,0,-21,2000-03-31 04:00:00,0.5520833134651184
external_psm,feature_6,feature_6::origin=0,0,-20,2000-03-31 05:00:00,0.5596590638160706
external_psm,feature_6,feature_6::origin=0,0,-19,2000-03-31 06:00:00,0.559280276298523
external_psm,feature_6,feature_6::origin=0,0,-18,2000-03-31 07:00:00,0.576231062412262
external_psm,feature_6,feature_6::origin=0,0,-17,2000-03-31 08:00:00,0.5577651262283325
external_psm,feature_6,feature_6::origin=0,0,-16,2000-03-31 09:00:00,0.5488636493682861
external_psm,feature_6,feature_6::origin=0,0,-15,2000-03-31 10:00:00,0.5583333373069763
external_psm,feature_6,feature_6::origin=0,0,-14,2000-03-31 11:00:00,0.5598484873771667
external_psm,feature_6,feature_6::origin=0,0,-13,2000-03-31 12:00:00,0.5816287994384766
external_psm,feature_6,feature_6::origin=0,0,-12,2000-03-31 13:00:00,0.590624988079071
external_psm,feature_6,feature_6::origin=0,0,-11,2000-03-31 14:00:00,0.5784090757369995
external_psm,feature_6,feature_6::origin=0,0,-10,2000-03-31 15:00:00,0.5485795736312866
external_psm,feature_6,feature_6::origin=0,0,-9,2000-03-31 16:00:00,0.528030276298523
external_psm,feature_6,feature_6::origin=0,0,-8,2000-03-31 17:00:00,0.512405276298523
external_psm,feature_6,feature_6::origin=0,0,-7,2000-03-31 18:00:00,0.5276893973350525
external_psm,feature_6,feature_6::origin=0,0,-6,2000-03-31 19:00:00,0.5240530371665955
external_psm,feature_6,feature_6::origin=0,0,-5,2000-03-31 20:00:00,0.5160037875175476
external_psm,feature_6,feature_6::origin=0,0,-4,2000-03-31 21:00:00,0.49242424964904785
external_psm,feature_6,feature_6::origin=0,0,-3,2000-03-31 22:00:00,0.4945075809955597
external_psm,feature_6,feature_6::origin=0,0,-2,2000-03-31 23:00:00,0.5107954740524292
external_psm,feature_6,feature_6::origin=0,0,-1,2000-04-01 00:00:00,0.5145454406738281
external_psm,feature_6,feature_6::origin=1,1,-72,2000-03-28 01:00:00,0.5191287994384766
external_psm,feature_6,feature_6::origin=1,1,-71,2000-03-28 02:00:00,0.5621212124824524
external_psm,feature_6,feature_6::origin=1,1,-70,2000-03-28 03:00:00,0.5663825869560242
external_psm,feature_6,feature_6::origin=1,1,-69,2000-03-28 04:00:00,0.5547348260879517
external_psm,feature_6,feature_6::origin=1,1,-68,2000-03-28 05:00:00,0.5691288113594055
external_psm,feature_6,feature_6::origin=1,1,-67,2000-03-28 06:00:00,0.574999988079071
external_psm,feature_6,feature_6::origin=1,1,-66,2000-03-28 07:00:00,0.6757575869560242
external_psm,feature_6,feature_6::origin=1,1,-65,2000-03-28 08:00:00,0.5950378775596619
external_psm,feature_6,feature_6::origin=1,1,-64,2000-03-28 09:00:00,0.5819128751754761
external_psm,feature_6,feature_6::origin=1,1,-63,2000-03-28 10:00:00,0.6086174249649048
external_psm,feature_6,feature_6::origin=1,1,-62,2000-03-28 11:00:00,0.600662887096405
external_psm,feature_6,feature_6::origin=1,1,-61,2000-03-28 12:00:00,0.637556791305542
external_psm,feature_6,feature_6::origin=1,1,-60,2000-03-28 13:00:00,0.6257575750350952
external_psm,feature_6,feature_6::origin=1,1,-59,2000-03-28 14:00:00,0.5815340876579285
external_psm,feature_6,feature_6::origin=1,1,-58,2000-03-28 15:00:00,0.5669507384300232
external_psm,feature_6,feature_6::origin=1,1,-57,2000-03-28 16:00:00,0.5352272987365723
external_psm,feature_6,feature_6::origin=1,1,-56,2000-03-28 17:00:00,0.5375946760177612
external_psm,feature_6,feature_6::origin=1,1,-55,2000-03-28 18:00:00,0.5357954502105713
external_psm,feature_6,feature_6::origin=1,1,-54,2000-03-28 19:00:00,0.522537887096405
external_psm,feature_6,feature_6::origin=1,1,-53,2000-03-28 20:00:00,0.5288825631141663
external_psm,feature_6,feature_6::origin=1,1,-52,2000-03-28 21:00:00,0.5035037994384766
external_psm,feature_6,feature_6::origin=1,1,-51,2000-03-28 22:00:00,0.4892992377281189
external_psm,feature_6,feature_6::origin=1,1,-50,2000-03-28 23:00:00,0.49185606837272644
external_psm,feature_6,feature_6::origin=1,1,-49,2000-03-29 00:00:00,0.4800189435482025
external_psm,feature_6,feature_6::origin=1,1,-48,2000-03-29 01:00:00,0.5038825869560242
external_psm,feature_6,feature_6::origin=1,1,-47,2000-03-29 02:00:00,0.534375011920929
external_psm,feature_6,feature_6::origin=1,1,-46,2000-03-29 03:00:00,0.5435606241226196
external_psm,feature_6,feature_6::origin=1,1,-45,2000-03-29 04:00:00,0.5445075631141663
external_psm,feature_6,feature_6::origin=1,1,-44,2000-03-29 05:00:00,0.5474432110786438
external_psm,feature_6,feature_6::origin=1,1,-43,2000-03-29 06:00:00,0.5484848618507385
external_psm,feature_6,feature_6::origin=1,1,-42,2000-03-29 07:00:00,0.563825786113739
external_psm,feature_6,feature_6::origin=1,1,-41,2000-03-29 08:00:00,0.5808712244033813
external_psm,feature_6,feature_6::origin=1,1,-40,2000-03-29 09:00:00,0.5903409123420715
external_psm,feature_6,feature_6::origin=1,1,-39,2000-03-29 10:00:00,0.5934659242630005
external_psm,feature_6,feature_6::origin=1,1,-38,2000-03-29 11:00:00,0.5874053239822388
external_psm,feature_6,feature_6::origin=1,1,-37,2000-03-29 12:00:00,0.6069697141647339
external_psm,feature_6,feature_6::origin=1,1,-36,2000-03-29 13:00:00,0.6004734635353088
external_psm,feature_6,feature_6::origin=1,1,-35,2000-03-29 14:00:00,0.5943182110786438
external_psm,feature_6,feature_6::origin=1,1,-34,2000-03-29 15:00:00,0.5533143877983093
external_psm,feature_6,feature_6::origin=1,1,-33,2000-03-29 16:00:00,0.5391098260879517
external_psm,feature_6,feature_6::origin=1,1,-32,2000-03-29 17:00:00,0.5253787636756897
external_psm,feature_6,feature_6::origin=1,1,-31,2000-03-29 18:00:00,0.5196022987365723
external_psm,feature_6,feature_6::origin=1,1,-30,2000-03-29 19:00:00,0.5192235112190247
external_psm,feature_6,feature_6::origin=1,1,-29,2000-03-29 20:00:00,0.5086174011230469
external_psm,feature_6,feature_6::origin=1,1,-28,2000-03-29 21:00:00,0.5027462244033813
external_psm,feature_6,feature_6::origin=1,1,-27,2000-03-29 22:00:00,0.49299243092536926
external_psm,feature_6,feature_6::origin=1,1,-26,2000-03-29 23:00:00,0.48806819319725037
external_psm,feature_6,feature_6::origin=1,1,-25,2000-03-30 00:00:00,0.49232953786849976
external_psm,feature_6,feature_6::origin=1,1,-24,2000-03-30 01:00:00,0.5107007622718811
external_psm,feature_6,feature_6::origin=1,1,-23,2000-03-30 02:00:00,0.5390151739120483
external_psm,feature_6,feature_6::origin=1,1,-22,2000-03-30 03:00:00,0.555018961429596
external_psm,feature_6,feature_6::origin=1,1,-21,2000-03-30 04:00:00,0.560606062412262
external_psm,feature_6,feature_6::origin=1,1,-20,2000-03-30 05:00:00,0.5776515007019043
external_psm,feature_6,feature_6::origin=1,1,-19,2000-03-30 06:00:00,0.5810984969139099
external_psm,feature_6,feature_6::origin=1,1,-18,2000-03-30 07:00:00,0.5872159004211426
external_psm,feature_6,feature_6::origin=1,1,-17,2000-03-30 08:00:00,0.5979166626930237
external_psm,feature_6,feature_6::origin=1,1,-16,2000-03-30 09:00:00,0.583143949508667
external_psm,feature_6,feature_6::origin=1,1,-15,2000-03-30 10:00:00,0.5746212005615234
external_psm,feature_6,feature_6::origin=1,1,-14,2000-03-30 11:00:00,0.5911931991577148
external_psm,feature_6,feature_6::origin=1,1,-13,2000-03-30 12:00:00,0.6103219985961914
external_psm,feature_6,feature_6::origin=1,1,-12,2000-03-30 13:00:00,0.6182765364646912
external_psm,feature_6,feature_6::origin=1,1,-11,2000-03-30 14:00:00,0.5971590876579285
external_psm,feature_6,feature_6::origin=1,1,-10,2000-03-30 15:00:00,0.5801136493682861
external_psm,feature_6,feature_6::origin=1,1,-9,2000-03-30 16:00:00,0.5443181991577148
external_psm,feature_6,feature_6::origin=1,1,-8,2000-03-30 17:00:00,0.5146780014038086
external_psm,feature_6,feature_6::origin=1,1,-7,2000-03-30 18:00:00,0.5269886255264282
external_psm,feature_6,feature_6::origin=1,1,-6,2000-03-30 19:00:00,0.5274621248245239
external_psm,feature_6,feature_6::origin=1,1,-5,2000-03-30 20:00:00,0.5261363387107849
external_psm,feature_6,feature_6::origin=1,1,-4,2000-03-30 21:00:00,0.5303977131843567
external_psm,feature_6,feature_6::origin=1,1,-3,2000-03-30 22:00:00,0.5084280371665955
external_psm,feature_6,feature_6::origin=1,1,-2,2000-03-30 23:00:00,0.5123106241226196
external_psm,feature_6,feature_6::origin=1,1,-1,2000-03-31 00:00:00,0.5117045640945435
external_psm,feature_6,feature_6::origin=2,2,-72,2000-03-27 01:00:00,0.5042613744735718
external_psm,feature_6,feature_6::origin=2,2,-71,2000-03-27 02:00:00,0.5052083134651184
external_psm,feature_6,feature_6::origin=2,2,-70,2000-03-27 03:00:00,0.5378788113594055
external_psm,feature_6,feature_6::origin=2,2,-69,2000-03-27 04:00:00,0.5414772629737854
external_psm,feature_6,feature_6::origin=2,2,-68,2000-03-27 05:00:00,0.5539772510528564
external_psm,feature_6,feature_6::origin=2,2,-67,2000-03-27 06:00:00,0.5693181753158569
external_psm,feature_6,feature_6::origin=2,2,-66,2000-03-27 07:00:00,0.5876893997192383
external_psm,feature_6,feature_6::origin=2,2,-65,2000-03-27 08:00:00,0.6160038113594055
external_psm,feature_6,feature_6::origin=2,2,-64,2000-03-27 09:00:00,0.6147727370262146
external_psm,feature_6,feature_6::origin=2,2,-63,2000-03-27 10:00:00,0.6126893758773804
external_psm,feature_6,feature_6::origin=2,2,-62,2000-03-27 11:00:00,0.6092802882194519
external_psm,feature_6,feature_6::origin=2,2,-61,2000-03-27 12:00:00,0.6108523011207581
external_psm,feature_6,feature_6::origin=2,2,-60,2000-03-27 13:00:00,0.5946022868156433
external_psm,feature_6,feature_6::origin=2,2,-59,2000-03-27 14:00:00,0.5651515126228333
external_psm,feature_6,feature_6::origin=2,2,-58,2000-03-27 15:00:00,0.5395833253860474
external_psm,feature_6,feature_6::origin=2,2,-57,2000-03-27 16:00:00,0.5425189137458801
external_psm,feature_6,feature_6::origin=2,2,-56,2000-03-27 17:00:00,0.5303030014038086
external_psm,feature_6,feature_6::origin=2,2,-55,2000-03-27 18:00:00,0.5130681991577148
external_psm,feature_6,feature_6::origin=2,2,-54,2000-03-27 19:00:00,0.5174242258071899
external_psm,feature_6,feature_6::origin=2,2,-53,2000-03-27 20:00:00,0.5026515126228333
external_psm,feature_6,feature_6::origin=2,2,-52,2000-03-27 21:00:00,0.4952651560306549
external_psm,feature_6,feature_6::origin=2,2,-51,2000-03-27 22:00:00,0.4888257682323456
external_psm,feature_6,feature_6::origin=2,2,-50,2000-03-27 23:00:00,0.49640151858329773
external_psm,feature_6,feature_6::origin=2,2,-49,2000-03-28 00:00:00,0.48712122440338135
external_psm,feature_6,feature_6::origin=2,2,-48,2000-03-28 01:00:00,0.5191287994384766
external_psm,feature_6,feature_6::origin=2,2,-47,2000-03-28 02:00:00,0.5621212124824524
external_psm,feature_6,feature_6::origin=2,2,-46,2000-03-28 03:00:00,0.5663825869560242
external_psm,feature_6,feature_6::origin=2,2,-45,2000-03-28 04:00:00,0.5547348260879517
external_psm,feature_6,feature_6::origin=2,2,-44,2000-03-28 05:00:00,0.5691288113594055
external_psm,feature_6,feature_6::origin=2,2,-43,2000-03-28 06:00:00,0.574999988079071
external_psm,feature_6,feature_6::origin=2,2,-42,2000-03-28 07:00:00,0.6757575869560242
external_psm,feature_6,feature_6::origin=2,2,-41,2000-03-28 08:00:00,0.5950378775596619
external_psm,feature_6,feature_6::origin=2,2,-40,2000-03-28 09:00:00,0.5819128751754761
external_psm,feature_6,feature_6::origin=2,2,-39,2000-03-28 10:00:00,0.6086174249649048
external_psm,feature_6,feature_6::origin=2,2,-38,2000-03-28 11:00:00,0.600662887096405
external_psm,feature_6,feature_6::origin=2,2,-37,2000-03-28 12:00:00,0.637556791305542
external_psm,feature_6,feature_6::origin=2,2,-36,2000-03-28 13:00:00,0.6257575750350952
external_psm,feature_6,feature_6::origin=2,2,-35,2000-03-28 14:00:00,0.5815340876579285
external_psm,feature_6,feature_6::origin=2,2,-34,2000-03-28 15:00:00,0.5669507384300232
external_psm,feature_6,feature_6::origin=2,2,-33,2000-03-28 16:00:00,0.5352272987365723
external_psm,feature_6,feature_6::origin=2,2,-32,2000-03-28 17:00:00,0.5375946760177612
external_psm,feature_6,feature_6::origin=2,2,-31,2000-03-28 18:00:00,0.5357954502105713
external_psm,feature_6,feature_6::origin=2,2,-30,2000-03-28 19:00:00,0.522537887096405
external_psm,feature_6,feature_6::origin=2,2,-29,2000-03-28 20:00:00,0.5288825631141663
external_psm,feature_6,feature_6::origin=2,2,-28,2000-03-28 21:00:00,0.5035037994384766
external_psm,feature_6,feature_6::origin=2,2,-27,2000-03-28 22:00:00,0.4892992377281189
external_psm,feature_6,feature_6::origin=2,2,-26,2000-03-28 23:00:00,0.49185606837272644
external_psm,feature_6,feature_6::origin=2,2,-25,2000-03-29 00:00:00,0.4800189435482025
external_psm,feature_6,feature_6::origin=2,2,-24,2000-03-29 01:00:00,0.5038825869560242
external_psm,feature_6,feature_6::origin=2,2,-23,2000-03-29 02:00:00,0.534375011920929
external_psm,feature_6,feature_6::origin=2,2,-22,2000-03-29 03:00:00,0.5435606241226196
external_psm,feature_6,feature_6::origin=2,2,-21,2000-03-29 04:00:00,0.5445075631141663
external_psm,feature_6,feature_6::origin=2,2,-20,2000-03-29 05:00:00,0.5474432110786438
external_psm,feature_6,feature_6::origin=2,2,-19,2000-03-29 06:00:00,0.5484848618507385
external_psm,feature_6,feature_6::origin=2,2,-18,2000-03-29 07:00:00,0.563825786113739
external_psm,feature_6,feature_6::origin=2,2,-17,2000-03-29 08:00:00,0.5808712244033813
external_psm,feature_6,feature_6::origin=2,2,-16,2000-03-29 09:00:00,0.5903409123420715
external_psm,feature_6,feature_6::origin=2,2,-15,2000-03-29 10:00:00,0.5934659242630005
external_psm,feature_6,feature_6::origin=2,2,-14,2000-03-29 11:00:00,0.5874053239822388
external_psm,feature_6,feature_6::origin=2,2,-13,2000-03-29 12:00:00,0.6069697141647339
external_psm,feature_6,feature_6::origin=2,2,-12,2000-03-29 13:00:00,0.6004734635353088
external_psm,feature_6,feature_6::origin=2,2,-11,2000-03-29 14:00:00,0.5943182110786438
external_psm,feature_6,feature_6::origin=2,2,-10,2000-03-29 15:00:00,0.5533143877983093
external_psm,feature_6,feature_6::origin=2,2,-9,2000-03-29 16:00:00,0.5391098260879517
external_psm,feature_6,feature_6::origin=2,2,-8,2000-03-29 17:00:00,0.5253787636756897
external_psm,feature_6,feature_6::origin=2,2,-7,2000-03-29 18:00:00,0.5196022987365723
external_psm,feature_6,feature_6::origin=2,2,-6,2000-03-29 19:00:00,0.5192235112190247
external_psm,feature_6,feature_6::origin=2,2,-5,2000-03-29 20:00:00,0.5086174011230469
external_psm,feature_6,feature_6::origin=2,2,-4,2000-03-29 21:00:00,0.5027462244033813
external_psm,feature_6,feature_6::origin=2,2,-3,2000-03-29 22:00:00,0.49299243092536926
external_psm,feature_6,feature_6::origin=2,2,-2,2000-03-29 23:00:00,0.48806819319725037
external_psm,feature_6,feature_6::origin=2,2,-1,2000-03-30 00:00:00,0.49232953786849976
external_psm,feature_12,feature_12::origin=0,0,-72,2000-03-29 01:00:00,0.16564936935901642
external_psm,feature_12,feature_12::origin=0,0,-71,2000-03-29 02:00:00,0.16711612045764923
external_psm,feature_12,feature_12::origin=0,0,-70,2000-03-29 03:00:00,0.1617375910282135
external_psm,feature_12,feature_12::origin=0,0,-69,2000-03-29 04:00:00,0.1716635525226593
external_psm,feature_12,feature_12::origin=0,0,-68,2000-03-29 05:00:00,0.17089104652404785
external_psm,feature_12,feature_12::origin=0,0,-67,2000-03-29 06:00:00,0.16824063658714294
external_psm,feature_12,feature_12::origin=0,0,-66,2000-03-29 07:00:00,0.1691054254770279
external_psm,feature_12,feature_12::origin=0,0,-65,2000-03-29 08:00:00,0.16632211208343506
external_psm,feature_12,feature_12::origin=0,0,-64,2000-03-29 09:00:00,0.17014381289482117
external_psm,feature_12,feature_12::origin=0,0,-63,2000-03-29 10:00:00,0.17325258255004883
external_psm,feature_12,feature_12::origin=0,0,-62,2000-03-29 11:00:00,0.17205633223056793
external_psm,feature_12,feature_12::origin=0,0,-61,2000-03-29 12:00:00,0.17209039628505707
external_psm,feature_12,feature_12::origin=0,0,-60,2000-03-29 13:00:00,0.1757148653268814
external_psm,feature_12,feature_12::origin=0,0,-59,2000-03-29 14:00:00,0.1765705645084381
external_psm,feature_12,feature_12::origin=0,0,-58,2000-03-29 15:00:00,0.16648605465888977
external_psm,feature_12,feature_12::origin=0,0,-57,2000-03-29 16:00:00,0.1603802740573883
external_psm,feature_12,feature_12::origin=0,0,-56,2000-03-29 17:00:00,0.15788576006889343
external_psm,feature_12,feature_12::origin=0,0,-55,2000-03-29 18:00:00,0.16432368755340576
external_psm,feature_12,feature_12::origin=0,0,-54,2000-03-29 19:00:00,0.16805118322372437
external_psm,feature_12,feature_12::origin=0,0,-53,2000-03-29 20:00:00,0.1687973290681839
external_psm,feature_12,feature_12::origin=0,0,-52,2000-03-29 21:00:00,0.15898331999778748
external_psm,feature_12,feature_12::origin=0,0,-51,2000-03-29 22:00:00,0.15778318047523499
external_psm,feature_12,feature_12::origin=0,0,-50,2000-03-29 23:00:00,0.15635526180267334
external_psm,feature_12,feature_12::origin=0,0,-49,2000-03-30 00:00:00,0.15824855864048004
external_psm,feature_12,feature_12::origin=0,0,-48,2000-03-30 01:00:00,0.1614259034395218
external_psm,feature_12,feature_12::origin=0,0,-47,2000-03-30 02:00:00,0.16125079989433289
external_psm,feature_12,feature_12::origin=0,0,-46,2000-03-30 03:00:00,0.16212543845176697
external_psm,feature_12,feature_12::origin=0,0,-45,2000-03-30 04:00:00,0.16595867276191711
external_psm,feature_12,feature_12::origin=0,0,-44,2000-03-30 05:00:00,0.16927342116832733
external_psm,feature_12,feature_12::origin=0,0,-43,2000-03-30 06:00:00,0.16629202663898468
external_psm,feature_12,feature_12::origin=0,0,-42,2000-03-30 07:00:00,0.1663195937871933
external_psm,feature_12,feature_12::origin=0,0,-41,2000-03-30 08:00:00,0.1646393984556198
external_psm,feature_12,feature_12::origin=0,0,-40,2000-03-30 09:00:00,0.16547982394695282
external_psm,feature_12,feature_12::origin=0,0,-39,2000-03-30 10:00:00,0.16636310517787933
external_psm,feature_12,feature_12::origin=0,0,-38,2000-03-30 11:00:00,0.16675105690956116
external_psm,feature_12,feature_12::origin=0,0,-37,2000-03-30 12:00:00,0.16864222288131714
external_psm,feature_12,feature_12::origin=0,0,-36,2000-03-30 13:00:00,0.17171542346477509
external_psm,feature_12,feature_12::origin=0,0,-35,2000-03-30 14:00:00,0.17103677988052368
external_psm,feature_12,feature_12::origin=0,0,-34,2000-03-30 15:00:00,0.16082365810871124
external_psm,feature_12,feature_12::origin=0,0,-33,2000-03-30 16:00:00,0.15680575370788574
external_psm,feature_12,feature_12::origin=0,0,-32,2000-03-30 17:00:00,0.15807609260082245
external_psm,feature_12,feature_12::origin=0,0,-31,2000-03-30 18:00:00,0.1536906212568283
external_psm,feature_12,feature_12::origin=0,0,-30,2000-03-30 19:00:00,0.15833598375320435
external_psm,feature_12,feature_12::origin=0,0,-29,2000-03-30 20:00:00,0.15879064798355103
external_psm,feature_12,feature_12::origin=0,0,-28,2000-03-30 21:00:00,0.1568564474582672
external_psm,feature_12,feature_12::origin=0,0,-27,2000-03-30 22:00:00,0.15852826833724976
external_psm,feature_12,feature_12::origin=0,0,-26,2000-03-30 23:00:00,0.1642090082168579
external_psm,feature_12,feature_12::origin=0,0,-25,2000-03-31 00:00:00,0.16042682528495789
external_psm,feature_12,feature_12::origin=0,0,-24,2000-03-31 01:00:00,0.16223925352096558
external_psm,feature_12,feature_12::origin=0,0,-23,2000-03-31 02:00:00,0.16079558432102203
external_psm,feature_12,feature_12::origin=0,0,-22,2000-03-31 03:00:00,0.16020461916923523
external_psm,feature_12,feature_12::origin=0,0,-21,2000-03-31 04:00:00,0.16731806099414825
external_psm,feature_12,feature_12::origin=0,0,-20,2000-03-31 05:00:00,0.1649753898382187
external_psm,feature_12,feature_12::origin=0,0,-19,2000-03-31 06:00:00,0.1693842113018036
external_psm,feature_12,feature_12::origin=0,0,-18,2000-03-31 07:00:00,0.16963379085063934
external_psm,feature_12,feature_12::origin=0,0,-17,2000-03-31 08:00:00,0.1665337234735489
external_psm,feature_12,feature_12::origin=0,0,-16,2000-03-31 09:00:00,0.16936099529266357
external_psm,feature_12,feature_12::origin=0,0,-15,2000-03-31 10:00:00,0.16947509348392487
external_psm,feature_12,feature_12::origin=0,0,-14,2000-03-31 11:00:00,0.16521598398685455
external_psm,feature_12,feature_12::origin=0,0,-13,2000-03-31 12:00:00,0.17051845788955688
external_psm,feature_12,feature_12::origin=0,0,-12,2000-03-31 13:00:00,0.17229107022285461
external_psm,feature_12,feature_12::origin=0,0,-11,2000-03-31 14:00:00,0.16951191425323486
external_psm,feature_12,feature_12::origin=0,0,-10,2000-03-31 15:00:00,0.16842006146907806
external_psm,feature_12,feature_12::origin=0,0,-9,2000-03-31 16:00:00,0.1628820151090622
external_psm,feature_12,feature_12::origin=0,0,-8,2000-03-31 17:00:00,0.1584765762090683
external_psm,feature_12,feature_12::origin=0,0,-7,2000-03-31 18:00:00,0.15903280675411224
external_psm,feature_12,feature_12::origin=0,0,-6,2000-03-31 19:00:00,0.16421787440776825
external_psm,feature_12,feature_12::origin=0,0,-5,2000-03-31 20:00:00,0.16294430196285248
external_psm,feature_12,feature_12::origin=0,0,-4,2000-03-31 21:00:00,0.16207024455070496
external_psm,feature_12,feature_12::origin=0,0,-3,2000-03-31 22:00:00,0.15961389243602753
external_psm,feature_12,feature_12::origin=0,0,-2,2000-03-31 23:00:00,0.16569460928440094
external_psm,feature_12,feature_12::origin=0,0,-1,2000-04-01 00:00:00,0.16321584582328796
external_psm,feature_12,feature_12::origin=1,1,-72,2000-03-28 01:00:00,0.1606927067041397
external_psm,feature_12,feature_12::origin=1,1,-71,2000-03-28 02:00:00,0.15783146023750305
external_psm,feature_12,feature_12::origin=1,1,-70,2000-03-28 03:00:00,0.16519860923290253
external_psm,feature_12,feature_12::origin=1,1,-69,2000-03-28 04:00:00,0.16601157188415527
external_psm,feature_12,feature_12::origin=1,1,-68,2000-03-28 05:00:00,0.16151373088359833
external_psm,feature_12,feature_12::origin=1,1,-67,2000-03-28 06:00:00,0.16390478610992432
external_psm,feature_12,feature_12::origin=1,1,-66,2000-03-28 07:00:00,0.17671433091163635
external_psm,feature_12,feature_12::origin=1,1,-65,2000-03-28 08:00:00,0.16826483607292175
external_psm,feature_12,feature_12::origin=1,1,-64,2000-03-28 09:00:00,0.1689223349094391
external_psm,feature_12,feature_12::origin=1,1,-63,2000-03-28 10:00:00,0.16834215819835663
external_psm,feature_12,feature_12::origin=1,1,-62,2000-03-28 11:00:00,0.16879159212112427
external_psm,feature_12,feature_12::origin=1,1,-61,2000-03-28 12:00:00,0.16656962037086487
external_psm,feature_12,feature_12::origin=1,1,-60,2000-03-28 13:00:00,0.1651758849620819
external_psm,feature_12,feature_12::origin=1,1,-59,2000-03-28 14:00:00,0.1680430918931961
external_psm,feature_12,feature_12::origin=1,1,-58,2000-03-28 15:00:00,0.16093575954437256
external_psm,feature_12,feature_12::origin=1,1,-57,2000-03-28 16:00:00,0.1547907143831253
external_psm,feature_12,feature_12::origin=1,1,-56,2000-03-28 17:00:00,0.15193063020706177
external_psm,feature_12,feature_12::origin=1,1,-55,2000-03-28 18:00:00,0.14893066883087158
external_psm,feature_12,feature_12::origin=1,1,-54,2000-03-28 19:00:00,0.1582850217819214
external_psm,feature_12,feature_12::origin=1,1,-53,2000-03-28 20:00:00,0.15657174587249756
external_psm,feature_12,feature_12::origin=1,1,-52,2000-03-28 21:00:00,0.1546129584312439
external_psm,feature_12,feature_12::origin=1,1,-51,2000-03-28 22:00:00,0.161177858710289
external_psm,feature_12,feature_12::origin=1,1,-50,2000-03-28 23:00:00,0.1666923463344574
external_psm,feature_12,feature_12::origin=1,1,-49,2000-03-29 00:00:00,0.16319404542446136
external_psm,feature_12,feature_12::origin=1,1,-48,2000-03-29 01:00:00,0.16564936935901642
external_psm,feature_12,feature_12::origin=1,1,-47,2000-03-29 02:00:00,0.16711612045764923
external_psm,feature_12,feature_12::origin=1,1,-46,2000-03-29 03:00:00,0.1617375910282135
external_psm,feature_12,feature_12::origin=1,1,-45,2000-03-29 04:00:00,0.1716635525226593
external_psm,feature_12,feature_12::origin=1,1,-44,2000-03-29 05:00:00,0.17089104652404785
external_psm,feature_12,feature_12::origin=1,1,-43,2000-03-29 06:00:00,0.16824063658714294
external_psm,feature_12,feature_12::origin=1,1,-42,2000-03-29 07:00:00,0.1691054254770279
external_psm,feature_12,feature_12::origin=1,1,-41,2000-03-29 08:00:00,0.16632211208343506
external_psm,feature_12,feature_12::origin=1,1,-40,2000-03-29 09:00:00,0.17014381289482117
external_psm,feature_12,feature_12::origin=1,1,-39,2000-03-29 10:00:00,0.17325258255004883
external_psm,feature_12,feature_12::origin=1,1,-38,2000-03-29 11:00:00,0.17205633223056793
external_psm,feature_12,feature_12::origin=1,1,-37,2000-03-29 12:00:00,0.17209039628505707
external_psm,feature_12,feature_12::origin=1,1,-36,2000-03-29 13:00:00,0.1757148653268814
external_psm,feature_12,feature_12::origin=1,1,-35,2000-03-29 14:00:00,0.1765705645084381
external_psm,feature_12,feature_12::origin=1,1,-34,2000-03-29 15:00:00,0.16648605465888977
external_psm,feature_12,feature_12::origin=1,1,-33,2000-03-29 16:00:00,0.1603802740573883
external_psm,feature_12,feature_12::origin=1,1,-32,2000-03-29 17:00:00,0.15788576006889343
external_psm,feature_12,feature_12::origin=1,1,-31,2000-03-29 18:00:00,0.16432368755340576
external_psm,feature_12,feature_12::origin=1,1,-30,2000-03-29 19:00:00,0.16805118322372437
external_psm,feature_12,feature_12::origin=1,1,-29,2000-03-29 20:00:00,0.1687973290681839
external_psm,feature_12,feature_12::origin=1,1,-28,2000-03-29 21:00:00,0.15898331999778748
external_psm,feature_12,feature_12::origin=1,1,-27,2000-03-29 22:00:00,0.15778318047523499
external_psm,feature_12,feature_12::origin=1,1,-26,2000-03-29 23:00:00,0.15635526180267334
external_psm,feature_12,feature_12::origin=1,1,-25,2000-03-30 00:00:00,0.15824855864048004
external_psm,feature_12,feature_12::origin=1,1,-24,2000-03-30 01:00:00,0.1614259034395218
external_psm,feature_12,feature_12::origin=1,1,-23,2000-03-30 02:00:00,0.16125079989433289
external_psm,feature_12,feature_12::origin=1,1,-22,2000-03-30 03:00:00,0.16212543845176697
external_psm,feature_12,feature_12::origin=1,1,-21,2000-03-30 04:00:00,0.16595867276191711
external_psm,feature_12,feature_12::origin=1,1,-20,2000-03-30 05:00:00,0.16927342116832733
external_psm,feature_12,feature_12::origin=1,1,-19,2000-03-30 06:00:00,0.16629202663898468
external_psm,feature_12,feature_12::origin=1,1,-18,2000-03-30 07:00:00,0.1663195937871933
external_psm,feature_12,feature_12::origin=1,1,-17,2000-03-30 08:00:00,0.1646393984556198
external_psm,feature_12,feature_12::origin=1,1,-16,2000-03-30 09:00:00,0.16547982394695282
external_psm,feature_12,feature_12::origin=1,1,-15,2000-03-30 10:00:00,0.16636310517787933
external_psm,feature_12,feature_12::origin=1,1,-14,2000-03-30 11:00:00,0.16675105690956116
external_psm,feature_12,feature_12::origin=1,1,-13,2000-03-30 12:00:00,0.16864222288131714
external_psm,feature_12,feature_12::origin=1,1,-12,2000-03-30 13:00:00,0.17171542346477509
external_psm,feature_12,feature_12::origin=1,1,-11,2000-03-30 14:00:00,0.17103677988052368
external_psm,feature_12,feature_12::origin=1,1,-10,2000-03-30 15:00:00,0.16082365810871124
external_psm,feature_12,feature_12::origin=1,1,-9,2000-03-30 16:00:00,0.15680575370788574
external_psm,feature_12,feature_12::origin=1,1,-8,2000-03-30 17:00:00,0.15807609260082245
external_psm,feature_12,feature_12::origin=1,1,-7,2000-03-30 18:00:00,0.1536906212568283
external_psm,feature_12,feature_12::origin=1,1,-6,2000-03-30 19:00:00,0.15833598375320435
external_psm,feature_12,feature_12::origin=1,1,-5,2000-03-30 20:00:00,0.15879064798355103
external_psm,feature_12,feature_12::origin=1,1,-4,2000-03-30 21:00:00,0.1568564474582672
external_psm,feature_12,feature_12::origin=1,1,-3,2000-03-30 22:00:00,0.15852826833724976
external_psm,feature_12,feature_12::origin=1,1,-2,2000-03-30 23:00:00,0.1642090082168579
external_psm,feature_12,feature_12::origin=1,1,-1,2000-03-31 00:00:00,0.16042682528495789
external_psm,feature_12,feature_12::origin=2,2,-72,2000-03-27 01:00:00,0.1580677479505539
external_psm,feature_12,feature_12::origin=2,2,-71,2000-03-27 02:00:00,0.15876659750938416
external_psm,feature_12,feature_12::origin=2,2,-70,2000-03-27 03:00:00,0.16035400331020355
external_psm,feature_12,feature_12::origin=2,2,-69,2000-03-27 04:00:00,0.16448429226875305
external_psm,feature_12,feature_12::origin=2,2,-68,2000-03-27 05:00:00,0.1668836921453476
external_psm,feature_12,feature_12::origin=2,2,-67,2000-03-27 06:00:00,0.16731728613376617
external_psm,feature_12,feature_12::origin=2,2,-66,2000-03-27 07:00:00,0.16934897005558014
external_psm,feature_12,feature_12::origin=2,2,-65,2000-03-27 08:00:00,0.16700129210948944
external_psm,feature_12,feature_12::origin=2,2,-64,2000-03-27 09:00:00,0.17303118109703064
external_psm,feature_12,feature_12::origin=2,2,-63,2000-03-27 10:00:00,0.1712786853313446
external_psm,feature_12,feature_12::origin=2,2,-62,2000-03-27 11:00:00,0.16933733224868774
external_psm,feature_12,feature_12::origin=2,2,-61,2000-03-27 12:00:00,0.17195916175842285
external_psm,feature_12,feature_12::origin=2,2,-60,2000-03-27 13:00:00,0.1733543425798416
external_psm,feature_12,feature_12::origin=2,2,-59,2000-03-27 14:00:00,0.16907651722431183
external_psm,feature_12,feature_12::origin=2,2,-58,2000-03-27 15:00:00,0.16759729385375977
external_psm,feature_12,feature_12::origin=2,2,-57,2000-03-27 16:00:00,0.1544322520494461
external_psm,feature_12,feature_12::origin=2,2,-56,2000-03-27 17:00:00,0.15168996155261993
external_psm,feature_12,feature_12::origin=2,2,-55,2000-03-27 18:00:00,0.14740915596485138
external_psm,feature_12,feature_12::origin=2,2,-54,2000-03-27 19:00:00,0.15572969615459442
external_psm,feature_12,feature_12::origin=2,2,-53,2000-03-27 20:00:00,0.15337809920310974
external_psm,feature_12,feature_12::origin=2,2,-52,2000-03-27 21:00:00,0.15510858595371246
external_psm,feature_12,feature_12::origin=2,2,-51,2000-03-27 22:00:00,0.15845657885074615
external_psm,feature_12,feature_12::origin=2,2,-50,2000-03-27 23:00:00,0.15572543442249298
external_psm,feature_12,feature_12::origin=2,2,-49,2000-03-28 00:00:00,0.16103863716125488
external_psm,feature_12,feature_12::origin=2,2,-48,2000-03-28 01:00:00,0.1606927067041397
external_psm,feature_12,feature_12::origin=2,2,-47,2000-03-28 02:00:00,0.15783146023750305
external_psm,feature_12,feature_12::origin=2,2,-46,2000-03-28 03:00:00,0.16519860923290253
external_psm,feature_12,feature_12::origin=2,2,-45,2000-03-28 04:00:00,0.16601157188415527
external_psm,feature_12,feature_12::origin=2,2,-44,2000-03-28 05:00:00,0.16151373088359833
external_psm,feature_12,feature_12::origin=2,2,-43,2000-03-28 06:00:00,0.16390478610992432
external_psm,feature_12,feature_12::origin=2,2,-42,2000-03-28 07:00:00,0.17671433091163635
external_psm,feature_12,feature_12::origin=2,2,-41,2000-03-28 08:00:00,0.16826483607292175
external_psm,feature_12,feature_12::origin=2,2,-40,2000-03-28 09:00:00,0.1689223349094391
external_psm,feature_12,feature_12::origin=2,2,-39,2000-03-28 10:00:00,0.16834215819835663
external_psm,feature_12,feature_12::origin=2,2,-38,2000-03-28 11:00:00,0.16879159212112427
external_psm,feature_12,feature_12::origin=2,2,-37,2000-03-28 12:00:00,0.16656962037086487
external_psm,feature_12,feature_12::origin=2,2,-36,2000-03-28 13:00:00,0.1651758849620819
external_psm,feature_12,feature_12::origin=2,2,-35,2000-03-28 14:00:00,0.1680430918931961
external_psm,feature_12,feature_12::origin=2,2,-34,2000-03-28 15:00:00,0.16093575954437256
external_psm,feature_12,feature_12::origin=2,2,-33,2000-03-28 16:00:00,0.1547907143831253
external_psm,feature_12,feature_12::origin=2,2,-32,2000-03-28 17:00:00,0.15193063020706177
external_psm,feature_12,feature_12::origin=2,2,-31,2000-03-28 18:00:00,0.14893066883087158
external_psm,feature_12,feature_12::origin=2,2,-30,2000-03-28 19:00:00,0.1582850217819214
external_psm,feature_12,feature_12::origin=2,2,-29,2000-03-28 20:00:00,0.15657174587249756
external_psm,feature_12,feature_12::origin=2,2,-28,2000-03-28 21:00:00,0.1546129584312439
external_psm,feature_12,feature_12::origin=2,2,-27,2000-03-28 22:00:00,0.161177858710289
external_psm,feature_12,feature_12::origin=2,2,-26,2000-03-28 23:00:00,0.1666923463344574
external_psm,feature_12,feature_12::origin=2,2,-25,2000-03-29 00:00:00,0.16319404542446136
external_psm,feature_12,feature_12::origin=2,2,-24,2000-03-29 01:00:00,0.16564936935901642
external_psm,feature_12,feature_12::origin=2,2,-23,2000-03-29 02:00:00,0.16711612045764923
external_psm,feature_12,feature_12::origin=2,2,-22,2000-03-29 03:00:00,0.1617375910282135
external_psm,feature_12,feature_12::origin=2,2,-21,2000-03-29 04:00:00,0.1716635525226593
external_psm,feature_12,feature_12::origin=2,2,-20,2000-03-29 05:00:00,0.17089104652404785
external_psm,feature_12,feature_12::origin=2,2,-19,2000-03-29 06:00:00,0.16824063658714294
external_psm,feature_12,feature_12::origin=2,2,-18,2000-03-29 07:00:00,0.1691054254770279
external_psm,feature_12,feature_12::origin=2,2,-17,2000-03-29 08:00:00,0.16632211208343506
external_psm,feature_12,feature_12::origin=2,2,-16,2000-03-29 09:00:00,0.17014381289482117
external_psm,feature_12,feature_12::origin=2,2,-15,2000-03-29 10:00:00,0.17325258255004883
external_psm,feature_12,feature_12::origin=2,2,-14,2000-03-29 11:00:00,0.17205633223056793
external_psm,feature_12,feature_12::origin=2,2,-13,2000-03-29 12:00:00,0.17209039628505707
external_psm,feature_12,feature_12::origin=2,2,-12,2000-03-29 13:00:00,0.1757148653268814
external_psm,feature_12,feature_12::origin=2,2,-11,2000-03-29 14:00:00,0.1765705645084381
external_psm,feature_12,feature_12::origin=2,2,-10,2000-03-29 15:00:00,0.16648605465888977
external_psm,feature_12,feature_12::origin=2,2,-9,2000-03-29 16:00:00,0.1603802740573883
external_psm,feature_12,feature_12::origin=2,2,-8,2000-03-29 17:00:00,0.15788576006889343
external_psm,feature_12,feature_12::origin=2,2,-7,2000-03-29 18:00:00,0.16432368755340576
external_psm,feature_12,feature_12::origin=2,2,-6,2000-03-29 19:00:00,0.16805118322372437
external_psm,feature_12,feature_12::origin=2,2,-5,2000-03-29 20:00:00,0.1687973290681839
external_psm,feature_12,feature_12::origin=2,2,-4,2000-03-29 21:00:00,0.15898331999778748
external_psm,feature_12,feature_12::origin=2,2,-3,2000-03-29 22:00:00,0.15778318047523499
external_psm,feature_12,feature_12::origin=2,2,-2,2000-03-29 23:00:00,0.15635526180267334
external_psm,feature_12,feature_12::origin=2,2,-1,2000-03-30 00:00:00,0.15824855864048004
external_psm,feature_18,feature_18::origin=0,0,-72,2000-03-29 01:00:00,0.3698710501194
external_psm,feature_18,feature_18::origin=0,0,-71,2000-03-29 02:00:00,0.4036615192890167
external_psm,feature_18,feature_18::origin=0,0,-70,2000-03-29 03:00:00,0.42062056064605713
external_psm,feature_18,feature_18::origin=0,0,-69,2000-03-29 04:00:00,0.4111310839653015
external_psm,feature_18,feature_18::origin=0,0,-68,2000-03-29 05:00:00,0.41549181938171387
external_psm,feature_18,feature_18::origin=0,0,-67,2000-03-29 06:00:00,0.41388413310050964
external_psm,feature_18,feature_18::origin=0,0,-66,2000-03-29 07:00:00,0.42863351106643677
external_psm,feature_18,feature_18::origin=0,0,-65,2000-03-29 08:00:00,0.44983425736427307
external_psm,feature_18,feature_18::origin=0,0,-64,2000-03-29 09:00:00,0.45837268233299255
external_psm,feature_18,feature_18::origin=0,0,-63,2000-03-29 10:00:00,0.46253424882888794
external_psm,feature_18,feature_18::origin=0,0,-62,2000-03-29 11:00:00,0.45386767387390137
external_psm,feature_18,feature_18::origin=0,0,-61,2000-03-29 12:00:00,0.4663853347301483
external_psm,feature_18,feature_18::origin=0,0,-60,2000-03-29 13:00:00,0.45940443873405457
external_psm,feature_18,feature_18::origin=0,0,-59,2000-03-29 14:00:00,0.45242998003959656
external_psm,feature_18,feature_18::origin=0,0,-58,2000-03-29 15:00:00,0.4098992943763733
external_psm,feature_18,feature_18::origin=0,0,-57,2000-03-29 16:00:00,0.3915172219276428
external_psm,feature_18,feature_18::origin=0,0,-56,2000-03-29 17:00:00,0.38468119502067566
external_psm,feature_18,feature_18::origin=0,0,-55,2000-03-29 18:00:00,0.38824573159217834
external_psm,feature_18,feature_18::origin=0,0,-54,2000-03-29 19:00:00,0.3923632502555847
external_psm,feature_18,feature_18::origin=0,0,-53,2000-03-29 20:00:00,0.38972944021224976
external_psm,feature_18,feature_18::origin=0,0,-52,2000-03-29 21:00:00,0.3911701738834381
external_psm,feature_18,feature_18::origin=0,0,-51,2000-03-29 22:00:00,0.38362979888916016
external_psm,feature_18,feature_18::origin=0,0,-50,2000-03-29 23:00:00,0.3777927756309509
external_psm,feature_18,feature_18::origin=0,0,-49,2000-03-30 00:00:00,0.37469786405563354
external_psm,feature_18,feature_18::origin=0,0,-48,2000-03-30 01:00:00,0.3935816287994385
external_psm,feature_18,feature_18::origin=0,0,-47,2000-03-30 02:00:00,0.4052450358867645
external_psm,feature_18,feature_18::origin=0,0,-46,2000-03-30 03:00:00,0.4202013313770294
external_psm,feature_18,feature_18::origin=0,0,-45,2000-03-30 04:00:00,0.4235168397426605
external_psm,feature_18,feature_18::origin=0,0,-44,2000-03-30 05:00:00,0.43193885684013367
external_psm,feature_18,feature_18::origin=0,0,-43,2000-03-30 06:00:00,0.4347626566886902
external_psm,feature_18,feature_18::origin=0,0,-42,2000-03-30 07:00:00,0.4432952404022217
external_psm,feature_18,feature_18::origin=0,0,-41,2000-03-30 08:00:00,0.46830448508262634
external_psm,feature_18,feature_18::origin=0,0,-40,2000-03-30 09:00:00,0.4491497874259949
external_psm,feature_18,feature_18::origin=0,0,-39,2000-03-30 10:00:00,0.43724268674850464
external_psm,feature_18,feature_18::origin=0,0,-38,2000-03-30 11:00:00,0.4578035771846771
external_psm,feature_18,feature_18::origin=0,0,-37,2000-03-30 12:00:00,0.46794235706329346
external_psm,feature_18,feature_18::origin=0,0,-36,2000-03-30 13:00:00,0.4722384810447693
external_psm,feature_18,feature_18::origin=0,0,-35,2000-03-30 14:00:00,0.45641961693763733
external_psm,feature_18,feature_18::origin=0,0,-34,2000-03-30 15:00:00,0.4278310239315033
external_psm,feature_18,feature_18::origin=0,0,-33,2000-03-30 16:00:00,0.4012983441352844
external_psm,feature_18,feature_18::origin=0,0,-32,2000-03-30 17:00:00,0.39499029517173767
external_psm,feature_18,feature_18::origin=0,0,-31,2000-03-30 18:00:00,0.3988879323005676
external_psm,feature_18,feature_18::origin=0,0,-30,2000-03-30 19:00:00,0.40255823731422424
external_psm,feature_18,feature_18::origin=0,0,-29,2000-03-30 20:00:00,0.4082273542881012
external_psm,feature_18,feature_18::origin=0,0,-28,2000-03-30 21:00:00,0.40510302782058716
external_psm,feature_18,feature_18::origin=0,0,-27,2000-03-30 22:00:00,0.39486196637153625
external_psm,feature_18,feature_18::origin=0,0,-26,2000-03-30 23:00:00,0.3941696584224701
external_psm,feature_18,feature_18::origin=0,0,-25,2000-03-31 00:00:00,0.3881057798862457
external_psm,feature_18,feature_18::origin=0,0,-24,2000-03-31 01:00:00,0.39551007747650146
external_psm,feature_18,feature_18::origin=0,0,-23,2000-03-31 02:00:00,0.41303369402885437
external_psm,feature_18,feature_18::origin=0,0,-22,2000-03-31 03:00:00,0.4232233166694641
external_psm,feature_18,feature_18::origin=0,0,-21,2000-03-31 04:00:00,0.41745442152023315
external_psm,feature_18,feature_18::origin=0,0,-20,2000-03-31 05:00:00,0.4238274097442627
external_psm,feature_18,feature_18::origin=0,0,-19,2000-03-31 06:00:00,0.4276236295700073
external_psm,feature_18,feature_18::origin=0,0,-18,2000-03-31 07:00:00,0.43045124411582947
external_psm,feature_18,feature_18::origin=0,0,-17,2000-03-31 08:00:00,0.4206192195415497
external_psm,feature_18,feature_18::origin=0,0,-16,2000-03-31 09:00:00,0.41970887780189514
external_psm,feature_18,feature_18::origin=0,0,-15,2000-03-31 10:00:00,0.42939186096191406
external_psm,feature_18,feature_18::origin=0,0,-14,2000-03-31 11:00:00,0.44055888056755066
external_psm,feature_18,feature_18::origin=0,0,-13,2000-03-31 12:00:00,0.451395183801651
external_psm,feature_18,feature_18::origin=0,0,-12,2000-03-31 13:00:00,0.4500167667865753
external_psm,feature_18,feature_18::origin=0,0,-11,2000-03-31 14:00:00,0.4393441379070282
external_psm,feature_18,feature_18::origin=0,0,-10,2000-03-31 15:00:00,0.4145728051662445
external_psm,feature_18,feature_18::origin=0,0,-9,2000-03-31 16:00:00,0.3949778974056244
external_psm,feature_18,feature_18::origin=0,0,-8,2000-03-31 17:00:00,0.3961673080921173
external_psm,feature_18,feature_18::origin=0,0,-7,2000-03-31 18:00:00,0.3982883393764496
external_psm,feature_18,feature_18::origin=0,0,-6,2000-03-31 19:00:00,0.39684295654296875
external_psm,feature_18,feature_18::origin=0,0,-5,2000-03-31 20:00:00,0.39845165610313416
external_psm,feature_18,feature_18::origin=0,0,-4,2000-03-31 21:00:00,0.3922272324562073
external_psm,feature_18,feature_18::origin=0,0,-3,2000-03-31 22:00:00,0.38746505975723267
external_psm,feature_18,feature_18::origin=0,0,-2,2000-03-31 23:00:00,0.3916500508785248
external_psm,feature_18,feature_18::origin=0,0,-1,2000-04-01 00:00:00,0.4206840991973877
external_psm,feature_18,feature_18::origin=1,1,-72,2000-03-28 01:00:00,0.3852066099643707
external_psm,feature_18,feature_18::origin=1,1,-71,2000-03-28 02:00:00,0.4110264182090759
external_psm,feature_18,feature_18::origin=1,1,-70,2000-03-28 03:00:00,0.4249533712863922
external_psm,feature_18,feature_18::origin=1,1,-69,2000-03-28 04:00:00,0.4231759011745453
external_psm,feature_18,feature_18::origin=1,1,-68,2000-03-28 05:00:00,0.4268719553947449
external_psm,feature_18,feature_18::origin=1,1,-67,2000-03-28 06:00:00,0.4255821406841278
external_psm,feature_18,feature_18::origin=1,1,-66,2000-03-28 07:00:00,0.5135121941566467
external_psm,feature_18,feature_18::origin=1,1,-65,2000-03-28 08:00:00,0.45340394973754883
external_psm,feature_18,feature_18::origin=1,1,-64,2000-03-28 09:00:00,0.44921138882637024
external_psm,feature_18,feature_18::origin=1,1,-63,2000-03-28 10:00:00,0.4670691192150116
external_psm,feature_18,feature_18::origin=1,1,-62,2000-03-28 11:00:00,0.4810677766799927
external_psm,feature_18,feature_18::origin=1,1,-61,2000-03-28 12:00:00,0.48200106620788574
external_psm,feature_18,feature_18::origin=1,1,-60,2000-03-28 13:00:00,0.4777250289916992
external_psm,feature_18,feature_18::origin=1,1,-59,2000-03-28 14:00:00,0.4527534544467926
external_psm,feature_18,feature_18::origin=1,1,-58,2000-03-28 15:00:00,0.4184885025024414
external_psm,feature_18,feature_18::origin=1,1,-57,2000-03-28 16:00:00,0.40137726068496704
external_psm,feature_18,feature_18::origin=1,1,-56,2000-03-28 17:00:00,0.38922837376594543
external_psm,feature_18,feature_18::origin=1,1,-55,2000-03-28 18:00:00,0.3909195065498352
external_psm,feature_18,feature_18::origin=1,1,-54,2000-03-28 19:00:00,0.39261138439178467
external_psm,feature_18,feature_18::origin=1,1,-53,2000-03-28 20:00:00,0.4105515778064728
external_psm,feature_18,feature_18::origin=1,1,-52,2000-03-28 21:00:00,0.3875686228275299
external_psm,feature_18,feature_18::origin=1,1,-51,2000-03-28 22:00:00,0.3751072287559509
external_psm,feature_18,feature_18::origin=1,1,-50,2000-03-28 23:00:00,0.37095969915390015
external_psm,feature_18,feature_18::origin=1,1,-49,2000-03-29 00:00:00,0.3634616732597351
external_psm,feature_18,feature_18::origin=1,1,-48,2000-03-29 01:00:00,0.3698710501194
external_psm,feature_18,feature_18::origin=1,1,-47,2000-03-29 02:00:00,0.4036615192890167
external_psm,feature_18,feature_18::origin=1,1,-46,2000-03-29 03:00:00,0.42062056064605713
external_psm,feature_18,feature_18::origin=1,1,-45,2000-03-29 04:00:00,0.4111310839653015
external_psm,feature_18,feature_18::origin=1,1,-44,2000-03-29 05:00:00,0.41549181938171387
external_psm,feature_18,feature_18::origin=1,1,-43,2000-03-29 06:00:00,0.41388413310050964
external_psm,feature_18,feature_18::origin=1,1,-42,2000-03-29 07:00:00,0.42863351106643677
external_psm,feature_18,feature_18::origin=1,1,-41,2000-03-29 08:00:00,0.44983425736427307
external_psm,feature_18,feature_18::origin=1,1,-40,2000-03-29 09:00:00,0.45837268233299255
external_psm,feature_18,feature_18::origin=1,1,-39,2000-03-29 10:00:00,0.46253424882888794
external_psm,feature_18,feature_18::origin=1,1,-38,2000-03-29 11:00:00,0.45386767387390137
external_psm,feature_18,feature_18::origin=1,1,-37,2000-03-29 12:00:00,0.4663853347301483
external_psm,feature_18,feature_18::origin=1,1,-36,2000-03-29 13:00:00,0.45940443873405457
external_psm,feature_18,feature_18::origin=1,1,-35,2000-03-29 14:00:00,0.45242998003959656
external_psm,feature_18,feature_18::origin=1,1,-34,2000-03-29 15:00:00,0.4098992943763733
external_psm,feature_18,feature_18::origin=1,1,-33,2000-03-29 16:00:00,0.3915172219276428
external_psm,feature_18,feature_18::origin=1,1,-32,2000-03-29 17:00:00,0.38468119502067566
external_psm,feature_18,feature_18::origin=1,1,-31,2000-03-29 18:00:00,0.38824573159217834
external_psm,feature_18,feature_18::origin=1,1,-30,2000-03-29 19:00:00,0.3923632502555847
external_psm,feature_18,feature_18::origin=1,1,-29,2000-03-29 20:00:00,0.38972944021224976
external_psm,feature_18,feature_18::origin=1,1,-28,2000-03-29 21:00:00,0.3911701738834381
external_psm,feature_18,feature_18::origin=1,1,-27,2000-03-29 22:00:00,0.38362979888916016
external_psm,feature_18,feature_18::origin=1,1,-26,2000-03-29 23:00:00,0.3777927756309509
external_psm,feature_18,feature_18::origin=1,1,-25,2000-03-30 00:00:00,0.37469786405563354
external_psm,feature_18,feature_18::origin=1,1,-24,2000-03-30 01:00:00,0.3935816287994385
external_psm,feature_18,feature_18::origin=1,1,-23,2000-03-30 02:00:00,0.4052450358867645
external_psm,feature_18,feature_18::origin=1,1,-22,2000-03-30 03:00:00,0.4202013313770294
external_psm,feature_18,feature_18::origin=1,1,-21,2000-03-30 04:00:00,0.4235168397426605
external_psm,feature_18,feature_18::origin=1,1,-20,2000-03-30 05:00:00,0.43193885684013367
external_psm,feature_18,feature_18::origin=1,1,-19,2000-03-30 06:00:00,0.4347626566886902
external_psm,feature_18,feature_18::origin=1,1,-18,2000-03-30 07:00:00,0.4432952404022217
external_psm,feature_18,feature_18::origin=1,1,-17,2000-03-30 08:00:00,0.46830448508262634
external_psm,feature_18,feature_18::origin=1,1,-16,2000-03-30 09:00:00,0.4491497874259949
external_psm,feature_18,feature_18::origin=1,1,-15,2000-03-30 10:00:00,0.43724268674850464
external_psm,feature_18,feature_18::origin=1,1,-14,2000-03-30 11:00:00,0.4578035771846771
external_psm,feature_18,feature_18::origin=1,1,-13,2000-03-30 12:00:00,0.46794235706329346
external_psm,feature_18,feature_18::origin=1,1,-12,2000-03-30 13:00:00,0.4722384810447693
external_psm,feature_18,feature_18::origin=1,1,-11,2000-03-30 14:00:00,0.45641961693763733
external_psm,feature_18,feature_18::origin=1,1,-10,2000-03-30 15:00:00,0.4278310239315033
external_psm,feature_18,feature_18::origin=1,1,-9,2000-03-30 16:00:00,0.4012983441352844
external_psm,feature_18,feature_18::origin=1,1,-8,2000-03-30 17:00:00,0.39499029517173767
external_psm,feature_18,feature_18::origin=1,1,-7,2000-03-30 18:00:00,0.3988879323005676
external_psm,feature_18,feature_18::origin=1,1,-6,2000-03-30 19:00:00,0.40255823731422424
external_psm,feature_18,feature_18::origin=1,1,-5,2000-03-30 20:00:00,0.4082273542881012
external_psm,feature_18,feature_18::origin=1,1,-4,2000-03-30 21:00:00,0.40510302782058716
external_psm,feature_18,feature_18::origin=1,1,-3,2000-03-30 22:00:00,0.39486196637153625
external_psm,feature_18,feature_18::origin=1,1,-2,2000-03-30 23:00:00,0.3941696584224701
external_psm,feature_18,feature_18::origin=1,1,-1,2000-03-31 00:00:00,0.3881057798862457
external_psm,feature_18,feature_18::origin=2,2,-72,2000-03-27 01:00:00,0.36448249220848083
external_psm,feature_18,feature_18::origin=2,2,-71,2000-03-27 02:00:00,0.36534202098846436
external_psm,feature_18,feature_18::origin=2,2,-70,2000-03-27 03:00:00,0.3924994170665741
external_psm,feature_18,feature_18::origin=2,2,-69,2000-03-27 04:00:00,0.399513304233551
external_psm,feature_18,feature_18::origin=2,2,-68,2000-03-27 05:00:00,0.41045814752578735
external_psm,feature_18,feature_18::origin=2,2,-67,2000-03-27 06:00:00,0.4209519922733307
external_psm,feature_18,feature_18::origin=2,2,-66,2000-03-27 07:00:00,0.43438729643821716
external_psm,feature_18,feature_18::origin=2,2,-65,2000-03-27 08:00:00,0.47128352522850037
external_psm,feature_18,feature_18::origin=2,2,-64,2000-03-27 09:00:00,0.46921512484550476
external_psm,feature_18,feature_18::origin=2,2,-63,2000-03-27 10:00:00,0.4726372957229614
external_psm,feature_18,feature_18::origin=2,2,-62,2000-03-27 11:00:00,0.4631858468055725
external_psm,feature_18,feature_18::origin=2,2,-61,2000-03-27 12:00:00,0.4645831286907196
external_psm,feature_18,feature_18::origin=2,2,-60,2000-03-27 13:00:00,0.46114495396614075
external_psm,feature_18,feature_18::origin=2,2,-59,2000-03-27 14:00:00,0.4261774718761444
external_psm,feature_18,feature_18::origin=2,2,-58,2000-03-27 15:00:00,0.38698485493659973
external_psm,feature_18,feature_18::origin=2,2,-57,2000-03-27 16:00:00,0.3859514594078064
external_psm,feature_18,feature_18::origin=2,2,-56,2000-03-27 17:00:00,0.3817521035671234
external_psm,feature_18,feature_18::origin=2,2,-55,2000-03-27 18:00:00,0.38311609625816345
external_psm,feature_18,feature_18::origin=2,2,-54,2000-03-27 19:00:00,0.38939520716667175
external_psm,feature_18,feature_18::origin=2,2,-53,2000-03-27 20:00:00,0.3807542324066162
external_psm,feature_18,feature_18::origin=2,2,-52,2000-03-27 21:00:00,0.37067797780036926
external_psm,feature_18,feature_18::origin=2,2,-51,2000-03-27 22:00:00,0.3705054819583893
external_psm,feature_18,feature_18::origin=2,2,-50,2000-03-27 23:00:00,0.3693569600582123
external_psm,feature_18,feature_18::origin=2,2,-49,2000-03-28 00:00:00,0.3607490360736847
external_psm,feature_18,feature_18::origin=2,2,-48,2000-03-28 01:00:00,0.3852066099643707
external_psm,feature_18,feature_18::origin=2,2,-47,2000-03-28 02:00:00,0.4110264182090759
external_psm,feature_18,feature_18::origin=2,2,-46,2000-03-28 03:00:00,0.4249533712863922
external_psm,feature_18,feature_18::origin=2,2,-45,2000-03-28 04:00:00,0.4231759011745453
external_psm,feature_18,feature_18::origin=2,2,-44,2000-03-28 05:00:00,0.4268719553947449
external_psm,feature_18,feature_18::origin=2,2,-43,2000-03-28 06:00:00,0.4255821406841278
external_psm,feature_18,feature_18::origin=2,2,-42,2000-03-28 07:00:00,0.5135121941566467
external_psm,feature_18,feature_18::origin=2,2,-41,2000-03-28 08:00:00,0.45340394973754883
external_psm,feature_18,feature_18::origin=2,2,-40,2000-03-28 09:00:00,0.44921138882637024
external_psm,feature_18,feature_18::origin=2,2,-39,2000-03-28 10:00:00,0.4670691192150116
external_psm,feature_18,feature_18::origin=2,2,-38,2000-03-28 11:00:00,0.4810677766799927
external_psm,feature_18,feature_18::origin=2,2,-37,2000-03-28 12:00:00,0.48200106620788574
external_psm,feature_18,feature_18::origin=2,2,-36,2000-03-28 13:00:00,0.4777250289916992
external_psm,feature_18,feature_18::origin=2,2,-35,2000-03-28 14:00:00,0.4527534544467926
external_psm,feature_18,feature_18::origin=2,2,-34,2000-03-28 15:00:00,0.4184885025024414
external_psm,feature_18,feature_18::origin=2,2,-33,2000-03-28 16:00:00,0.40137726068496704
external_psm,feature_18,feature_18::origin=2,2,-32,2000-03-28 17:00:00,0.38922837376594543
external_psm,feature_18,feature_18::origin=2,2,-31,2000-03-28 18:00:00,0.3909195065498352
external_psm,feature_18,feature_18::origin=2,2,-30,2000-03-28 19:00:00,0.39261138439178467
external_psm,feature_18,feature_18::origin=2,2,-29,2000-03-28 20:00:00,0.4105515778064728
external_psm,feature_18,feature_18::origin=2,2,-28,2000-03-28 21:00:00,0.3875686228275299
external_psm,feature_18,feature_18::origin=2,2,-27,2000-03-28 22:00:00,0.3751072287559509
external_psm,feature_18,feature_18::origin=2,2,-26,2000-03-28 23:00:00,0.37095969915390015
external_psm,feature_18,feature_18::origin=2,2,-25,2000-03-29 00:00:00,0.3634616732597351
external_psm,feature_18,feature_18::origin=2,2,-24,2000-03-29 01:00:00,0.3698710501194
external_psm,feature_18,feature_18::origin=2,2,-23,2000-03-29 02:00:00,0.4036615192890167
external_psm,feature_18,feature_18::origin=2,2,-22,2000-03-29 03:00:00,0.42062056064605713
external_psm,feature_18,feature_18::origin=2,2,-21,2000-03-29 04:00:00,0.4111310839653015
external_psm,feature_18,feature_18::origin=2,2,-20,2000-03-29 05:00:00,0.41549181938171387
external_psm,feature_18,feature_18::origin=2,2,-19,2000-03-29 06:00:00,0.41388413310050964
external_psm,feature_18,feature_18::origin=2,2,-18,2000-03-29 07:00:00,0.42863351106643677
external_psm,feature_18,feature_18::origin=2,2,-17,2000-03-29 08:00:00,0.44983425736427307
external_psm,feature_18,feature_18::origin=2,2,-16,2000-03-29 09:00:00,0.45837268233299255
external_psm,feature_18,feature_18::origin=2,2,-15,2000-03-29 10:00:00,0.46253424882888794
external_psm,feature_18,feature_18::origin=2,2,-14,2000-03-29 11:00:00,0.45386767387390137
external_psm,feature_18,feature_18::origin=2,2,-13,2000-03-29 12:00:00,0.4663853347301483
external_psm,feature_18,feature_18::origin=2,2,-12,2000-03-29 13:00:00,0.45940443873405457
external_psm,feature_18,feature_18::origin=2,2,-11,2000-03-29 14:00:00,0.45242998003959656
external_psm,feature_18,feature_18::origin=2,2,-10,2000-03-29 15:00:00,0.4098992943763733
external_psm,feature_18,feature_18::origin=2,2,-9,2000-03-29 16:00:00,0.3915172219276428
external_psm,feature_18,feature_18::origin=2,2,-8,2000-03-29 17:00:00,0.38468119502067566
external_psm,feature_18,feature_18::origin=2,2,-7,2000-03-29 18:00:00,0.38824573159217834
external_psm,feature_18,feature_18::origin=2,2,-6,2000-03-29 19:00:00,0.3923632502555847
external_psm,feature_18,feature_18::origin=2,2,-5,2000-03-29 20:00:00,0.38972944021224976
external_psm,feature_18,feature_18::origin=2,2,-4,2000-03-29 21:00:00,0.3911701738834381
external_psm,feature_18,feature_18::origin=2,2,-3,2000-03-29 22:00:00,0.38362979888916016
external_psm,feature_18,feature_18::origin=2,2,-2,2000-03-29 23:00:00,0.3777927756309509
external_psm,feature_18,feature_18::origin=2,2,-1,2000-03-30 00:00:00,0.37469786405563354
external_psm,feature_24,feature_24::origin=0,0,-72,2000-03-29 01:00:00,0.14508448541164398
external_psm,feature_24,feature_24::origin=0,0,-71,2000-03-29 02:00:00,0.15706604719161987
external_psm,feature_24,feature_24::origin=0,0,-70,2000-03-29 03:00:00,0.15099845826625824
external_psm,feature_24,feature_24::origin=0,0,-69,2000-03-29 04:00:00,0.1730414777994156
external_psm,feature_24,feature_24::origin=0,0,-68,2000-03-29 05:00:00,0.18195085227489471
external_psm,feature_24,feature_24::origin=0,0,-67,2000-03-29 06:00:00,0.20760369300842285
external_psm,feature_24,feature_24::origin=0,0,-66,2000-03-29 07:00:00,0.2304147481918335
external_psm,feature_24,feature_24::origin=0,0,-65,2000-03-29 08:00:00,0.25299540162086487
external_psm,feature_24,feature_24::origin=0,0,-64,2000-03-29 09:00:00,0.2492319494485855
external_psm,feature_24,feature_24::origin=0,0,-63,2000-03-29 10:00:00,0.2576805055141449
external_psm,feature_24,feature_24::origin=0,0,-62,2000-03-29 11:00:00,0.27050691843032837
external_psm,feature_24,feature_24::origin=0,0,-61,2000-03-29 12:00:00,0.2535330355167389
external_psm,feature_24,feature_24::origin=0,0,-60,2000-03-29 13:00:00,0.26443931460380554
external_psm,feature_24,feature_24::origin=0,0,-59,2000-03-29 14:00:00,0.26082947850227356
external_psm,feature_24,feature_24::origin=0,0,-58,2000-03-29 15:00:00,0.295391708612442
external_psm,feature_24,feature_24::origin=0,0,-57,2000-03-29 16:00:00,0.2283410131931305
external_psm,feature_24,feature_24::origin=0,0,-56,2000-03-29 17:00:00,0.2641321122646332
external_psm,feature_24,feature_24::origin=0,0,-55,2000-03-29 18:00:00,0.28970813751220703
external_psm,feature_24,feature_24::origin=0,0,-54,2000-03-29 19:00:00,0.26920121908187866
external_psm,feature_24,feature_24::origin=0,0,-53,2000-03-29 20:00:00,0.2254224270582199
external_psm,feature_24,feature_24::origin=0,0,-52,2000-03-29 21:00:00,0.23794162273406982
external_psm,feature_24,feature_24::origin=0,0,-51,2000-03-29 22:00:00,0.2359447032213211
external_psm,feature_24,feature_24::origin=0,0,-50,2000-03-29 23:00:00,0.2519969344139099
external_psm,feature_24,feature_24::origin=0,0,-49,2000-03-30 00:00:00,0.24562211334705353
external_psm,feature_24,feature_24::origin=0,0,-48,2000-03-30 01:00:00,0.2052227407693863
external_psm,feature_24,feature_24::origin=0,0,-47,2000-03-30 02:00:00,0.2003072202205658
external_psm,feature_24,feature_24::origin=0,0,-46,2000-03-30 03:00:00,0.19500768184661865
external_psm,feature_24,feature_24::origin=0,0,-45,2000-03-30 04:00:00,0.20360982418060303
external_psm,feature_24,feature_24::origin=0,0,-44,2000-03-30 05:00:00,0.2276497632265091
external_psm,feature_24,feature_24::origin=0,0,-43,2000-03-30 06:00:00,0.22526881098747253
external_psm,feature_24,feature_24::origin=0,0,-42,2000-03-30 07:00:00,0.2584485411643982
external_psm,feature_24,feature_24::origin=0,0,-41,2000-03-30 08:00:00,0.2625192105770111
external_psm,feature_24,feature_24::origin=0,0,-40,2000-03-30 09:00:00,0.24393241107463837
external_psm,feature_24,feature_24::origin=0,0,-39,2000-03-30 10:00:00,0.22158217430114746
external_psm,feature_24,feature_24::origin=0,0,-38,2000-03-30 11:00:00,0.24907834827899933
external_psm,feature_24,feature_24::origin=0,0,-37,2000-03-30 12:00:00,0.25591397285461426
external_psm,feature_24,feature_24::origin=0,0,-36,2000-03-30 13:00:00,0.2625192105770111
external_psm,feature_24,feature_24::origin=0,0,-35,2000-03-30 14:00:00,0.254147469997406
external_psm,feature_24,feature_24::origin=0,0,-34,2000-03-30 15:00:00,0.2395545244216919
external_psm,feature_24,feature_24::origin=0,0,-33,2000-03-30 16:00:00,0.28056836128234863
external_psm,feature_24,feature_24::origin=0,0,-32,2000-03-30 17:00:00,0.2380184382200241
external_psm,feature_24,feature_24::origin=0,0,-31,2000-03-30 18:00:00,0.23471581935882568
external_psm,feature_24,feature_24::origin=0,0,-30,2000-03-30 19:00:00,0.23348695039749146
external_psm,feature_24,feature_24::origin=0,0,-29,2000-03-30 20:00:00,0.22365590929985046
external_psm,feature_24,feature_24::origin=0,0,-28,2000-03-30 21:00:00,0.21543778479099274
external_psm,feature_24,feature_24::origin=0,0,-27,2000-03-30 22:00:00,0.2408602088689804
external_psm,feature_24,feature_24::origin=0,0,-26,2000-03-30 23:00:00,0.31413209438323975
external_psm,feature_24,feature_24::origin=0,0,-25,2000-03-31 00:00:00,0.25960060954093933
external_psm,feature_24,feature_24::origin=0,0,-24,2000-03-31 01:00:00,0.26989248394966125
external_psm,feature_24,feature_24::origin=0,0,-23,2000-03-31 02:00:00,0.24562211334705353
external_psm,feature_24,feature_24::origin=0,0,-22,2000-03-31 03:00:00,0.2318740338087082
external_psm,feature_24,feature_24::origin=0,0,-21,2000-03-31 04:00:00,0.2400921732187271
external_psm,feature_24,feature_24::origin=0,0,-20,2000-03-31 05:00:00,0.2519969344139099
external_psm,feature_24,feature_24::origin=0,0,-19,2000-03-31 06:00:00,0.31267282366752625
external_psm,feature_24,feature_24::origin=0,0,-18,2000-03-31 07:00:00,0.3144393265247345
external_psm,feature_24,feature_24::origin=0,0,-17,2000-03-31 08:00:00,0.24892473220825195
external_psm,feature_24,feature_24::origin=0,0,-16,2000-03-31 09:00:00,0.23986175656318665
external_psm,feature_24,feature_24::origin=0,0,-15,2000-03-31 10:00:00,0.24761904776096344
external_psm,feature_24,feature_24::origin=0,0,-14,2000-03-31 11:00:00,0.2589861750602722
external_psm,feature_24,feature_24::origin=0,0,-13,2000-03-31 12:00:00,0.28056836128234863
external_psm,feature_24,feature_24::origin=0,0,-12,2000-03-31 13:00:00,0.27503839135169983
external_psm,feature_24,feature_24::origin=0,0,-11,2000-03-31 14:00:00,0.26850998401641846
external_psm,feature_24,feature_24::origin=0,0,-10,2000-03-31 15:00:00,0.3079877197742462
external_psm,feature_24,feature_24::origin=0,0,-9,2000-03-31 16:00:00,0.3040706515312195
external_psm,feature_24,feature_24::origin=0,0,-8,2000-03-31 17:00:00,0.22880184650421143
external_psm,feature_24,feature_24::origin=0,0,-7,2000-03-31 18:00:00,0.24193547666072845
external_psm,feature_24,feature_24::origin=0,0,-6,2000-03-31 19:00:00,0.24708141386508942
external_psm,feature_24,feature_24::origin=0,0,-5,2000-03-31 20:00:00,0.2528417706489563
external_psm,feature_24,feature_24::origin=0,0,-4,2000-03-31 21:00:00,0.262442409992218
external_psm,feature_24,feature_24::origin=0,0,-3,2000-03-31 22:00:00,0.24147465825080872
external_psm,feature_24,feature_24::origin=0,0,-2,2000-03-31 23:00:00,0.2997695803642273
external_psm,feature_24,feature_24::origin=0,0,-1,2000-04-01 00:00:00,0.256221204996109
external_psm,feature_24,feature_24::origin=1,1,-72,2000-03-28 01:00:00,0.17557603120803833
external_psm,feature_24,feature_24::origin=1,1,-71,2000-03-28 02:00:00,0.17949308454990387
external_psm,feature_24,feature_24::origin=1,1,-70,2000-03-28 03:00:00,0.16996927559375763
external_psm,feature_24,feature_24::origin=1,1,-69,2000-03-28 04:00:00,0.1786482334136963
external_psm,feature_24,feature_24::origin=1,1,-68,2000-03-28 05:00:00,0.20184332132339478
external_psm,feature_24,feature_24::origin=1,1,-67,2000-03-28 06:00:00,0.20222733914852142
external_psm,feature_24,feature_24::origin=1,1,-66,2000-03-28 07:00:00,0.2492319494485855
external_psm,feature_24,feature_24::origin=1,1,-65,2000-03-28 08:00:00,0.21367128193378448
external_psm,feature_24,feature_24::origin=1,1,-64,2000-03-28 09:00:00,0.24477726221084595
external_psm,feature_24,feature_24::origin=1,1,-63,2000-03-28 10:00:00,0.24385561048984528
external_psm,feature_24,feature_24::origin=1,1,-62,2000-03-28 11:00:00,0.23371735215187073
external_psm,feature_24,feature_24::origin=1,1,-61,2000-03-28 12:00:00,0.22926267981529236
external_psm,feature_24,feature_24::origin=1,1,-60,2000-03-28 13:00:00,0.2283410131931305
external_psm,feature_24,feature_24::origin=1,1,-59,2000-03-28 14:00:00,0.21728110313415527
external_psm,feature_24,feature_24::origin=1,1,-58,2000-03-28 15:00:00,0.18102918565273285
external_psm,feature_24,feature_24::origin=1,1,-57,2000-03-28 16:00:00,0.2036866396665573
external_psm,feature_24,feature_24::origin=1,1,-56,2000-03-28 17:00:00,0.15929339826107025
external_psm,feature_24,feature_24::origin=1,1,-55,2000-03-28 18:00:00,0.16221198439598083
external_psm,feature_24,feature_24::origin=1,1,-54,2000-03-28 19:00:00,0.18571428954601288
external_psm,feature_24,feature_24::origin=1,1,-53,2000-03-28 20:00:00,0.19070661067962646
external_psm,feature_24,feature_24::origin=1,1,-52,2000-03-28 21:00:00,0.1695084422826767
external_psm,feature_24,feature_24::origin=1,1,-51,2000-03-28 22:00:00,0.16712749004364014
external_psm,feature_24,feature_24::origin=1,1,-50,2000-03-28 23:00:00,0.1539938598871231
external_psm,feature_24,feature_24::origin=1,1,-49,2000-03-29 00:00:00,0.14439323544502258
external_psm,feature_24,feature_24::origin=1,1,-48,2000-03-29 01:00:00,0.14508448541164398
external_psm,feature_24,feature_24::origin=1,1,-47,2000-03-29 02:00:00,0.15706604719161987
external_psm,feature_24,feature_24::origin=1,1,-46,2000-03-29 03:00:00,0.15099845826625824
external_psm,feature_24,feature_24::origin=1,1,-45,2000-03-29 04:00:00,0.1730414777994156
external_psm,feature_24,feature_24::origin=1,1,-44,2000-03-29 05:00:00,0.18195085227489471
external_psm,feature_24,feature_24::origin=1,1,-43,2000-03-29 06:00:00,0.20760369300842285
external_psm,feature_24,feature_24::origin=1,1,-42,2000-03-29 07:00:00,0.2304147481918335
external_psm,feature_24,feature_24::origin=1,1,-41,2000-03-29 08:00:00,0.25299540162086487
external_psm,feature_24,feature_24::origin=1,1,-40,2000-03-29 09:00:00,0.2492319494485855
external_psm,feature_24,feature_24::origin=1,1,-39,2000-03-29 10:00:00,0.2576805055141449
external_psm,feature_24,feature_24::origin=1,1,-38,2000-03-29 11:00:00,0.27050691843032837
external_psm,feature_24,feature_24::origin=1,1,-37,2000-03-29 12:00:00,0.2535330355167389
external_psm,feature_24,feature_24::origin=1,1,-36,2000-03-29 13:00:00,0.26443931460380554
external_psm,feature_24,feature_24::origin=1,1,-35,2000-03-29 14:00:00,0.26082947850227356
external_psm,feature_24,feature_24::origin=1,1,-34,2000-03-29 15:00:00,0.295391708612442
external_psm,feature_24,feature_24::origin=1,1,-33,2000-03-29 16:00:00,0.2283410131931305
external_psm,feature_24,feature_24::origin=1,1,-32,2000-03-29 17:00:00,0.2641321122646332
external_psm,feature_24,feature_24::origin=1,1,-31,2000-03-29 18:00:00,0.28970813751220703
external_psm,feature_24,feature_24::origin=1,1,-30,2000-03-29 19:00:00,0.26920121908187866
external_psm,feature_24,feature_24::origin=1,1,-29,2000-03-29 20:00:00,0.2254224270582199
external_psm,feature_24,feature_24::origin=1,1,-28,2000-03-29 21:00:00,0.23794162273406982
external_psm,feature_24,feature_24::origin=1,1,-27,2000-03-29 22:00:00,0.2359447032213211
external_psm,feature_24,feature_24::origin=1,1,-26,2000-03-29 23:00:00,0.2519969344139099
external_psm,feature_24,feature_24::origin=1,1,-25,2000-03-30 00:00:00,0.24562211334705353
external_psm,feature_24,feature_24::origin=1,1,-24,2000-03-30 01:00:00,0.2052227407693863
external_psm,feature_24,feature_24::origin=1,1,-23,2000-03-30 02:00:00,0.2003072202205658
external_psm,feature_24,feature_24::origin=1,1,-22,2000-03-30 03:00:00,0.19500768184661865
external_psm,feature_24,feature_24::origin=1,1,-21,2000-03-30 04:00:00,0.20360982418060303
external_psm,feature_24,feature_24::origin=1,1,-20,2000-03-30 05:00:00,0.2276497632265091
external_psm,feature_24,feature_24::origin=1,1,-19,2000-03-30 06:00:00,0.22526881098747253
external_psm,feature_24,feature_24::origin=1,1,-18,2000-03-30 07:00:00,0.2584485411643982
external_psm,feature_24,feature_24::origin=1,1,-17,2000-03-30 08:00:00,0.2625192105770111
external_psm,feature_24,feature_24::origin=1,1,-16,2000-03-30 09:00:00,0.24393241107463837
external_psm,feature_24,feature_24::origin=1,1,-15,2000-03-30 10:00:00,0.22158217430114746
external_psm,feature_24,feature_24::origin=1,1,-14,2000-03-30 11:00:00,0.24907834827899933
external_psm,feature_24,feature_24::origin=1,1,-13,2000-03-30 12:00:00,0.25591397285461426
external_psm,feature_24,feature_24::origin=1,1,-12,2000-03-30 13:00:00,0.2625192105770111
external_psm,feature_24,feature_24::origin=1,1,-11,2000-03-30 14:00:00,0.254147469997406
external_psm,feature_24,feature_24::origin=1,1,-10,2000-03-30 15:00:00,0.2395545244216919
external_psm,feature_24,feature_24::origin=1,1,-9,2000-03-30 16:00:00,0.28056836128234863
external_psm,feature_24,feature_24::origin=1,1,-8,2000-03-30 17:00:00,0.2380184382200241
external_psm,feature_24,feature_24::origin=1,1,-7,2000-03-30 18:00:00,0.23471581935882568
external_psm,feature_24,feature_24::origin=1,1,-6,2000-03-30 19:00:00,0.23348695039749146
external_psm,feature_24,feature_24::origin=1,1,-5,2000-03-30 20:00:00,0.22365590929985046
external_psm,feature_24,feature_24::origin=1,1,-4,2000-03-30 21:00:00,0.21543778479099274
external_psm,feature_24,feature_24::origin=1,1,-3,2000-03-30 22:00:00,0.2408602088689804
external_psm,feature_24,feature_24::origin=1,1,-2,2000-03-30 23:00:00,0.31413209438323975
external_psm,feature_24,feature_24::origin=1,1,-1,2000-03-31 00:00:00,0.25960060954093933
external_psm,feature_24,feature_24::origin=2,2,-72,2000-03-27 01:00:00,0.1491551399230957
external_psm,feature_24,feature_24::origin=2,2,-71,2000-03-27 02:00:00,0.16582180559635162
external_psm,feature_24,feature_24::origin=2,2,-70,2000-03-27 03:00:00,0.16820275783538818
external_psm,feature_24,feature_24::origin=2,2,-69,2000-03-27 04:00:00,0.18317972123622894
external_psm,feature_24,feature_24::origin=2,2,-68,2000-03-27 05:00:00,0.1764976978302002
external_psm,feature_24,feature_24::origin=2,2,-67,2000-03-27 06:00:00,0.18110598623752594
external_psm,feature_24,feature_24::origin=2,2,-66,2000-03-27 07:00:00,0.24047619104385376
external_psm,feature_24,feature_24::origin=2,2,-65,2000-03-27 08:00:00,0.2211981564760208
external_psm,feature_24,feature_24::origin=2,2,-64,2000-03-27 09:00:00,0.24001535773277283
external_psm,feature_24,feature_24::origin=2,2,-63,2000-03-27 10:00:00,0.23993855714797974
external_psm,feature_24,feature_24::origin=2,2,-62,2000-03-27 11:00:00,0.23440860211849213
external_psm,feature_24,feature_24::origin=2,2,-61,2000-03-27 12:00:00,0.22173579037189484
external_psm,feature_24,feature_24::origin=2,2,-60,2000-03-27 13:00:00,0.22012288868427277
external_psm,feature_24,feature_24::origin=2,2,-59,2000-03-27 14:00:00,0.21689708530902863
external_psm,feature_24,feature_24::origin=2,2,-58,2000-03-27 15:00:00,0.2149001508951187
external_psm,feature_24,feature_24::origin=2,2,-57,2000-03-27 16:00:00,0.1505376398563385
external_psm,feature_24,feature_24::origin=2,2,-56,2000-03-27 17:00:00,0.14900153875350952
external_psm,feature_24,feature_24::origin=2,2,-55,2000-03-27 18:00:00,0.18748079240322113
external_psm,feature_24,feature_24::origin=2,2,-54,2000-03-27 19:00:00,0.1735791116952896
external_psm,feature_24,feature_24::origin=2,2,-53,2000-03-27 20:00:00,0.1526881754398346
external_psm,feature_24,feature_24::origin=2,2,-52,2000-03-27 21:00:00,0.14508448541164398
external_psm,feature_24,feature_24::origin=2,2,-51,2000-03-27 22:00:00,0.15391704440116882
external_psm,feature_24,feature_24::origin=2,2,-50,2000-03-27 23:00:00,0.18540707230567932
external_psm,feature_24,feature_24::origin=2,2,-49,2000-03-28 00:00:00,0.17427034676074982
external_psm,feature_24,feature_24::origin=2,2,-48,2000-03-28 01:00:00,0.17557603120803833
external_psm,feature_24,feature_24::origin=2,2,-47,2000-03-28 02:00:00,0.17949308454990387
external_psm,feature_24,feature_24::origin=2,2,-46,2000-03-28 03:00:00,0.16996927559375763
external_psm,feature_24,feature_24::origin=2,2,-45,2000-03-28 04:00:00,0.1786482334136963
external_psm,feature_24,feature_24::origin=2,2,-44,2000-03-28 05:00:00,0.20184332132339478
external_psm,feature_24,feature_24::origin=2,2,-43,2000-03-28 06:00:00,0.20222733914852142
external_psm,feature_24,feature_24::origin=2,2,-42,2000-03-28 07:00:00,0.2492319494485855
external_psm,feature_24,feature_24::origin=2,2,-41,2000-03-28 08:00:00,0.21367128193378448
external_psm,feature_24,feature_24::origin=2,2,-40,2000-03-28 09:00:00,0.24477726221084595
external_psm,feature_24,feature_24::origin=2,2,-39,2000-03-28 10:00:00,0.24385561048984528
external_psm,feature_24,feature_24::origin=2,2,-38,2000-03-28 11:00:00,0.23371735215187073
external_psm,feature_24,feature_24::origin=2,2,-37,2000-03-28 12:00:00,0.22926267981529236
external_psm,feature_24,feature_24::origin=2,2,-36,2000-03-28 13:00:00,0.2283410131931305
external_psm,feature_24,feature_24::origin=2,2,-35,2000-03-28 14:00:00,0.21728110313415527
external_psm,feature_24,feature_24::origin=2,2,-34,2000-03-28 15:00:00,0.18102918565273285
external_psm,feature_24,feature_24::origin=2,2,-33,2000-03-28 16:00:00,0.2036866396665573
external_psm,feature_24,feature_24::origin=2,2,-32,2000-03-28 17:00:00,0.15929339826107025
external_psm,feature_24,feature_24::origin=2,2,-31,2000-03-28 18:00:00,0.16221198439598083
external_psm,feature_24,feature_24::origin=2,2,-30,2000-03-28 19:00:00,0.18571428954601288
external_psm,feature_24,feature_24::origin=2,2,-29,2000-03-28 20:00:00,0.19070661067962646
external_psm,feature_24,feature_24::origin=2,2,-28,2000-03-28 21:00:00,0.1695084422826767
external_psm,feature_24,feature_24::origin=2,2,-27,2000-03-28 22:00:00,0.16712749004364014
external_psm,feature_24,feature_24::origin=2,2,-26,2000-03-28 23:00:00,0.1539938598871231
external_psm,feature_24,feature_24::origin=2,2,-25,2000-03-29 00:00:00,0.14439323544502258
external_psm,feature_24,feature_24::origin=2,2,-24,2000-03-29 01:00:00,0.14508448541164398
external_psm,feature_24,feature_24::origin=2,2,-23,2000-03-29 02:00:00,0.15706604719161987
external_psm,feature_24,feature_24::origin=2,2,-22,2000-03-29 03:00:00,0.15099845826625824
external_psm,feature_24,feature_24::origin=2,2,-21,2000-03-29 04:00:00,0.1730414777994156
external_psm,feature_24,feature_24::origin=2,2,-20,2000-03-29 05:00:00,0.18195085227489471
external_psm,feature_24,feature_24::origin=2,2,-19,2000-03-29 06:00:00,0.20760369300842285
external_psm,feature_24,feature_24::origin=2,2,-18,2000-03-29 07:00:00,0.2304147481918335
external_psm,feature_24,feature_24::origin=2,2,-17,2000-03-29 08:00:00,0.25299540162086487
external_psm,feature_24,feature_24::origin=2,2,-16,2000-03-29 09:00:00,0.2492319494485855
external_psm,feature_24,feature_24::origin=2,2,-15,2000-03-29 10:00:00,0.2576805055141449
external_psm,feature_24,feature_24::origin=2,2,-14,2000-03-29 11:00:00,0.27050691843032837
external_psm,feature_24,feature_24::origin=2,2,-13,2000-03-29 12:00:00,0.2535330355167389
external_psm,feature_24,feature_24::origin=2,2,-12,2000-03-29 13:00:00,0.26443931460380554
external_psm,feature_24,feature_24::origin=2,2,-11,2000-03-29 14:00:00,0.26082947850227356
external_psm,feature_24,feature_24::origin=2,2,-10,2000-03-29 15:00:00,0.295391708612442
external_psm,feature_24,feature_24::origin=2,2,-9,2000-03-29 16:00:00,0.2283410131931305
external_psm,feature_24,feature_24::origin=2,2,-8,2000-03-29 17:00:00,0.2641321122646332
external_psm,feature_24,feature_24::origin=2,2,-7,2000-03-29 18:00:00,0.28970813751220703
external_psm,feature_24,feature_24::origin=2,2,-6,2000-03-29 19:00:00,0.26920121908187866
external_psm,feature_24,feature_24::origin=2,2,-5,2000-03-29 20:00:00,0.2254224270582199
external_psm,feature_24,feature_24::origin=2,2,-4,2000-03-29 21:00:00,0.23794162273406982
external_psm,feature_24,feature_24::origin=2,2,-3,2000-03-29 22:00:00,0.2359447032213211
external_psm,feature_24,feature_24::origin=2,2,-2,2000-03-29 23:00:00,0.2519969344139099
external_psm,feature_24,feature_24::origin=2,2,-1,2000-03-30 00:00:00,0.24562211334705353
official_elexon_demand,GB_NATIONAL_DEMAND,GB_NATIONAL_DEMAND::origin=0,0,-90,2026-04-03 00:00:00,568554.0
official_elexon_demand,GB_NATIONAL_DEMAND,GB_NATIONAL_DEMAND::origin=0,0,-89,2026-04-04 00:00:00,558146.0
official_elexon_demand,GB_NATIONAL_DEMAND,GB_NATIONAL_DEMAND::origin=0,0,-88,2026-04-05 00:00:00,487220.0
official_elexon_demand,GB_NATIONAL_DEMAND,GB_NATIONAL_DEMAND::origin=0,0,-87,2026-04-06 00:00:00,528532.0
official_elexon_demand,GB_NATIONAL_DEMAND,GB_NATIONAL_DEMAND::origin=0,0,-86,2026-04-07 00:00:00,545071.0
official_elexon_demand,GB_NATIONAL_DEMAND,GB_NATIONAL_DEMAND::origin=0,0,-85,2026-04-08 00:00:00,573250.0
official_elexon_demand,GB_NATIONAL_DEMAND,GB_NATIONAL_DEMAND::origin=0,0,-84,2026-04-09 00:00:00,595100.0
official_elexon_demand,GB_NATIONAL_DEMAND,GB_NATIONAL_DEMAND::origin=0,0,-83,2026-04-10 00:00:00,585613.0
official_elexon_demand,GB_NATIONAL_DEMAND,GB_NATIONAL_DEMAND::origin=0,0,-82,2026-04-11 00:00:00,516209.0
official_elexon_demand,GB_NATIONAL_DEMAND,GB_NATIONAL_DEMAND::origin=0,0,-81,2026-04-12 00:00:00,509537.0
official_elexon_demand,GB_NATIONAL_DEMAND,GB_NATIONAL_DEMAND::origin=0,0,-80,2026-04-13 00:00:00,630554.0
official_elexon_demand,GB_NATIONAL_DEMAND,GB_NATIONAL_DEMAND::origin=0,0,-79,2026-04-14 00:00:00,637412.0
official_elexon_demand,GB_NATIONAL_DEMAND,GB_NATIONAL_DEMAND::origin=0,0,-78,2026-04-15 00:00:00,606764.0
official_elexon_demand,GB_NATIONAL_DEMAND,GB_NATIONAL_DEMAND::origin=0,0,-77,2026-04-16 00:00:00,586729.0
official_elexon_demand,GB_NATIONAL_DEMAND,GB_NATIONAL_DEMAND::origin=0,0,-76,2026-04-17 00:00:00,587280.0
official_elexon_demand,GB_NATIONAL_DEMAND,GB_NATIONAL_DEMAND::origin=0,0,-75,2026-04-18 00:00:00,508460.0
official_elexon_demand,GB_NATIONAL_DEMAND,GB_NATIONAL_DEMAND::origin=0,0,-74,2026-04-19 00:00:00,527078.0
official_elexon_demand,GB_NATIONAL_DEMAND,GB_NATIONAL_DEMAND::origin=0,0,-73,2026-04-20 00:00:00,609512.0
official_elexon_demand,GB_NATIONAL_DEMAND,GB_NATIONAL_DEMAND::origin=0,0,-72,2026-04-21 00:00:00,570221.0
official_elexon_demand,GB_NATIONAL_DEMAND,GB_NATIONAL_DEMAND::origin=0,0,-71,2026-04-22 00:00:00,548987.0
official_elexon_demand,GB_NATIONAL_DEMAND,GB_NATIONAL_DEMAND::origin=0,0,-70,2026-04-23 00:00:00,554931.0
official_elexon_demand,GB_NATIONAL_DEMAND,GB_NATIONAL_DEMAND::origin=0,0,-69,2026-04-24 00:00:00,548796.0
official_elexon_demand,GB_NATIONAL_DEMAND,GB_NATIONAL_DEMAND::origin=0,0,-68,2026-04-25 00:00:00,499377.0
official_elexon_demand,GB_NATIONAL_DEMAND,GB_NATIONAL_DEMAND::origin=0,0,-67,2026-04-26 00:00:00,510849.0
official_elexon_demand,GB_NATIONAL_DEMAND,GB_NATIONAL_DEMAND::origin=0,0,-66,2026-04-27 00:00:00,569182.0
official_elexon_demand,GB_NATIONAL_DEMAND,GB_NATIONAL_DEMAND::origin=0,0,-65,2026-04-28 00:00:00,596502.0
official_elexon_demand,GB_NATIONAL_DEMAND,GB_NATIONAL_DEMAND::origin=0,0,-64,2026-04-29 00:00:00,524220.0
official_elexon_demand,GB_NATIONAL_DEMAND,GB_NATIONAL_DEMAND::origin=0,0,-63,2026-04-30 00:00:00,517407.0
official_elexon_demand,GB_NATIONAL_DEMAND,GB_NATIONAL_DEMAND::origin=0,0,-62,2026-05-01 00:00:00,559455.0
official_elexon_demand,GB_NATIONAL_DEMAND,GB_NATIONAL_DEMAND::origin=0,0,-61,2026-05-02 00:00:00,517465.0
official_elexon_demand,GB_NATIONAL_DEMAND,GB_NATIONAL_DEMAND::origin=0,0,-60,2026-05-03 00:00:00,539653.0
official_elexon_demand,GB_NATIONAL_DEMAND,GB_NATIONAL_DEMAND::origin=0,0,-59,2026-05-04 00:00:00,560215.0
official_elexon_demand,GB_NATIONAL_DEMAND,GB_NATIONAL_DEMAND::origin=0,0,-58,2026-05-05 00:00:00,586986.0
official_elexon_demand,GB_NATIONAL_DEMAND,GB_NATIONAL_DEMAND::origin=0,0,-57,2026-05-06 00:00:00,610659.0
official_elexon_demand,GB_NATIONAL_DEMAND,GB_NATIONAL_DEMAND::origin=0,0,-56,2026-05-07 00:00:00,607742.0
official_elexon_demand,GB_NATIONAL_DEMAND,GB_NATIONAL_DEMAND::origin=0,0,-55,2026-05-08 00:00:00,581760.0
official_elexon_demand,GB_NATIONAL_DEMAND,GB_NATIONAL_DEMAND::origin=0,0,-54,2026-05-09 00:00:00,499497.0
official_elexon_demand,GB_NATIONAL_DEMAND,GB_NATIONAL_DEMAND::origin=0,0,-53,2026-05-10 00:00:00,491370.0
official_elexon_demand,GB_NATIONAL_DEMAND,GB_NATIONAL_DEMAND::origin=0,0,-52,2026-05-11 00:00:00,589346.0
official_elexon_demand,GB_NATIONAL_DEMAND,GB_NATIONAL_DEMAND::origin=0,0,-51,2026-05-12 00:00:00,565578.0
official_elexon_demand,GB_NATIONAL_DEMAND,GB_NATIONAL_DEMAND::origin=0,0,-50,2026-05-13 00:00:00,580186.0
official_elexon_demand,GB_NATIONAL_DEMAND,GB_NATIONAL_DEMAND::origin=0,0,-49,2026-05-14 00:00:00,589358.0
official_elexon_demand,GB_NATIONAL_DEMAND,GB_NATIONAL_DEMAND::origin=0,0,-48,2026-05-15 00:00:00,578822.0
official_elexon_demand,GB_NATIONAL_DEMAND,GB_NATIONAL_DEMAND::origin=0,0,-47,2026-05-16 00:00:00,555005.0
official_elexon_demand,GB_NATIONAL_DEMAND,GB_NATIONAL_DEMAND::origin=0,0,-46,2026-05-17 00:00:00,501439.0
official_elexon_demand,GB_NATIONAL_DEMAND,GB_NATIONAL_DEMAND::origin=0,0,-45,2026-05-18 00:00:00,597940.0
official_elexon_demand,GB_NATIONAL_DEMAND,GB_NATIONAL_DEMAND::origin=0,0,-44,2026-05-19 00:00:00,576326.0
official_elexon_demand,GB_NATIONAL_DEMAND,GB_NATIONAL_DEMAND::origin=0,0,-43,2026-05-20 00:00:00,568227.0
official_elexon_demand,GB_NATIONAL_DEMAND,GB_NATIONAL_DEMAND::origin=0,0,-42,2026-05-21 00:00:00,562726.0
official_elexon_demand,GB_NATIONAL_DEMAND,GB_NATIONAL_DEMAND::origin=0,0,-41,2026-05-22 00:00:00,517553.0
official_elexon_demand,GB_NATIONAL_DEMAND,GB_NATIONAL_DEMAND::origin=0,0,-40,2026-05-23 00:00:00,463377.0
official_elexon_demand,GB_NATIONAL_DEMAND,GB_NATIONAL_DEMAND::origin=0,0,-39,2026-05-24 00:00:00,445288.0
official_elexon_demand,GB_NATIONAL_DEMAND,GB_NATIONAL_DEMAND::origin=0,0,-38,2026-05-25 00:00:00,493201.0
official_elexon_demand,GB_NATIONAL_DEMAND,GB_NATIONAL_DEMAND::origin=0,0,-37,2026-05-26 00:00:00,574749.0
official_elexon_demand,GB_NATIONAL_DEMAND,GB_NATIONAL_DEMAND::origin=0,0,-36,2026-05-27 00:00:00,529091.0
official_elexon_demand,GB_NATIONAL_DEMAND,GB_NATIONAL_DEMAND::origin=0,0,-35,2026-05-28 00:00:00,537544.0
official_elexon_demand,GB_NATIONAL_DEMAND,GB_NATIONAL_DEMAND::origin=0,0,-34,2026-05-29 00:00:00,520643.0
official_elexon_demand,GB_NATIONAL_DEMAND,GB_NATIONAL_DEMAND::origin=0,0,-33,2026-05-30 00:00:00,470188.0
official_elexon_demand,GB_NATIONAL_DEMAND,GB_NATIONAL_DEMAND::origin=0,0,-32,2026-05-31 00:00:00,461332.0
official_elexon_demand,GB_NATIONAL_DEMAND,GB_NATIONAL_DEMAND::origin=0,0,-31,2026-06-01 00:00:00,578373.0
official_elexon_demand,GB_NATIONAL_DEMAND,GB_NATIONAL_DEMAND::origin=0,0,-30,2026-06-02 00:00:00,561698.0
official_elexon_demand,GB_NATIONAL_DEMAND,GB_NATIONAL_DEMAND::origin=0,0,-29,2026-06-03 00:00:00,552781.0
official_elexon_demand,GB_NATIONAL_DEMAND,GB_NATIONAL_DEMAND::origin=0,0,-28,2026-06-04 00:00:00,518511.0
official_elexon_demand,GB_NATIONAL_DEMAND,GB_NATIONAL_DEMAND::origin=0,0,-27,2026-06-05 00:00:00,519875.0
official_elexon_demand,GB_NATIONAL_DEMAND,GB_NATIONAL_DEMAND::origin=0,0,-26,2026-06-06 00:00:00,504851.0
official_elexon_demand,GB_NATIONAL_DEMAND,GB_NATIONAL_DEMAND::origin=0,0,-25,2026-06-07 00:00:00,461532.0
official_elexon_demand,GB_NATIONAL_DEMAND,GB_NATIONAL_DEMAND::origin=0,0,-24,2026-06-08 00:00:00,540377.0
official_elexon_demand,GB_NATIONAL_DEMAND,GB_NATIONAL_DEMAND::origin=0,0,-23,2026-06-09 00:00:00,514674.0
official_elexon_demand,GB_NATIONAL_DEMAND,GB_NATIONAL_DEMAND::origin=0,0,-22,2026-06-10 00:00:00,550094.0
official_elexon_demand,GB_NATIONAL_DEMAND,GB_NATIONAL_DEMAND::origin=0,0,-21,2026-06-11 00:00:00,613061.0
official_elexon_demand,GB_NATIONAL_DEMAND,GB_NATIONAL_DEMAND::origin=0,0,-20,2026-06-12 00:00:00,503117.0
official_elexon_demand,GB_NATIONAL_DEMAND,GB_NATIONAL_DEMAND::origin=0,0,-19,2026-06-13 00:00:00,429338.0
official_elexon_demand,GB_NATIONAL_DEMAND,GB_NATIONAL_DEMAND::origin=0,0,-18,2026-06-14 00:00:00,470346.0
official_elexon_demand,GB_NATIONAL_DEMAND,GB_NATIONAL_DEMAND::origin=0,0,-17,2026-06-15 00:00:00,546224.0
official_elexon_demand,GB_NATIONAL_DEMAND,GB_NATIONAL_DEMAND::origin=0,0,-16,2026-06-16 00:00:00,573500.0
official_elexon_demand,GB_NATIONAL_DEMAND,GB_NATIONAL_DEMAND::origin=0,0,-15,2026-06-17 00:00:00,575495.0
official_elexon_demand,GB_NATIONAL_DEMAND,GB_NATIONAL_DEMAND::origin=0,0,-14,2026-06-18 00:00:00,568497.0
official_elexon_demand,GB_NATIONAL_DEMAND,GB_NATIONAL_DEMAND::origin=0,0,-13,2026-06-19 00:00:00,532470.0
official_elexon_demand,GB_NATIONAL_DEMAND,GB_NATIONAL_DEMAND::origin=0,0,-12,2026-06-20 00:00:00,510071.0
official_elexon_demand,GB_NATIONAL_DEMAND,GB_NATIONAL_DEMAND::origin=0,0,-11,2026-06-21 00:00:00,486605.0
official_elexon_demand,GB_NATIONAL_DEMAND,GB_NATIONAL_DEMAND::origin=0,0,-10,2026-06-22 00:00:00,565711.0
official_elexon_demand,GB_NATIONAL_DEMAND,GB_NATIONAL_DEMAND::origin=0,0,-9,2026-06-23 00:00:00,589284.0
official_elexon_demand,GB_NATIONAL_DEMAND,GB_NATIONAL_DEMAND::origin=0,0,-8,2026-06-24 00:00:00,614862.0
official_elexon_demand,GB_NATIONAL_DEMAND,GB_NATIONAL_DEMAND::origin=0,0,-7,2026-06-25 00:00:00,605880.0
official_elexon_demand,GB_NATIONAL_DEMAND,GB_NATIONAL_DEMAND::origin=0,0,-6,2026-06-26 00:00:00,613530.0
official_elexon_demand,GB_NATIONAL_DEMAND,GB_NATIONAL_DEMAND::origin=0,0,-5,2026-06-27 00:00:00,509908.0
official_elexon_demand,GB_NATIONAL_DEMAND,GB_NATIONAL_DEMAND::origin=0,0,-4,2026-06-28 00:00:00,451384.0
official_elexon_demand,GB_NATIONAL_DEMAND,GB_NATIONAL_DEMAND::origin=0,0,-3,2026-06-29 00:00:00,533454.0
official_elexon_demand,GB_NATIONAL_DEMAND,GB_NATIONAL_DEMAND::origin=0,0,-2,2026-06-30 00:00:00,566907.0
official_elexon_demand,GB_NATIONAL_DEMAND,GB_NATIONAL_DEMAND::origin=0,0,-1,2026-07-01 00:00:00,553374.0
official_elexon_demand,GB_NATIONAL_DEMAND,GB_NATIONAL_DEMAND::origin=1,1,-90,2026-03-04 00:00:00,701559.0
official_elexon_demand,GB_NATIONAL_DEMAND,GB_NATIONAL_DEMAND::origin=1,1,-89,2026-03-05 00:00:00,683219.0
official_elexon_demand,GB_NATIONAL_DEMAND,GB_NATIONAL_DEMAND::origin=1,1,-88,2026-03-06 00:00:00,745118.0
official_elexon_demand,GB_NATIONAL_DEMAND,GB_NATIONAL_DEMAND::origin=1,1,-87,2026-03-07 00:00:00,694556.0
official_elexon_demand,GB_NATIONAL_DEMAND,GB_NATIONAL_DEMAND::origin=1,1,-86,2026-03-08 00:00:00,689831.0
official_elexon_demand,GB_NATIONAL_DEMAND,GB_NATIONAL_DEMAND::origin=1,1,-85,2026-03-09 00:00:00,742448.0
official_elexon_demand,GB_NATIONAL_DEMAND,GB_NATIONAL_DEMAND::origin=1,1,-84,2026-03-10 00:00:00,672464.0
official_elexon_demand,GB_NATIONAL_DEMAND,GB_NATIONAL_DEMAND::origin=1,1,-83,2026-03-11 00:00:00,626113.0
official_elexon_demand,GB_NATIONAL_DEMAND,GB_NATIONAL_DEMAND::origin=1,1,-82,2026-03-12 00:00:00,688327.0
official_elexon_demand,GB_NATIONAL_DEMAND,GB_NATIONAL_DEMAND::origin=1,1,-81,2026-03-13 00:00:00,678998.0
official_elexon_demand,GB_NATIONAL_DEMAND,GB_NATIONAL_DEMAND::origin=1,1,-80,2026-03-14 00:00:00,624239.0
official_elexon_demand,GB_NATIONAL_DEMAND,GB_NATIONAL_DEMAND::origin=1,1,-79,2026-03-15 00:00:00,598312.0
official_elexon_demand,GB_NATIONAL_DEMAND,GB_NATIONAL_DEMAND::origin=1,1,-78,2026-03-16 00:00:00,707632.0
official_elexon_demand,GB_NATIONAL_DEMAND,GB_NATIONAL_DEMAND::origin=1,1,-77,2026-03-17 00:00:00,627256.0
official_elexon_demand,GB_NATIONAL_DEMAND,GB_NATIONAL_DEMAND::origin=1,1,-76,2026-03-18 00:00:00,646719.0
official_elexon_demand,GB_NATIONAL_DEMAND,GB_NATIONAL_DEMAND::origin=1,1,-75,2026-03-19 00:00:00,639216.0
official_elexon_demand,GB_NATIONAL_DEMAND,GB_NATIONAL_DEMAND::origin=1,1,-74,2026-03-20 00:00:00,656905.0
official_elexon_demand,GB_NATIONAL_DEMAND,GB_NATIONAL_DEMAND::origin=1,1,-73,2026-03-21 00:00:00,582424.0
official_elexon_demand,GB_NATIONAL_DEMAND,GB_NATIONAL_DEMAND::origin=1,1,-72,2026-03-22 00:00:00,594455.0
official_elexon_demand,GB_NATIONAL_DEMAND,GB_NATIONAL_DEMAND::origin=1,1,-71,2026-03-23 00:00:00,668198.0
official_elexon_demand,GB_NATIONAL_DEMAND,GB_NATIONAL_DEMAND::origin=1,1,-70,2026-03-24 00:00:00,659202.0
official_elexon_demand,GB_NATIONAL_DEMAND,GB_NATIONAL_DEMAND::origin=1,1,-69,2026-03-25 00:00:00,656614.0
official_elexon_demand,GB_NATIONAL_DEMAND,GB_NATIONAL_DEMAND::origin=1,1,-68,2026-03-26 00:00:00,688299.0
official_elexon_demand,GB_NATIONAL_DEMAND,GB_NATIONAL_DEMAND::origin=1,1,-67,2026-03-27 00:00:00,689604.0
official_elexon_demand,GB_NATIONAL_DEMAND,GB_NATIONAL_DEMAND::origin=1,1,-66,2026-03-28 00:00:00,557697.0
official_elexon_demand,GB_NATIONAL_DEMAND,GB_NATIONAL_DEMAND::origin=1,1,-65,2026-03-29 00:00:00,595391.0
official_elexon_demand,GB_NATIONAL_DEMAND,GB_NATIONAL_DEMAND::origin=1,1,-64,2026-03-30 00:00:00,636377.0
official_elexon_demand,GB_NATIONAL_DEMAND,GB_NATIONAL_DEMAND::origin=1,1,-63,2026-03-31 00:00:00,659931.0
official_elexon_demand,GB_NATIONAL_DEMAND,GB_NATIONAL_DEMAND::origin=1,1,-62,2026-04-01 00:00:00,676741.0
official_elexon_demand,GB_NATIONAL_DEMAND,GB_NATIONAL_DEMAND::origin=1,1,-61,2026-04-02 00:00:00,624041.0
official_elexon_demand,GB_NATIONAL_DEMAND,GB_NATIONAL_DEMAND::origin=1,1,-60,2026-04-03 00:00:00,568554.0
official_elexon_demand,GB_NATIONAL_DEMAND,GB_NATIONAL_DEMAND::origin=1,1,-59,2026-04-04 00:00:00,558146.0
official_elexon_demand,GB_NATIONAL_DEMAND,GB_NATIONAL_DEMAND::origin=1,1,-58,2026-04-05 00:00:00,487220.0
official_elexon_demand,GB_NATIONAL_DEMAND,GB_NATIONAL_DEMAND::origin=1,1,-57,2026-04-06 00:00:00,528532.0
official_elexon_demand,GB_NATIONAL_DEMAND,GB_NATIONAL_DEMAND::origin=1,1,-56,2026-04-07 00:00:00,545071.0
official_elexon_demand,GB_NATIONAL_DEMAND,GB_NATIONAL_DEMAND::origin=1,1,-55,2026-04-08 00:00:00,573250.0
official_elexon_demand,GB_NATIONAL_DEMAND,GB_NATIONAL_DEMAND::origin=1,1,-54,2026-04-09 00:00:00,595100.0
official_elexon_demand,GB_NATIONAL_DEMAND,GB_NATIONAL_DEMAND::origin=1,1,-53,2026-04-10 00:00:00,585613.0
official_elexon_demand,GB_NATIONAL_DEMAND,GB_NATIONAL_DEMAND::origin=1,1,-52,2026-04-11 00:00:00,516209.0
official_elexon_demand,GB_NATIONAL_DEMAND,GB_NATIONAL_DEMAND::origin=1,1,-51,2026-04-12 00:00:00,509537.0
official_elexon_demand,GB_NATIONAL_DEMAND,GB_NATIONAL_DEMAND::origin=1,1,-50,2026-04-13 00:00:00,630554.0
official_elexon_demand,GB_NATIONAL_DEMAND,GB_NATIONAL_DEMAND::origin=1,1,-49,2026-04-14 00:00:00,637412.0
official_elexon_demand,GB_NATIONAL_DEMAND,GB_NATIONAL_DEMAND::origin=1,1,-48,2026-04-15 00:00:00,606764.0
official_elexon_demand,GB_NATIONAL_DEMAND,GB_NATIONAL_DEMAND::origin=1,1,-47,2026-04-16 00:00:00,586729.0
official_elexon_demand,GB_NATIONAL_DEMAND,GB_NATIONAL_DEMAND::origin=1,1,-46,2026-04-17 00:00:00,587280.0
official_elexon_demand,GB_NATIONAL_DEMAND,GB_NATIONAL_DEMAND::origin=1,1,-45,2026-04-18 00:00:00,508460.0
official_elexon_demand,GB_NATIONAL_DEMAND,GB_NATIONAL_DEMAND::origin=1,1,-44,2026-04-19 00:00:00,527078.0
official_elexon_demand,GB_NATIONAL_DEMAND,GB_NATIONAL_DEMAND::origin=1,1,-43,2026-04-20 00:00:00,609512.0
official_elexon_demand,GB_NATIONAL_DEMAND,GB_NATIONAL_DEMAND::origin=1,1,-42,2026-04-21 00:00:00,570221.0
official_elexon_demand,GB_NATIONAL_DEMAND,GB_NATIONAL_DEMAND::origin=1,1,-41,2026-04-22 00:00:00,548987.0
official_elexon_demand,GB_NATIONAL_DEMAND,GB_NATIONAL_DEMAND::origin=1,1,-40,2026-04-23 00:00:00,554931.0
official_elexon_demand,GB_NATIONAL_DEMAND,GB_NATIONAL_DEMAND::origin=1,1,-39,2026-04-24 00:00:00,548796.0
official_elexon_demand,GB_NATIONAL_DEMAND,GB_NATIONAL_DEMAND::origin=1,1,-38,2026-04-25 00:00:00,499377.0
official_elexon_demand,GB_NATIONAL_DEMAND,GB_NATIONAL_DEMAND::origin=1,1,-37,2026-04-26 00:00:00,510849.0
official_elexon_demand,GB_NATIONAL_DEMAND,GB_NATIONAL_DEMAND::origin=1,1,-36,2026-04-27 00:00:00,569182.0
official_elexon_demand,GB_NATIONAL_DEMAND,GB_NATIONAL_DEMAND::origin=1,1,-35,2026-04-28 00:00:00,596502.0
official_elexon_demand,GB_NATIONAL_DEMAND,GB_NATIONAL_DEMAND::origin=1,1,-34,2026-04-29 00:00:00,524220.0
official_elexon_demand,GB_NATIONAL_DEMAND,GB_NATIONAL_DEMAND::origin=1,1,-33,2026-04-30 00:00:00,517407.0
official_elexon_demand,GB_NATIONAL_DEMAND,GB_NATIONAL_DEMAND::origin=1,1,-32,2026-05-01 00:00:00,559455.0
official_elexon_demand,GB_NATIONAL_DEMAND,GB_NATIONAL_DEMAND::origin=1,1,-31,2026-05-02 00:00:00,517465.0
official_elexon_demand,GB_NATIONAL_DEMAND,GB_NATIONAL_DEMAND::origin=1,1,-30,2026-05-03 00:00:00,539653.0
official_elexon_demand,GB_NATIONAL_DEMAND,GB_NATIONAL_DEMAND::origin=1,1,-29,2026-05-04 00:00:00,560215.0
official_elexon_demand,GB_NATIONAL_DEMAND,GB_NATIONAL_DEMAND::origin=1,1,-28,2026-05-05 00:00:00,586986.0
official_elexon_demand,GB_NATIONAL_DEMAND,GB_NATIONAL_DEMAND::origin=1,1,-27,2026-05-06 00:00:00,610659.0
official_elexon_demand,GB_NATIONAL_DEMAND,GB_NATIONAL_DEMAND::origin=1,1,-26,2026-05-07 00:00:00,607742.0
official_elexon_demand,GB_NATIONAL_DEMAND,GB_NATIONAL_DEMAND::origin=1,1,-25,2026-05-08 00:00:00,581760.0
official_elexon_demand,GB_NATIONAL_DEMAND,GB_NATIONAL_DEMAND::origin=1,1,-24,2026-05-09 00:00:00,499497.0
official_elexon_demand,GB_NATIONAL_DEMAND,GB_NATIONAL_DEMAND::origin=1,1,-23,2026-05-10 00:00:00,491370.0
official_elexon_demand,GB_NATIONAL_DEMAND,GB_NATIONAL_DEMAND::origin=1,1,-22,2026-05-11 00:00:00,589346.0
official_elexon_demand,GB_NATIONAL_DEMAND,GB_NATIONAL_DEMAND::origin=1,1,-21,2026-05-12 00:00:00,565578.0
official_elexon_demand,GB_NATIONAL_DEMAND,GB_NATIONAL_DEMAND::origin=1,1,-20,2026-05-13 00:00:00,580186.0
official_elexon_demand,GB_NATIONAL_DEMAND,GB_NATIONAL_DEMAND::origin=1,1,-19,2026-05-14 00:00:00,589358.0
official_elexon_demand,GB_NATIONAL_DEMAND,GB_NATIONAL_DEMAND::origin=1,1,-18,2026-05-15 00:00:00,578822.0
official_elexon_demand,GB_NATIONAL_DEMAND,GB_NATIONAL_DEMAND::origin=1,1,-17,2026-05-16 00:00:00,555005.0
official_elexon_demand,GB_NATIONAL_DEMAND,GB_NATIONAL_DEMAND::origin=1,1,-16,2026-05-17 00:00:00,501439.0
official_elexon_demand,GB_NATIONAL_DEMAND,GB_NATIONAL_DEMAND::origin=1,1,-15,2026-05-18 00:00:00,597940.0
official_elexon_demand,GB_NATIONAL_DEMAND,GB_NATIONAL_DEMAND::origin=1,1,-14,2026-05-19 00:00:00,576326.0
official_elexon_demand,GB_NATIONAL_DEMAND,GB_NATIONAL_DEMAND::origin=1,1,-13,2026-05-20 00:00:00,568227.0
official_elexon_demand,GB_NATIONAL_DEMAND,GB_NATIONAL_DEMAND::origin=1,1,-12,2026-05-21 00:00:00,562726.0
official_elexon_demand,GB_NATIONAL_DEMAND,GB_NATIONAL_DEMAND::origin=1,1,-11,2026-05-22 00:00:00,517553.0
official_elexon_demand,GB_NATIONAL_DEMAND,GB_NATIONAL_DEMAND::origin=1,1,-10,2026-05-23 00:00:00,463377.0
official_elexon_demand,GB_NATIONAL_DEMAND,GB_NATIONAL_DEMAND::origin=1,1,-9,2026-05-24 00:00:00,445288.0
official_elexon_demand,GB_NATIONAL_DEMAND,GB_NATIONAL_DEMAND::origin=1,1,-8,2026-05-25 00:00:00,493201.0
official_elexon_demand,GB_NATIONAL_DEMAND,GB_NATIONAL_DEMAND::origin=1,1,-7,2026-05-26 00:00:00,574749.0
official_elexon_demand,GB_NATIONAL_DEMAND,GB_NATIONAL_DEMAND::origin=1,1,-6,2026-05-27 00:00:00,529091.0
official_elexon_demand,GB_NATIONAL_DEMAND,GB_NATIONAL_DEMAND::origin=1,1,-5,2026-05-28 00:00:00,537544.0
official_elexon_demand,GB_NATIONAL_DEMAND,GB_NATIONAL_DEMAND::origin=1,1,-4,2026-05-29 00:00:00,520643.0
official_elexon_demand,GB_NATIONAL_DEMAND,GB_NATIONAL_DEMAND::origin=1,1,-3,2026-05-30 00:00:00,470188.0
official_elexon_demand,GB_NATIONAL_DEMAND,GB_NATIONAL_DEMAND::origin=1,1,-2,2026-05-31 00:00:00,461332.0
official_elexon_demand,GB_NATIONAL_DEMAND,GB_NATIONAL_DEMAND::origin=1,1,-1,2026-06-01 00:00:00,578373.0
official_elexon_demand,GB_NATIONAL_DEMAND,GB_NATIONAL_DEMAND::origin=2,2,-90,2026-02-02 00:00:00,793946.0
official_elexon_demand,GB_NATIONAL_DEMAND,GB_NATIONAL_DEMAND::origin=2,2,-89,2026-02-03 00:00:00,829850.0
official_elexon_demand,GB_NATIONAL_DEMAND,GB_NATIONAL_DEMAND::origin=2,2,-88,2026-02-04 00:00:00,804550.0
official_elexon_demand,GB_NATIONAL_DEMAND,GB_NATIONAL_DEMAND::origin=2,2,-87,2026-02-05 00:00:00,782267.0
official_elexon_demand,GB_NATIONAL_DEMAND,GB_NATIONAL_DEMAND::origin=2,2,-86,2026-02-06 00:00:00,790992.0
official_elexon_demand,GB_NATIONAL_DEMAND,GB_NATIONAL_DEMAND::origin=2,2,-85,2026-02-07 00:00:00,727258.0
official_elexon_demand,GB_NATIONAL_DEMAND,GB_NATIONAL_DEMAND::origin=2,2,-84,2026-02-08 00:00:00,703525.0
official_elexon_demand,GB_NATIONAL_DEMAND,GB_NATIONAL_DEMAND::origin=2,2,-83,2026-02-09 00:00:00,774869.0
official_elexon_demand,GB_NATIONAL_DEMAND,GB_NATIONAL_DEMAND::origin=2,2,-82,2026-02-10 00:00:00,794352.0
official_elexon_demand,GB_NATIONAL_DEMAND,GB_NATIONAL_DEMAND::origin=2,2,-81,2026-02-11 00:00:00,770060.0
official_elexon_demand,GB_NATIONAL_DEMAND,GB_NATIONAL_DEMAND::origin=2,2,-80,2026-02-12 00:00:00,789448.0
official_elexon_demand,GB_NATIONAL_DEMAND,GB_NATIONAL_DEMAND::origin=2,2,-79,2026-02-13 00:00:00,801685.0
official_elexon_demand,GB_NATIONAL_DEMAND,GB_NATIONAL_DEMAND::origin=2,2,-78,2026-02-14 00:00:00,723004.0
official_elexon_demand,GB_NATIONAL_DEMAND,GB_NATIONAL_DEMAND::origin=2,2,-77,2026-02-15 00:00:00,728310.0
official_elexon_demand,GB_NATIONAL_DEMAND,GB_NATIONAL_DEMAND::origin=2,2,-76,2026-02-16 00:00:00,755907.0
official_elexon_demand,GB_NATIONAL_DEMAND,GB_NATIONAL_DEMAND::origin=2,2,-75,2026-02-17 00:00:00,795370.0
official_elexon_demand,GB_NATIONAL_DEMAND,GB_NATIONAL_DEMAND::origin=2,2,-74,2026-02-18 00:00:00,800561.0
official_elexon_demand,GB_NATIONAL_DEMAND,GB_NATIONAL_DEMAND::origin=2,2,-73,2026-02-19 00:00:00,839598.0
official_elexon_demand,GB_NATIONAL_DEMAND,GB_NATIONAL_DEMAND::origin=2,2,-72,2026-02-20 00:00:00,750520.0
official_elexon_demand,GB_NATIONAL_DEMAND,GB_NATIONAL_DEMAND::origin=2,2,-71,2026-02-21 00:00:00,659387.0
official_elexon_demand,GB_NATIONAL_DEMAND,GB_NATIONAL_DEMAND::origin=2,2,-70,2026-02-22 00:00:00,595139.0
official_elexon_demand,GB_NATIONAL_DEMAND,GB_NATIONAL_DEMAND::origin=2,2,-69,2026-02-23 00:00:00,701429.0
official_elexon_demand,GB_NATIONAL_DEMAND,GB_NATIONAL_DEMAND::origin=2,2,-68,2026-02-24 00:00:00,673466.0
official_elexon_demand,GB_NATIONAL_DEMAND,GB_NATIONAL_DEMAND::origin=2,2,-67,2026-02-25 00:00:00,676020.0
official_elexon_demand,GB_NATIONAL_DEMAND,GB_NATIONAL_DEMAND::origin=2,2,-66,2026-02-26 00:00:00,692385.0
official_elexon_demand,GB_NATIONAL_DEMAND,GB_NATIONAL_DEMAND::origin=2,2,-65,2026-02-27 00:00:00,724060.0
official_elexon_demand,GB_NATIONAL_DEMAND,GB_NATIONAL_DEMAND::origin=2,2,-64,2026-02-28 00:00:00,656849.0
official_elexon_demand,GB_NATIONAL_DEMAND,GB_NATIONAL_DEMAND::origin=2,2,-63,2026-03-01 00:00:00,621685.0
official_elexon_demand,GB_NATIONAL_DEMAND,GB_NATIONAL_DEMAND::origin=2,2,-62,2026-03-02 00:00:00,661087.0
official_elexon_demand,GB_NATIONAL_DEMAND,GB_NATIONAL_DEMAND::origin=2,2,-61,2026-03-03 00:00:00,713088.0
official_elexon_demand,GB_NATIONAL_DEMAND,GB_NATIONAL_DEMAND::origin=2,2,-60,2026-03-04 00:00:00,701559.0
official_elexon_demand,GB_NATIONAL_DEMAND,GB_NATIONAL_DEMAND::origin=2,2,-59,2026-03-05 00:00:00,683219.0
official_elexon_demand,GB_NATIONAL_DEMAND,GB_NATIONAL_DEMAND::origin=2,2,-58,2026-03-06 00:00:00,745118.0
official_elexon_demand,GB_NATIONAL_DEMAND,GB_NATIONAL_DEMAND::origin=2,2,-57,2026-03-07 00:00:00,694556.0
official_elexon_demand,GB_NATIONAL_DEMAND,GB_NATIONAL_DEMAND::origin=2,2,-56,2026-03-08 00:00:00,689831.0
official_elexon_demand,GB_NATIONAL_DEMAND,GB_NATIONAL_DEMAND::origin=2,2,-55,2026-03-09 00:00:00,742448.0
official_elexon_demand,GB_NATIONAL_DEMAND,GB_NATIONAL_DEMAND::origin=2,2,-54,2026-03-10 00:00:00,672464.0
official_elexon_demand,GB_NATIONAL_DEMAND,GB_NATIONAL_DEMAND::origin=2,2,-53,2026-03-11 00:00:00,626113.0
official_elexon_demand,GB_NATIONAL_DEMAND,GB_NATIONAL_DEMAND::origin=2,2,-52,2026-03-12 00:00:00,688327.0
official_elexon_demand,GB_NATIONAL_DEMAND,GB_NATIONAL_DEMAND::origin=2,2,-51,2026-03-13 00:00:00,678998.0
official_elexon_demand,GB_NATIONAL_DEMAND,GB_NATIONAL_DEMAND::origin=2,2,-50,2026-03-14 00:00:00,624239.0
official_elexon_demand,GB_NATIONAL_DEMAND,GB_NATIONAL_DEMAND::origin=2,2,-49,2026-03-15 00:00:00,598312.0
official_elexon_demand,GB_NATIONAL_DEMAND,GB_NATIONAL_DEMAND::origin=2,2,-48,2026-03-16 00:00:00,707632.0
official_elexon_demand,GB_NATIONAL_DEMAND,GB_NATIONAL_DEMAND::origin=2,2,-47,2026-03-17 00:00:00,627256.0
official_elexon_demand,GB_NATIONAL_DEMAND,GB_NATIONAL_DEMAND::origin=2,2,-46,2026-03-18 00:00:00,646719.0
official_elexon_demand,GB_NATIONAL_DEMAND,GB_NATIONAL_DEMAND::origin=2,2,-45,2026-03-19 00:00:00,639216.0
official_elexon_demand,GB_NATIONAL_DEMAND,GB_NATIONAL_DEMAND::origin=2,2,-44,2026-03-20 00:00:00,656905.0
official_elexon_demand,GB_NATIONAL_DEMAND,GB_NATIONAL_DEMAND::origin=2,2,-43,2026-03-21 00:00:00,582424.0
official_elexon_demand,GB_NATIONAL_DEMAND,GB_NATIONAL_DEMAND::origin=2,2,-42,2026-03-22 00:00:00,594455.0
official_elexon_demand,GB_NATIONAL_DEMAND,GB_NATIONAL_DEMAND::origin=2,2,-41,2026-03-23 00:00:00,668198.0
official_elexon_demand,GB_NATIONAL_DEMAND,GB_NATIONAL_DEMAND::origin=2,2,-40,2026-03-24 00:00:00,659202.0
official_elexon_demand,GB_NATIONAL_DEMAND,GB_NATIONAL_DEMAND::origin=2,2,-39,2026-03-25 00:00:00,656614.0
official_elexon_demand,GB_NATIONAL_DEMAND,GB_NATIONAL_DEMAND::origin=2,2,-38,2026-03-26 00:00:00,688299.0
official_elexon_demand,GB_NATIONAL_DEMAND,GB_NATIONAL_DEMAND::origin=2,2,-37,2026-03-27 00:00:00,689604.0
official_elexon_demand,GB_NATIONAL_DEMAND,GB_NATIONAL_DEMAND::origin=2,2,-36,2026-03-28 00:00:00,557697.0
official_elexon_demand,GB_NATIONAL_DEMAND,GB_NATIONAL_DEMAND::origin=2,2,-35,2026-03-29 00:00:00,595391.0
official_elexon_demand,GB_NATIONAL_DEMAND,GB_NATIONAL_DEMAND::origin=2,2,-34,2026-03-30 00:00:00,636377.0
official_elexon_demand,GB_NATIONAL_DEMAND,GB_NATIONAL_DEMAND::origin=2,2,-33,2026-03-31 00:00:00,659931.0
official_elexon_demand,GB_NATIONAL_DEMAND,GB_NATIONAL_DEMAND::origin=2,2,-32,2026-04-01 00:00:00,676741.0
official_elexon_demand,GB_NATIONAL_DEMAND,GB_NATIONAL_DEMAND::origin=2,2,-31,2026-04-02 00:00:00,624041.0
official_elexon_demand,GB_NATIONAL_DEMAND,GB_NATIONAL_DEMAND::origin=2,2,-30,2026-04-03 00:00:00,568554.0
official_elexon_demand,GB_NATIONAL_DEMAND,GB_NATIONAL_DEMAND::origin=2,2,-29,2026-04-04 00:00:00,558146.0
official_elexon_demand,GB_NATIONAL_DEMAND,GB_NATIONAL_DEMAND::origin=2,2,-28,2026-04-05 00:00:00,487220.0
official_elexon_demand,GB_NATIONAL_DEMAND,GB_NATIONAL_DEMAND::origin=2,2,-27,2026-04-06 00:00:00,528532.0
official_elexon_demand,GB_NATIONAL_DEMAND,GB_NATIONAL_DEMAND::origin=2,2,-26,2026-04-07 00:00:00,545071.0
official_elexon_demand,GB_NATIONAL_DEMAND,GB_NATIONAL_DEMAND::origin=2,2,-25,2026-04-08 00:00:00,573250.0
official_elexon_demand,GB_NATIONAL_DEMAND,GB_NATIONAL_DEMAND::origin=2,2,-24,2026-04-09 00:00:00,595100.0
official_elexon_demand,GB_NATIONAL_DEMAND,GB_NATIONAL_DEMAND::origin=2,2,-23,2026-04-10 00:00:00,585613.0
official_elexon_demand,GB_NATIONAL_DEMAND,GB_NATIONAL_DEMAND::origin=2,2,-22,2026-04-11 00:00:00,516209.0
official_elexon_demand,GB_NATIONAL_DEMAND,GB_NATIONAL_DEMAND::origin=2,2,-21,2026-04-12 00:00:00,509537.0
official_elexon_demand,GB_NATIONAL_DEMAND,GB_NATIONAL_DEMAND::origin=2,2,-20,2026-04-13 00:00:00,630554.0
official_elexon_demand,GB_NATIONAL_DEMAND,GB_NATIONAL_DEMAND::origin=2,2,-19,2026-04-14 00:00:00,637412.0
official_elexon_demand,GB_NATIONAL_DEMAND,GB_NATIONAL_DEMAND::origin=2,2,-18,2026-04-15 00:00:00,606764.0
official_elexon_demand,GB_NATIONAL_DEMAND,GB_NATIONAL_DEMAND::origin=2,2,-17,2026-04-16 00:00:00,586729.0
official_elexon_demand,GB_NATIONAL_DEMAND,GB_NATIONAL_DEMAND::origin=2,2,-16,2026-04-17 00:00:00,587280.0
official_elexon_demand,GB_NATIONAL_DEMAND,GB_NATIONAL_DEMAND::origin=2,2,-15,2026-04-18 00:00:00,508460.0
official_elexon_demand,GB_NATIONAL_DEMAND,GB_NATIONAL_DEMAND::origin=2,2,-14,2026-04-19 00:00:00,527078.0
official_elexon_demand,GB_NATIONAL_DEMAND,GB_NATIONAL_DEMAND::origin=2,2,-13,2026-04-20 00:00:00,609512.0
official_elexon_demand,GB_NATIONAL_DEMAND,GB_NATIONAL_DEMAND::origin=2,2,-12,2026-04-21 00:00:00,570221.0
official_elexon_demand,GB_NATIONAL_DEMAND,GB_NATIONAL_DEMAND::origin=2,2,-11,2026-04-22 00:00:00,548987.0
official_elexon_demand,GB_NATIONAL_DEMAND,GB_NATIONAL_DEMAND::origin=2,2,-10,2026-04-23 00:00:00,554931.0
official_elexon_demand,GB_NATIONAL_DEMAND,GB_NATIONAL_DEMAND::origin=2,2,-9,2026-04-24 00:00:00,548796.0
official_elexon_demand,GB_NATIONAL_DEMAND,GB_NATIONAL_DEMAND::origin=2,2,-8,2026-04-25 00:00:00,499377.0
official_elexon_demand,GB_NATIONAL_DEMAND,GB_NATIONAL_DEMAND::origin=2,2,-7,2026-04-26 00:00:00,510849.0
official_elexon_demand,GB_NATIONAL_DEMAND,GB_NATIONAL_DEMAND::origin=2,2,-6,2026-04-27 00:00:00,569182.0
official_elexon_demand,GB_NATIONAL_DEMAND,GB_NATIONAL_DEMAND::origin=2,2,-5,2026-04-28 00:00:00,596502.0
official_elexon_demand,GB_NATIONAL_DEMAND,GB_NATIONAL_DEMAND::origin=2,2,-4,2026-04-29 00:00:00,524220.0
official_elexon_demand,GB_NATIONAL_DEMAND,GB_NATIONAL_DEMAND::origin=2,2,-3,2026-04-30 00:00:00,517407.0
official_elexon_demand,GB_NATIONAL_DEMAND,GB_NATIONAL_DEMAND::origin=2,2,-2,2026-05-01 00:00:00,559455.0
official_elexon_demand,GB_NATIONAL_DEMAND,GB_NATIONAL_DEMAND::origin=2,2,-1,2026-05-02 00:00:00,517465.0
official_usgs_streamflow,01646500,01646500::origin=0,0,-512,2025-02-05 00:00:00,13600.0
official_usgs_streamflow,01646500,01646500::origin=0,0,-511,2025-02-06 00:00:00,12000.0
official_usgs_streamflow,01646500,01646500::origin=0,0,-510,2025-02-07 00:00:00,11400.0
official_usgs_streamflow,01646500,01646500::origin=0,0,-509,2025-02-08 00:00:00,25400.0
official_usgs_streamflow,01646500,01646500::origin=0,0,-508,2025-02-09 00:00:00,37500.0
official_usgs_streamflow,01646500,01646500::origin=0,0,-507,2025-02-10 00:00:00,25700.0
official_usgs_streamflow,01646500,01646500::origin=0,0,-506,2025-02-11 00:00:00,21200.0
official_usgs_streamflow,01646500,01646500::origin=0,0,-505,2025-02-12 00:00:00,18300.0
official_usgs_streamflow,01646500,01646500::origin=0,0,-504,2025-02-13 00:00:00,15800.0
official_usgs_streamflow,01646500,01646500::origin=0,0,-503,2025-02-14 00:00:00,14600.0
official_usgs_streamflow,01646500,01646500::origin=0,0,-502,2025-02-15 00:00:00,14600.0
official_usgs_streamflow,01646500,01646500::origin=0,0,-501,2025-02-16 00:00:00,18700.0
official_usgs_streamflow,01646500,01646500::origin=0,0,-500,2025-02-17 00:00:00,19600.0
official_usgs_streamflow,01646500,01646500::origin=0,0,-499,2025-02-18 00:00:00,24100.0
official_usgs_streamflow,01646500,01646500::origin=0,0,-498,2025-02-19 00:00:00,24400.0
official_usgs_streamflow,01646500,01646500::origin=0,0,-497,2025-02-20 00:00:00,19700.0
official_usgs_streamflow,01646500,01646500::origin=0,0,-496,2025-02-21 00:00:00,16000.0
official_usgs_streamflow,01646500,01646500::origin=0,0,-495,2025-02-22 00:00:00,13900.0
official_usgs_streamflow,01646500,01646500::origin=0,0,-494,2025-02-23 00:00:00,12400.0
official_usgs_streamflow,01646500,01646500::origin=0,0,-493,2025-02-24 00:00:00,11000.0
official_usgs_streamflow,01646500,01646500::origin=0,0,-492,2025-02-25 00:00:00,10000.0
official_usgs_streamflow,01646500,01646500::origin=0,0,-491,2025-02-26 00:00:00,9330.0
official_usgs_streamflow,01646500,01646500::origin=0,0,-490,2025-02-27 00:00:00,8780.0
official_usgs_streamflow,01646500,01646500::origin=0,0,-489,2025-02-28 00:00:00,8270.0
official_usgs_streamflow,01646500,01646500::origin=0,0,-488,2025-03-01 00:00:00,7580.0
official_usgs_streamflow,01646500,01646500::origin=0,0,-487,2025-03-02 00:00:00,7220.0
official_usgs_streamflow,01646500,01646500::origin=0,0,-486,2025-03-03 00:00:00,6940.0
official_usgs_streamflow,01646500,01646500::origin=0,0,-485,2025-03-04 00:00:00,6790.0
official_usgs_streamflow,01646500,01646500::origin=0,0,-484,2025-03-05 00:00:00,6660.0
official_usgs_streamflow,01646500,01646500::origin=0,0,-483,2025-03-06 00:00:00,7080.0
official_usgs_streamflow,01646500,01646500::origin=0,0,-482,2025-03-07 00:00:00,7160.0
official_usgs_streamflow,01646500,01646500::origin=0,0,-481,2025-03-08 00:00:00,7960.0
official_usgs_streamflow,01646500,01646500::origin=0,0,-480,2025-03-09 00:00:00,9720.0
official_usgs_streamflow,01646500,01646500::origin=0,0,-479,2025-03-10 00:00:00,9240.0
official_usgs_streamflow,01646500,01646500::origin=0,0,-478,2025-03-11 00:00:00,8440.0
official_usgs_streamflow,01646500,01646500::origin=0,0,-477,2025-03-12 00:00:00,7780.0
official_usgs_streamflow,01646500,01646500::origin=0,0,-476,2025-03-13 00:00:00,7200.0
official_usgs_streamflow,01646500,01646500::origin=0,0,-475,2025-03-14 00:00:00,6710.0
official_usgs_streamflow,01646500,01646500::origin=0,0,-474,2025-03-15 00:00:00,6320.0
official_usgs_streamflow,01646500,01646500::origin=0,0,-473,2025-03-16 00:00:00,5940.0
official_usgs_streamflow,01646500,01646500::origin=0,0,-472,2025-03-17 00:00:00,5970.0
official_usgs_streamflow,01646500,01646500::origin=0,0,-471,2025-03-18 00:00:00,6200.0
official_usgs_streamflow,01646500,01646500::origin=0,0,-470,2025-03-19 00:00:00,8770.0
official_usgs_streamflow,01646500,01646500::origin=0,0,-469,2025-03-20 00:00:00,10400.0
official_usgs_streamflow,01646500,01646500::origin=0,0,-468,2025-03-21 00:00:00,10200.0
official_usgs_streamflow,01646500,01646500::origin=0,0,-467,2025-03-22 00:00:00,9100.0
official_usgs_streamflow,01646500,01646500::origin=0,0,-466,2025-03-23 00:00:00,8180.0
official_usgs_streamflow,01646500,01646500::origin=0,0,-465,2025-03-24 00:00:00,7410.0
official_usgs_streamflow,01646500,01646500::origin=0,0,-464,2025-03-25 00:00:00,6800.0
official_usgs_streamflow,01646500,01646500::origin=0,0,-463,2025-03-26 00:00:00,6180.0
official_usgs_streamflow,01646500,01646500::origin=0,0,-462,2025-03-27 00:00:00,5740.0
official_usgs_streamflow,01646500,01646500::origin=0,0,-461,2025-03-28 00:00:00,5360.0
official_usgs_streamflow,01646500,01646500::origin=0,0,-460,2025-03-29 00:00:00,5090.0
official_usgs_streamflow,01646500,01646500::origin=0,0,-459,2025-03-30 00:00:00,4810.0
official_usgs_streamflow,01646500,01646500::origin=0,0,-458,2025-03-31 00:00:00,4660.0
official_usgs_streamflow,01646500,01646500::origin=0,0,-457,2025-04-01 00:00:00,5250.0
official_usgs_streamflow,01646500,01646500::origin=0,0,-456,2025-04-02 00:00:00,5560.0
official_usgs_streamflow,01646500,01646500::origin=0,0,-455,2025-04-03 00:00:00,5680.0
official_usgs_streamflow,01646500,01646500::origin=0,0,-454,2025-04-04 00:00:00,5290.0
official_usgs_streamflow,01646500,01646500::origin=0,0,-453,2025-04-05 00:00:00,5220.0
official_usgs_streamflow,01646500,01646500::origin=0,0,-452,2025-04-06 00:00:00,5610.0
official_usgs_streamflow,01646500,01646500::origin=0,0,-451,2025-04-07 00:00:00,6660.0
official_usgs_streamflow,01646500,01646500::origin=0,0,-450,2025-04-08 00:00:00,7510.0
official_usgs_streamflow,01646500,01646500::origin=0,0,-449,2025-04-09 00:00:00,10300.0
official_usgs_streamflow,01646500,01646500::origin=0,0,-448,2025-04-10 00:00:00,13100.0
official_usgs_streamflow,01646500,01646500::origin=0,0,-447,2025-04-11 00:00:00,12400.0
official_usgs_streamflow,01646500,01646500::origin=0,0,-446,2025-04-12 00:00:00,11700.0
official_usgs_streamflow,01646500,01646500::origin=0,0,-445,2025-04-13 00:00:00,11500.0
official_usgs_streamflow,01646500,01646500::origin=0,0,-444,2025-04-14 00:00:00,10400.0
official_usgs_streamflow,01646500,01646500::origin=0,0,-443,2025-04-15 00:00:00,9420.0
official_usgs_streamflow,01646500,01646500::origin=0,0,-442,2025-04-16 00:00:00,8450.0
official_usgs_streamflow,01646500,01646500::origin=0,0,-441,2025-04-17 00:00:00,7860.0
official_usgs_streamflow,01646500,01646500::origin=0,0,-440,2025-04-18 00:00:00,7450.0
official_usgs_streamflow,01646500,01646500::origin=0,0,-439,2025-04-19 00:00:00,7540.0
official_usgs_streamflow,01646500,01646500::origin=0,0,-438,2025-04-20 00:00:00,7140.0
official_usgs_streamflow,01646500,01646500::origin=0,0,-437,2025-04-21 00:00:00,6550.0
official_usgs_streamflow,01646500,01646500::origin=0,0,-436,2025-04-22 00:00:00,6120.0
official_usgs_streamflow,01646500,01646500::origin=0,0,-435,2025-04-23 00:00:00,5720.0
official_usgs_streamflow,01646500,01646500::origin=0,0,-434,2025-04-24 00:00:00,5280.0
official_usgs_streamflow,01646500,01646500::origin=0,0,-433,2025-04-25 00:00:00,5060.0
official_usgs_streamflow,01646500,01646500::origin=0,0,-432,2025-04-26 00:00:00,5230.0
official_usgs_streamflow,01646500,01646500::origin=0,0,-431,2025-04-27 00:00:00,4870.0
official_usgs_streamflow,01646500,01646500::origin=0,0,-430,2025-04-28 00:00:00,4690.0
official_usgs_streamflow,01646500,01646500::origin=0,0,-429,2025-04-29 00:00:00,4810.0
official_usgs_streamflow,01646500,01646500::origin=0,0,-428,2025-04-30 00:00:00,4770.0
official_usgs_streamflow,01646500,01646500::origin=0,0,-427,2025-05-01 00:00:00,4740.0
official_usgs_streamflow,01646500,01646500::origin=0,0,-426,2025-05-02 00:00:00,4300.0
official_usgs_streamflow,01646500,01646500::origin=0,0,-425,2025-05-03 00:00:00,4160.0
official_usgs_streamflow,01646500,01646500::origin=0,0,-424,2025-05-04 00:00:00,6570.0
official_usgs_streamflow,01646500,01646500::origin=0,0,-423,2025-05-05 00:00:00,9320.0
official_usgs_streamflow,01646500,01646500::origin=0,0,-422,2025-05-06 00:00:00,13700.0
official_usgs_streamflow,01646500,01646500::origin=0,0,-421,2025-05-07 00:00:00,15700.0
official_usgs_streamflow,01646500,01646500::origin=0,0,-420,2025-05-08 00:00:00,14900.0
official_usgs_streamflow,01646500,01646500::origin=0,0,-419,2025-05-09 00:00:00,13500.0
official_usgs_streamflow,01646500,01646500::origin=0,0,-418,2025-05-10 00:00:00,12100.0
official_usgs_streamflow,01646500,01646500::origin=0,0,-417,2025-05-11 00:00:00,12200.0
official_usgs_streamflow,01646500,01646500::origin=0,0,-416,2025-05-12 00:00:00,11200.0
official_usgs_streamflow,01646500,01646500::origin=0,0,-415,2025-05-13 00:00:00,12300.0
official_usgs_streamflow,01646500,01646500::origin=0,0,-414,2025-05-14 00:00:00,25900.0
official_usgs_streamflow,01646500,01646500::origin=0,0,-413,2025-05-15 00:00:00,136000.0
official_usgs_streamflow,01646500,01646500::origin=0,0,-412,2025-05-16 00:00:00,121000.0
official_usgs_streamflow,01646500,01646500::origin=0,0,-411,2025-05-17 00:00:00,63100.0
official_usgs_streamflow,01646500,01646500::origin=0,0,-410,2025-05-18 00:00:00,41700.0
official_usgs_streamflow,01646500,01646500::origin=0,0,-409,2025-05-19 00:00:00,30000.0
official_usgs_streamflow,01646500,01646500::origin=0,0,-408,2025-05-20 00:00:00,22700.0
official_usgs_streamflow,01646500,01646500::origin=0,0,-407,2025-05-21 00:00:00,17700.0
official_usgs_streamflow,01646500,01646500::origin=0,0,-406,2025-05-22 00:00:00,15600.0
official_usgs_streamflow,01646500,01646500::origin=0,0,-405,2025-05-23 00:00:00,15500.0
official_usgs_streamflow,01646500,01646500::origin=0,0,-404,2025-05-24 00:00:00,19800.0
official_usgs_streamflow,01646500,01646500::origin=0,0,-403,2025-05-25 00:00:00,16600.0
official_usgs_streamflow,01646500,01646500::origin=0,0,-402,2025-05-26 00:00:00,14400.0
official_usgs_streamflow,01646500,01646500::origin=0,0,-401,2025-05-27 00:00:00,12500.0
official_usgs_streamflow,01646500,01646500::origin=0,0,-400,2025-05-28 00:00:00,13500.0
official_usgs_streamflow,01646500,01646500::origin=0,0,-399,2025-05-29 00:00:00,22300.0
official_usgs_streamflow,01646500,01646500::origin=0,0,-398,2025-05-30 00:00:00,45700.0
official_usgs_streamflow,01646500,01646500::origin=0,0,-397,2025-05-31 00:00:00,43000.0
official_usgs_streamflow,01646500,01646500::origin=0,0,-396,2025-06-01 00:00:00,44700.0
official_usgs_streamflow,01646500,01646500::origin=0,0,-395,2025-06-02 00:00:00,40200.0
official_usgs_streamflow,01646500,01646500::origin=0,0,-394,2025-06-03 00:00:00,29100.0
official_usgs_streamflow,01646500,01646500::origin=0,0,-393,2025-06-04 00:00:00,22700.0
official_usgs_streamflow,01646500,01646500::origin=0,0,-392,2025-06-05 00:00:00,17300.0
official_usgs_streamflow,01646500,01646500::origin=0,0,-391,2025-06-06 00:00:00,14100.0
official_usgs_streamflow,01646500,01646500::origin=0,0,-390,2025-06-07 00:00:00,12600.0
official_usgs_streamflow,01646500,01646500::origin=0,0,-389,2025-06-08 00:00:00,12200.0
official_usgs_streamflow,01646500,01646500::origin=0,0,-388,2025-06-09 00:00:00,14300.0
official_usgs_streamflow,01646500,01646500::origin=0,0,-387,2025-06-10 00:00:00,22600.0
official_usgs_streamflow,01646500,01646500::origin=0,0,-386,2025-06-11 00:00:00,31000.0
official_usgs_streamflow,01646500,01646500::origin=0,0,-385,2025-06-12 00:00:00,27200.0
official_usgs_streamflow,01646500,01646500::origin=0,0,-384,2025-06-13 00:00:00,18700.0
official_usgs_streamflow,01646500,01646500::origin=0,0,-383,2025-06-14 00:00:00,15400.0
official_usgs_streamflow,01646500,01646500::origin=0,0,-382,2025-06-15 00:00:00,14600.0
official_usgs_streamflow,01646500,01646500::origin=0,0,-381,2025-06-16 00:00:00,18300.0
official_usgs_streamflow,01646500,01646500::origin=0,0,-380,2025-06-17 00:00:00,22600.0
official_usgs_streamflow,01646500,01646500::origin=0,0,-379,2025-06-18 00:00:00,30200.0
official_usgs_streamflow,01646500,01646500::origin=0,0,-378,2025-06-19 00:00:00,44400.0
official_usgs_streamflow,01646500,01646500::origin=0,0,-377,2025-06-20 00:00:00,40300.0
official_usgs_streamflow,01646500,01646500::origin=0,0,-376,2025-06-21 00:00:00,28800.0
official_usgs_streamflow,01646500,01646500::origin=0,0,-375,2025-06-22 00:00:00,21300.0
official_usgs_streamflow,01646500,01646500::origin=0,0,-374,2025-06-23 00:00:00,16500.0
official_usgs_streamflow,01646500,01646500::origin=0,0,-373,2025-06-24 00:00:00,13400.0
official_usgs_streamflow,01646500,01646500::origin=0,0,-372,2025-06-25 00:00:00,11000.0
official_usgs_streamflow,01646500,01646500::origin=0,0,-371,2025-06-26 00:00:00,9920.0
official_usgs_streamflow,01646500,01646500::origin=0,0,-370,2025-06-27 00:00:00,9010.0
official_usgs_streamflow,01646500,01646500::origin=0,0,-369,2025-06-28 00:00:00,8760.0
official_usgs_streamflow,01646500,01646500::origin=0,0,-368,2025-06-29 00:00:00,8830.0
official_usgs_streamflow,01646500,01646500::origin=0,0,-367,2025-06-30 00:00:00,8350.0
official_usgs_streamflow,01646500,01646500::origin=0,0,-366,2025-07-01 00:00:00,9360.0
official_usgs_streamflow,01646500,01646500::origin=0,0,-365,2025-07-02 00:00:00,11200.0
official_usgs_streamflow,01646500,01646500::origin=0,0,-364,2025-07-03 00:00:00,12400.0
official_usgs_streamflow,01646500,01646500::origin=0,0,-363,2025-07-04 00:00:00,15900.0
official_usgs_streamflow,01646500,01646500::origin=0,0,-362,2025-07-05 00:00:00,14800.0
official_usgs_streamflow,01646500,01646500::origin=0,0,-361,2025-07-06 00:00:00,10800.0
official_usgs_streamflow,01646500,01646500::origin=0,0,-360,2025-07-07 00:00:00,8420.0
official_usgs_streamflow,01646500,01646500::origin=0,0,-359,2025-07-08 00:00:00,7160.0
official_usgs_streamflow,01646500,01646500::origin=0,0,-358,2025-07-09 00:00:00,7070.0
official_usgs_streamflow,01646500,01646500::origin=0,0,-357,2025-07-10 00:00:00,7520.0
official_usgs_streamflow,01646500,01646500::origin=0,0,-356,2025-07-11 00:00:00,6460.0
official_usgs_streamflow,01646500,01646500::origin=0,0,-355,2025-07-12 00:00:00,7200.0
official_usgs_streamflow,01646500,01646500::origin=0,0,-354,2025-07-13 00:00:00,7110.0
official_usgs_streamflow,01646500,01646500::origin=0,0,-353,2025-07-14 00:00:00,7250.0
official_usgs_streamflow,01646500,01646500::origin=0,0,-352,2025-07-15 00:00:00,6520.0
official_usgs_streamflow,01646500,01646500::origin=0,0,-351,2025-07-16 00:00:00,8650.0
official_usgs_streamflow,01646500,01646500::origin=0,0,-350,2025-07-17 00:00:00,11300.0
official_usgs_streamflow,01646500,01646500::origin=0,0,-349,2025-07-18 00:00:00,14800.0
official_usgs_streamflow,01646500,01646500::origin=0,0,-348,2025-07-19 00:00:00,16300.0
official_usgs_streamflow,01646500,01646500::origin=0,0,-347,2025-07-20 00:00:00,14000.0
official_usgs_streamflow,01646500,01646500::origin=0,0,-346,2025-07-21 00:00:00,13700.0
official_usgs_streamflow,01646500,01646500::origin=0,0,-345,2025-07-22 00:00:00,15300.0
official_usgs_streamflow,01646500,01646500::origin=0,0,-344,2025-07-23 00:00:00,12500.0
official_usgs_streamflow,01646500,01646500::origin=0,0,-343,2025-07-24 00:00:00,9750.0
official_usgs_streamflow,01646500,01646500::origin=0,0,-342,2025-07-25 00:00:00,7850.0
official_usgs_streamflow,01646500,01646500::origin=0,0,-341,2025-07-26 00:00:00,6650.0
official_usgs_streamflow,01646500,01646500::origin=0,0,-340,2025-07-27 00:00:00,7300.0
official_usgs_streamflow,01646500,01646500::origin=0,0,-339,2025-07-28 00:00:00,6320.0
official_usgs_streamflow,01646500,01646500::origin=0,0,-338,2025-07-29 00:00:00,6030.0
official_usgs_streamflow,01646500,01646500::origin=0,0,-337,2025-07-30 00:00:00,5680.0
official_usgs_streamflow,01646500,01646500::origin=0,0,-336,2025-07-31 00:00:00,7050.0
official_usgs_streamflow,01646500,01646500::origin=0,0,-335,2025-08-01 00:00:00,6390.0
official_usgs_streamflow,01646500,01646500::origin=0,0,-334,2025-08-02 00:00:00,6870.0
official_usgs_streamflow,01646500,01646500::origin=0,0,-333,2025-08-03 00:00:00,7170.0
official_usgs_streamflow,01646500,01646500::origin=0,0,-332,2025-08-04 00:00:00,7420.0
official_usgs_streamflow,01646500,01646500::origin=0,0,-331,2025-08-05 00:00:00,6280.0
official_usgs_streamflow,01646500,01646500::origin=0,0,-330,2025-08-06 00:00:00,5310.0
official_usgs_streamflow,01646500,01646500::origin=0,0,-329,2025-08-07 00:00:00,4610.0
official_usgs_streamflow,01646500,01646500::origin=0,0,-328,2025-08-08 00:00:00,4090.0
official_usgs_streamflow,01646500,01646500::origin=0,0,-327,2025-08-09 00:00:00,3810.0
official_usgs_streamflow,01646500,01646500::origin=0,0,-326,2025-08-10 00:00:00,3460.0
official_usgs_streamflow,01646500,01646500::origin=0,0,-325,2025-08-11 00:00:00,3150.0
official_usgs_streamflow,01646500,01646500::origin=0,0,-324,2025-08-12 00:00:00,2940.0
official_usgs_streamflow,01646500,01646500::origin=0,0,-323,2025-08-13 00:00:00,3040.0
official_usgs_streamflow,01646500,01646500::origin=0,0,-322,2025-08-14 00:00:00,2900.0
official_usgs_streamflow,01646500,01646500::origin=0,0,-321,2025-08-15 00:00:00,2810.0
official_usgs_streamflow,01646500,01646500::origin=0,0,-320,2025-08-16 00:00:00,3430.0
official_usgs_streamflow,01646500,01646500::origin=0,0,-319,2025-08-17 00:00:00,3230.0
official_usgs_streamflow,01646500,01646500::origin=0,0,-318,2025-08-18 00:00:00,3690.0
official_usgs_streamflow,01646500,01646500::origin=0,0,-317,2025-08-19 00:00:00,3420.0
official_usgs_streamflow,01646500,01646500::origin=0,0,-316,2025-08-20 00:00:00,3050.0
official_usgs_streamflow,01646500,01646500::origin=0,0,-315,2025-08-21 00:00:00,2840.0
official_usgs_streamflow,01646500,01646500::origin=0,0,-314,2025-08-22 00:00:00,2750.0
official_usgs_streamflow,01646500,01646500::origin=0,0,-313,2025-08-23 00:00:00,2540.0
official_usgs_streamflow,01646500,01646500::origin=0,0,-312,2025-08-24 00:00:00,2460.0
official_usgs_streamflow,01646500,01646500::origin=0,0,-311,2025-08-25 00:00:00,2320.0
official_usgs_streamflow,01646500,01646500::origin=0,0,-310,2025-08-26 00:00:00,2290.0
official_usgs_streamflow,01646500,01646500::origin=0,0,-309,2025-08-27 00:00:00,2490.0
official_usgs_streamflow,01646500,01646500::origin=0,0,-308,2025-08-28 00:00:00,2290.0
official_usgs_streamflow,01646500,01646500::origin=0,0,-307,2025-08-29 00:00:00,2110.0
official_usgs_streamflow,01646500,01646500::origin=0,0,-306,2025-08-30 00:00:00,2110.0
official_usgs_streamflow,01646500,01646500::origin=0,0,-305,2025-08-31 00:00:00,1910.0
official_usgs_streamflow,01646500,01646500::origin=0,0,-304,2025-09-01 00:00:00,1780.0
official_usgs_streamflow,01646500,01646500::origin=0,0,-303,2025-09-02 00:00:00,1650.0
official_usgs_streamflow,01646500,01646500::origin=0,0,-302,2025-09-03 00:00:00,1610.0
official_usgs_streamflow,01646500,01646500::origin=0,0,-301,2025-09-04 00:00:00,1560.0
official_usgs_streamflow,01646500,01646500::origin=0,0,-300,2025-09-05 00:00:00,1620.0
official_usgs_streamflow,01646500,01646500::origin=0,0,-299,2025-09-06 00:00:00,1800.0
official_usgs_streamflow,01646500,01646500::origin=0,0,-298,2025-09-07 00:00:00,1620.0
official_usgs_streamflow,01646500,01646500::origin=0,0,-297,2025-09-08 00:00:00,1530.0
official_usgs_streamflow,01646500,01646500::origin=0,0,-296,2025-09-09 00:00:00,1510.0
official_usgs_streamflow,01646500,01646500::origin=0,0,-295,2025-09-10 00:00:00,1520.0
official_usgs_streamflow,01646500,01646500::origin=0,0,-294,2025-09-11 00:00:00,1490.0
official_usgs_streamflow,01646500,01646500::origin=0,0,-293,2025-09-12 00:00:00,1420.0
official_usgs_streamflow,01646500,01646500::origin=0,0,-292,2025-09-13 00:00:00,1360.0
official_usgs_streamflow,01646500,01646500::origin=0,0,-291,2025-09-14 00:00:00,1330.0
official_usgs_streamflow,01646500,01646500::origin=0,0,-290,2025-09-15 00:00:00,1230.0
official_usgs_streamflow,01646500,01646500::origin=0,0,-289,2025-09-16 00:00:00,1290.0
official_usgs_streamflow,01646500,01646500::origin=0,0,-288,2025-09-17 00:00:00,1620.0
official_usgs_streamflow,01646500,01646500::origin=0,0,-287,2025-09-18 00:00:00,2070.0
official_usgs_streamflow,01646500,01646500::origin=0,0,-286,2025-09-19 00:00:00,2760.0
official_usgs_streamflow,01646500,01646500::origin=0,0,-285,2025-09-20 00:00:00,2250.0
official_usgs_streamflow,01646500,01646500::origin=0,0,-284,2025-09-21 00:00:00,1990.0
official_usgs_streamflow,01646500,01646500::origin=0,0,-283,2025-09-22 00:00:00,1670.0
official_usgs_streamflow,01646500,01646500::origin=0,0,-282,2025-09-23 00:00:00,1490.0
official_usgs_streamflow,01646500,01646500::origin=0,0,-281,2025-09-24 00:00:00,1540.0
official_usgs_streamflow,01646500,01646500::origin=0,0,-280,2025-09-25 00:00:00,1720.0
official_usgs_streamflow,01646500,01646500::origin=0,0,-279,2025-09-26 00:00:00,1620.0
official_usgs_streamflow,01646500,01646500::origin=0,0,-278,2025-09-27 00:00:00,1760.0
official_usgs_streamflow,01646500,01646500::origin=0,0,-277,2025-09-28 00:00:00,1970.0
official_usgs_streamflow,01646500,01646500::origin=0,0,-276,2025-09-29 00:00:00,1860.0
official_usgs_streamflow,01646500,01646500::origin=0,0,-275,2025-09-30 00:00:00,1820.0
official_usgs_streamflow,01646500,01646500::origin=0,0,-274,2025-10-01 00:00:00,1800.0
official_usgs_streamflow,01646500,01646500::origin=0,0,-273,2025-10-02 00:00:00,1740.0
official_usgs_streamflow,01646500,01646500::origin=0,0,-272,2025-10-03 00:00:00,1710.0
official_usgs_streamflow,01646500,01646500::origin=0,0,-271,2025-10-04 00:00:00,1580.0
official_usgs_streamflow,01646500,01646500::origin=0,0,-270,2025-10-05 00:00:00,1510.0
official_usgs_streamflow,01646500,01646500::origin=0,0,-269,2025-10-06 00:00:00,1390.0
official_usgs_streamflow,01646500,01646500::origin=0,0,-268,2025-10-07 00:00:00,1350.0
official_usgs_streamflow,01646500,01646500::origin=0,0,-267,2025-10-08 00:00:00,1430.0
official_usgs_streamflow,01646500,01646500::origin=0,0,-266,2025-10-09 00:00:00,1400.0
official_usgs_streamflow,01646500,01646500::origin=0,0,-265,2025-10-10 00:00:00,1420.0
official_usgs_streamflow,01646500,01646500::origin=0,0,-264,2025-10-11 00:00:00,1730.0
official_usgs_streamflow,01646500,01646500::origin=0,0,-263,2025-10-12 00:00:00,1830.0
official_usgs_streamflow,01646500,01646500::origin=0,0,-262,2025-10-13 00:00:00,1660.0
official_usgs_streamflow,01646500,01646500::origin=0,0,-261,2025-10-14 00:00:00,1650.0
official_usgs_streamflow,01646500,01646500::origin=0,0,-260,2025-10-15 00:00:00,1630.0
official_usgs_streamflow,01646500,01646500::origin=0,0,-259,2025-10-16 00:00:00,1490.0
official_usgs_streamflow,01646500,01646500::origin=0,0,-258,2025-10-17 00:00:00,1460.0
official_usgs_streamflow,01646500,01646500::origin=0,0,-257,2025-10-18 00:00:00,1450.0
official_usgs_streamflow,01646500,01646500::origin=0,0,-256,2025-10-19 00:00:00,1450.0
official_usgs_streamflow,01646500,01646500::origin=0,0,-255,2025-10-20 00:00:00,1620.0
official_usgs_streamflow,01646500,01646500::origin=0,0,-254,2025-10-21 00:00:00,1520.0
official_usgs_streamflow,01646500,01646500::origin=0,0,-253,2025-10-22 00:00:00,1570.0
official_usgs_streamflow,01646500,01646500::origin=0,0,-252,2025-10-23 00:00:00,1510.0
official_usgs_streamflow,01646500,01646500::origin=0,0,-251,2025-10-24 00:00:00,1470.0
official_usgs_streamflow,01646500,01646500::origin=0,0,-250,2025-10-25 00:00:00,1430.0
official_usgs_streamflow,01646500,01646500::origin=0,0,-249,2025-10-26 00:00:00,1420.0
official_usgs_streamflow,01646500,01646500::origin=0,0,-248,2025-10-27 00:00:00,1390.0
official_usgs_streamflow,01646500,01646500::origin=0,0,-247,2025-10-28 00:00:00,1340.0
official_usgs_streamflow,01646500,01646500::origin=0,0,-246,2025-10-29 00:00:00,1370.0
official_usgs_streamflow,01646500,01646500::origin=0,0,-245,2025-10-30 00:00:00,2180.0
official_usgs_streamflow,01646500,01646500::origin=0,0,-244,2025-10-31 00:00:00,2530.0
official_usgs_streamflow,01646500,01646500::origin=0,0,-243,2025-11-01 00:00:00,2540.0
official_usgs_streamflow,01646500,01646500::origin=0,0,-242,2025-11-02 00:00:00,3040.0
official_usgs_streamflow,01646500,01646500::origin=0,0,-241,2025-11-03 00:00:00,2920.0
official_usgs_streamflow,01646500,01646500::origin=0,0,-240,2025-11-04 00:00:00,2910.0
official_usgs_streamflow,01646500,01646500::origin=0,0,-239,2025-11-05 00:00:00,2610.0
official_usgs_streamflow,01646500,01646500::origin=0,0,-238,2025-11-06 00:00:00,2200.0
official_usgs_streamflow,01646500,01646500::origin=0,0,-237,2025-11-07 00:00:00,1940.0
official_usgs_streamflow,01646500,01646500::origin=0,0,-236,2025-11-08 00:00:00,1930.0
official_usgs_streamflow,01646500,01646500::origin=0,0,-235,2025-11-09 00:00:00,1840.0
official_usgs_streamflow,01646500,01646500::origin=0,0,-234,2025-11-10 00:00:00,1710.0
official_usgs_streamflow,01646500,01646500::origin=0,0,-233,2025-11-11 00:00:00,1690.0
official_usgs_streamflow,01646500,01646500::origin=0,0,-232,2025-11-12 00:00:00,1570.0
official_usgs_streamflow,01646500,01646500::origin=0,0,-231,2025-11-13 00:00:00,1500.0
official_usgs_streamflow,01646500,01646500::origin=0,0,-230,2025-11-14 00:00:00,1540.0
official_usgs_streamflow,01646500,01646500::origin=0,0,-229,2025-11-15 00:00:00,1510.0
official_usgs_streamflow,01646500,01646500::origin=0,0,-228,2025-11-16 00:00:00,1460.0
official_usgs_streamflow,01646500,01646500::origin=0,0,-227,2025-11-17 00:00:00,1430.0
official_usgs_streamflow,01646500,01646500::origin=0,0,-226,2025-11-18 00:00:00,1440.0
official_usgs_streamflow,01646500,01646500::origin=0,0,-225,2025-11-19 00:00:00,1540.0
official_usgs_streamflow,01646500,01646500::origin=0,0,-224,2025-11-20 00:00:00,1590.0
official_usgs_streamflow,01646500,01646500::origin=0,0,-223,2025-11-21 00:00:00,1590.0
official_usgs_streamflow,01646500,01646500::origin=0,0,-222,2025-11-22 00:00:00,1700.0
official_usgs_streamflow,01646500,01646500::origin=0,0,-221,2025-11-23 00:00:00,1820.0
official_usgs_streamflow,01646500,01646500::origin=0,0,-220,2025-11-24 00:00:00,1830.0
official_usgs_streamflow,01646500,01646500::origin=0,0,-219,2025-11-25 00:00:00,1890.0
official_usgs_streamflow,01646500,01646500::origin=0,0,-218,2025-11-26 00:00:00,2100.0
official_usgs_streamflow,01646500,01646500::origin=0,0,-217,2025-11-27 00:00:00,2110.0
official_usgs_streamflow,01646500,01646500::origin=0,0,-216,2025-11-28 00:00:00,2220.0
official_usgs_streamflow,01646500,01646500::origin=0,0,-215,2025-11-29 00:00:00,2220.0
official_usgs_streamflow,01646500,01646500::origin=0,0,-214,2025-11-30 00:00:00,2270.0
official_usgs_streamflow,01646500,01646500::origin=0,0,-213,2025-12-01 00:00:00,2120.0
official_usgs_streamflow,01646500,01646500::origin=0,0,-212,2025-12-02 00:00:00,2340.0
official_usgs_streamflow,01646500,01646500::origin=0,0,-211,2025-12-03 00:00:00,2690.0
official_usgs_streamflow,01646500,01646500::origin=0,0,-210,2025-12-04 00:00:00,2670.0
official_usgs_streamflow,01646500,01646500::origin=0,0,-209,2025-12-05 00:00:00,2560.0
official_usgs_streamflow,01646500,01646500::origin=0,0,-208,2025-12-06 00:00:00,2450.0
official_usgs_streamflow,01646500,01646500::origin=0,0,-207,2025-12-07 00:00:00,2290.0
official_usgs_streamflow,01646500,01646500::origin=0,0,-206,2025-12-08 00:00:00,2110.0
official_usgs_streamflow,01646500,01646500::origin=0,0,-205,2025-12-09 00:00:00,2130.0
official_usgs_streamflow,01646500,01646500::origin=0,0,-204,2025-12-10 00:00:00,2060.0
official_usgs_streamflow,01646500,01646500::origin=0,0,-203,2025-12-11 00:00:00,1930.0
official_usgs_streamflow,01646500,01646500::origin=0,0,-202,2025-12-12 00:00:00,1860.0
official_usgs_streamflow,01646500,01646500::origin=0,0,-201,2025-12-13 00:00:00,1820.0
official_usgs_streamflow,01646500,01646500::origin=0,0,-200,2025-12-14 00:00:00,1690.0
official_usgs_streamflow,01646500,01646500::origin=0,0,-199,2025-12-15 00:00:00,1540.0
official_usgs_streamflow,01646500,01646500::origin=0,0,-198,2025-12-16 00:00:00,1420.0
official_usgs_streamflow,01646500,01646500::origin=0,0,-197,2025-12-17 00:00:00,1470.0
official_usgs_streamflow,01646500,01646500::origin=0,0,-196,2025-12-18 00:00:00,1410.0
official_usgs_streamflow,01646500,01646500::origin=0,0,-195,2025-12-19 00:00:00,1870.0
official_usgs_streamflow,01646500,01646500::origin=0,0,-194,2025-12-20 00:00:00,2220.0
official_usgs_streamflow,01646500,01646500::origin=0,0,-193,2025-12-21 00:00:00,2330.0
official_usgs_streamflow,01646500,01646500::origin=0,0,-192,2025-12-22 00:00:00,2520.0
official_usgs_streamflow,01646500,01646500::origin=0,0,-191,2025-12-23 00:00:00,2510.0
official_usgs_streamflow,01646500,01646500::origin=0,0,-190,2025-12-24 00:00:00,2590.0
official_usgs_streamflow,01646500,01646500::origin=0,0,-189,2025-12-25 00:00:00,3150.0
official_usgs_streamflow,01646500,01646500::origin=0,0,-188,2025-12-26 00:00:00,3100.0
official_usgs_streamflow,01646500,01646500::origin=0,0,-187,2025-12-27 00:00:00,2770.0
official_usgs_streamflow,01646500,01646500::origin=0,0,-186,2025-12-28 00:00:00,2510.0
official_usgs_streamflow,01646500,01646500::origin=0,0,-185,2025-12-29 00:00:00,2380.0
official_usgs_streamflow,01646500,01646500::origin=0,0,-184,2025-12-30 00:00:00,2310.0
official_usgs_streamflow,01646500,01646500::origin=0,0,-183,2025-12-31 00:00:00,2200.0
official_usgs_streamflow,01646500,01646500::origin=0,0,-182,2026-01-01 00:00:00,2260.0
official_usgs_streamflow,01646500,01646500::origin=0,0,-181,2026-01-02 00:00:00,2250.0
official_usgs_streamflow,01646500,01646500::origin=0,0,-180,2026-01-03 00:00:00,2100.0
official_usgs_streamflow,01646500,01646500::origin=0,0,-179,2026-01-04 00:00:00,1950.0
official_usgs_streamflow,01646500,01646500::origin=0,0,-178,2026-01-05 00:00:00,1840.0
official_usgs_streamflow,01646500,01646500::origin=0,0,-177,2026-01-06 00:00:00,1850.0
official_usgs_streamflow,01646500,01646500::origin=0,0,-176,2026-01-07 00:00:00,2010.0
official_usgs_streamflow,01646500,01646500::origin=0,0,-175,2026-01-08 00:00:00,1980.0
official_usgs_streamflow,01646500,01646500::origin=0,0,-174,2026-01-09 00:00:00,1840.0
official_usgs_streamflow,01646500,01646500::origin=0,0,-173,2026-01-10 00:00:00,2120.0
official_usgs_streamflow,01646500,01646500::origin=0,0,-172,2026-01-11 00:00:00,2970.0
official_usgs_streamflow,01646500,01646500::origin=0,0,-171,2026-01-12 00:00:00,2470.0
official_usgs_streamflow,01646500,01646500::origin=0,0,-170,2026-01-13 00:00:00,2660.0
official_usgs_streamflow,01646500,01646500::origin=0,0,-169,2026-01-14 00:00:00,2770.0
official_usgs_streamflow,01646500,01646500::origin=0,0,-168,2026-01-15 00:00:00,2980.0
official_usgs_streamflow,01646500,01646500::origin=0,0,-167,2026-01-16 00:00:00,3810.0
official_usgs_streamflow,01646500,01646500::origin=0,0,-166,2026-01-17 00:00:00,3650.0
official_usgs_streamflow,01646500,01646500::origin=0,0,-165,2026-01-18 00:00:00,3170.0
official_usgs_streamflow,01646500,01646500::origin=0,0,-164,2026-01-19 00:00:00,2990.0
official_usgs_streamflow,01646500,01646500::origin=0,0,-163,2026-01-20 00:00:00,2700.0
official_usgs_streamflow,01646500,01646500::origin=0,0,-162,2026-01-21 00:00:00,2170.0
official_usgs_streamflow,01646500,01646500::origin=0,0,-161,2026-01-22 00:00:00,2200.0
official_usgs_streamflow,01646500,01646500::origin=0,0,-160,2026-01-23 00:00:00,2110.0
official_usgs_streamflow,01646500,01646500::origin=0,0,-159,2026-01-24 00:00:00,1480.0
official_usgs_streamflow,01646500,01646500::origin=0,0,-158,2026-01-25 00:00:00,1360.0
official_usgs_streamflow,01646500,01646500::origin=0,0,-157,2026-01-26 00:00:00,1080.0
official_usgs_streamflow,01646500,01646500::origin=0,0,-156,2026-01-27 00:00:00,832.0
official_usgs_streamflow,01646500,01646500::origin=0,0,-155,2026-01-28 00:00:00,1100.0
official_usgs_streamflow,01646500,01646500::origin=0,0,-154,2026-01-29 00:00:00,1510.0
official_usgs_streamflow,01646500,01646500::origin=0,0,-153,2026-01-30 00:00:00,1630.0
official_usgs_streamflow,01646500,01646500::origin=0,0,-152,2026-01-31 00:00:00,1770.0
official_usgs_streamflow,01646500,01646500::origin=0,0,-151,2026-02-01 00:00:00,1840.0
official_usgs_streamflow,01646500,01646500::origin=0,0,-150,2026-02-02 00:00:00,1790.0
official_usgs_streamflow,01646500,01646500::origin=0,0,-149,2026-02-03 00:00:00,1710.0
official_usgs_streamflow,01646500,01646500::origin=0,0,-148,2026-02-04 00:00:00,1580.0
official_usgs_streamflow,01646500,01646500::origin=0,0,-147,2026-02-05 00:00:00,1520.0
official_usgs_streamflow,01646500,01646500::origin=0,0,-146,2026-02-06 00:00:00,1520.0
official_usgs_streamflow,01646500,01646500::origin=0,0,-145,2026-02-07 00:00:00,1510.0
official_usgs_streamflow,01646500,01646500::origin=0,0,-144,2026-02-08 00:00:00,1460.0
official_usgs_streamflow,01646500,01646500::origin=0,0,-143,2026-02-09 00:00:00,1300.0
official_usgs_streamflow,01646500,01646500::origin=0,0,-142,2026-02-10 00:00:00,1380.0
official_usgs_streamflow,01646500,01646500::origin=0,0,-141,2026-02-11 00:00:00,1430.0
official_usgs_streamflow,01646500,01646500::origin=0,0,-140,2026-02-12 00:00:00,1580.0
official_usgs_streamflow,01646500,01646500::origin=0,0,-139,2026-02-13 00:00:00,1670.0
official_usgs_streamflow,01646500,01646500::origin=0,0,-138,2026-02-14 00:00:00,1820.0
official_usgs_streamflow,01646500,01646500::origin=0,0,-137,2026-02-15 00:00:00,2260.0
official_usgs_streamflow,01646500,01646500::origin=0,0,-136,2026-02-16 00:00:00,4540.0
official_usgs_streamflow,01646500,01646500::origin=0,0,-135,2026-02-17 00:00:00,6320.0
official_usgs_streamflow,01646500,01646500::origin=0,0,-134,2026-02-18 00:00:00,7540.0
official_usgs_streamflow,01646500,01646500::origin=0,0,-133,2026-02-19 00:00:00,10100.0
official_usgs_streamflow,01646500,01646500::origin=0,0,-132,2026-02-20 00:00:00,15500.0
official_usgs_streamflow,01646500,01646500::origin=0,0,-131,2026-02-21 00:00:00,23200.0
official_usgs_streamflow,01646500,01646500::origin=0,0,-130,2026-02-22 00:00:00,31600.0
official_usgs_streamflow,01646500,01646500::origin=0,0,-129,2026-02-23 00:00:00,28400.0
official_usgs_streamflow,01646500,01646500::origin=0,0,-128,2026-02-24 00:00:00,22800.0
official_usgs_streamflow,01646500,01646500::origin=0,0,-127,2026-02-25 00:00:00,17900.0
official_usgs_streamflow,01646500,01646500::origin=0,0,-126,2026-02-26 00:00:00,14400.0
official_usgs_streamflow,01646500,01646500::origin=0,0,-125,2026-02-27 00:00:00,12200.0
official_usgs_streamflow,01646500,01646500::origin=0,0,-124,2026-02-28 00:00:00,10600.0
official_usgs_streamflow,01646500,01646500::origin=0,0,-123,2026-03-01 00:00:00,9290.0
official_usgs_streamflow,01646500,01646500::origin=0,0,-122,2026-03-02 00:00:00,8310.0
official_usgs_streamflow,01646500,01646500::origin=0,0,-121,2026-03-03 00:00:00,7750.0
official_usgs_streamflow,01646500,01646500::origin=0,0,-120,2026-03-04 00:00:00,7800.0
official_usgs_streamflow,01646500,01646500::origin=0,0,-119,2026-03-05 00:00:00,7780.0
official_usgs_streamflow,01646500,01646500::origin=0,0,-118,2026-03-06 00:00:00,8780.0
official_usgs_streamflow,01646500,01646500::origin=0,0,-117,2026-03-07 00:00:00,12600.0
official_usgs_streamflow,01646500,01646500::origin=0,0,-116,2026-03-08 00:00:00,16300.0
official_usgs_streamflow,01646500,01646500::origin=0,0,-115,2026-03-09 00:00:00,18000.0
official_usgs_streamflow,01646500,01646500::origin=0,0,-114,2026-03-10 00:00:00,16100.0
official_usgs_streamflow,01646500,01646500::origin=0,0,-113,2026-03-11 00:00:00,14100.0
official_usgs_streamflow,01646500,01646500::origin=0,0,-112,2026-03-12 00:00:00,13000.0
official_usgs_streamflow,01646500,01646500::origin=0,0,-111,2026-03-13 00:00:00,12700.0
official_usgs_streamflow,01646500,01646500::origin=0,0,-110,2026-03-14 00:00:00,12300.0
official_usgs_streamflow,01646500,01646500::origin=0,0,-109,2026-03-15 00:00:00,11400.0
official_usgs_streamflow,01646500,01646500::origin=0,0,-108,2026-03-16 00:00:00,12100.0
official_usgs_streamflow,01646500,01646500::origin=0,0,-107,2026-03-17 00:00:00,14500.0
official_usgs_streamflow,01646500,01646500::origin=0,0,-106,2026-03-18 00:00:00,15600.0
official_usgs_streamflow,01646500,01646500::origin=0,0,-105,2026-03-19 00:00:00,13400.0
official_usgs_streamflow,01646500,01646500::origin=0,0,-104,2026-03-20 00:00:00,12600.0
official_usgs_streamflow,01646500,01646500::origin=0,0,-103,2026-03-21 00:00:00,11900.0
official_usgs_streamflow,01646500,01646500::origin=0,0,-102,2026-03-22 00:00:00,11000.0
official_usgs_streamflow,01646500,01646500::origin=0,0,-101,2026-03-23 00:00:00,10300.0
official_usgs_streamflow,01646500,01646500::origin=0,0,-100,2026-03-24 00:00:00,9680.0
official_usgs_streamflow,01646500,01646500::origin=0,0,-99,2026-03-25 00:00:00,9390.0
official_usgs_streamflow,01646500,01646500::origin=0,0,-98,2026-03-26 00:00:00,8990.0
official_usgs_streamflow,01646500,01646500::origin=0,0,-97,2026-03-27 00:00:00,8530.0
official_usgs_streamflow,01646500,01646500::origin=0,0,-96,2026-03-28 00:00:00,8270.0
official_usgs_streamflow,01646500,01646500::origin=0,0,-95,2026-03-29 00:00:00,8460.0
official_usgs_streamflow,01646500,01646500::origin=0,0,-94,2026-03-30 00:00:00,9150.0
official_usgs_streamflow,01646500,01646500::origin=0,0,-93,2026-03-31 00:00:00,8840.0
official_usgs_streamflow,01646500,01646500::origin=0,0,-92,2026-04-01 00:00:00,8170.0
official_usgs_streamflow,01646500,01646500::origin=0,0,-91,2026-04-02 00:00:00,7800.0
official_usgs_streamflow,01646500,01646500::origin=0,0,-90,2026-04-03 00:00:00,7590.0
official_usgs_streamflow,01646500,01646500::origin=0,0,-89,2026-04-04 00:00:00,7350.0
official_usgs_streamflow,01646500,01646500::origin=0,0,-88,2026-04-05 00:00:00,7380.0
official_usgs_streamflow,01646500,01646500::origin=0,0,-87,2026-04-06 00:00:00,7520.0
official_usgs_streamflow,01646500,01646500::origin=0,0,-86,2026-04-07 00:00:00,7920.0
official_usgs_streamflow,01646500,01646500::origin=0,0,-85,2026-04-08 00:00:00,8050.0
official_usgs_streamflow,01646500,01646500::origin=0,0,-84,2026-04-09 00:00:00,7470.0
official_usgs_streamflow,01646500,01646500::origin=0,0,-83,2026-04-10 00:00:00,6880.0
official_usgs_streamflow,01646500,01646500::origin=0,0,-82,2026-04-11 00:00:00,6440.0
official_usgs_streamflow,01646500,01646500::origin=0,0,-81,2026-04-12 00:00:00,5980.0
official_usgs_streamflow,01646500,01646500::origin=0,0,-80,2026-04-13 00:00:00,5560.0
official_usgs_streamflow,01646500,01646500::origin=0,0,-79,2026-04-14 00:00:00,5280.0
official_usgs_streamflow,01646500,01646500::origin=0,0,-78,2026-04-15 00:00:00,4900.0
official_usgs_streamflow,01646500,01646500::origin=0,0,-77,2026-04-16 00:00:00,4830.0
official_usgs_streamflow,01646500,01646500::origin=0,0,-76,2026-04-17 00:00:00,4610.0
official_usgs_streamflow,01646500,01646500::origin=0,0,-75,2026-04-18 00:00:00,4410.0
official_usgs_streamflow,01646500,01646500::origin=0,0,-74,2026-04-19 00:00:00,4130.0
official_usgs_streamflow,01646500,01646500::origin=0,0,-73,2026-04-20 00:00:00,4070.0
official_usgs_streamflow,01646500,01646500::origin=0,0,-72,2026-04-21 00:00:00,4020.0
official_usgs_streamflow,01646500,01646500::origin=0,0,-71,2026-04-22 00:00:00,4010.0
official_usgs_streamflow,01646500,01646500::origin=0,0,-70,2026-04-23 00:00:00,3900.0
official_usgs_streamflow,01646500,01646500::origin=0,0,-69,2026-04-24 00:00:00,3570.0
official_usgs_streamflow,01646500,01646500::origin=0,0,-68,2026-04-25 00:00:00,3470.0
official_usgs_streamflow,01646500,01646500::origin=0,0,-67,2026-04-26 00:00:00,3400.0
official_usgs_streamflow,01646500,01646500::origin=0,0,-66,2026-04-27 00:00:00,3340.0
official_usgs_streamflow,01646500,01646500::origin=0,0,-65,2026-04-28 00:00:00,3330.0
official_usgs_streamflow,01646500,01646500::origin=0,0,-64,2026-04-29 00:00:00,3420.0
official_usgs_streamflow,01646500,01646500::origin=0,0,-63,2026-04-30 00:00:00,3700.0
official_usgs_streamflow,01646500,01646500::origin=0,0,-62,2026-05-01 00:00:00,3580.0
official_usgs_streamflow,01646500,01646500::origin=0,0,-61,2026-05-02 00:00:00,3710.0
official_usgs_streamflow,01646500,01646500::origin=0,0,-60,2026-05-03 00:00:00,4030.0
official_usgs_streamflow,01646500,01646500::origin=0,0,-59,2026-05-04 00:00:00,4020.0
official_usgs_streamflow,01646500,01646500::origin=0,0,-58,2026-05-05 00:00:00,3740.0
official_usgs_streamflow,01646500,01646500::origin=0,0,-57,2026-05-06 00:00:00,3690.0
official_usgs_streamflow,01646500,01646500::origin=0,0,-56,2026-05-07 00:00:00,3560.0
official_usgs_streamflow,01646500,01646500::origin=0,0,-55,2026-05-08 00:00:00,3270.0
official_usgs_streamflow,01646500,01646500::origin=0,0,-54,2026-05-09 00:00:00,3060.0
official_usgs_streamflow,01646500,01646500::origin=0,0,-53,2026-05-10 00:00:00,2920.0
official_usgs_streamflow,01646500,01646500::origin=0,0,-52,2026-05-11 00:00:00,2860.0
official_usgs_streamflow,01646500,01646500::origin=0,0,-51,2026-05-12 00:00:00,2700.0
official_usgs_streamflow,01646500,01646500::origin=0,0,-50,2026-05-13 00:00:00,2590.0
official_usgs_streamflow,01646500,01646500::origin=0,0,-49,2026-05-14 00:00:00,2770.0
official_usgs_streamflow,01646500,01646500::origin=0,0,-48,2026-05-15 00:00:00,2630.0
official_usgs_streamflow,01646500,01646500::origin=0,0,-47,2026-05-16 00:00:00,2510.0
official_usgs_streamflow,01646500,01646500::origin=0,0,-46,2026-05-17 00:00:00,2520.0
official_usgs_streamflow,01646500,01646500::origin=0,0,-45,2026-05-18 00:00:00,2440.0
official_usgs_streamflow,01646500,01646500::origin=0,0,-44,2026-05-19 00:00:00,2270.0
official_usgs_streamflow,01646500,01646500::origin=0,0,-43,2026-05-20 00:00:00,2210.0
official_usgs_streamflow,01646500,01646500::origin=0,0,-42,2026-05-21 00:00:00,2830.0
official_usgs_streamflow,01646500,01646500::origin=0,0,-41,2026-05-22 00:00:00,3110.0
official_usgs_streamflow,01646500,01646500::origin=0,0,-40,2026-05-23 00:00:00,5700.0
official_usgs_streamflow,01646500,01646500::origin=0,0,-39,2026-05-24 00:00:00,21500.0
official_usgs_streamflow,01646500,01646500::origin=0,0,-38,2026-05-25 00:00:00,39500.0
official_usgs_streamflow,01646500,01646500::origin=0,0,-37,2026-05-26 00:00:00,30300.0
official_usgs_streamflow,01646500,01646500::origin=0,0,-36,2026-05-27 00:00:00,26400.0
official_usgs_streamflow,01646500,01646500::origin=0,0,-35,2026-05-28 00:00:00,26300.0
official_usgs_streamflow,01646500,01646500::origin=0,0,-34,2026-05-29 00:00:00,36900.0
official_usgs_streamflow,01646500,01646500::origin=0,0,-33,2026-05-30 00:00:00,31900.0
official_usgs_streamflow,01646500,01646500::origin=0,0,-32,2026-05-31 00:00:00,22200.0
official_usgs_streamflow,01646500,01646500::origin=0,0,-31,2026-06-01 00:00:00,16200.0
official_usgs_streamflow,01646500,01646500::origin=0,0,-30,2026-06-02 00:00:00,12900.0
official_usgs_streamflow,01646500,01646500::origin=0,0,-29,2026-06-03 00:00:00,10100.0
official_usgs_streamflow,01646500,01646500::origin=0,0,-28,2026-06-04 00:00:00,8120.0
official_usgs_streamflow,01646500,01646500::origin=0,0,-27,2026-06-05 00:00:00,6620.0
official_usgs_streamflow,01646500,01646500::origin=0,0,-26,2026-06-06 00:00:00,5660.0
official_usgs_streamflow,01646500,01646500::origin=0,0,-25,2026-06-07 00:00:00,5060.0
official_usgs_streamflow,01646500,01646500::origin=0,0,-24,2026-06-08 00:00:00,4490.0
official_usgs_streamflow,01646500,01646500::origin=0,0,-23,2026-06-09 00:00:00,4100.0
official_usgs_streamflow,01646500,01646500::origin=0,0,-22,2026-06-10 00:00:00,4440.0
official_usgs_streamflow,01646500,01646500::origin=0,0,-21,2026-06-11 00:00:00,5040.0
official_usgs_streamflow,01646500,01646500::origin=0,0,-20,2026-06-12 00:00:00,4530.0
official_usgs_streamflow,01646500,01646500::origin=0,0,-19,2026-06-13 00:00:00,4220.0
official_usgs_streamflow,01646500,01646500::origin=0,0,-18,2026-06-14 00:00:00,3580.0
official_usgs_streamflow,01646500,01646500::origin=0,0,-17,2026-06-15 00:00:00,3230.0
official_usgs_streamflow,01646500,01646500::origin=0,0,-16,2026-06-16 00:00:00,3030.0
official_usgs_streamflow,01646500,01646500::origin=0,0,-15,2026-06-17 00:00:00,2720.0
official_usgs_streamflow,01646500,01646500::origin=0,0,-14,2026-06-18 00:00:00,2560.0
official_usgs_streamflow,01646500,01646500::origin=0,0,-13,2026-06-19 00:00:00,2470.0
official_usgs_streamflow,01646500,01646500::origin=0,0,-12,2026-06-20 00:00:00,2440.0
official_usgs_streamflow,01646500,01646500::origin=0,0,-11,2026-06-21 00:00:00,2350.0
official_usgs_streamflow,01646500,01646500::origin=0,0,-10,2026-06-22 00:00:00,2270.0
official_usgs_streamflow,01646500,01646500::origin=0,0,-9,2026-06-23 00:00:00,2730.0
official_usgs_streamflow,01646500,01646500::origin=0,0,-8,2026-06-24 00:00:00,2820.0
official_usgs_streamflow,01646500,01646500::origin=0,0,-7,2026-06-25 00:00:00,2360.0
official_usgs_streamflow,01646500,01646500::origin=0,0,-6,2026-06-26 00:00:00,2240.0
official_usgs_streamflow,01646500,01646500::origin=0,0,-5,2026-06-27 00:00:00,2390.0
official_usgs_streamflow,01646500,01646500::origin=0,0,-4,2026-06-28 00:00:00,2590.0
official_usgs_streamflow,01646500,01646500::origin=0,0,-3,2026-06-29 00:00:00,2760.0
official_usgs_streamflow,01646500,01646500::origin=0,0,-2,2026-06-30 00:00:00,2500.0
official_usgs_streamflow,01646500,01646500::origin=0,0,-1,2026-07-01 00:00:00,2390.0
official_usgs_streamflow,01646500,01646500::origin=1,1,-512,2025-01-06 00:00:00,5360.0
official_usgs_streamflow,01646500,01646500::origin=1,1,-511,2025-01-07 00:00:00,5040.0
official_usgs_streamflow,01646500,01646500::origin=1,1,-510,2025-01-08 00:00:00,4090.0
official_usgs_streamflow,01646500,01646500::origin=1,1,-509,2025-01-09 00:00:00,3280.0
official_usgs_streamflow,01646500,01646500::origin=1,1,-508,2025-01-10 00:00:00,2640.0
official_usgs_streamflow,01646500,01646500::origin=1,1,-507,2025-01-11 00:00:00,3020.0
official_usgs_streamflow,01646500,01646500::origin=1,1,-506,2025-01-12 00:00:00,4070.0
official_usgs_streamflow,01646500,01646500::origin=1,1,-505,2025-01-13 00:00:00,4060.0
official_usgs_streamflow,01646500,01646500::origin=1,1,-504,2025-01-14 00:00:00,3760.0
official_usgs_streamflow,01646500,01646500::origin=1,1,-503,2025-01-15 00:00:00,3320.0
official_usgs_streamflow,01646500,01646500::origin=1,1,-502,2025-01-16 00:00:00,2670.0
official_usgs_streamflow,01646500,01646500::origin=1,1,-501,2025-01-17 00:00:00,2640.0
official_usgs_streamflow,01646500,01646500::origin=1,1,-500,2025-01-18 00:00:00,3100.0
official_usgs_streamflow,01646500,01646500::origin=1,1,-499,2025-01-19 00:00:00,3930.0
official_usgs_streamflow,01646500,01646500::origin=1,1,-498,2025-01-20 00:00:00,3360.0
official_usgs_streamflow,01646500,01646500::origin=1,1,-497,2025-01-21 00:00:00,2400.0
official_usgs_streamflow,01646500,01646500::origin=1,1,-496,2025-01-22 00:00:00,2440.0
official_usgs_streamflow,01646500,01646500::origin=1,1,-495,2025-01-23 00:00:00,2280.0
official_usgs_streamflow,01646500,01646500::origin=1,1,-494,2025-01-24 00:00:00,2490.0
official_usgs_streamflow,01646500,01646500::origin=1,1,-493,2025-01-25 00:00:00,2760.0
official_usgs_streamflow,01646500,01646500::origin=1,1,-492,2025-01-26 00:00:00,3010.0
official_usgs_streamflow,01646500,01646500::origin=1,1,-491,2025-01-27 00:00:00,3320.0
official_usgs_streamflow,01646500,01646500::origin=1,1,-490,2025-01-28 00:00:00,3650.0
official_usgs_streamflow,01646500,01646500::origin=1,1,-489,2025-01-29 00:00:00,4010.0
official_usgs_streamflow,01646500,01646500::origin=1,1,-488,2025-01-30 00:00:00,4040.0
official_usgs_streamflow,01646500,01646500::origin=1,1,-487,2025-01-31 00:00:00,4340.0
official_usgs_streamflow,01646500,01646500::origin=1,1,-486,2025-02-01 00:00:00,5070.0
official_usgs_streamflow,01646500,01646500::origin=1,1,-485,2025-02-02 00:00:00,5150.0
official_usgs_streamflow,01646500,01646500::origin=1,1,-484,2025-02-03 00:00:00,7640.0
official_usgs_streamflow,01646500,01646500::origin=1,1,-483,2025-02-04 00:00:00,17500.0
official_usgs_streamflow,01646500,01646500::origin=1,1,-482,2025-02-05 00:00:00,13600.0
official_usgs_streamflow,01646500,01646500::origin=1,1,-481,2025-02-06 00:00:00,12000.0
official_usgs_streamflow,01646500,01646500::origin=1,1,-480,2025-02-07 00:00:00,11400.0
official_usgs_streamflow,01646500,01646500::origin=1,1,-479,2025-02-08 00:00:00,25400.0
official_usgs_streamflow,01646500,01646500::origin=1,1,-478,2025-02-09 00:00:00,37500.0
official_usgs_streamflow,01646500,01646500::origin=1,1,-477,2025-02-10 00:00:00,25700.0
official_usgs_streamflow,01646500,01646500::origin=1,1,-476,2025-02-11 00:00:00,21200.0
official_usgs_streamflow,01646500,01646500::origin=1,1,-475,2025-02-12 00:00:00,18300.0
official_usgs_streamflow,01646500,01646500::origin=1,1,-474,2025-02-13 00:00:00,15800.0
official_usgs_streamflow,01646500,01646500::origin=1,1,-473,2025-02-14 00:00:00,14600.0
official_usgs_streamflow,01646500,01646500::origin=1,1,-472,2025-02-15 00:00:00,14600.0
official_usgs_streamflow,01646500,01646500::origin=1,1,-471,2025-02-16 00:00:00,18700.0
official_usgs_streamflow,01646500,01646500::origin=1,1,-470,2025-02-17 00:00:00,19600.0
official_usgs_streamflow,01646500,01646500::origin=1,1,-469,2025-02-18 00:00:00,24100.0
official_usgs_streamflow,01646500,01646500::origin=1,1,-468,2025-02-19 00:00:00,24400.0
official_usgs_streamflow,01646500,01646500::origin=1,1,-467,2025-02-20 00:00:00,19700.0
official_usgs_streamflow,01646500,01646500::origin=1,1,-466,2025-02-21 00:00:00,16000.0
official_usgs_streamflow,01646500,01646500::origin=1,1,-465,2025-02-22 00:00:00,13900.0
official_usgs_streamflow,01646500,01646500::origin=1,1,-464,2025-02-23 00:00:00,12400.0
official_usgs_streamflow,01646500,01646500::origin=1,1,-463,2025-02-24 00:00:00,11000.0
official_usgs_streamflow,01646500,01646500::origin=1,1,-462,2025-02-25 00:00:00,10000.0
official_usgs_streamflow,01646500,01646500::origin=1,1,-461,2025-02-26 00:00:00,9330.0
official_usgs_streamflow,01646500,01646500::origin=1,1,-460,2025-02-27 00:00:00,8780.0
official_usgs_streamflow,01646500,01646500::origin=1,1,-459,2025-02-28 00:00:00,8270.0
official_usgs_streamflow,01646500,01646500::origin=1,1,-458,2025-03-01 00:00:00,7580.0
official_usgs_streamflow,01646500,01646500::origin=1,1,-457,2025-03-02 00:00:00,7220.0
official_usgs_streamflow,01646500,01646500::origin=1,1,-456,2025-03-03 00:00:00,6940.0
official_usgs_streamflow,01646500,01646500::origin=1,1,-455,2025-03-04 00:00:00,6790.0
official_usgs_streamflow,01646500,01646500::origin=1,1,-454,2025-03-05 00:00:00,6660.0
official_usgs_streamflow,01646500,01646500::origin=1,1,-453,2025-03-06 00:00:00,7080.0
official_usgs_streamflow,01646500,01646500::origin=1,1,-452,2025-03-07 00:00:00,7160.0
official_usgs_streamflow,01646500,01646500::origin=1,1,-451,2025-03-08 00:00:00,7960.0
official_usgs_streamflow,01646500,01646500::origin=1,1,-450,2025-03-09 00:00:00,9720.0
official_usgs_streamflow,01646500,01646500::origin=1,1,-449,2025-03-10 00:00:00,9240.0
official_usgs_streamflow,01646500,01646500::origin=1,1,-448,2025-03-11 00:00:00,8440.0
official_usgs_streamflow,01646500,01646500::origin=1,1,-447,2025-03-12 00:00:00,7780.0
official_usgs_streamflow,01646500,01646500::origin=1,1,-446,2025-03-13 00:00:00,7200.0
official_usgs_streamflow,01646500,01646500::origin=1,1,-445,2025-03-14 00:00:00,6710.0
official_usgs_streamflow,01646500,01646500::origin=1,1,-444,2025-03-15 00:00:00,6320.0
official_usgs_streamflow,01646500,01646500::origin=1,1,-443,2025-03-16 00:00:00,5940.0
official_usgs_streamflow,01646500,01646500::origin=1,1,-442,2025-03-17 00:00:00,5970.0
official_usgs_streamflow,01646500,01646500::origin=1,1,-441,2025-03-18 00:00:00,6200.0
official_usgs_streamflow,01646500,01646500::origin=1,1,-440,2025-03-19 00:00:00,8770.0
official_usgs_streamflow,01646500,01646500::origin=1,1,-439,2025-03-20 00:00:00,10400.0
official_usgs_streamflow,01646500,01646500::origin=1,1,-438,2025-03-21 00:00:00,10200.0
official_usgs_streamflow,01646500,01646500::origin=1,1,-437,2025-03-22 00:00:00,9100.0
official_usgs_streamflow,01646500,01646500::origin=1,1,-436,2025-03-23 00:00:00,8180.0
official_usgs_streamflow,01646500,01646500::origin=1,1,-435,2025-03-24 00:00:00,7410.0
official_usgs_streamflow,01646500,01646500::origin=1,1,-434,2025-03-25 00:00:00,6800.0
official_usgs_streamflow,01646500,01646500::origin=1,1,-433,2025-03-26 00:00:00,6180.0
official_usgs_streamflow,01646500,01646500::origin=1,1,-432,2025-03-27 00:00:00,5740.0
official_usgs_streamflow,01646500,01646500::origin=1,1,-431,2025-03-28 00:00:00,5360.0
official_usgs_streamflow,01646500,01646500::origin=1,1,-430,2025-03-29 00:00:00,5090.0
official_usgs_streamflow,01646500,01646500::origin=1,1,-429,2025-03-30 00:00:00,4810.0
official_usgs_streamflow,01646500,01646500::origin=1,1,-428,2025-03-31 00:00:00,4660.0
official_usgs_streamflow,01646500,01646500::origin=1,1,-427,2025-04-01 00:00:00,5250.0
official_usgs_streamflow,01646500,01646500::origin=1,1,-426,2025-04-02 00:00:00,5560.0
official_usgs_streamflow,01646500,01646500::origin=1,1,-425,2025-04-03 00:00:00,5680.0
official_usgs_streamflow,01646500,01646500::origin=1,1,-424,2025-04-04 00:00:00,5290.0
official_usgs_streamflow,01646500,01646500::origin=1,1,-423,2025-04-05 00:00:00,5220.0
official_usgs_streamflow,01646500,01646500::origin=1,1,-422,2025-04-06 00:00:00,5610.0
official_usgs_streamflow,01646500,01646500::origin=1,1,-421,2025-04-07 00:00:00,6660.0
official_usgs_streamflow,01646500,01646500::origin=1,1,-420,2025-04-08 00:00:00,7510.0
official_usgs_streamflow,01646500,01646500::origin=1,1,-419,2025-04-09 00:00:00,10300.0
official_usgs_streamflow,01646500,01646500::origin=1,1,-418,2025-04-10 00:00:00,13100.0
official_usgs_streamflow,01646500,01646500::origin=1,1,-417,2025-04-11 00:00:00,12400.0
official_usgs_streamflow,01646500,01646500::origin=1,1,-416,2025-04-12 00:00:00,11700.0
official_usgs_streamflow,01646500,01646500::origin=1,1,-415,2025-04-13 00:00:00,11500.0
official_usgs_streamflow,01646500,01646500::origin=1,1,-414,2025-04-14 00:00:00,10400.0
official_usgs_streamflow,01646500,01646500::origin=1,1,-413,2025-04-15 00:00:00,9420.0
official_usgs_streamflow,01646500,01646500::origin=1,1,-412,2025-04-16 00:00:00,8450.0
official_usgs_streamflow,01646500,01646500::origin=1,1,-411,2025-04-17 00:00:00,7860.0
official_usgs_streamflow,01646500,01646500::origin=1,1,-410,2025-04-18 00:00:00,7450.0
official_usgs_streamflow,01646500,01646500::origin=1,1,-409,2025-04-19 00:00:00,7540.0
official_usgs_streamflow,01646500,01646500::origin=1,1,-408,2025-04-20 00:00:00,7140.0
official_usgs_streamflow,01646500,01646500::origin=1,1,-407,2025-04-21 00:00:00,6550.0
official_usgs_streamflow,01646500,01646500::origin=1,1,-406,2025-04-22 00:00:00,6120.0
official_usgs_streamflow,01646500,01646500::origin=1,1,-405,2025-04-23 00:00:00,5720.0
official_usgs_streamflow,01646500,01646500::origin=1,1,-404,2025-04-24 00:00:00,5280.0
official_usgs_streamflow,01646500,01646500::origin=1,1,-403,2025-04-25 00:00:00,5060.0
official_usgs_streamflow,01646500,01646500::origin=1,1,-402,2025-04-26 00:00:00,5230.0
official_usgs_streamflow,01646500,01646500::origin=1,1,-401,2025-04-27 00:00:00,4870.0
official_usgs_streamflow,01646500,01646500::origin=1,1,-400,2025-04-28 00:00:00,4690.0
official_usgs_streamflow,01646500,01646500::origin=1,1,-399,2025-04-29 00:00:00,4810.0
official_usgs_streamflow,01646500,01646500::origin=1,1,-398,2025-04-30 00:00:00,4770.0
official_usgs_streamflow,01646500,01646500::origin=1,1,-397,2025-05-01 00:00:00,4740.0
official_usgs_streamflow,01646500,01646500::origin=1,1,-396,2025-05-02 00:00:00,4300.0
official_usgs_streamflow,01646500,01646500::origin=1,1,-395,2025-05-03 00:00:00,4160.0
official_usgs_streamflow,01646500,01646500::origin=1,1,-394,2025-05-04 00:00:00,6570.0
official_usgs_streamflow,01646500,01646500::origin=1,1,-393,2025-05-05 00:00:00,9320.0
official_usgs_streamflow,01646500,01646500::origin=1,1,-392,2025-05-06 00:00:00,13700.0
official_usgs_streamflow,01646500,01646500::origin=1,1,-391,2025-05-07 00:00:00,15700.0
official_usgs_streamflow,01646500,01646500::origin=1,1,-390,2025-05-08 00:00:00,14900.0
official_usgs_streamflow,01646500,01646500::origin=1,1,-389,2025-05-09 00:00:00,13500.0
official_usgs_streamflow,01646500,01646500::origin=1,1,-388,2025-05-10 00:00:00,12100.0
official_usgs_streamflow,01646500,01646500::origin=1,1,-387,2025-05-11 00:00:00,12200.0
official_usgs_streamflow,01646500,01646500::origin=1,1,-386,2025-05-12 00:00:00,11200.0
official_usgs_streamflow,01646500,01646500::origin=1,1,-385,2025-05-13 00:00:00,12300.0
official_usgs_streamflow,01646500,01646500::origin=1,1,-384,2025-05-14 00:00:00,25900.0
official_usgs_streamflow,01646500,01646500::origin=1,1,-383,2025-05-15 00:00:00,136000.0
official_usgs_streamflow,01646500,01646500::origin=1,1,-382,2025-05-16 00:00:00,121000.0
official_usgs_streamflow,01646500,01646500::origin=1,1,-381,2025-05-17 00:00:00,63100.0
official_usgs_streamflow,01646500,01646500::origin=1,1,-380,2025-05-18 00:00:00,41700.0
official_usgs_streamflow,01646500,01646500::origin=1,1,-379,2025-05-19 00:00:00,30000.0
official_usgs_streamflow,01646500,01646500::origin=1,1,-378,2025-05-20 00:00:00,22700.0
official_usgs_streamflow,01646500,01646500::origin=1,1,-377,2025-05-21 00:00:00,17700.0
official_usgs_streamflow,01646500,01646500::origin=1,1,-376,2025-05-22 00:00:00,15600.0
official_usgs_streamflow,01646500,01646500::origin=1,1,-375,2025-05-23 00:00:00,15500.0
official_usgs_streamflow,01646500,01646500::origin=1,1,-374,2025-05-24 00:00:00,19800.0
official_usgs_streamflow,01646500,01646500::origin=1,1,-373,2025-05-25 00:00:00,16600.0
official_usgs_streamflow,01646500,01646500::origin=1,1,-372,2025-05-26 00:00:00,14400.0
official_usgs_streamflow,01646500,01646500::origin=1,1,-371,2025-05-27 00:00:00,12500.0
official_usgs_streamflow,01646500,01646500::origin=1,1,-370,2025-05-28 00:00:00,13500.0
official_usgs_streamflow,01646500,01646500::origin=1,1,-369,2025-05-29 00:00:00,22300.0
official_usgs_streamflow,01646500,01646500::origin=1,1,-368,2025-05-30 00:00:00,45700.0
official_usgs_streamflow,01646500,01646500::origin=1,1,-367,2025-05-31 00:00:00,43000.0
official_usgs_streamflow,01646500,01646500::origin=1,1,-366,2025-06-01 00:00:00,44700.0
official_usgs_streamflow,01646500,01646500::origin=1,1,-365,2025-06-02 00:00:00,40200.0
official_usgs_streamflow,01646500,01646500::origin=1,1,-364,2025-06-03 00:00:00,29100.0
official_usgs_streamflow,01646500,01646500::origin=1,1,-363,2025-06-04 00:00:00,22700.0
official_usgs_streamflow,01646500,01646500::origin=1,1,-362,2025-06-05 00:00:00,17300.0
official_usgs_streamflow,01646500,01646500::origin=1,1,-361,2025-06-06 00:00:00,14100.0
official_usgs_streamflow,01646500,01646500::origin=1,1,-360,2025-06-07 00:00:00,12600.0
official_usgs_streamflow,01646500,01646500::origin=1,1,-359,2025-06-08 00:00:00,12200.0
official_usgs_streamflow,01646500,01646500::origin=1,1,-358,2025-06-09 00:00:00,14300.0
official_usgs_streamflow,01646500,01646500::origin=1,1,-357,2025-06-10 00:00:00,22600.0
official_usgs_streamflow,01646500,01646500::origin=1,1,-356,2025-06-11 00:00:00,31000.0
official_usgs_streamflow,01646500,01646500::origin=1,1,-355,2025-06-12 00:00:00,27200.0
official_usgs_streamflow,01646500,01646500::origin=1,1,-354,2025-06-13 00:00:00,18700.0
official_usgs_streamflow,01646500,01646500::origin=1,1,-353,2025-06-14 00:00:00,15400.0
official_usgs_streamflow,01646500,01646500::origin=1,1,-352,2025-06-15 00:00:00,14600.0
official_usgs_streamflow,01646500,01646500::origin=1,1,-351,2025-06-16 00:00:00,18300.0
official_usgs_streamflow,01646500,01646500::origin=1,1,-350,2025-06-17 00:00:00,22600.0
official_usgs_streamflow,01646500,01646500::origin=1,1,-349,2025-06-18 00:00:00,30200.0
official_usgs_streamflow,01646500,01646500::origin=1,1,-348,2025-06-19 00:00:00,44400.0
official_usgs_streamflow,01646500,01646500::origin=1,1,-347,2025-06-20 00:00:00,40300.0
official_usgs_streamflow,01646500,01646500::origin=1,1,-346,2025-06-21 00:00:00,28800.0
official_usgs_streamflow,01646500,01646500::origin=1,1,-345,2025-06-22 00:00:00,21300.0
official_usgs_streamflow,01646500,01646500::origin=1,1,-344,2025-06-23 00:00:00,16500.0
official_usgs_streamflow,01646500,01646500::origin=1,1,-343,2025-06-24 00:00:00,13400.0
official_usgs_streamflow,01646500,01646500::origin=1,1,-342,2025-06-25 00:00:00,11000.0
official_usgs_streamflow,01646500,01646500::origin=1,1,-341,2025-06-26 00:00:00,9920.0
official_usgs_streamflow,01646500,01646500::origin=1,1,-340,2025-06-27 00:00:00,9010.0
official_usgs_streamflow,01646500,01646500::origin=1,1,-339,2025-06-28 00:00:00,8760.0
official_usgs_streamflow,01646500,01646500::origin=1,1,-338,2025-06-29 00:00:00,8830.0
official_usgs_streamflow,01646500,01646500::origin=1,1,-337,2025-06-30 00:00:00,8350.0
official_usgs_streamflow,01646500,01646500::origin=1,1,-336,2025-07-01 00:00:00,9360.0
official_usgs_streamflow,01646500,01646500::origin=1,1,-335,2025-07-02 00:00:00,11200.0
official_usgs_streamflow,01646500,01646500::origin=1,1,-334,2025-07-03 00:00:00,12400.0
official_usgs_streamflow,01646500,01646500::origin=1,1,-333,2025-07-04 00:00:00,15900.0
official_usgs_streamflow,01646500,01646500::origin=1,1,-332,2025-07-05 00:00:00,14800.0
official_usgs_streamflow,01646500,01646500::origin=1,1,-331,2025-07-06 00:00:00,10800.0
official_usgs_streamflow,01646500,01646500::origin=1,1,-330,2025-07-07 00:00:00,8420.0
official_usgs_streamflow,01646500,01646500::origin=1,1,-329,2025-07-08 00:00:00,7160.0
official_usgs_streamflow,01646500,01646500::origin=1,1,-328,2025-07-09 00:00:00,7070.0
official_usgs_streamflow,01646500,01646500::origin=1,1,-327,2025-07-10 00:00:00,7520.0
official_usgs_streamflow,01646500,01646500::origin=1,1,-326,2025-07-11 00:00:00,6460.0
official_usgs_streamflow,01646500,01646500::origin=1,1,-325,2025-07-12 00:00:00,7200.0
official_usgs_streamflow,01646500,01646500::origin=1,1,-324,2025-07-13 00:00:00,7110.0
official_usgs_streamflow,01646500,01646500::origin=1,1,-323,2025-07-14 00:00:00,7250.0
official_usgs_streamflow,01646500,01646500::origin=1,1,-322,2025-07-15 00:00:00,6520.0
official_usgs_streamflow,01646500,01646500::origin=1,1,-321,2025-07-16 00:00:00,8650.0
official_usgs_streamflow,01646500,01646500::origin=1,1,-320,2025-07-17 00:00:00,11300.0
official_usgs_streamflow,01646500,01646500::origin=1,1,-319,2025-07-18 00:00:00,14800.0
official_usgs_streamflow,01646500,01646500::origin=1,1,-318,2025-07-19 00:00:00,16300.0
official_usgs_streamflow,01646500,01646500::origin=1,1,-317,2025-07-20 00:00:00,14000.0
official_usgs_streamflow,01646500,01646500::origin=1,1,-316,2025-07-21 00:00:00,13700.0
official_usgs_streamflow,01646500,01646500::origin=1,1,-315,2025-07-22 00:00:00,15300.0
official_usgs_streamflow,01646500,01646500::origin=1,1,-314,2025-07-23 00:00:00,12500.0
official_usgs_streamflow,01646500,01646500::origin=1,1,-313,2025-07-24 00:00:00,9750.0
official_usgs_streamflow,01646500,01646500::origin=1,1,-312,2025-07-25 00:00:00,7850.0
official_usgs_streamflow,01646500,01646500::origin=1,1,-311,2025-07-26 00:00:00,6650.0
official_usgs_streamflow,01646500,01646500::origin=1,1,-310,2025-07-27 00:00:00,7300.0
official_usgs_streamflow,01646500,01646500::origin=1,1,-309,2025-07-28 00:00:00,6320.0
official_usgs_streamflow,01646500,01646500::origin=1,1,-308,2025-07-29 00:00:00,6030.0
official_usgs_streamflow,01646500,01646500::origin=1,1,-307,2025-07-30 00:00:00,5680.0
official_usgs_streamflow,01646500,01646500::origin=1,1,-306,2025-07-31 00:00:00,7050.0
official_usgs_streamflow,01646500,01646500::origin=1,1,-305,2025-08-01 00:00:00,6390.0
official_usgs_streamflow,01646500,01646500::origin=1,1,-304,2025-08-02 00:00:00,6870.0
official_usgs_streamflow,01646500,01646500::origin=1,1,-303,2025-08-03 00:00:00,7170.0
official_usgs_streamflow,01646500,01646500::origin=1,1,-302,2025-08-04 00:00:00,7420.0
official_usgs_streamflow,01646500,01646500::origin=1,1,-301,2025-08-05 00:00:00,6280.0
official_usgs_streamflow,01646500,01646500::origin=1,1,-300,2025-08-06 00:00:00,5310.0
official_usgs_streamflow,01646500,01646500::origin=1,1,-299,2025-08-07 00:00:00,4610.0
official_usgs_streamflow,01646500,01646500::origin=1,1,-298,2025-08-08 00:00:00,4090.0
official_usgs_streamflow,01646500,01646500::origin=1,1,-297,2025-08-09 00:00:00,3810.0
official_usgs_streamflow,01646500,01646500::origin=1,1,-296,2025-08-10 00:00:00,3460.0
official_usgs_streamflow,01646500,01646500::origin=1,1,-295,2025-08-11 00:00:00,3150.0
official_usgs_streamflow,01646500,01646500::origin=1,1,-294,2025-08-12 00:00:00,2940.0
official_usgs_streamflow,01646500,01646500::origin=1,1,-293,2025-08-13 00:00:00,3040.0
official_usgs_streamflow,01646500,01646500::origin=1,1,-292,2025-08-14 00:00:00,2900.0
official_usgs_streamflow,01646500,01646500::origin=1,1,-291,2025-08-15 00:00:00,2810.0
official_usgs_streamflow,01646500,01646500::origin=1,1,-290,2025-08-16 00:00:00,3430.0
official_usgs_streamflow,01646500,01646500::origin=1,1,-289,2025-08-17 00:00:00,3230.0
official_usgs_streamflow,01646500,01646500::origin=1,1,-288,2025-08-18 00:00:00,3690.0
official_usgs_streamflow,01646500,01646500::origin=1,1,-287,2025-08-19 00:00:00,3420.0
official_usgs_streamflow,01646500,01646500::origin=1,1,-286,2025-08-20 00:00:00,3050.0
official_usgs_streamflow,01646500,01646500::origin=1,1,-285,2025-08-21 00:00:00,2840.0
official_usgs_streamflow,01646500,01646500::origin=1,1,-284,2025-08-22 00:00:00,2750.0
official_usgs_streamflow,01646500,01646500::origin=1,1,-283,2025-08-23 00:00:00,2540.0
official_usgs_streamflow,01646500,01646500::origin=1,1,-282,2025-08-24 00:00:00,2460.0
official_usgs_streamflow,01646500,01646500::origin=1,1,-281,2025-08-25 00:00:00,2320.0
official_usgs_streamflow,01646500,01646500::origin=1,1,-280,2025-08-26 00:00:00,2290.0
official_usgs_streamflow,01646500,01646500::origin=1,1,-279,2025-08-27 00:00:00,2490.0
official_usgs_streamflow,01646500,01646500::origin=1,1,-278,2025-08-28 00:00:00,2290.0
official_usgs_streamflow,01646500,01646500::origin=1,1,-277,2025-08-29 00:00:00,2110.0
official_usgs_streamflow,01646500,01646500::origin=1,1,-276,2025-08-30 00:00:00,2110.0
official_usgs_streamflow,01646500,01646500::origin=1,1,-275,2025-08-31 00:00:00,1910.0
official_usgs_streamflow,01646500,01646500::origin=1,1,-274,2025-09-01 00:00:00,1780.0
official_usgs_streamflow,01646500,01646500::origin=1,1,-273,2025-09-02 00:00:00,1650.0
official_usgs_streamflow,01646500,01646500::origin=1,1,-272,2025-09-03 00:00:00,1610.0
official_usgs_streamflow,01646500,01646500::origin=1,1,-271,2025-09-04 00:00:00,1560.0
official_usgs_streamflow,01646500,01646500::origin=1,1,-270,2025-09-05 00:00:00,1620.0
official_usgs_streamflow,01646500,01646500::origin=1,1,-269,2025-09-06 00:00:00,1800.0
official_usgs_streamflow,01646500,01646500::origin=1,1,-268,2025-09-07 00:00:00,1620.0
official_usgs_streamflow,01646500,01646500::origin=1,1,-267,2025-09-08 00:00:00,1530.0
official_usgs_streamflow,01646500,01646500::origin=1,1,-266,2025-09-09 00:00:00,1510.0
official_usgs_streamflow,01646500,01646500::origin=1,1,-265,2025-09-10 00:00:00,1520.0
official_usgs_streamflow,01646500,01646500::origin=1,1,-264,2025-09-11 00:00:00,1490.0
official_usgs_streamflow,01646500,01646500::origin=1,1,-263,2025-09-12 00:00:00,1420.0
official_usgs_streamflow,01646500,01646500::origin=1,1,-262,2025-09-13 00:00:00,1360.0
official_usgs_streamflow,01646500,01646500::origin=1,1,-261,2025-09-14 00:00:00,1330.0
official_usgs_streamflow,01646500,01646500::origin=1,1,-260,2025-09-15 00:00:00,1230.0
official_usgs_streamflow,01646500,01646500::origin=1,1,-259,2025-09-16 00:00:00,1290.0
official_usgs_streamflow,01646500,01646500::origin=1,1,-258,2025-09-17 00:00:00,1620.0
official_usgs_streamflow,01646500,01646500::origin=1,1,-257,2025-09-18 00:00:00,2070.0
official_usgs_streamflow,01646500,01646500::origin=1,1,-256,2025-09-19 00:00:00,2760.0
official_usgs_streamflow,01646500,01646500::origin=1,1,-255,2025-09-20 00:00:00,2250.0
official_usgs_streamflow,01646500,01646500::origin=1,1,-254,2025-09-21 00:00:00,1990.0
official_usgs_streamflow,01646500,01646500::origin=1,1,-253,2025-09-22 00:00:00,1670.0
official_usgs_streamflow,01646500,01646500::origin=1,1,-252,2025-09-23 00:00:00,1490.0
official_usgs_streamflow,01646500,01646500::origin=1,1,-251,2025-09-24 00:00:00,1540.0
official_usgs_streamflow,01646500,01646500::origin=1,1,-250,2025-09-25 00:00:00,1720.0
official_usgs_streamflow,01646500,01646500::origin=1,1,-249,2025-09-26 00:00:00,1620.0
official_usgs_streamflow,01646500,01646500::origin=1,1,-248,2025-09-27 00:00:00,1760.0
official_usgs_streamflow,01646500,01646500::origin=1,1,-247,2025-09-28 00:00:00,1970.0
official_usgs_streamflow,01646500,01646500::origin=1,1,-246,2025-09-29 00:00:00,1860.0
official_usgs_streamflow,01646500,01646500::origin=1,1,-245,2025-09-30 00:00:00,1820.0
official_usgs_streamflow,01646500,01646500::origin=1,1,-244,2025-10-01 00:00:00,1800.0
official_usgs_streamflow,01646500,01646500::origin=1,1,-243,2025-10-02 00:00:00,1740.0
official_usgs_streamflow,01646500,01646500::origin=1,1,-242,2025-10-03 00:00:00,1710.0
official_usgs_streamflow,01646500,01646500::origin=1,1,-241,2025-10-04 00:00:00,1580.0
official_usgs_streamflow,01646500,01646500::origin=1,1,-240,2025-10-05 00:00:00,1510.0
official_usgs_streamflow,01646500,01646500::origin=1,1,-239,2025-10-06 00:00:00,1390.0
official_usgs_streamflow,01646500,01646500::origin=1,1,-238,2025-10-07 00:00:00,1350.0
official_usgs_streamflow,01646500,01646500::origin=1,1,-237,2025-10-08 00:00:00,1430.0
official_usgs_streamflow,01646500,01646500::origin=1,1,-236,2025-10-09 00:00:00,1400.0
official_usgs_streamflow,01646500,01646500::origin=1,1,-235,2025-10-10 00:00:00,1420.0
official_usgs_streamflow,01646500,01646500::origin=1,1,-234,2025-10-11 00:00:00,1730.0
official_usgs_streamflow,01646500,01646500::origin=1,1,-233,2025-10-12 00:00:00,1830.0
official_usgs_streamflow,01646500,01646500::origin=1,1,-232,2025-10-13 00:00:00,1660.0
official_usgs_streamflow,01646500,01646500::origin=1,1,-231,2025-10-14 00:00:00,1650.0
official_usgs_streamflow,01646500,01646500::origin=1,1,-230,2025-10-15 00:00:00,1630.0
official_usgs_streamflow,01646500,01646500::origin=1,1,-229,2025-10-16 00:00:00,1490.0
official_usgs_streamflow,01646500,01646500::origin=1,1,-228,2025-10-17 00:00:00,1460.0
official_usgs_streamflow,01646500,01646500::origin=1,1,-227,2025-10-18 00:00:00,1450.0
official_usgs_streamflow,01646500,01646500::origin=1,1,-226,2025-10-19 00:00:00,1450.0
official_usgs_streamflow,01646500,01646500::origin=1,1,-225,2025-10-20 00:00:00,1620.0
official_usgs_streamflow,01646500,01646500::origin=1,1,-224,2025-10-21 00:00:00,1520.0
official_usgs_streamflow,01646500,01646500::origin=1,1,-223,2025-10-22 00:00:00,1570.0
official_usgs_streamflow,01646500,01646500::origin=1,1,-222,2025-10-23 00:00:00,1510.0
official_usgs_streamflow,01646500,01646500::origin=1,1,-221,2025-10-24 00:00:00,1470.0
official_usgs_streamflow,01646500,01646500::origin=1,1,-220,2025-10-25 00:00:00,1430.0
official_usgs_streamflow,01646500,01646500::origin=1,1,-219,2025-10-26 00:00:00,1420.0
official_usgs_streamflow,01646500,01646500::origin=1,1,-218,2025-10-27 00:00:00,1390.0
official_usgs_streamflow,01646500,01646500::origin=1,1,-217,2025-10-28 00:00:00,1340.0
official_usgs_streamflow,01646500,01646500::origin=1,1,-216,2025-10-29 00:00:00,1370.0
official_usgs_streamflow,01646500,01646500::origin=1,1,-215,2025-10-30 00:00:00,2180.0
official_usgs_streamflow,01646500,01646500::origin=1,1,-214,2025-10-31 00:00:00,2530.0
official_usgs_streamflow,01646500,01646500::origin=1,1,-213,2025-11-01 00:00:00,2540.0
official_usgs_streamflow,01646500,01646500::origin=1,1,-212,2025-11-02 00:00:00,3040.0
official_usgs_streamflow,01646500,01646500::origin=1,1,-211,2025-11-03 00:00:00,2920.0
official_usgs_streamflow,01646500,01646500::origin=1,1,-210,2025-11-04 00:00:00,2910.0
official_usgs_streamflow,01646500,01646500::origin=1,1,-209,2025-11-05 00:00:00,2610.0
official_usgs_streamflow,01646500,01646500::origin=1,1,-208,2025-11-06 00:00:00,2200.0
official_usgs_streamflow,01646500,01646500::origin=1,1,-207,2025-11-07 00:00:00,1940.0
official_usgs_streamflow,01646500,01646500::origin=1,1,-206,2025-11-08 00:00:00,1930.0
official_usgs_streamflow,01646500,01646500::origin=1,1,-205,2025-11-09 00:00:00,1840.0
official_usgs_streamflow,01646500,01646500::origin=1,1,-204,2025-11-10 00:00:00,1710.0
official_usgs_streamflow,01646500,01646500::origin=1,1,-203,2025-11-11 00:00:00,1690.0
official_usgs_streamflow,01646500,01646500::origin=1,1,-202,2025-11-12 00:00:00,1570.0
official_usgs_streamflow,01646500,01646500::origin=1,1,-201,2025-11-13 00:00:00,1500.0
official_usgs_streamflow,01646500,01646500::origin=1,1,-200,2025-11-14 00:00:00,1540.0
official_usgs_streamflow,01646500,01646500::origin=1,1,-199,2025-11-15 00:00:00,1510.0
official_usgs_streamflow,01646500,01646500::origin=1,1,-198,2025-11-16 00:00:00,1460.0
official_usgs_streamflow,01646500,01646500::origin=1,1,-197,2025-11-17 00:00:00,1430.0
official_usgs_streamflow,01646500,01646500::origin=1,1,-196,2025-11-18 00:00:00,1440.0
official_usgs_streamflow,01646500,01646500::origin=1,1,-195,2025-11-19 00:00:00,1540.0
official_usgs_streamflow,01646500,01646500::origin=1,1,-194,2025-11-20 00:00:00,1590.0
official_usgs_streamflow,01646500,01646500::origin=1,1,-193,2025-11-21 00:00:00,1590.0
official_usgs_streamflow,01646500,01646500::origin=1,1,-192,2025-11-22 00:00:00,1700.0
official_usgs_streamflow,01646500,01646500::origin=1,1,-191,2025-11-23 00:00:00,1820.0
official_usgs_streamflow,01646500,01646500::origin=1,1,-190,2025-11-24 00:00:00,1830.0
official_usgs_streamflow,01646500,01646500::origin=1,1,-189,2025-11-25 00:00:00,1890.0
official_usgs_streamflow,01646500,01646500::origin=1,1,-188,2025-11-26 00:00:00,2100.0
official_usgs_streamflow,01646500,01646500::origin=1,1,-187,2025-11-27 00:00:00,2110.0
official_usgs_streamflow,01646500,01646500::origin=1,1,-186,2025-11-28 00:00:00,2220.0
official_usgs_streamflow,01646500,01646500::origin=1,1,-185,2025-11-29 00:00:00,2220.0
official_usgs_streamflow,01646500,01646500::origin=1,1,-184,2025-11-30 00:00:00,2270.0
official_usgs_streamflow,01646500,01646500::origin=1,1,-183,2025-12-01 00:00:00,2120.0
official_usgs_streamflow,01646500,01646500::origin=1,1,-182,2025-12-02 00:00:00,2340.0
official_usgs_streamflow,01646500,01646500::origin=1,1,-181,2025-12-03 00:00:00,2690.0
official_usgs_streamflow,01646500,01646500::origin=1,1,-180,2025-12-04 00:00:00,2670.0
official_usgs_streamflow,01646500,01646500::origin=1,1,-179,2025-12-05 00:00:00,2560.0
official_usgs_streamflow,01646500,01646500::origin=1,1,-178,2025-12-06 00:00:00,2450.0
official_usgs_streamflow,01646500,01646500::origin=1,1,-177,2025-12-07 00:00:00,2290.0
official_usgs_streamflow,01646500,01646500::origin=1,1,-176,2025-12-08 00:00:00,2110.0
official_usgs_streamflow,01646500,01646500::origin=1,1,-175,2025-12-09 00:00:00,2130.0
official_usgs_streamflow,01646500,01646500::origin=1,1,-174,2025-12-10 00:00:00,2060.0
official_usgs_streamflow,01646500,01646500::origin=1,1,-173,2025-12-11 00:00:00,1930.0
official_usgs_streamflow,01646500,01646500::origin=1,1,-172,2025-12-12 00:00:00,1860.0
official_usgs_streamflow,01646500,01646500::origin=1,1,-171,2025-12-13 00:00:00,1820.0
official_usgs_streamflow,01646500,01646500::origin=1,1,-170,2025-12-14 00:00:00,1690.0
official_usgs_streamflow,01646500,01646500::origin=1,1,-169,2025-12-15 00:00:00,1540.0
official_usgs_streamflow,01646500,01646500::origin=1,1,-168,2025-12-16 00:00:00,1420.0
official_usgs_streamflow,01646500,01646500::origin=1,1,-167,2025-12-17 00:00:00,1470.0
official_usgs_streamflow,01646500,01646500::origin=1,1,-166,2025-12-18 00:00:00,1410.0
official_usgs_streamflow,01646500,01646500::origin=1,1,-165,2025-12-19 00:00:00,1870.0
official_usgs_streamflow,01646500,01646500::origin=1,1,-164,2025-12-20 00:00:00,2220.0
official_usgs_streamflow,01646500,01646500::origin=1,1,-163,2025-12-21 00:00:00,2330.0
official_usgs_streamflow,01646500,01646500::origin=1,1,-162,2025-12-22 00:00:00,2520.0
official_usgs_streamflow,01646500,01646500::origin=1,1,-161,2025-12-23 00:00:00,2510.0
official_usgs_streamflow,01646500,01646500::origin=1,1,-160,2025-12-24 00:00:00,2590.0
official_usgs_streamflow,01646500,01646500::origin=1,1,-159,2025-12-25 00:00:00,3150.0
official_usgs_streamflow,01646500,01646500::origin=1,1,-158,2025-12-26 00:00:00,3100.0
official_usgs_streamflow,01646500,01646500::origin=1,1,-157,2025-12-27 00:00:00,2770.0
official_usgs_streamflow,01646500,01646500::origin=1,1,-156,2025-12-28 00:00:00,2510.0
official_usgs_streamflow,01646500,01646500::origin=1,1,-155,2025-12-29 00:00:00,2380.0
official_usgs_streamflow,01646500,01646500::origin=1,1,-154,2025-12-30 00:00:00,2310.0
official_usgs_streamflow,01646500,01646500::origin=1,1,-153,2025-12-31 00:00:00,2200.0
official_usgs_streamflow,01646500,01646500::origin=1,1,-152,2026-01-01 00:00:00,2260.0
official_usgs_streamflow,01646500,01646500::origin=1,1,-151,2026-01-02 00:00:00,2250.0
official_usgs_streamflow,01646500,01646500::origin=1,1,-150,2026-01-03 00:00:00,2100.0
official_usgs_streamflow,01646500,01646500::origin=1,1,-149,2026-01-04 00:00:00,1950.0
official_usgs_streamflow,01646500,01646500::origin=1,1,-148,2026-01-05 00:00:00,1840.0
official_usgs_streamflow,01646500,01646500::origin=1,1,-147,2026-01-06 00:00:00,1850.0
official_usgs_streamflow,01646500,01646500::origin=1,1,-146,2026-01-07 00:00:00,2010.0
official_usgs_streamflow,01646500,01646500::origin=1,1,-145,2026-01-08 00:00:00,1980.0
official_usgs_streamflow,01646500,01646500::origin=1,1,-144,2026-01-09 00:00:00,1840.0
official_usgs_streamflow,01646500,01646500::origin=1,1,-143,2026-01-10 00:00:00,2120.0
official_usgs_streamflow,01646500,01646500::origin=1,1,-142,2026-01-11 00:00:00,2970.0
official_usgs_streamflow,01646500,01646500::origin=1,1,-141,2026-01-12 00:00:00,2470.0
official_usgs_streamflow,01646500,01646500::origin=1,1,-140,2026-01-13 00:00:00,2660.0
official_usgs_streamflow,01646500,01646500::origin=1,1,-139,2026-01-14 00:00:00,2770.0
official_usgs_streamflow,01646500,01646500::origin=1,1,-138,2026-01-15 00:00:00,2980.0
official_usgs_streamflow,01646500,01646500::origin=1,1,-137,2026-01-16 00:00:00,3810.0
official_usgs_streamflow,01646500,01646500::origin=1,1,-136,2026-01-17 00:00:00,3650.0
official_usgs_streamflow,01646500,01646500::origin=1,1,-135,2026-01-18 00:00:00,3170.0
official_usgs_streamflow,01646500,01646500::origin=1,1,-134,2026-01-19 00:00:00,2990.0
official_usgs_streamflow,01646500,01646500::origin=1,1,-133,2026-01-20 00:00:00,2700.0
official_usgs_streamflow,01646500,01646500::origin=1,1,-132,2026-01-21 00:00:00,2170.0
official_usgs_streamflow,01646500,01646500::origin=1,1,-131,2026-01-22 00:00:00,2200.0
official_usgs_streamflow,01646500,01646500::origin=1,1,-130,2026-01-23 00:00:00,2110.0
official_usgs_streamflow,01646500,01646500::origin=1,1,-129,2026-01-24 00:00:00,1480.0
official_usgs_streamflow,01646500,01646500::origin=1,1,-128,2026-01-25 00:00:00,1360.0
official_usgs_streamflow,01646500,01646500::origin=1,1,-127,2026-01-26 00:00:00,1080.0
official_usgs_streamflow,01646500,01646500::origin=1,1,-126,2026-01-27 00:00:00,832.0
official_usgs_streamflow,01646500,01646500::origin=1,1,-125,2026-01-28 00:00:00,1100.0
official_usgs_streamflow,01646500,01646500::origin=1,1,-124,2026-01-29 00:00:00,1510.0
official_usgs_streamflow,01646500,01646500::origin=1,1,-123,2026-01-30 00:00:00,1630.0
official_usgs_streamflow,01646500,01646500::origin=1,1,-122,2026-01-31 00:00:00,1770.0
official_usgs_streamflow,01646500,01646500::origin=1,1,-121,2026-02-01 00:00:00,1840.0
official_usgs_streamflow,01646500,01646500::origin=1,1,-120,2026-02-02 00:00:00,1790.0
official_usgs_streamflow,01646500,01646500::origin=1,1,-119,2026-02-03 00:00:00,1710.0
official_usgs_streamflow,01646500,01646500::origin=1,1,-118,2026-02-04 00:00:00,1580.0
official_usgs_streamflow,01646500,01646500::origin=1,1,-117,2026-02-05 00:00:00,1520.0
official_usgs_streamflow,01646500,01646500::origin=1,1,-116,2026-02-06 00:00:00,1520.0
official_usgs_streamflow,01646500,01646500::origin=1,1,-115,2026-02-07 00:00:00,1510.0
official_usgs_streamflow,01646500,01646500::origin=1,1,-114,2026-02-08 00:00:00,1460.0
official_usgs_streamflow,01646500,01646500::origin=1,1,-113,2026-02-09 00:00:00,1300.0
official_usgs_streamflow,01646500,01646500::origin=1,1,-112,2026-02-10 00:00:00,1380.0
official_usgs_streamflow,01646500,01646500::origin=1,1,-111,2026-02-11 00:00:00,1430.0
official_usgs_streamflow,01646500,01646500::origin=1,1,-110,2026-02-12 00:00:00,1580.0
official_usgs_streamflow,01646500,01646500::origin=1,1,-109,2026-02-13 00:00:00,1670.0
official_usgs_streamflow,01646500,01646500::origin=1,1,-108,2026-02-14 00:00:00,1820.0
official_usgs_streamflow,01646500,01646500::origin=1,1,-107,2026-02-15 00:00:00,2260.0
official_usgs_streamflow,01646500,01646500::origin=1,1,-106,2026-02-16 00:00:00,4540.0
official_usgs_streamflow,01646500,01646500::origin=1,1,-105,2026-02-17 00:00:00,6320.0
official_usgs_streamflow,01646500,01646500::origin=1,1,-104,2026-02-18 00:00:00,7540.0
official_usgs_streamflow,01646500,01646500::origin=1,1,-103,2026-02-19 00:00:00,10100.0
official_usgs_streamflow,01646500,01646500::origin=1,1,-102,2026-02-20 00:00:00,15500.0
official_usgs_streamflow,01646500,01646500::origin=1,1,-101,2026-02-21 00:00:00,23200.0
official_usgs_streamflow,01646500,01646500::origin=1,1,-100,2026-02-22 00:00:00,31600.0
official_usgs_streamflow,01646500,01646500::origin=1,1,-99,2026-02-23 00:00:00,28400.0
official_usgs_streamflow,01646500,01646500::origin=1,1,-98,2026-02-24 00:00:00,22800.0
official_usgs_streamflow,01646500,01646500::origin=1,1,-97,2026-02-25 00:00:00,17900.0
official_usgs_streamflow,01646500,01646500::origin=1,1,-96,2026-02-26 00:00:00,14400.0
official_usgs_streamflow,01646500,01646500::origin=1,1,-95,2026-02-27 00:00:00,12200.0
official_usgs_streamflow,01646500,01646500::origin=1,1,-94,2026-02-28 00:00:00,10600.0
official_usgs_streamflow,01646500,01646500::origin=1,1,-93,2026-03-01 00:00:00,9290.0
official_usgs_streamflow,01646500,01646500::origin=1,1,-92,2026-03-02 00:00:00,8310.0
official_usgs_streamflow,01646500,01646500::origin=1,1,-91,2026-03-03 00:00:00,7750.0
official_usgs_streamflow,01646500,01646500::origin=1,1,-90,2026-03-04 00:00:00,7800.0
official_usgs_streamflow,01646500,01646500::origin=1,1,-89,2026-03-05 00:00:00,7780.0
official_usgs_streamflow,01646500,01646500::origin=1,1,-88,2026-03-06 00:00:00,8780.0
official_usgs_streamflow,01646500,01646500::origin=1,1,-87,2026-03-07 00:00:00,12600.0
official_usgs_streamflow,01646500,01646500::origin=1,1,-86,2026-03-08 00:00:00,16300.0
official_usgs_streamflow,01646500,01646500::origin=1,1,-85,2026-03-09 00:00:00,18000.0
official_usgs_streamflow,01646500,01646500::origin=1,1,-84,2026-03-10 00:00:00,16100.0
official_usgs_streamflow,01646500,01646500::origin=1,1,-83,2026-03-11 00:00:00,14100.0
official_usgs_streamflow,01646500,01646500::origin=1,1,-82,2026-03-12 00:00:00,13000.0
official_usgs_streamflow,01646500,01646500::origin=1,1,-81,2026-03-13 00:00:00,12700.0
official_usgs_streamflow,01646500,01646500::origin=1,1,-80,2026-03-14 00:00:00,12300.0
official_usgs_streamflow,01646500,01646500::origin=1,1,-79,2026-03-15 00:00:00,11400.0
official_usgs_streamflow,01646500,01646500::origin=1,1,-78,2026-03-16 00:00:00,12100.0
official_usgs_streamflow,01646500,01646500::origin=1,1,-77,2026-03-17 00:00:00,14500.0
official_usgs_streamflow,01646500,01646500::origin=1,1,-76,2026-03-18 00:00:00,15600.0
official_usgs_streamflow,01646500,01646500::origin=1,1,-75,2026-03-19 00:00:00,13400.0
official_usgs_streamflow,01646500,01646500::origin=1,1,-74,2026-03-20 00:00:00,12600.0
official_usgs_streamflow,01646500,01646500::origin=1,1,-73,2026-03-21 00:00:00,11900.0
official_usgs_streamflow,01646500,01646500::origin=1,1,-72,2026-03-22 00:00:00,11000.0
official_usgs_streamflow,01646500,01646500::origin=1,1,-71,2026-03-23 00:00:00,10300.0
official_usgs_streamflow,01646500,01646500::origin=1,1,-70,2026-03-24 00:00:00,9680.0
official_usgs_streamflow,01646500,01646500::origin=1,1,-69,2026-03-25 00:00:00,9390.0
official_usgs_streamflow,01646500,01646500::origin=1,1,-68,2026-03-26 00:00:00,8990.0
official_usgs_streamflow,01646500,01646500::origin=1,1,-67,2026-03-27 00:00:00,8530.0
official_usgs_streamflow,01646500,01646500::origin=1,1,-66,2026-03-28 00:00:00,8270.0
official_usgs_streamflow,01646500,01646500::origin=1,1,-65,2026-03-29 00:00:00,8460.0
official_usgs_streamflow,01646500,01646500::origin=1,1,-64,2026-03-30 00:00:00,9150.0
official_usgs_streamflow,01646500,01646500::origin=1,1,-63,2026-03-31 00:00:00,8840.0
official_usgs_streamflow,01646500,01646500::origin=1,1,-62,2026-04-01 00:00:00,8170.0
official_usgs_streamflow,01646500,01646500::origin=1,1,-61,2026-04-02 00:00:00,7800.0
official_usgs_streamflow,01646500,01646500::origin=1,1,-60,2026-04-03 00:00:00,7590.0
official_usgs_streamflow,01646500,01646500::origin=1,1,-59,2026-04-04 00:00:00,7350.0
official_usgs_streamflow,01646500,01646500::origin=1,1,-58,2026-04-05 00:00:00,7380.0
official_usgs_streamflow,01646500,01646500::origin=1,1,-57,2026-04-06 00:00:00,7520.0
official_usgs_streamflow,01646500,01646500::origin=1,1,-56,2026-04-07 00:00:00,7920.0
official_usgs_streamflow,01646500,01646500::origin=1,1,-55,2026-04-08 00:00:00,8050.0
official_usgs_streamflow,01646500,01646500::origin=1,1,-54,2026-04-09 00:00:00,7470.0
official_usgs_streamflow,01646500,01646500::origin=1,1,-53,2026-04-10 00:00:00,6880.0
official_usgs_streamflow,01646500,01646500::origin=1,1,-52,2026-04-11 00:00:00,6440.0
official_usgs_streamflow,01646500,01646500::origin=1,1,-51,2026-04-12 00:00:00,5980.0
official_usgs_streamflow,01646500,01646500::origin=1,1,-50,2026-04-13 00:00:00,5560.0
official_usgs_streamflow,01646500,01646500::origin=1,1,-49,2026-04-14 00:00:00,5280.0
official_usgs_streamflow,01646500,01646500::origin=1,1,-48,2026-04-15 00:00:00,4900.0
official_usgs_streamflow,01646500,01646500::origin=1,1,-47,2026-04-16 00:00:00,4830.0
official_usgs_streamflow,01646500,01646500::origin=1,1,-46,2026-04-17 00:00:00,4610.0
official_usgs_streamflow,01646500,01646500::origin=1,1,-45,2026-04-18 00:00:00,4410.0
official_usgs_streamflow,01646500,01646500::origin=1,1,-44,2026-04-19 00:00:00,4130.0
official_usgs_streamflow,01646500,01646500::origin=1,1,-43,2026-04-20 00:00:00,4070.0
official_usgs_streamflow,01646500,01646500::origin=1,1,-42,2026-04-21 00:00:00,4020.0
official_usgs_streamflow,01646500,01646500::origin=1,1,-41,2026-04-22 00:00:00,4010.0
official_usgs_streamflow,01646500,01646500::origin=1,1,-40,2026-04-23 00:00:00,3900.0
official_usgs_streamflow,01646500,01646500::origin=1,1,-39,2026-04-24 00:00:00,3570.0
official_usgs_streamflow,01646500,01646500::origin=1,1,-38,2026-04-25 00:00:00,3470.0
official_usgs_streamflow,01646500,01646500::origin=1,1,-37,2026-04-26 00:00:00,3400.0
official_usgs_streamflow,01646500,01646500::origin=1,1,-36,2026-04-27 00:00:00,3340.0
official_usgs_streamflow,01646500,01646500::origin=1,1,-35,2026-04-28 00:00:00,3330.0
official_usgs_streamflow,01646500,01646500::origin=1,1,-34,2026-04-29 00:00:00,3420.0
official_usgs_streamflow,01646500,01646500::origin=1,1,-33,2026-04-30 00:00:00,3700.0
official_usgs_streamflow,01646500,01646500::origin=1,1,-32,2026-05-01 00:00:00,3580.0
official_usgs_streamflow,01646500,01646500::origin=1,1,-31,2026-05-02 00:00:00,3710.0
official_usgs_streamflow,01646500,01646500::origin=1,1,-30,2026-05-03 00:00:00,4030.0
official_usgs_streamflow,01646500,01646500::origin=1,1,-29,2026-05-04 00:00:00,4020.0
official_usgs_streamflow,01646500,01646500::origin=1,1,-28,2026-05-05 00:00:00,3740.0
official_usgs_streamflow,01646500,01646500::origin=1,1,-27,2026-05-06 00:00:00,3690.0
official_usgs_streamflow,01646500,01646500::origin=1,1,-26,2026-05-07 00:00:00,3560.0
official_usgs_streamflow,01646500,01646500::origin=1,1,-25,2026-05-08 00:00:00,3270.0
official_usgs_streamflow,01646500,01646500::origin=1,1,-24,2026-05-09 00:00:00,3060.0
official_usgs_streamflow,01646500,01646500::origin=1,1,-23,2026-05-10 00:00:00,2920.0
official_usgs_streamflow,01646500,01646500::origin=1,1,-22,2026-05-11 00:00:00,2860.0
official_usgs_streamflow,01646500,01646500::origin=1,1,-21,2026-05-12 00:00:00,2700.0
official_usgs_streamflow,01646500,01646500::origin=1,1,-20,2026-05-13 00:00:00,2590.0
official_usgs_streamflow,01646500,01646500::origin=1,1,-19,2026-05-14 00:00:00,2770.0
official_usgs_streamflow,01646500,01646500::origin=1,1,-18,2026-05-15 00:00:00,2630.0
official_usgs_streamflow,01646500,01646500::origin=1,1,-17,2026-05-16 00:00:00,2510.0
official_usgs_streamflow,01646500,01646500::origin=1,1,-16,2026-05-17 00:00:00,2520.0
official_usgs_streamflow,01646500,01646500::origin=1,1,-15,2026-05-18 00:00:00,2440.0
official_usgs_streamflow,01646500,01646500::origin=1,1,-14,2026-05-19 00:00:00,2270.0
official_usgs_streamflow,01646500,01646500::origin=1,1,-13,2026-05-20 00:00:00,2210.0
official_usgs_streamflow,01646500,01646500::origin=1,1,-12,2026-05-21 00:00:00,2830.0
official_usgs_streamflow,01646500,01646500::origin=1,1,-11,2026-05-22 00:00:00,3110.0
official_usgs_streamflow,01646500,01646500::origin=1,1,-10,2026-05-23 00:00:00,5700.0
official_usgs_streamflow,01646500,01646500::origin=1,1,-9,2026-05-24 00:00:00,21500.0
official_usgs_streamflow,01646500,01646500::origin=1,1,-8,2026-05-25 00:00:00,39500.0
official_usgs_streamflow,01646500,01646500::origin=1,1,-7,2026-05-26 00:00:00,30300.0
official_usgs_streamflow,01646500,01646500::origin=1,1,-6,2026-05-27 00:00:00,26400.0
official_usgs_streamflow,01646500,01646500::origin=1,1,-5,2026-05-28 00:00:00,26300.0
official_usgs_streamflow,01646500,01646500::origin=1,1,-4,2026-05-29 00:00:00,36900.0
official_usgs_streamflow,01646500,01646500::origin=1,1,-3,2026-05-30 00:00:00,31900.0
official_usgs_streamflow,01646500,01646500::origin=1,1,-2,2026-05-31 00:00:00,22200.0
official_usgs_streamflow,01646500,01646500::origin=1,1,-1,2026-06-01 00:00:00,16200.0
official_usgs_streamflow,01646500,01646500::origin=2,2,-512,2024-12-07 00:00:00,2330.0
official_usgs_streamflow,01646500,01646500::origin=2,2,-511,2024-12-08 00:00:00,2220.0
official_usgs_streamflow,01646500,01646500::origin=2,2,-510,2024-12-09 00:00:00,2070.0
official_usgs_streamflow,01646500,01646500::origin=2,2,-509,2024-12-10 00:00:00,2080.0
official_usgs_streamflow,01646500,01646500::origin=2,2,-508,2024-12-11 00:00:00,2970.0
official_usgs_streamflow,01646500,01646500::origin=2,2,-507,2024-12-12 00:00:00,4320.0
official_usgs_streamflow,01646500,01646500::origin=2,2,-506,2024-12-13 00:00:00,6180.0
official_usgs_streamflow,01646500,01646500::origin=2,2,-505,2024-12-14 00:00:00,7650.0
official_usgs_streamflow,01646500,01646500::origin=2,2,-504,2024-12-15 00:00:00,7600.0
official_usgs_streamflow,01646500,01646500::origin=2,2,-503,2024-12-16 00:00:00,7650.0
official_usgs_streamflow,01646500,01646500::origin=2,2,-502,2024-12-17 00:00:00,6870.0
official_usgs_streamflow,01646500,01646500::origin=2,2,-501,2024-12-18 00:00:00,6480.0
official_usgs_streamflow,01646500,01646500::origin=2,2,-500,2024-12-19 00:00:00,6190.0
official_usgs_streamflow,01646500,01646500::origin=2,2,-499,2024-12-20 00:00:00,6400.0
official_usgs_streamflow,01646500,01646500::origin=2,2,-498,2024-12-21 00:00:00,7080.0
official_usgs_streamflow,01646500,01646500::origin=2,2,-497,2024-12-22 00:00:00,6720.0
official_usgs_streamflow,01646500,01646500::origin=2,2,-496,2024-12-23 00:00:00,6190.0
official_usgs_streamflow,01646500,01646500::origin=2,2,-495,2024-12-24 00:00:00,5550.0
official_usgs_streamflow,01646500,01646500::origin=2,2,-494,2024-12-25 00:00:00,5040.0
official_usgs_streamflow,01646500,01646500::origin=2,2,-493,2024-12-26 00:00:00,4720.0
official_usgs_streamflow,01646500,01646500::origin=2,2,-492,2024-12-27 00:00:00,4440.0
official_usgs_streamflow,01646500,01646500::origin=2,2,-491,2024-12-28 00:00:00,4400.0
official_usgs_streamflow,01646500,01646500::origin=2,2,-490,2024-12-29 00:00:00,4550.0
official_usgs_streamflow,01646500,01646500::origin=2,2,-489,2024-12-30 00:00:00,4510.0
official_usgs_streamflow,01646500,01646500::origin=2,2,-488,2024-12-31 00:00:00,4370.0
official_usgs_streamflow,01646500,01646500::origin=2,2,-487,2025-01-01 00:00:00,4870.0
official_usgs_streamflow,01646500,01646500::origin=2,2,-486,2025-01-02 00:00:00,4710.0
official_usgs_streamflow,01646500,01646500::origin=2,2,-485,2025-01-03 00:00:00,5200.0
official_usgs_streamflow,01646500,01646500::origin=2,2,-484,2025-01-04 00:00:00,5690.0
official_usgs_streamflow,01646500,01646500::origin=2,2,-483,2025-01-05 00:00:00,5560.0
official_usgs_streamflow,01646500,01646500::origin=2,2,-482,2025-01-06 00:00:00,5360.0
official_usgs_streamflow,01646500,01646500::origin=2,2,-481,2025-01-07 00:00:00,5040.0
official_usgs_streamflow,01646500,01646500::origin=2,2,-480,2025-01-08 00:00:00,4090.0
official_usgs_streamflow,01646500,01646500::origin=2,2,-479,2025-01-09 00:00:00,3280.0
official_usgs_streamflow,01646500,01646500::origin=2,2,-478,2025-01-10 00:00:00,2640.0
official_usgs_streamflow,01646500,01646500::origin=2,2,-477,2025-01-11 00:00:00,3020.0
official_usgs_streamflow,01646500,01646500::origin=2,2,-476,2025-01-12 00:00:00,4070.0
official_usgs_streamflow,01646500,01646500::origin=2,2,-475,2025-01-13 00:00:00,4060.0
official_usgs_streamflow,01646500,01646500::origin=2,2,-474,2025-01-14 00:00:00,3760.0
official_usgs_streamflow,01646500,01646500::origin=2,2,-473,2025-01-15 00:00:00,3320.0
official_usgs_streamflow,01646500,01646500::origin=2,2,-472,2025-01-16 00:00:00,2670.0
official_usgs_streamflow,01646500,01646500::origin=2,2,-471,2025-01-17 00:00:00,2640.0
official_usgs_streamflow,01646500,01646500::origin=2,2,-470,2025-01-18 00:00:00,3100.0
official_usgs_streamflow,01646500,01646500::origin=2,2,-469,2025-01-19 00:00:00,3930.0
official_usgs_streamflow,01646500,01646500::origin=2,2,-468,2025-01-20 00:00:00,3360.0
official_usgs_streamflow,01646500,01646500::origin=2,2,-467,2025-01-21 00:00:00,2400.0
official_usgs_streamflow,01646500,01646500::origin=2,2,-466,2025-01-22 00:00:00,2440.0
official_usgs_streamflow,01646500,01646500::origin=2,2,-465,2025-01-23 00:00:00,2280.0
official_usgs_streamflow,01646500,01646500::origin=2,2,-464,2025-01-24 00:00:00,2490.0
official_usgs_streamflow,01646500,01646500::origin=2,2,-463,2025-01-25 00:00:00,2760.0
official_usgs_streamflow,01646500,01646500::origin=2,2,-462,2025-01-26 00:00:00,3010.0
official_usgs_streamflow,01646500,01646500::origin=2,2,-461,2025-01-27 00:00:00,3320.0
official_usgs_streamflow,01646500,01646500::origin=2,2,-460,2025-01-28 00:00:00,3650.0
official_usgs_streamflow,01646500,01646500::origin=2,2,-459,2025-01-29 00:00:00,4010.0
official_usgs_streamflow,01646500,01646500::origin=2,2,-458,2025-01-30 00:00:00,4040.0
official_usgs_streamflow,01646500,01646500::origin=2,2,-457,2025-01-31 00:00:00,4340.0
official_usgs_streamflow,01646500,01646500::origin=2,2,-456,2025-02-01 00:00:00,5070.0
official_usgs_streamflow,01646500,01646500::origin=2,2,-455,2025-02-02 00:00:00,5150.0
official_usgs_streamflow,01646500,01646500::origin=2,2,-454,2025-02-03 00:00:00,7640.0
official_usgs_streamflow,01646500,01646500::origin=2,2,-453,2025-02-04 00:00:00,17500.0
official_usgs_streamflow,01646500,01646500::origin=2,2,-452,2025-02-05 00:00:00,13600.0
official_usgs_streamflow,01646500,01646500::origin=2,2,-451,2025-02-06 00:00:00,12000.0
official_usgs_streamflow,01646500,01646500::origin=2,2,-450,2025-02-07 00:00:00,11400.0
official_usgs_streamflow,01646500,01646500::origin=2,2,-449,2025-02-08 00:00:00,25400.0
official_usgs_streamflow,01646500,01646500::origin=2,2,-448,2025-02-09 00:00:00,37500.0
official_usgs_streamflow,01646500,01646500::origin=2,2,-447,2025-02-10 00:00:00,25700.0
official_usgs_streamflow,01646500,01646500::origin=2,2,-446,2025-02-11 00:00:00,21200.0
official_usgs_streamflow,01646500,01646500::origin=2,2,-445,2025-02-12 00:00:00,18300.0
official_usgs_streamflow,01646500,01646500::origin=2,2,-444,2025-02-13 00:00:00,15800.0
official_usgs_streamflow,01646500,01646500::origin=2,2,-443,2025-02-14 00:00:00,14600.0
official_usgs_streamflow,01646500,01646500::origin=2,2,-442,2025-02-15 00:00:00,14600.0
official_usgs_streamflow,01646500,01646500::origin=2,2,-441,2025-02-16 00:00:00,18700.0
official_usgs_streamflow,01646500,01646500::origin=2,2,-440,2025-02-17 00:00:00,19600.0
official_usgs_streamflow,01646500,01646500::origin=2,2,-439,2025-02-18 00:00:00,24100.0
official_usgs_streamflow,01646500,01646500::origin=2,2,-438,2025-02-19 00:00:00,24400.0
official_usgs_streamflow,01646500,01646500::origin=2,2,-437,2025-02-20 00:00:00,19700.0
official_usgs_streamflow,01646500,01646500::origin=2,2,-436,2025-02-21 00:00:00,16000.0
official_usgs_streamflow,01646500,01646500::origin=2,2,-435,2025-02-22 00:00:00,13900.0
official_usgs_streamflow,01646500,01646500::origin=2,2,-434,2025-02-23 00:00:00,12400.0
official_usgs_streamflow,01646500,01646500::origin=2,2,-433,2025-02-24 00:00:00,11000.0
official_usgs_streamflow,01646500,01646500::origin=2,2,-432,2025-02-25 00:00:00,10000.0
official_usgs_streamflow,01646500,01646500::origin=2,2,-431,2025-02-26 00:00:00,9330.0
official_usgs_streamflow,01646500,01646500::origin=2,2,-430,2025-02-27 00:00:00,8780.0
official_usgs_streamflow,01646500,01646500::origin=2,2,-429,2025-02-28 00:00:00,8270.0
official_usgs_streamflow,01646500,01646500::origin=2,2,-428,2025-03-01 00:00:00,7580.0
official_usgs_streamflow,01646500,01646500::origin=2,2,-427,2025-03-02 00:00:00,7220.0
official_usgs_streamflow,01646500,01646500::origin=2,2,-426,2025-03-03 00:00:00,6940.0
official_usgs_streamflow,01646500,01646500::origin=2,2,-425,2025-03-04 00:00:00,6790.0
official_usgs_streamflow,01646500,01646500::origin=2,2,-424,2025-03-05 00:00:00,6660.0
official_usgs_streamflow,01646500,01646500::origin=2,2,-423,2025-03-06 00:00:00,7080.0
official_usgs_streamflow,01646500,01646500::origin=2,2,-422,2025-03-07 00:00:00,7160.0
official_usgs_streamflow,01646500,01646500::origin=2,2,-421,2025-03-08 00:00:00,7960.0
official_usgs_streamflow,01646500,01646500::origin=2,2,-420,2025-03-09 00:00:00,9720.0
official_usgs_streamflow,01646500,01646500::origin=2,2,-419,2025-03-10 00:00:00,9240.0
official_usgs_streamflow,01646500,01646500::origin=2,2,-418,2025-03-11 00:00:00,8440.0
official_usgs_streamflow,01646500,01646500::origin=2,2,-417,2025-03-12 00:00:00,7780.0
official_usgs_streamflow,01646500,01646500::origin=2,2,-416,2025-03-13 00:00:00,7200.0
official_usgs_streamflow,01646500,01646500::origin=2,2,-415,2025-03-14 00:00:00,6710.0
official_usgs_streamflow,01646500,01646500::origin=2,2,-414,2025-03-15 00:00:00,6320.0
official_usgs_streamflow,01646500,01646500::origin=2,2,-413,2025-03-16 00:00:00,5940.0
official_usgs_streamflow,01646500,01646500::origin=2,2,-412,2025-03-17 00:00:00,5970.0
official_usgs_streamflow,01646500,01646500::origin=2,2,-411,2025-03-18 00:00:00,6200.0
official_usgs_streamflow,01646500,01646500::origin=2,2,-410,2025-03-19 00:00:00,8770.0
official_usgs_streamflow,01646500,01646500::origin=2,2,-409,2025-03-20 00:00:00,10400.0
official_usgs_streamflow,01646500,01646500::origin=2,2,-408,2025-03-21 00:00:00,10200.0
official_usgs_streamflow,01646500,01646500::origin=2,2,-407,2025-03-22 00:00:00,9100.0
official_usgs_streamflow,01646500,01646500::origin=2,2,-406,2025-03-23 00:00:00,8180.0
official_usgs_streamflow,01646500,01646500::origin=2,2,-405,2025-03-24 00:00:00,7410.0
official_usgs_streamflow,01646500,01646500::origin=2,2,-404,2025-03-25 00:00:00,6800.0
official_usgs_streamflow,01646500,01646500::origin=2,2,-403,2025-03-26 00:00:00,6180.0
official_usgs_streamflow,01646500,01646500::origin=2,2,-402,2025-03-27 00:00:00,5740.0
official_usgs_streamflow,01646500,01646500::origin=2,2,-401,2025-03-28 00:00:00,5360.0
official_usgs_streamflow,01646500,01646500::origin=2,2,-400,2025-03-29 00:00:00,5090.0
official_usgs_streamflow,01646500,01646500::origin=2,2,-399,2025-03-30 00:00:00,4810.0
official_usgs_streamflow,01646500,01646500::origin=2,2,-398,2025-03-31 00:00:00,4660.0
official_usgs_streamflow,01646500,01646500::origin=2,2,-397,2025-04-01 00:00:00,5250.0
official_usgs_streamflow,01646500,01646500::origin=2,2,-396,2025-04-02 00:00:00,5560.0
official_usgs_streamflow,01646500,01646500::origin=2,2,-395,2025-04-03 00:00:00,5680.0
official_usgs_streamflow,01646500,01646500::origin=2,2,-394,2025-04-04 00:00:00,5290.0
official_usgs_streamflow,01646500,01646500::origin=2,2,-393,2025-04-05 00:00:00,5220.0
official_usgs_streamflow,01646500,01646500::origin=2,2,-392,2025-04-06 00:00:00,5610.0
official_usgs_streamflow,01646500,01646500::origin=2,2,-391,2025-04-07 00:00:00,6660.0
official_usgs_streamflow,01646500,01646500::origin=2,2,-390,2025-04-08 00:00:00,7510.0
official_usgs_streamflow,01646500,01646500::origin=2,2,-389,2025-04-09 00:00:00,10300.0
official_usgs_streamflow,01646500,01646500::origin=2,2,-388,2025-04-10 00:00:00,13100.0
official_usgs_streamflow,01646500,01646500::origin=2,2,-387,2025-04-11 00:00:00,12400.0
official_usgs_streamflow,01646500,01646500::origin=2,2,-386,2025-04-12 00:00:00,11700.0
official_usgs_streamflow,01646500,01646500::origin=2,2,-385,2025-04-13 00:00:00,11500.0
official_usgs_streamflow,01646500,01646500::origin=2,2,-384,2025-04-14 00:00:00,10400.0
official_usgs_streamflow,01646500,01646500::origin=2,2,-383,2025-04-15 00:00:00,9420.0
official_usgs_streamflow,01646500,01646500::origin=2,2,-382,2025-04-16 00:00:00,8450.0
official_usgs_streamflow,01646500,01646500::origin=2,2,-381,2025-04-17 00:00:00,7860.0
official_usgs_streamflow,01646500,01646500::origin=2,2,-380,2025-04-18 00:00:00,7450.0
official_usgs_streamflow,01646500,01646500::origin=2,2,-379,2025-04-19 00:00:00,7540.0
official_usgs_streamflow,01646500,01646500::origin=2,2,-378,2025-04-20 00:00:00,7140.0
official_usgs_streamflow,01646500,01646500::origin=2,2,-377,2025-04-21 00:00:00,6550.0
official_usgs_streamflow,01646500,01646500::origin=2,2,-376,2025-04-22 00:00:00,6120.0
official_usgs_streamflow,01646500,01646500::origin=2,2,-375,2025-04-23 00:00:00,5720.0
official_usgs_streamflow,01646500,01646500::origin=2,2,-374,2025-04-24 00:00:00,5280.0
official_usgs_streamflow,01646500,01646500::origin=2,2,-373,2025-04-25 00:00:00,5060.0
official_usgs_streamflow,01646500,01646500::origin=2,2,-372,2025-04-26 00:00:00,5230.0
official_usgs_streamflow,01646500,01646500::origin=2,2,-371,2025-04-27 00:00:00,4870.0
official_usgs_streamflow,01646500,01646500::origin=2,2,-370,2025-04-28 00:00:00,4690.0
official_usgs_streamflow,01646500,01646500::origin=2,2,-369,2025-04-29 00:00:00,4810.0
official_usgs_streamflow,01646500,01646500::origin=2,2,-368,2025-04-30 00:00:00,4770.0
official_usgs_streamflow,01646500,01646500::origin=2,2,-367,2025-05-01 00:00:00,4740.0
official_usgs_streamflow,01646500,01646500::origin=2,2,-366,2025-05-02 00:00:00,4300.0
official_usgs_streamflow,01646500,01646500::origin=2,2,-365,2025-05-03 00:00:00,4160.0
official_usgs_streamflow,01646500,01646500::origin=2,2,-364,2025-05-04 00:00:00,6570.0
official_usgs_streamflow,01646500,01646500::origin=2,2,-363,2025-05-05 00:00:00,9320.0
official_usgs_streamflow,01646500,01646500::origin=2,2,-362,2025-05-06 00:00:00,13700.0
official_usgs_streamflow,01646500,01646500::origin=2,2,-361,2025-05-07 00:00:00,15700.0
official_usgs_streamflow,01646500,01646500::origin=2,2,-360,2025-05-08 00:00:00,14900.0
official_usgs_streamflow,01646500,01646500::origin=2,2,-359,2025-05-09 00:00:00,13500.0
official_usgs_streamflow,01646500,01646500::origin=2,2,-358,2025-05-10 00:00:00,12100.0
official_usgs_streamflow,01646500,01646500::origin=2,2,-357,2025-05-11 00:00:00,12200.0
official_usgs_streamflow,01646500,01646500::origin=2,2,-356,2025-05-12 00:00:00,11200.0
official_usgs_streamflow,01646500,01646500::origin=2,2,-355,2025-05-13 00:00:00,12300.0
official_usgs_streamflow,01646500,01646500::origin=2,2,-354,2025-05-14 00:00:00,25900.0
official_usgs_streamflow,01646500,01646500::origin=2,2,-353,2025-05-15 00:00:00,136000.0
official_usgs_streamflow,01646500,01646500::origin=2,2,-352,2025-05-16 00:00:00,121000.0
official_usgs_streamflow,01646500,01646500::origin=2,2,-351,2025-05-17 00:00:00,63100.0
official_usgs_streamflow,01646500,01646500::origin=2,2,-350,2025-05-18 00:00:00,41700.0
official_usgs_streamflow,01646500,01646500::origin=2,2,-349,2025-05-19 00:00:00,30000.0
official_usgs_streamflow,01646500,01646500::origin=2,2,-348,2025-05-20 00:00:00,22700.0
official_usgs_streamflow,01646500,01646500::origin=2,2,-347,2025-05-21 00:00:00,17700.0
official_usgs_streamflow,01646500,01646500::origin=2,2,-346,2025-05-22 00:00:00,15600.0
official_usgs_streamflow,01646500,01646500::origin=2,2,-345,2025-05-23 00:00:00,15500.0
official_usgs_streamflow,01646500,01646500::origin=2,2,-344,2025-05-24 00:00:00,19800.0
official_usgs_streamflow,01646500,01646500::origin=2,2,-343,2025-05-25 00:00:00,16600.0
official_usgs_streamflow,01646500,01646500::origin=2,2,-342,2025-05-26 00:00:00,14400.0
official_usgs_streamflow,01646500,01646500::origin=2,2,-341,2025-05-27 00:00:00,12500.0
official_usgs_streamflow,01646500,01646500::origin=2,2,-340,2025-05-28 00:00:00,13500.0
official_usgs_streamflow,01646500,01646500::origin=2,2,-339,2025-05-29 00:00:00,22300.0
official_usgs_streamflow,01646500,01646500::origin=2,2,-338,2025-05-30 00:00:00,45700.0
official_usgs_streamflow,01646500,01646500::origin=2,2,-337,2025-05-31 00:00:00,43000.0
official_usgs_streamflow,01646500,01646500::origin=2,2,-336,2025-06-01 00:00:00,44700.0
official_usgs_streamflow,01646500,01646500::origin=2,2,-335,2025-06-02 00:00:00,40200.0
official_usgs_streamflow,01646500,01646500::origin=2,2,-334,2025-06-03 00:00:00,29100.0
official_usgs_streamflow,01646500,01646500::origin=2,2,-333,2025-06-04 00:00:00,22700.0
official_usgs_streamflow,01646500,01646500::origin=2,2,-332,2025-06-05 00:00:00,17300.0
official_usgs_streamflow,01646500,01646500::origin=2,2,-331,2025-06-06 00:00:00,14100.0
official_usgs_streamflow,01646500,01646500::origin=2,2,-330,2025-06-07 00:00:00,12600.0
official_usgs_streamflow,01646500,01646500::origin=2,2,-329,2025-06-08 00:00:00,12200.0
official_usgs_streamflow,01646500,01646500::origin=2,2,-328,2025-06-09 00:00:00,14300.0
official_usgs_streamflow,01646500,01646500::origin=2,2,-327,2025-06-10 00:00:00,22600.0
official_usgs_streamflow,01646500,01646500::origin=2,2,-326,2025-06-11 00:00:00,31000.0
official_usgs_streamflow,01646500,01646500::origin=2,2,-325,2025-06-12 00:00:00,27200.0
official_usgs_streamflow,01646500,01646500::origin=2,2,-324,2025-06-13 00:00:00,18700.0
official_usgs_streamflow,01646500,01646500::origin=2,2,-323,2025-06-14 00:00:00,15400.0
official_usgs_streamflow,01646500,01646500::origin=2,2,-322,2025-06-15 00:00:00,14600.0
official_usgs_streamflow,01646500,01646500::origin=2,2,-321,2025-06-16 00:00:00,18300.0
official_usgs_streamflow,01646500,01646500::origin=2,2,-320,2025-06-17 00:00:00,22600.0
official_usgs_streamflow,01646500,01646500::origin=2,2,-319,2025-06-18 00:00:00,30200.0
official_usgs_streamflow,01646500,01646500::origin=2,2,-318,2025-06-19 00:00:00,44400.0
official_usgs_streamflow,01646500,01646500::origin=2,2,-317,2025-06-20 00:00:00,40300.0
official_usgs_streamflow,01646500,01646500::origin=2,2,-316,2025-06-21 00:00:00,28800.0
official_usgs_streamflow,01646500,01646500::origin=2,2,-315,2025-06-22 00:00:00,21300.0
official_usgs_streamflow,01646500,01646500::origin=2,2,-314,2025-06-23 00:00:00,16500.0
official_usgs_streamflow,01646500,01646500::origin=2,2,-313,2025-06-24 00:00:00,13400.0
official_usgs_streamflow,01646500,01646500::origin=2,2,-312,2025-06-25 00:00:00,11000.0
official_usgs_streamflow,01646500,01646500::origin=2,2,-311,2025-06-26 00:00:00,9920.0
official_usgs_streamflow,01646500,01646500::origin=2,2,-310,2025-06-27 00:00:00,9010.0
official_usgs_streamflow,01646500,01646500::origin=2,2,-309,2025-06-28 00:00:00,8760.0
official_usgs_streamflow,01646500,01646500::origin=2,2,-308,2025-06-29 00:00:00,8830.0
official_usgs_streamflow,01646500,01646500::origin=2,2,-307,2025-06-30 00:00:00,8350.0
official_usgs_streamflow,01646500,01646500::origin=2,2,-306,2025-07-01 00:00:00,9360.0
official_usgs_streamflow,01646500,01646500::origin=2,2,-305,2025-07-02 00:00:00,11200.0
official_usgs_streamflow,01646500,01646500::origin=2,2,-304,2025-07-03 00:00:00,12400.0
official_usgs_streamflow,01646500,01646500::origin=2,2,-303,2025-07-04 00:00:00,15900.0
official_usgs_streamflow,01646500,01646500::origin=2,2,-302,2025-07-05 00:00:00,14800.0
official_usgs_streamflow,01646500,01646500::origin=2,2,-301,2025-07-06 00:00:00,10800.0
official_usgs_streamflow,01646500,01646500::origin=2,2,-300,2025-07-07 00:00:00,8420.0
official_usgs_streamflow,01646500,01646500::origin=2,2,-299,2025-07-08 00:00:00,7160.0
official_usgs_streamflow,01646500,01646500::origin=2,2,-298,2025-07-09 00:00:00,7070.0
official_usgs_streamflow,01646500,01646500::origin=2,2,-297,2025-07-10 00:00:00,7520.0
official_usgs_streamflow,01646500,01646500::origin=2,2,-296,2025-07-11 00:00:00,6460.0
official_usgs_streamflow,01646500,01646500::origin=2,2,-295,2025-07-12 00:00:00,7200.0
official_usgs_streamflow,01646500,01646500::origin=2,2,-294,2025-07-13 00:00:00,7110.0
official_usgs_streamflow,01646500,01646500::origin=2,2,-293,2025-07-14 00:00:00,7250.0
official_usgs_streamflow,01646500,01646500::origin=2,2,-292,2025-07-15 00:00:00,6520.0
official_usgs_streamflow,01646500,01646500::origin=2,2,-291,2025-07-16 00:00:00,8650.0
official_usgs_streamflow,01646500,01646500::origin=2,2,-290,2025-07-17 00:00:00,11300.0
official_usgs_streamflow,01646500,01646500::origin=2,2,-289,2025-07-18 00:00:00,14800.0
official_usgs_streamflow,01646500,01646500::origin=2,2,-288,2025-07-19 00:00:00,16300.0
official_usgs_streamflow,01646500,01646500::origin=2,2,-287,2025-07-20 00:00:00,14000.0
official_usgs_streamflow,01646500,01646500::origin=2,2,-286,2025-07-21 00:00:00,13700.0
official_usgs_streamflow,01646500,01646500::origin=2,2,-285,2025-07-22 00:00:00,15300.0
official_usgs_streamflow,01646500,01646500::origin=2,2,-284,2025-07-23 00:00:00,12500.0
official_usgs_streamflow,01646500,01646500::origin=2,2,-283,2025-07-24 00:00:00,9750.0
official_usgs_streamflow,01646500,01646500::origin=2,2,-282,2025-07-25 00:00:00,7850.0
official_usgs_streamflow,01646500,01646500::origin=2,2,-281,2025-07-26 00:00:00,6650.0
official_usgs_streamflow,01646500,01646500::origin=2,2,-280,2025-07-27 00:00:00,7300.0
official_usgs_streamflow,01646500,01646500::origin=2,2,-279,2025-07-28 00:00:00,6320.0
official_usgs_streamflow,01646500,01646500::origin=2,2,-278,2025-07-29 00:00:00,6030.0
official_usgs_streamflow,01646500,01646500::origin=2,2,-277,2025-07-30 00:00:00,5680.0
official_usgs_streamflow,01646500,01646500::origin=2,2,-276,2025-07-31 00:00:00,7050.0
official_usgs_streamflow,01646500,01646500::origin=2,2,-275,2025-08-01 00:00:00,6390.0
official_usgs_streamflow,01646500,01646500::origin=2,2,-274,2025-08-02 00:00:00,6870.0
official_usgs_streamflow,01646500,01646500::origin=2,2,-273,2025-08-03 00:00:00,7170.0
official_usgs_streamflow,01646500,01646500::origin=2,2,-272,2025-08-04 00:00:00,7420.0
official_usgs_streamflow,01646500,01646500::origin=2,2,-271,2025-08-05 00:00:00,6280.0
official_usgs_streamflow,01646500,01646500::origin=2,2,-270,2025-08-06 00:00:00,5310.0
official_usgs_streamflow,01646500,01646500::origin=2,2,-269,2025-08-07 00:00:00,4610.0
official_usgs_streamflow,01646500,01646500::origin=2,2,-268,2025-08-08 00:00:00,4090.0
official_usgs_streamflow,01646500,01646500::origin=2,2,-267,2025-08-09 00:00:00,3810.0
official_usgs_streamflow,01646500,01646500::origin=2,2,-266,2025-08-10 00:00:00,3460.0
official_usgs_streamflow,01646500,01646500::origin=2,2,-265,2025-08-11 00:00:00,3150.0
official_usgs_streamflow,01646500,01646500::origin=2,2,-264,2025-08-12 00:00:00,2940.0
official_usgs_streamflow,01646500,01646500::origin=2,2,-263,2025-08-13 00:00:00,3040.0
official_usgs_streamflow,01646500,01646500::origin=2,2,-262,2025-08-14 00:00:00,2900.0
official_usgs_streamflow,01646500,01646500::origin=2,2,-261,2025-08-15 00:00:00,2810.0
official_usgs_streamflow,01646500,01646500::origin=2,2,-260,2025-08-16 00:00:00,3430.0
official_usgs_streamflow,01646500,01646500::origin=2,2,-259,2025-08-17 00:00:00,3230.0
official_usgs_streamflow,01646500,01646500::origin=2,2,-258,2025-08-18 00:00:00,3690.0
official_usgs_streamflow,01646500,01646500::origin=2,2,-257,2025-08-19 00:00:00,3420.0
official_usgs_streamflow,01646500,01646500::origin=2,2,-256,2025-08-20 00:00:00,3050.0
official_usgs_streamflow,01646500,01646500::origin=2,2,-255,2025-08-21 00:00:00,2840.0
official_usgs_streamflow,01646500,01646500::origin=2,2,-254,2025-08-22 00:00:00,2750.0
official_usgs_streamflow,01646500,01646500::origin=2,2,-253,2025-08-23 00:00:00,2540.0
official_usgs_streamflow,01646500,01646500::origin=2,2,-252,2025-08-24 00:00:00,2460.0
official_usgs_streamflow,01646500,01646500::origin=2,2,-251,2025-08-25 00:00:00,2320.0
official_usgs_streamflow,01646500,01646500::origin=2,2,-250,2025-08-26 00:00:00,2290.0
official_usgs_streamflow,01646500,01646500::origin=2,2,-249,2025-08-27 00:00:00,2490.0
official_usgs_streamflow,01646500,01646500::origin=2,2,-248,2025-08-28 00:00:00,2290.0
official_usgs_streamflow,01646500,01646500::origin=2,2,-247,2025-08-29 00:00:00,2110.0
official_usgs_streamflow,01646500,01646500::origin=2,2,-246,2025-08-30 00:00:00,2110.0
official_usgs_streamflow,01646500,01646500::origin=2,2,-245,2025-08-31 00:00:00,1910.0
official_usgs_streamflow,01646500,01646500::origin=2,2,-244,2025-09-01 00:00:00,1780.0
official_usgs_streamflow,01646500,01646500::origin=2,2,-243,2025-09-02 00:00:00,1650.0
official_usgs_streamflow,01646500,01646500::origin=2,2,-242,2025-09-03 00:00:00,1610.0
official_usgs_streamflow,01646500,01646500::origin=2,2,-241,2025-09-04 00:00:00,1560.0
official_usgs_streamflow,01646500,01646500::origin=2,2,-240,2025-09-05 00:00:00,1620.0
official_usgs_streamflow,01646500,01646500::origin=2,2,-239,2025-09-06 00:00:00,1800.0
official_usgs_streamflow,01646500,01646500::origin=2,2,-238,2025-09-07 00:00:00,1620.0
official_usgs_streamflow,01646500,01646500::origin=2,2,-237,2025-09-08 00:00:00,1530.0
official_usgs_streamflow,01646500,01646500::origin=2,2,-236,2025-09-09 00:00:00,1510.0
official_usgs_streamflow,01646500,01646500::origin=2,2,-235,2025-09-10 00:00:00,1520.0
official_usgs_streamflow,01646500,01646500::origin=2,2,-234,2025-09-11 00:00:00,1490.0
official_usgs_streamflow,01646500,01646500::origin=2,2,-233,2025-09-12 00:00:00,1420.0
official_usgs_streamflow,01646500,01646500::origin=2,2,-232,2025-09-13 00:00:00,1360.0
official_usgs_streamflow,01646500,01646500::origin=2,2,-231,2025-09-14 00:00:00,1330.0
official_usgs_streamflow,01646500,01646500::origin=2,2,-230,2025-09-15 00:00:00,1230.0
official_usgs_streamflow,01646500,01646500::origin=2,2,-229,2025-09-16 00:00:00,1290.0
official_usgs_streamflow,01646500,01646500::origin=2,2,-228,2025-09-17 00:00:00,1620.0
official_usgs_streamflow,01646500,01646500::origin=2,2,-227,2025-09-18 00:00:00,2070.0
official_usgs_streamflow,01646500,01646500::origin=2,2,-226,2025-09-19 00:00:00,2760.0
official_usgs_streamflow,01646500,01646500::origin=2,2,-225,2025-09-20 00:00:00,2250.0
official_usgs_streamflow,01646500,01646500::origin=2,2,-224,2025-09-21 00:00:00,1990.0
official_usgs_streamflow,01646500,01646500::origin=2,2,-223,2025-09-22 00:00:00,1670.0
official_usgs_streamflow,01646500,01646500::origin=2,2,-222,2025-09-23 00:00:00,1490.0
official_usgs_streamflow,01646500,01646500::origin=2,2,-221,2025-09-24 00:00:00,1540.0
official_usgs_streamflow,01646500,01646500::origin=2,2,-220,2025-09-25 00:00:00,1720.0
official_usgs_streamflow,01646500,01646500::origin=2,2,-219,2025-09-26 00:00:00,1620.0
official_usgs_streamflow,01646500,01646500::origin=2,2,-218,2025-09-27 00:00:00,1760.0
official_usgs_streamflow,01646500,01646500::origin=2,2,-217,2025-09-28 00:00:00,1970.0
official_usgs_streamflow,01646500,01646500::origin=2,2,-216,2025-09-29 00:00:00,1860.0
official_usgs_streamflow,01646500,01646500::origin=2,2,-215,2025-09-30 00:00:00,1820.0
official_usgs_streamflow,01646500,01646500::origin=2,2,-214,2025-10-01 00:00:00,1800.0
official_usgs_streamflow,01646500,01646500::origin=2,2,-213,2025-10-02 00:00:00,1740.0
official_usgs_streamflow,01646500,01646500::origin=2,2,-212,2025-10-03 00:00:00,1710.0
official_usgs_streamflow,01646500,01646500::origin=2,2,-211,2025-10-04 00:00:00,1580.0
official_usgs_streamflow,01646500,01646500::origin=2,2,-210,2025-10-05 00:00:00,1510.0
official_usgs_streamflow,01646500,01646500::origin=2,2,-209,2025-10-06 00:00:00,1390.0
official_usgs_streamflow,01646500,01646500::origin=2,2,-208,2025-10-07 00:00:00,1350.0
official_usgs_streamflow,01646500,01646500::origin=2,2,-207,2025-10-08 00:00:00,1430.0
official_usgs_streamflow,01646500,01646500::origin=2,2,-206,2025-10-09 00:00:00,1400.0
official_usgs_streamflow,01646500,01646500::origin=2,2,-205,2025-10-10 00:00:00,1420.0
official_usgs_streamflow,01646500,01646500::origin=2,2,-204,2025-10-11 00:00:00,1730.0
official_usgs_streamflow,01646500,01646500::origin=2,2,-203,2025-10-12 00:00:00,1830.0
official_usgs_streamflow,01646500,01646500::origin=2,2,-202,2025-10-13 00:00:00,1660.0
official_usgs_streamflow,01646500,01646500::origin=2,2,-201,2025-10-14 00:00:00,1650.0
official_usgs_streamflow,01646500,01646500::origin=2,2,-200,2025-10-15 00:00:00,1630.0
official_usgs_streamflow,01646500,01646500::origin=2,2,-199,2025-10-16 00:00:00,1490.0
official_usgs_streamflow,01646500,01646500::origin=2,2,-198,2025-10-17 00:00:00,1460.0
official_usgs_streamflow,01646500,01646500::origin=2,2,-197,2025-10-18 00:00:00,1450.0
official_usgs_streamflow,01646500,01646500::origin=2,2,-196,2025-10-19 00:00:00,1450.0
official_usgs_streamflow,01646500,01646500::origin=2,2,-195,2025-10-20 00:00:00,1620.0
official_usgs_streamflow,01646500,01646500::origin=2,2,-194,2025-10-21 00:00:00,1520.0
official_usgs_streamflow,01646500,01646500::origin=2,2,-193,2025-10-22 00:00:00,1570.0
official_usgs_streamflow,01646500,01646500::origin=2,2,-192,2025-10-23 00:00:00,1510.0
official_usgs_streamflow,01646500,01646500::origin=2,2,-191,2025-10-24 00:00:00,1470.0
official_usgs_streamflow,01646500,01646500::origin=2,2,-190,2025-10-25 00:00:00,1430.0
official_usgs_streamflow,01646500,01646500::origin=2,2,-189,2025-10-26 00:00:00,1420.0
official_usgs_streamflow,01646500,01646500::origin=2,2,-188,2025-10-27 00:00:00,1390.0
official_usgs_streamflow,01646500,01646500::origin=2,2,-187,2025-10-28 00:00:00,1340.0
official_usgs_streamflow,01646500,01646500::origin=2,2,-186,2025-10-29 00:00:00,1370.0
official_usgs_streamflow,01646500,01646500::origin=2,2,-185,2025-10-30 00:00:00,2180.0
official_usgs_streamflow,01646500,01646500::origin=2,2,-184,2025-10-31 00:00:00,2530.0
official_usgs_streamflow,01646500,01646500::origin=2,2,-183,2025-11-01 00:00:00,2540.0
official_usgs_streamflow,01646500,01646500::origin=2,2,-182,2025-11-02 00:00:00,3040.0
official_usgs_streamflow,01646500,01646500::origin=2,2,-181,2025-11-03 00:00:00,2920.0
official_usgs_streamflow,01646500,01646500::origin=2,2,-180,2025-11-04 00:00:00,2910.0
official_usgs_streamflow,01646500,01646500::origin=2,2,-179,2025-11-05 00:00:00,2610.0
official_usgs_streamflow,01646500,01646500::origin=2,2,-178,2025-11-06 00:00:00,2200.0
official_usgs_streamflow,01646500,01646500::origin=2,2,-177,2025-11-07 00:00:00,1940.0
official_usgs_streamflow,01646500,01646500::origin=2,2,-176,2025-11-08 00:00:00,1930.0
official_usgs_streamflow,01646500,01646500::origin=2,2,-175,2025-11-09 00:00:00,1840.0
official_usgs_streamflow,01646500,01646500::origin=2,2,-174,2025-11-10 00:00:00,1710.0
official_usgs_streamflow,01646500,01646500::origin=2,2,-173,2025-11-11 00:00:00,1690.0
official_usgs_streamflow,01646500,01646500::origin=2,2,-172,2025-11-12 00:00:00,1570.0
official_usgs_streamflow,01646500,01646500::origin=2,2,-171,2025-11-13 00:00:00,1500.0
official_usgs_streamflow,01646500,01646500::origin=2,2,-170,2025-11-14 00:00:00,1540.0
official_usgs_streamflow,01646500,01646500::origin=2,2,-169,2025-11-15 00:00:00,1510.0
official_usgs_streamflow,01646500,01646500::origin=2,2,-168,2025-11-16 00:00:00,1460.0
official_usgs_streamflow,01646500,01646500::origin=2,2,-167,2025-11-17 00:00:00,1430.0
official_usgs_streamflow,01646500,01646500::origin=2,2,-166,2025-11-18 00:00:00,1440.0
official_usgs_streamflow,01646500,01646500::origin=2,2,-165,2025-11-19 00:00:00,1540.0
official_usgs_streamflow,01646500,01646500::origin=2,2,-164,2025-11-20 00:00:00,1590.0
official_usgs_streamflow,01646500,01646500::origin=2,2,-163,2025-11-21 00:00:00,1590.0
official_usgs_streamflow,01646500,01646500::origin=2,2,-162,2025-11-22 00:00:00,1700.0
official_usgs_streamflow,01646500,01646500::origin=2,2,-161,2025-11-23 00:00:00,1820.0
official_usgs_streamflow,01646500,01646500::origin=2,2,-160,2025-11-24 00:00:00,1830.0
official_usgs_streamflow,01646500,01646500::origin=2,2,-159,2025-11-25 00:00:00,1890.0
official_usgs_streamflow,01646500,01646500::origin=2,2,-158,2025-11-26 00:00:00,2100.0
official_usgs_streamflow,01646500,01646500::origin=2,2,-157,2025-11-27 00:00:00,2110.0
official_usgs_streamflow,01646500,01646500::origin=2,2,-156,2025-11-28 00:00:00,2220.0
official_usgs_streamflow,01646500,01646500::origin=2,2,-155,2025-11-29 00:00:00,2220.0
official_usgs_streamflow,01646500,01646500::origin=2,2,-154,2025-11-30 00:00:00,2270.0
official_usgs_streamflow,01646500,01646500::origin=2,2,-153,2025-12-01 00:00:00,2120.0
official_usgs_streamflow,01646500,01646500::origin=2,2,-152,2025-12-02 00:00:00,2340.0
official_usgs_streamflow,01646500,01646500::origin=2,2,-151,2025-12-03 00:00:00,2690.0
official_usgs_streamflow,01646500,01646500::origin=2,2,-150,2025-12-04 00:00:00,2670.0
official_usgs_streamflow,01646500,01646500::origin=2,2,-149,2025-12-05 00:00:00,2560.0
official_usgs_streamflow,01646500,01646500::origin=2,2,-148,2025-12-06 00:00:00,2450.0
official_usgs_streamflow,01646500,01646500::origin=2,2,-147,2025-12-07 00:00:00,2290.0
official_usgs_streamflow,01646500,01646500::origin=2,2,-146,2025-12-08 00:00:00,2110.0
official_usgs_streamflow,01646500,01646500::origin=2,2,-145,2025-12-09 00:00:00,2130.0
official_usgs_streamflow,01646500,01646500::origin=2,2,-144,2025-12-10 00:00:00,2060.0
official_usgs_streamflow,01646500,01646500::origin=2,2,-143,2025-12-11 00:00:00,1930.0
official_usgs_streamflow,01646500,01646500::origin=2,2,-142,2025-12-12 00:00:00,1860.0
official_usgs_streamflow,01646500,01646500::origin=2,2,-141,2025-12-13 00:00:00,1820.0
official_usgs_streamflow,01646500,01646500::origin=2,2,-140,2025-12-14 00:00:00,1690.0
official_usgs_streamflow,01646500,01646500::origin=2,2,-139,2025-12-15 00:00:00,1540.0
official_usgs_streamflow,01646500,01646500::origin=2,2,-138,2025-12-16 00:00:00,1420.0
official_usgs_streamflow,01646500,01646500::origin=2,2,-137,2025-12-17 00:00:00,1470.0
official_usgs_streamflow,01646500,01646500::origin=2,2,-136,2025-12-18 00:00:00,1410.0
official_usgs_streamflow,01646500,01646500::origin=2,2,-135,2025-12-19 00:00:00,1870.0
official_usgs_streamflow,01646500,01646500::origin=2,2,-134,2025-12-20 00:00:00,2220.0
official_usgs_streamflow,01646500,01646500::origin=2,2,-133,2025-12-21 00:00:00,2330.0
official_usgs_streamflow,01646500,01646500::origin=2,2,-132,2025-12-22 00:00:00,2520.0
official_usgs_streamflow,01646500,01646500::origin=2,2,-131,2025-12-23 00:00:00,2510.0
official_usgs_streamflow,01646500,01646500::origin=2,2,-130,2025-12-24 00:00:00,2590.0
official_usgs_streamflow,01646500,01646500::origin=2,2,-129,2025-12-25 00:00:00,3150.0
official_usgs_streamflow,01646500,01646500::origin=2,2,-128,2025-12-26 00:00:00,3100.0
official_usgs_streamflow,01646500,01646500::origin=2,2,-127,2025-12-27 00:00:00,2770.0
official_usgs_streamflow,01646500,01646500::origin=2,2,-126,2025-12-28 00:00:00,2510.0
official_usgs_streamflow,01646500,01646500::origin=2,2,-125,2025-12-29 00:00:00,2380.0
official_usgs_streamflow,01646500,01646500::origin=2,2,-124,2025-12-30 00:00:00,2310.0
official_usgs_streamflow,01646500,01646500::origin=2,2,-123,2025-12-31 00:00:00,2200.0
official_usgs_streamflow,01646500,01646500::origin=2,2,-122,2026-01-01 00:00:00,2260.0
official_usgs_streamflow,01646500,01646500::origin=2,2,-121,2026-01-02 00:00:00,2250.0
official_usgs_streamflow,01646500,01646500::origin=2,2,-120,2026-01-03 00:00:00,2100.0
official_usgs_streamflow,01646500,01646500::origin=2,2,-119,2026-01-04 00:00:00,1950.0
official_usgs_streamflow,01646500,01646500::origin=2,2,-118,2026-01-05 00:00:00,1840.0
official_usgs_streamflow,01646500,01646500::origin=2,2,-117,2026-01-06 00:00:00,1850.0
official_usgs_streamflow,01646500,01646500::origin=2,2,-116,2026-01-07 00:00:00,2010.0
official_usgs_streamflow,01646500,01646500::origin=2,2,-115,2026-01-08 00:00:00,1980.0
official_usgs_streamflow,01646500,01646500::origin=2,2,-114,2026-01-09 00:00:00,1840.0
official_usgs_streamflow,01646500,01646500::origin=2,2,-113,2026-01-10 00:00:00,2120.0
official_usgs_streamflow,01646500,01646500::origin=2,2,-112,2026-01-11 00:00:00,2970.0
official_usgs_streamflow,01646500,01646500::origin=2,2,-111,2026-01-12 00:00:00,2470.0
official_usgs_streamflow,01646500,01646500::origin=2,2,-110,2026-01-13 00:00:00,2660.0
official_usgs_streamflow,01646500,01646500::origin=2,2,-109,2026-01-14 00:00:00,2770.0
official_usgs_streamflow,01646500,01646500::origin=2,2,-108,2026-01-15 00:00:00,2980.0
official_usgs_streamflow,01646500,01646500::origin=2,2,-107,2026-01-16 00:00:00,3810.0
official_usgs_streamflow,01646500,01646500::origin=2,2,-106,2026-01-17 00:00:00,3650.0
official_usgs_streamflow,01646500,01646500::origin=2,2,-105,2026-01-18 00:00:00,3170.0
official_usgs_streamflow,01646500,01646500::origin=2,2,-104,2026-01-19 00:00:00,2990.0
official_usgs_streamflow,01646500,01646500::origin=2,2,-103,2026-01-20 00:00:00,2700.0
official_usgs_streamflow,01646500,01646500::origin=2,2,-102,2026-01-21 00:00:00,2170.0
official_usgs_streamflow,01646500,01646500::origin=2,2,-101,2026-01-22 00:00:00,2200.0
official_usgs_streamflow,01646500,01646500::origin=2,2,-100,2026-01-23 00:00:00,2110.0
official_usgs_streamflow,01646500,01646500::origin=2,2,-99,2026-01-24 00:00:00,1480.0
official_usgs_streamflow,01646500,01646500::origin=2,2,-98,2026-01-25 00:00:00,1360.0
official_usgs_streamflow,01646500,01646500::origin=2,2,-97,2026-01-26 00:00:00,1080.0
official_usgs_streamflow,01646500,01646500::origin=2,2,-96,2026-01-27 00:00:00,832.0
official_usgs_streamflow,01646500,01646500::origin=2,2,-95,2026-01-28 00:00:00,1100.0
official_usgs_streamflow,01646500,01646500::origin=2,2,-94,2026-01-29 00:00:00,1510.0
official_usgs_streamflow,01646500,01646500::origin=2,2,-93,2026-01-30 00:00:00,1630.0
official_usgs_streamflow,01646500,01646500::origin=2,2,-92,2026-01-31 00:00:00,1770.0
official_usgs_streamflow,01646500,01646500::origin=2,2,-91,2026-02-01 00:00:00,1840.0
official_usgs_streamflow,01646500,01646500::origin=2,2,-90,2026-02-02 00:00:00,1790.0
official_usgs_streamflow,01646500,01646500::origin=2,2,-89,2026-02-03 00:00:00,1710.0
official_usgs_streamflow,01646500,01646500::origin=2,2,-88,2026-02-04 00:00:00,1580.0
official_usgs_streamflow,01646500,01646500::origin=2,2,-87,2026-02-05 00:00:00,1520.0
official_usgs_streamflow,01646500,01646500::origin=2,2,-86,2026-02-06 00:00:00,1520.0
official_usgs_streamflow,01646500,01646500::origin=2,2,-85,2026-02-07 00:00:00,1510.0
official_usgs_streamflow,01646500,01646500::origin=2,2,-84,2026-02-08 00:00:00,1460.0
official_usgs_streamflow,01646500,01646500::origin=2,2,-83,2026-02-09 00:00:00,1300.0
official_usgs_streamflow,01646500,01646500::origin=2,2,-82,2026-02-10 00:00:00,1380.0
official_usgs_streamflow,01646500,01646500::origin=2,2,-81,2026-02-11 00:00:00,1430.0
official_usgs_streamflow,01646500,01646500::origin=2,2,-80,2026-02-12 00:00:00,1580.0
official_usgs_streamflow,01646500,01646500::origin=2,2,-79,2026-02-13 00:00:00,1670.0
official_usgs_streamflow,01646500,01646500::origin=2,2,-78,2026-02-14 00:00:00,1820.0
official_usgs_streamflow,01646500,01646500::origin=2,2,-77,2026-02-15 00:00:00,2260.0
official_usgs_streamflow,01646500,01646500::origin=2,2,-76,2026-02-16 00:00:00,4540.0
official_usgs_streamflow,01646500,01646500::origin=2,2,-75,2026-02-17 00:00:00,6320.0
official_usgs_streamflow,01646500,01646500::origin=2,2,-74,2026-02-18 00:00:00,7540.0
official_usgs_streamflow,01646500,01646500::origin=2,2,-73,2026-02-19 00:00:00,10100.0
official_usgs_streamflow,01646500,01646500::origin=2,2,-72,2026-02-20 00:00:00,15500.0
official_usgs_streamflow,01646500,01646500::origin=2,2,-71,2026-02-21 00:00:00,23200.0
official_usgs_streamflow,01646500,01646500::origin=2,2,-70,2026-02-22 00:00:00,31600.0
official_usgs_streamflow,01646500,01646500::origin=2,2,-69,2026-02-23 00:00:00,28400.0
official_usgs_streamflow,01646500,01646500::origin=2,2,-68,2026-02-24 00:00:00,22800.0
official_usgs_streamflow,01646500,01646500::origin=2,2,-67,2026-02-25 00:00:00,17900.0
official_usgs_streamflow,01646500,01646500::origin=2,2,-66,2026-02-26 00:00:00,14400.0
official_usgs_streamflow,01646500,01646500::origin=2,2,-65,2026-02-27 00:00:00,12200.0
official_usgs_streamflow,01646500,01646500::origin=2,2,-64,2026-02-28 00:00:00,10600.0
official_usgs_streamflow,01646500,01646500::origin=2,2,-63,2026-03-01 00:00:00,9290.0
official_usgs_streamflow,01646500,01646500::origin=2,2,-62,2026-03-02 00:00:00,8310.0
official_usgs_streamflow,01646500,01646500::origin=2,2,-61,2026-03-03 00:00:00,7750.0
official_usgs_streamflow,01646500,01646500::origin=2,2,-60,2026-03-04 00:00:00,7800.0
official_usgs_streamflow,01646500,01646500::origin=2,2,-59,2026-03-05 00:00:00,7780.0
official_usgs_streamflow,01646500,01646500::origin=2,2,-58,2026-03-06 00:00:00,8780.0
official_usgs_streamflow,01646500,01646500::origin=2,2,-57,2026-03-07 00:00:00,12600.0
official_usgs_streamflow,01646500,01646500::origin=2,2,-56,2026-03-08 00:00:00,16300.0
official_usgs_streamflow,01646500,01646500::origin=2,2,-55,2026-03-09 00:00:00,18000.0
official_usgs_streamflow,01646500,01646500::origin=2,2,-54,2026-03-10 00:00:00,16100.0
official_usgs_streamflow,01646500,01646500::origin=2,2,-53,2026-03-11 00:00:00,14100.0
official_usgs_streamflow,01646500,01646500::origin=2,2,-52,2026-03-12 00:00:00,13000.0
official_usgs_streamflow,01646500,01646500::origin=2,2,-51,2026-03-13 00:00:00,12700.0
official_usgs_streamflow,01646500,01646500::origin=2,2,-50,2026-03-14 00:00:00,12300.0
official_usgs_streamflow,01646500,01646500::origin=2,2,-49,2026-03-15 00:00:00,11400.0
official_usgs_streamflow,01646500,01646500::origin=2,2,-48,2026-03-16 00:00:00,12100.0
official_usgs_streamflow,01646500,01646500::origin=2,2,-47,2026-03-17 00:00:00,14500.0
official_usgs_streamflow,01646500,01646500::origin=2,2,-46,2026-03-18 00:00:00,15600.0
official_usgs_streamflow,01646500,01646500::origin=2,2,-45,2026-03-19 00:00:00,13400.0
official_usgs_streamflow,01646500,01646500::origin=2,2,-44,2026-03-20 00:00:00,12600.0
official_usgs_streamflow,01646500,01646500::origin=2,2,-43,2026-03-21 00:00:00,11900.0
official_usgs_streamflow,01646500,01646500::origin=2,2,-42,2026-03-22 00:00:00,11000.0
official_usgs_streamflow,01646500,01646500::origin=2,2,-41,2026-03-23 00:00:00,10300.0
official_usgs_streamflow,01646500,01646500::origin=2,2,-40,2026-03-24 00:00:00,9680.0
official_usgs_streamflow,01646500,01646500::origin=2,2,-39,2026-03-25 00:00:00,9390.0
official_usgs_streamflow,01646500,01646500::origin=2,2,-38,2026-03-26 00:00:00,8990.0
official_usgs_streamflow,01646500,01646500::origin=2,2,-37,2026-03-27 00:00:00,8530.0
official_usgs_streamflow,01646500,01646500::origin=2,2,-36,2026-03-28 00:00:00,8270.0
official_usgs_streamflow,01646500,01646500::origin=2,2,-35,2026-03-29 00:00:00,8460.0
official_usgs_streamflow,01646500,01646500::origin=2,2,-34,2026-03-30 00:00:00,9150.0
official_usgs_streamflow,01646500,01646500::origin=2,2,-33,2026-03-31 00:00:00,8840.0
official_usgs_streamflow,01646500,01646500::origin=2,2,-32,2026-04-01 00:00:00,8170.0
official_usgs_streamflow,01646500,01646500::origin=2,2,-31,2026-04-02 00:00:00,7800.0
official_usgs_streamflow,01646500,01646500::origin=2,2,-30,2026-04-03 00:00:00,7590.0
official_usgs_streamflow,01646500,01646500::origin=2,2,-29,2026-04-04 00:00:00,7350.0
official_usgs_streamflow,01646500,01646500::origin=2,2,-28,2026-04-05 00:00:00,7380.0
official_usgs_streamflow,01646500,01646500::origin=2,2,-27,2026-04-06 00:00:00,7520.0
official_usgs_streamflow,01646500,01646500::origin=2,2,-26,2026-04-07 00:00:00,7920.0
official_usgs_streamflow,01646500,01646500::origin=2,2,-25,2026-04-08 00:00:00,8050.0
official_usgs_streamflow,01646500,01646500::origin=2,2,-24,2026-04-09 00:00:00,7470.0
official_usgs_streamflow,01646500,01646500::origin=2,2,-23,2026-04-10 00:00:00,6880.0
official_usgs_streamflow,01646500,01646500::origin=2,2,-22,2026-04-11 00:00:00,6440.0
official_usgs_streamflow,01646500,01646500::origin=2,2,-21,2026-04-12 00:00:00,5980.0
official_usgs_streamflow,01646500,01646500::origin=2,2,-20,2026-04-13 00:00:00,5560.0
official_usgs_streamflow,01646500,01646500::origin=2,2,-19,2026-04-14 00:00:00,5280.0
official_usgs_streamflow,01646500,01646500::origin=2,2,-18,2026-04-15 00:00:00,4900.0
official_usgs_streamflow,01646500,01646500::origin=2,2,-17,2026-04-16 00:00:00,4830.0
official_usgs_streamflow,01646500,01646500::origin=2,2,-16,2026-04-17 00:00:00,4610.0
official_usgs_streamflow,01646500,01646500::origin=2,2,-15,2026-04-18 00:00:00,4410.0
official_usgs_streamflow,01646500,01646500::origin=2,2,-14,2026-04-19 00:00:00,4130.0
official_usgs_streamflow,01646500,01646500::origin=2,2,-13,2026-04-20 00:00:00,4070.0
official_usgs_streamflow,01646500,01646500::origin=2,2,-12,2026-04-21 00:00:00,4020.0
official_usgs_streamflow,01646500,01646500::origin=2,2,-11,2026-04-22 00:00:00,4010.0
official_usgs_streamflow,01646500,01646500::origin=2,2,-10,2026-04-23 00:00:00,3900.0
official_usgs_streamflow,01646500,01646500::origin=2,2,-9,2026-04-24 00:00:00,3570.0
official_usgs_streamflow,01646500,01646500::origin=2,2,-8,2026-04-25 00:00:00,3470.0
official_usgs_streamflow,01646500,01646500::origin=2,2,-7,2026-04-26 00:00:00,3400.0
official_usgs_streamflow,01646500,01646500::origin=2,2,-6,2026-04-27 00:00:00,3340.0
official_usgs_streamflow,01646500,01646500::origin=2,2,-5,2026-04-28 00:00:00,3330.0
official_usgs_streamflow,01646500,01646500::origin=2,2,-4,2026-04-29 00:00:00,3420.0
official_usgs_streamflow,01646500,01646500::origin=2,2,-3,2026-04-30 00:00:00,3700.0
official_usgs_streamflow,01646500,01646500::origin=2,2,-2,2026-05-01 00:00:00,3580.0
official_usgs_streamflow,01646500,01646500::origin=2,2,-1,2026-05-02 00:00:00,3710.0
official_usgs_streamflow,02087500,02087500::origin=1,1,-512,2025-01-06 00:00:00,333.0
official_usgs_streamflow,02087500,02087500::origin=1,1,-511,2025-01-07 00:00:00,769.0
official_usgs_streamflow,02087500,02087500::origin=1,1,-510,2025-01-08 00:00:00,1110.0
official_usgs_streamflow,02087500,02087500::origin=1,1,-509,2025-01-09 00:00:00,1390.0
official_usgs_streamflow,02087500,02087500::origin=1,1,-508,2025-01-10 00:00:00,1360.0
official_usgs_streamflow,02087500,02087500::origin=1,1,-507,2025-01-11 00:00:00,850.0
official_usgs_streamflow,02087500,02087500::origin=1,1,-506,2025-01-12 00:00:00,681.0
official_usgs_streamflow,02087500,02087500::origin=1,1,-505,2025-01-13 00:00:00,528.0
official_usgs_streamflow,02087500,02087500::origin=1,1,-504,2025-01-14 00:00:00,472.0
official_usgs_streamflow,02087500,02087500::origin=1,1,-503,2025-01-15 00:00:00,438.0
official_usgs_streamflow,02087500,02087500::origin=1,1,-502,2025-01-16 00:00:00,414.0
official_usgs_streamflow,02087500,02087500::origin=1,1,-501,2025-01-17 00:00:00,408.0
official_usgs_streamflow,02087500,02087500::origin=1,1,-500,2025-01-18 00:00:00,396.0
official_usgs_streamflow,02087500,02087500::origin=1,1,-499,2025-01-19 00:00:00,393.0
official_usgs_streamflow,02087500,02087500::origin=1,1,-498,2025-01-20 00:00:00,381.0
official_usgs_streamflow,02087500,02087500::origin=1,1,-497,2025-01-21 00:00:00,362.0
official_usgs_streamflow,02087500,02087500::origin=1,1,-496,2025-01-22 00:00:00,358.0
official_usgs_streamflow,02087500,02087500::origin=1,1,-495,2025-01-23 00:00:00,357.0
official_usgs_streamflow,02087500,02087500::origin=1,1,-494,2025-01-24 00:00:00,364.0
official_usgs_streamflow,02087500,02087500::origin=1,1,-493,2025-01-25 00:00:00,370.0
official_usgs_streamflow,02087500,02087500::origin=1,1,-492,2025-01-26 00:00:00,365.0
official_usgs_streamflow,02087500,02087500::origin=1,1,-491,2025-01-27 00:00:00,362.0
official_usgs_streamflow,02087500,02087500::origin=1,1,-490,2025-01-28 00:00:00,362.0
official_usgs_streamflow,02087500,02087500::origin=1,1,-489,2025-01-29 00:00:00,360.0
official_usgs_streamflow,02087500,02087500::origin=1,1,-488,2025-01-30 00:00:00,356.0
official_usgs_streamflow,02087500,02087500::origin=1,1,-487,2025-01-31 00:00:00,354.0
official_usgs_streamflow,02087500,02087500::origin=1,1,-486,2025-02-01 00:00:00,672.0
official_usgs_streamflow,02087500,02087500::origin=1,1,-485,2025-02-02 00:00:00,657.0
official_usgs_streamflow,02087500,02087500::origin=1,1,-484,2025-02-03 00:00:00,498.0
official_usgs_streamflow,02087500,02087500::origin=1,1,-483,2025-02-04 00:00:00,705.0
official_usgs_streamflow,02087500,02087500::origin=1,1,-482,2025-02-05 00:00:00,865.0
official_usgs_streamflow,02087500,02087500::origin=1,1,-481,2025-02-06 00:00:00,853.0
official_usgs_streamflow,02087500,02087500::origin=1,1,-480,2025-02-07 00:00:00,851.0
official_usgs_streamflow,02087500,02087500::origin=1,1,-479,2025-02-08 00:00:00,846.0
official_usgs_streamflow,02087500,02087500::origin=1,1,-478,2025-02-09 00:00:00,838.0
official_usgs_streamflow,02087500,02087500::origin=1,1,-477,2025-02-10 00:00:00,964.0
official_usgs_streamflow,02087500,02087500::origin=1,1,-476,2025-02-11 00:00:00,948.0
official_usgs_streamflow,02087500,02087500::origin=1,1,-475,2025-02-12 00:00:00,1920.0
official_usgs_streamflow,02087500,02087500::origin=1,1,-474,2025-02-13 00:00:00,2370.0
official_usgs_streamflow,02087500,02087500::origin=1,1,-473,2025-02-14 00:00:00,1720.0
official_usgs_streamflow,02087500,02087500::origin=1,1,-472,2025-02-15 00:00:00,1040.0
official_usgs_streamflow,02087500,02087500::origin=1,1,-471,2025-02-16 00:00:00,1190.0
official_usgs_streamflow,02087500,02087500::origin=1,1,-470,2025-02-17 00:00:00,1370.0
official_usgs_streamflow,02087500,02087500::origin=1,1,-469,2025-02-18 00:00:00,852.0
official_usgs_streamflow,02087500,02087500::origin=1,1,-468,2025-02-19 00:00:00,3010.0
official_usgs_streamflow,02087500,02087500::origin=1,1,-467,2025-02-20 00:00:00,3780.0
official_usgs_streamflow,02087500,02087500::origin=1,1,-466,2025-02-21 00:00:00,3740.0
official_usgs_streamflow,02087500,02087500::origin=1,1,-465,2025-02-22 00:00:00,3710.0
official_usgs_streamflow,02087500,02087500::origin=1,1,-464,2025-02-23 00:00:00,3670.0
official_usgs_streamflow,02087500,02087500::origin=1,1,-463,2025-02-24 00:00:00,3640.0
official_usgs_streamflow,02087500,02087500::origin=1,1,-462,2025-02-25 00:00:00,3610.0
official_usgs_streamflow,02087500,02087500::origin=1,1,-461,2025-02-26 00:00:00,3580.0
official_usgs_streamflow,02087500,02087500::origin=1,1,-460,2025-02-27 00:00:00,2700.0
official_usgs_streamflow,02087500,02087500::origin=1,1,-459,2025-02-28 00:00:00,1840.0
official_usgs_streamflow,02087500,02087500::origin=1,1,-458,2025-03-01 00:00:00,1430.0
official_usgs_streamflow,02087500,02087500::origin=1,1,-457,2025-03-02 00:00:00,1340.0
official_usgs_streamflow,02087500,02087500::origin=1,1,-456,2025-03-03 00:00:00,1310.0
official_usgs_streamflow,02087500,02087500::origin=1,1,-455,2025-03-04 00:00:00,909.0
official_usgs_streamflow,02087500,02087500::origin=1,1,-454,2025-03-05 00:00:00,1560.0
official_usgs_streamflow,02087500,02087500::origin=1,1,-453,2025-03-06 00:00:00,2090.0
official_usgs_streamflow,02087500,02087500::origin=1,1,-452,2025-03-07 00:00:00,1420.0
official_usgs_streamflow,02087500,02087500::origin=1,1,-451,2025-03-08 00:00:00,1860.0
official_usgs_streamflow,02087500,02087500::origin=1,1,-450,2025-03-09 00:00:00,1810.0
official_usgs_streamflow,02087500,02087500::origin=1,1,-449,2025-03-10 00:00:00,1750.0
official_usgs_streamflow,02087500,02087500::origin=1,1,-448,2025-03-11 00:00:00,1720.0
official_usgs_streamflow,02087500,02087500::origin=1,1,-447,2025-03-12 00:00:00,1690.0
official_usgs_streamflow,02087500,02087500::origin=1,1,-446,2025-03-13 00:00:00,1650.0
official_usgs_streamflow,02087500,02087500::origin=1,1,-445,2025-03-14 00:00:00,902.0
official_usgs_streamflow,02087500,02087500::origin=1,1,-444,2025-03-15 00:00:00,689.0
official_usgs_streamflow,02087500,02087500::origin=1,1,-443,2025-03-16 00:00:00,1740.0
official_usgs_streamflow,02087500,02087500::origin=1,1,-442,2025-03-17 00:00:00,5740.0
official_usgs_streamflow,02087500,02087500::origin=1,1,-441,2025-03-18 00:00:00,1860.0
official_usgs_streamflow,02087500,02087500::origin=1,1,-440,2025-03-19 00:00:00,1160.0
official_usgs_streamflow,02087500,02087500::origin=1,1,-439,2025-03-20 00:00:00,1230.0
official_usgs_streamflow,02087500,02087500::origin=1,1,-438,2025-03-21 00:00:00,1400.0
official_usgs_streamflow,02087500,02087500::origin=1,1,-437,2025-03-22 00:00:00,1160.0
official_usgs_streamflow,02087500,02087500::origin=1,1,-436,2025-03-23 00:00:00,1080.0
official_usgs_streamflow,02087500,02087500::origin=1,1,-435,2025-03-24 00:00:00,1040.0
official_usgs_streamflow,02087500,02087500::origin=1,1,-434,2025-03-25 00:00:00,824.0
official_usgs_streamflow,02087500,02087500::origin=1,1,-433,2025-03-26 00:00:00,648.0
official_usgs_streamflow,02087500,02087500::origin=1,1,-432,2025-03-27 00:00:00,553.0
official_usgs_streamflow,02087500,02087500::origin=1,1,-431,2025-03-28 00:00:00,516.0
official_usgs_streamflow,02087500,02087500::origin=1,1,-430,2025-03-29 00:00:00,549.0
official_usgs_streamflow,02087500,02087500::origin=1,1,-429,2025-03-30 00:00:00,588.0
official_usgs_streamflow,02087500,02087500::origin=1,1,-428,2025-03-31 00:00:00,583.0
official_usgs_streamflow,02087500,02087500::origin=1,1,-427,2025-04-01 00:00:00,869.0
official_usgs_streamflow,02087500,02087500::origin=1,1,-426,2025-04-02 00:00:00,693.0
official_usgs_streamflow,02087500,02087500::origin=1,1,-425,2025-04-03 00:00:00,625.0
official_usgs_streamflow,02087500,02087500::origin=1,1,-424,2025-04-04 00:00:00,604.0
official_usgs_streamflow,02087500,02087500::origin=1,1,-423,2025-04-05 00:00:00,589.0
official_usgs_streamflow,02087500,02087500::origin=1,1,-422,2025-04-06 00:00:00,569.0
official_usgs_streamflow,02087500,02087500::origin=1,1,-421,2025-04-07 00:00:00,593.0
official_usgs_streamflow,02087500,02087500::origin=1,1,-420,2025-04-08 00:00:00,1770.0
official_usgs_streamflow,02087500,02087500::origin=1,1,-419,2025-04-09 00:00:00,1210.0
official_usgs_streamflow,02087500,02087500::origin=1,1,-418,2025-04-10 00:00:00,1550.0
official_usgs_streamflow,02087500,02087500::origin=1,1,-417,2025-04-11 00:00:00,1930.0
official_usgs_streamflow,02087500,02087500::origin=1,1,-416,2025-04-12 00:00:00,2170.0
official_usgs_streamflow,02087500,02087500::origin=1,1,-415,2025-04-13 00:00:00,1700.0
official_usgs_streamflow,02087500,02087500::origin=1,1,-414,2025-04-14 00:00:00,1510.0
official_usgs_streamflow,02087500,02087500::origin=1,1,-413,2025-04-15 00:00:00,1400.0
official_usgs_streamflow,02087500,02087500::origin=1,1,-412,2025-04-16 00:00:00,1310.0
official_usgs_streamflow,02087500,02087500::origin=1,1,-411,2025-04-17 00:00:00,1240.0
official_usgs_streamflow,02087500,02087500::origin=1,1,-410,2025-04-18 00:00:00,1030.0
official_usgs_streamflow,02087500,02087500::origin=1,1,-409,2025-04-19 00:00:00,730.0
official_usgs_streamflow,02087500,02087500::origin=1,1,-408,2025-04-20 00:00:00,675.0
official_usgs_streamflow,02087500,02087500::origin=1,1,-407,2025-04-21 00:00:00,665.0
official_usgs_streamflow,02087500,02087500::origin=1,1,-406,2025-04-22 00:00:00,580.0
official_usgs_streamflow,02087500,02087500::origin=1,1,-405,2025-04-23 00:00:00,601.0
official_usgs_streamflow,02087500,02087500::origin=1,1,-404,2025-04-24 00:00:00,566.0
official_usgs_streamflow,02087500,02087500::origin=1,1,-403,2025-04-25 00:00:00,478.0
official_usgs_streamflow,02087500,02087500::origin=1,1,-402,2025-04-26 00:00:00,437.0
official_usgs_streamflow,02087500,02087500::origin=1,1,-401,2025-04-27 00:00:00,640.0
official_usgs_streamflow,02087500,02087500::origin=1,1,-400,2025-04-28 00:00:00,467.0
official_usgs_streamflow,02087500,02087500::origin=1,1,-399,2025-04-29 00:00:00,397.0
official_usgs_streamflow,02087500,02087500::origin=1,1,-398,2025-04-30 00:00:00,367.0
official_usgs_streamflow,02087500,02087500::origin=1,1,-397,2025-05-01 00:00:00,356.0
official_usgs_streamflow,02087500,02087500::origin=1,1,-396,2025-05-02 00:00:00,340.0
official_usgs_streamflow,02087500,02087500::origin=1,1,-395,2025-05-03 00:00:00,482.0
official_usgs_streamflow,02087500,02087500::origin=1,1,-394,2025-05-04 00:00:00,587.0
official_usgs_streamflow,02087500,02087500::origin=1,1,-393,2025-05-05 00:00:00,736.0
official_usgs_streamflow,02087500,02087500::origin=1,1,-392,2025-05-06 00:00:00,1230.0
official_usgs_streamflow,02087500,02087500::origin=1,1,-391,2025-05-07 00:00:00,669.0
official_usgs_streamflow,02087500,02087500::origin=1,1,-390,2025-05-08 00:00:00,524.0
official_usgs_streamflow,02087500,02087500::origin=1,1,-389,2025-05-09 00:00:00,531.0
official_usgs_streamflow,02087500,02087500::origin=1,1,-388,2025-05-10 00:00:00,454.0
official_usgs_streamflow,02087500,02087500::origin=1,1,-387,2025-05-11 00:00:00,396.0
official_usgs_streamflow,02087500,02087500::origin=1,1,-386,2025-05-12 00:00:00,416.0
official_usgs_streamflow,02087500,02087500::origin=1,1,-385,2025-05-13 00:00:00,1130.0
official_usgs_streamflow,02087500,02087500::origin=1,1,-384,2025-05-14 00:00:00,1480.0
official_usgs_streamflow,02087500,02087500::origin=1,1,-383,2025-05-15 00:00:00,2580.0
official_usgs_streamflow,02087500,02087500::origin=1,1,-382,2025-05-16 00:00:00,1610.0
official_usgs_streamflow,02087500,02087500::origin=1,1,-381,2025-05-17 00:00:00,2100.0
official_usgs_streamflow,02087500,02087500::origin=1,1,-380,2025-05-18 00:00:00,2050.0
official_usgs_streamflow,02087500,02087500::origin=1,1,-379,2025-05-19 00:00:00,1930.0
official_usgs_streamflow,02087500,02087500::origin=1,1,-378,2025-05-20 00:00:00,1060.0
official_usgs_streamflow,02087500,02087500::origin=1,1,-377,2025-05-21 00:00:00,656.0
official_usgs_streamflow,02087500,02087500::origin=1,1,-376,2025-05-22 00:00:00,567.0
official_usgs_streamflow,02087500,02087500::origin=1,1,-375,2025-05-23 00:00:00,509.0
official_usgs_streamflow,02087500,02087500::origin=1,1,-374,2025-05-24 00:00:00,429.0
official_usgs_streamflow,02087500,02087500::origin=1,1,-373,2025-05-25 00:00:00,371.0
official_usgs_streamflow,02087500,02087500::origin=1,1,-372,2025-05-26 00:00:00,363.0
official_usgs_streamflow,02087500,02087500::origin=1,1,-371,2025-05-27 00:00:00,411.0
official_usgs_streamflow,02087500,02087500::origin=1,1,-370,2025-05-28 00:00:00,1030.0
official_usgs_streamflow,02087500,02087500::origin=1,1,-369,2025-05-29 00:00:00,662.0
official_usgs_streamflow,02087500,02087500::origin=1,1,-368,2025-05-30 00:00:00,616.0
official_usgs_streamflow,02087500,02087500::origin=1,1,-367,2025-05-31 00:00:00,1070.0
official_usgs_streamflow,02087500,02087500::origin=1,1,-366,2025-06-01 00:00:00,2000.0
official_usgs_streamflow,02087500,02087500::origin=1,1,-365,2025-06-02 00:00:00,1970.0
official_usgs_streamflow,02087500,02087500::origin=1,1,-364,2025-06-03 00:00:00,1880.0
official_usgs_streamflow,02087500,02087500::origin=1,1,-363,2025-06-04 00:00:00,1820.0
official_usgs_streamflow,02087500,02087500::origin=1,1,-362,2025-06-05 00:00:00,1470.0
official_usgs_streamflow,02087500,02087500::origin=1,1,-361,2025-06-06 00:00:00,1350.0
official_usgs_streamflow,02087500,02087500::origin=1,1,-360,2025-06-07 00:00:00,1150.0
official_usgs_streamflow,02087500,02087500::origin=1,1,-359,2025-06-08 00:00:00,1210.0
official_usgs_streamflow,02087500,02087500::origin=1,1,-358,2025-06-09 00:00:00,1050.0
official_usgs_streamflow,02087500,02087500::origin=1,1,-357,2025-06-10 00:00:00,879.0
official_usgs_streamflow,02087500,02087500::origin=1,1,-356,2025-06-11 00:00:00,803.0
official_usgs_streamflow,02087500,02087500::origin=1,1,-355,2025-06-12 00:00:00,584.0
official_usgs_streamflow,02087500,02087500::origin=1,1,-354,2025-06-13 00:00:00,604.0
official_usgs_streamflow,02087500,02087500::origin=1,1,-353,2025-06-14 00:00:00,505.0
official_usgs_streamflow,02087500,02087500::origin=1,1,-352,2025-06-15 00:00:00,374.0
official_usgs_streamflow,02087500,02087500::origin=1,1,-351,2025-06-16 00:00:00,627.0
official_usgs_streamflow,02087500,02087500::origin=1,1,-350,2025-06-17 00:00:00,923.0
official_usgs_streamflow,02087500,02087500::origin=1,1,-349,2025-06-18 00:00:00,572.0
official_usgs_streamflow,02087500,02087500::origin=1,1,-348,2025-06-19 00:00:00,686.0
official_usgs_streamflow,02087500,02087500::origin=1,1,-347,2025-06-20 00:00:00,1420.0
official_usgs_streamflow,02087500,02087500::origin=1,1,-346,2025-06-21 00:00:00,1060.0
official_usgs_streamflow,02087500,02087500::origin=1,1,-345,2025-06-22 00:00:00,870.0
official_usgs_streamflow,02087500,02087500::origin=1,1,-344,2025-06-23 00:00:00,788.0
official_usgs_streamflow,02087500,02087500::origin=1,1,-343,2025-06-24 00:00:00,587.0
official_usgs_streamflow,02087500,02087500::origin=1,1,-342,2025-06-25 00:00:00,461.0
official_usgs_streamflow,02087500,02087500::origin=1,1,-341,2025-06-26 00:00:00,499.0
official_usgs_streamflow,02087500,02087500::origin=1,1,-340,2025-06-27 00:00:00,374.0
official_usgs_streamflow,02087500,02087500::origin=1,1,-339,2025-06-28 00:00:00,305.0
official_usgs_streamflow,02087500,02087500::origin=1,1,-338,2025-06-29 00:00:00,363.0
official_usgs_streamflow,02087500,02087500::origin=1,1,-337,2025-06-30 00:00:00,351.0
official_usgs_streamflow,02087500,02087500::origin=1,1,-336,2025-07-01 00:00:00,313.0
official_usgs_streamflow,02087500,02087500::origin=1,1,-335,2025-07-02 00:00:00,296.0
official_usgs_streamflow,02087500,02087500::origin=1,1,-334,2025-07-03 00:00:00,1210.0
official_usgs_streamflow,02087500,02087500::origin=1,1,-333,2025-07-04 00:00:00,654.0
official_usgs_streamflow,02087500,02087500::origin=1,1,-332,2025-07-05 00:00:00,450.0
official_usgs_streamflow,02087500,02087500::origin=1,1,-331,2025-07-06 00:00:00,381.0
official_usgs_streamflow,02087500,02087500::origin=1,1,-330,2025-07-07 00:00:00,597.0
official_usgs_streamflow,02087500,02087500::origin=1,1,-329,2025-07-08 00:00:00,1460.0
official_usgs_streamflow,02087500,02087500::origin=1,1,-328,2025-07-09 00:00:00,2940.0
official_usgs_streamflow,02087500,02087500::origin=1,1,-327,2025-07-10 00:00:00,5010.0
official_usgs_streamflow,02087500,02087500::origin=1,1,-326,2025-07-11 00:00:00,5400.0
official_usgs_streamflow,02087500,02087500::origin=1,1,-325,2025-07-12 00:00:00,3430.0
official_usgs_streamflow,02087500,02087500::origin=1,1,-324,2025-07-13 00:00:00,3230.0
official_usgs_streamflow,02087500,02087500::origin=1,1,-323,2025-07-14 00:00:00,3360.0
official_usgs_streamflow,02087500,02087500::origin=1,1,-322,2025-07-15 00:00:00,3580.0
official_usgs_streamflow,02087500,02087500::origin=1,1,-321,2025-07-16 00:00:00,3470.0
official_usgs_streamflow,02087500,02087500::origin=1,1,-320,2025-07-17 00:00:00,3250.0
official_usgs_streamflow,02087500,02087500::origin=1,1,-319,2025-07-18 00:00:00,3480.0
official_usgs_streamflow,02087500,02087500::origin=1,1,-318,2025-07-19 00:00:00,3500.0
official_usgs_streamflow,02087500,02087500::origin=1,1,-317,2025-07-20 00:00:00,3930.0
official_usgs_streamflow,02087500,02087500::origin=1,1,-316,2025-07-21 00:00:00,3270.0
official_usgs_streamflow,02087500,02087500::origin=1,1,-315,2025-07-22 00:00:00,3060.0
official_usgs_streamflow,02087500,02087500::origin=1,1,-314,2025-07-23 00:00:00,3270.0
official_usgs_streamflow,02087500,02087500::origin=1,1,-313,2025-07-24 00:00:00,3270.0
official_usgs_streamflow,02087500,02087500::origin=1,1,-312,2025-07-25 00:00:00,3160.0
official_usgs_streamflow,02087500,02087500::origin=1,1,-311,2025-07-26 00:00:00,1870.0
official_usgs_streamflow,02087500,02087500::origin=1,1,-310,2025-07-27 00:00:00,1670.0
official_usgs_streamflow,02087500,02087500::origin=1,1,-309,2025-07-28 00:00:00,1690.0
official_usgs_streamflow,02087500,02087500::origin=1,1,-308,2025-07-29 00:00:00,895.0
official_usgs_streamflow,02087500,02087500::origin=1,1,-307,2025-07-30 00:00:00,698.0
official_usgs_streamflow,02087500,02087500::origin=1,1,-306,2025-07-31 00:00:00,462.0
official_usgs_streamflow,02087500,02087500::origin=1,1,-305,2025-08-01 00:00:00,408.0
official_usgs_streamflow,02087500,02087500::origin=1,1,-304,2025-08-02 00:00:00,591.0
official_usgs_streamflow,02087500,02087500::origin=1,1,-303,2025-08-03 00:00:00,501.0
official_usgs_streamflow,02087500,02087500::origin=1,1,-302,2025-08-04 00:00:00,364.0
official_usgs_streamflow,02087500,02087500::origin=1,1,-301,2025-08-05 00:00:00,322.0
official_usgs_streamflow,02087500,02087500::origin=1,1,-300,2025-08-06 00:00:00,1490.0
official_usgs_streamflow,02087500,02087500::origin=1,1,-299,2025-08-07 00:00:00,4950.0
official_usgs_streamflow,02087500,02087500::origin=1,1,-298,2025-08-08 00:00:00,2870.0
official_usgs_streamflow,02087500,02087500::origin=1,1,-297,2025-08-09 00:00:00,2370.0
official_usgs_streamflow,02087500,02087500::origin=1,1,-296,2025-08-10 00:00:00,3070.0
official_usgs_streamflow,02087500,02087500::origin=1,1,-295,2025-08-11 00:00:00,3260.0
official_usgs_streamflow,02087500,02087500::origin=1,1,-294,2025-08-12 00:00:00,7790.0
official_usgs_streamflow,02087500,02087500::origin=1,1,-293,2025-08-13 00:00:00,3700.0
official_usgs_streamflow,02087500,02087500::origin=1,1,-292,2025-08-14 00:00:00,2360.0
official_usgs_streamflow,02087500,02087500::origin=1,1,-291,2025-08-15 00:00:00,3210.0
official_usgs_streamflow,02087500,02087500::origin=1,1,-290,2025-08-16 00:00:00,3470.0
official_usgs_streamflow,02087500,02087500::origin=1,1,-289,2025-08-17 00:00:00,3150.0
official_usgs_streamflow,02087500,02087500::origin=1,1,-288,2025-08-18 00:00:00,3360.0
official_usgs_streamflow,02087500,02087500::origin=1,1,-287,2025-08-19 00:00:00,3290.0
official_usgs_streamflow,02087500,02087500::origin=1,1,-286,2025-08-20 00:00:00,3190.0
official_usgs_streamflow,02087500,02087500::origin=1,1,-285,2025-08-21 00:00:00,2430.0
official_usgs_streamflow,02087500,02087500::origin=1,1,-284,2025-08-22 00:00:00,1200.0
official_usgs_streamflow,02087500,02087500::origin=1,1,-283,2025-08-23 00:00:00,909.0
official_usgs_streamflow,02087500,02087500::origin=1,1,-282,2025-08-24 00:00:00,526.0
official_usgs_streamflow,02087500,02087500::origin=1,1,-281,2025-08-25 00:00:00,389.0
official_usgs_streamflow,02087500,02087500::origin=1,1,-280,2025-08-26 00:00:00,369.0
official_usgs_streamflow,02087500,02087500::origin=1,1,-279,2025-08-27 00:00:00,329.0
official_usgs_streamflow,02087500,02087500::origin=1,1,-278,2025-08-28 00:00:00,291.0
official_usgs_streamflow,02087500,02087500::origin=1,1,-277,2025-08-29 00:00:00,296.0
official_usgs_streamflow,02087500,02087500::origin=1,1,-276,2025-08-30 00:00:00,293.0
official_usgs_streamflow,02087500,02087500::origin=1,1,-275,2025-08-31 00:00:00,280.0
official_usgs_streamflow,02087500,02087500::origin=1,1,-274,2025-09-01 00:00:00,271.0
official_usgs_streamflow,02087500,02087500::origin=1,1,-273,2025-09-02 00:00:00,268.0
official_usgs_streamflow,02087500,02087500::origin=1,1,-272,2025-09-03 00:00:00,262.0
official_usgs_streamflow,02087500,02087500::origin=1,1,-271,2025-09-04 00:00:00,259.0
official_usgs_streamflow,02087500,02087500::origin=1,1,-270,2025-09-05 00:00:00,251.0
official_usgs_streamflow,02087500,02087500::origin=1,1,-269,2025-09-06 00:00:00,267.0
official_usgs_streamflow,02087500,02087500::origin=1,1,-268,2025-09-07 00:00:00,359.0
official_usgs_streamflow,02087500,02087500::origin=1,1,-267,2025-09-08 00:00:00,333.0
official_usgs_streamflow,02087500,02087500::origin=1,1,-266,2025-09-09 00:00:00,296.0
official_usgs_streamflow,02087500,02087500::origin=1,1,-265,2025-09-10 00:00:00,295.0
official_usgs_streamflow,02087500,02087500::origin=1,1,-264,2025-09-11 00:00:00,309.0
official_usgs_streamflow,02087500,02087500::origin=1,1,-263,2025-09-12 00:00:00,318.0
official_usgs_streamflow,02087500,02087500::origin=1,1,-262,2025-09-13 00:00:00,296.0
official_usgs_streamflow,02087500,02087500::origin=1,1,-261,2025-09-14 00:00:00,289.0
official_usgs_streamflow,02087500,02087500::origin=1,1,-260,2025-09-15 00:00:00,278.0
official_usgs_streamflow,02087500,02087500::origin=1,1,-259,2025-09-16 00:00:00,266.0
official_usgs_streamflow,02087500,02087500::origin=1,1,-258,2025-09-17 00:00:00,253.0
official_usgs_streamflow,02087500,02087500::origin=1,1,-257,2025-09-18 00:00:00,261.0
official_usgs_streamflow,02087500,02087500::origin=1,1,-256,2025-09-19 00:00:00,299.0
official_usgs_streamflow,02087500,02087500::origin=1,1,-255,2025-09-20 00:00:00,310.0
official_usgs_streamflow,02087500,02087500::origin=1,1,-254,2025-09-21 00:00:00,293.0
official_usgs_streamflow,02087500,02087500::origin=1,1,-253,2025-09-22 00:00:00,275.0
official_usgs_streamflow,02087500,02087500::origin=1,1,-252,2025-09-23 00:00:00,266.0
official_usgs_streamflow,02087500,02087500::origin=1,1,-251,2025-09-24 00:00:00,266.0
official_usgs_streamflow,02087500,02087500::origin=1,1,-250,2025-09-25 00:00:00,281.0
official_usgs_streamflow,02087500,02087500::origin=1,1,-249,2025-09-26 00:00:00,337.0
official_usgs_streamflow,02087500,02087500::origin=1,1,-248,2025-09-27 00:00:00,384.0
official_usgs_streamflow,02087500,02087500::origin=1,1,-247,2025-09-28 00:00:00,361.0
official_usgs_streamflow,02087500,02087500::origin=1,1,-246,2025-09-29 00:00:00,321.0
official_usgs_streamflow,02087500,02087500::origin=1,1,-245,2025-09-30 00:00:00,426.0
official_usgs_streamflow,02087500,02087500::origin=1,1,-244,2025-10-01 00:00:00,355.0
official_usgs_streamflow,02087500,02087500::origin=1,1,-243,2025-10-02 00:00:00,299.0
official_usgs_streamflow,02087500,02087500::origin=1,1,-242,2025-10-03 00:00:00,279.0
official_usgs_streamflow,02087500,02087500::origin=1,1,-241,2025-10-04 00:00:00,263.0
official_usgs_streamflow,02087500,02087500::origin=1,1,-240,2025-10-05 00:00:00,257.0
official_usgs_streamflow,02087500,02087500::origin=1,1,-239,2025-10-06 00:00:00,254.0
official_usgs_streamflow,02087500,02087500::origin=1,1,-238,2025-10-07 00:00:00,247.0
official_usgs_streamflow,02087500,02087500::origin=1,1,-237,2025-10-08 00:00:00,250.0
official_usgs_streamflow,02087500,02087500::origin=1,1,-236,2025-10-09 00:00:00,242.0
official_usgs_streamflow,02087500,02087500::origin=1,1,-235,2025-10-10 00:00:00,249.0
official_usgs_streamflow,02087500,02087500::origin=1,1,-234,2025-10-11 00:00:00,275.0
official_usgs_streamflow,02087500,02087500::origin=1,1,-233,2025-10-12 00:00:00,461.0
official_usgs_streamflow,02087500,02087500::origin=1,1,-232,2025-10-13 00:00:00,448.0
official_usgs_streamflow,02087500,02087500::origin=1,1,-231,2025-10-14 00:00:00,363.0
official_usgs_streamflow,02087500,02087500::origin=1,1,-230,2025-10-15 00:00:00,312.0
official_usgs_streamflow,02087500,02087500::origin=1,1,-229,2025-10-16 00:00:00,268.0
official_usgs_streamflow,02087500,02087500::origin=1,1,-228,2025-10-17 00:00:00,258.0
official_usgs_streamflow,02087500,02087500::origin=1,1,-227,2025-10-18 00:00:00,249.0
official_usgs_streamflow,02087500,02087500::origin=1,1,-226,2025-10-19 00:00:00,246.0
official_usgs_streamflow,02087500,02087500::origin=1,1,-225,2025-10-20 00:00:00,243.0
official_usgs_streamflow,02087500,02087500::origin=1,1,-224,2025-10-21 00:00:00,245.0
official_usgs_streamflow,02087500,02087500::origin=1,1,-223,2025-10-22 00:00:00,258.0
official_usgs_streamflow,02087500,02087500::origin=1,1,-222,2025-10-23 00:00:00,273.0
official_usgs_streamflow,02087500,02087500::origin=1,1,-221,2025-10-24 00:00:00,268.0
official_usgs_streamflow,02087500,02087500::origin=1,1,-220,2025-10-25 00:00:00,266.0
official_usgs_streamflow,02087500,02087500::origin=1,1,-219,2025-10-26 00:00:00,267.0
official_usgs_streamflow,02087500,02087500::origin=1,1,-218,2025-10-27 00:00:00,278.0
official_usgs_streamflow,02087500,02087500::origin=1,1,-217,2025-10-28 00:00:00,567.0
official_usgs_streamflow,02087500,02087500::origin=1,1,-216,2025-10-29 00:00:00,776.0
official_usgs_streamflow,02087500,02087500::origin=1,1,-215,2025-10-30 00:00:00,477.0
official_usgs_streamflow,02087500,02087500::origin=1,1,-214,2025-10-31 00:00:00,388.0
official_usgs_streamflow,02087500,02087500::origin=1,1,-213,2025-11-01 00:00:00,339.0
official_usgs_streamflow,02087500,02087500::origin=1,1,-212,2025-11-02 00:00:00,321.0
official_usgs_streamflow,02087500,02087500::origin=1,1,-211,2025-11-03 00:00:00,497.0
official_usgs_streamflow,02087500,02087500::origin=1,1,-210,2025-11-04 00:00:00,494.0
official_usgs_streamflow,02087500,02087500::origin=1,1,-209,2025-11-05 00:00:00,371.0
official_usgs_streamflow,02087500,02087500::origin=1,1,-208,2025-11-06 00:00:00,330.0
official_usgs_streamflow,02087500,02087500::origin=1,1,-207,2025-11-07 00:00:00,314.0
official_usgs_streamflow,02087500,02087500::origin=1,1,-206,2025-11-08 00:00:00,300.0
official_usgs_streamflow,02087500,02087500::origin=1,1,-205,2025-11-09 00:00:00,737.0
official_usgs_streamflow,02087500,02087500::origin=1,1,-204,2025-11-10 00:00:00,510.0
official_usgs_streamflow,02087500,02087500::origin=1,1,-203,2025-11-11 00:00:00,349.0
official_usgs_streamflow,02087500,02087500::origin=1,1,-202,2025-11-12 00:00:00,319.0
official_usgs_streamflow,02087500,02087500::origin=1,1,-201,2025-11-13 00:00:00,300.0
official_usgs_streamflow,02087500,02087500::origin=1,1,-200,2025-11-14 00:00:00,282.0
official_usgs_streamflow,02087500,02087500::origin=1,1,-199,2025-11-15 00:00:00,243.0
official_usgs_streamflow,02087500,02087500::origin=1,1,-198,2025-11-16 00:00:00,243.0
official_usgs_streamflow,02087500,02087500::origin=1,1,-197,2025-11-17 00:00:00,238.0
official_usgs_streamflow,02087500,02087500::origin=1,1,-196,2025-11-18 00:00:00,231.0
official_usgs_streamflow,02087500,02087500::origin=1,1,-195,2025-11-19 00:00:00,224.0
official_usgs_streamflow,02087500,02087500::origin=1,1,-194,2025-11-20 00:00:00,227.0
official_usgs_streamflow,02087500,02087500::origin=1,1,-193,2025-11-21 00:00:00,242.0
official_usgs_streamflow,02087500,02087500::origin=1,1,-192,2025-11-22 00:00:00,294.0
official_usgs_streamflow,02087500,02087500::origin=1,1,-191,2025-11-23 00:00:00,255.0
official_usgs_streamflow,02087500,02087500::origin=1,1,-190,2025-11-24 00:00:00,245.0
official_usgs_streamflow,02087500,02087500::origin=1,1,-189,2025-11-25 00:00:00,239.0
official_usgs_streamflow,02087500,02087500::origin=1,1,-188,2025-11-26 00:00:00,241.0
official_usgs_streamflow,02087500,02087500::origin=1,1,-187,2025-11-27 00:00:00,241.0
official_usgs_streamflow,02087500,02087500::origin=1,1,-186,2025-11-28 00:00:00,225.0
official_usgs_streamflow,02087500,02087500::origin=1,1,-185,2025-11-29 00:00:00,220.0
official_usgs_streamflow,02087500,02087500::origin=1,1,-184,2025-11-30 00:00:00,226.0
official_usgs_streamflow,02087500,02087500::origin=1,1,-183,2025-12-01 00:00:00,252.0
official_usgs_streamflow,02087500,02087500::origin=1,1,-182,2025-12-02 00:00:00,464.0
official_usgs_streamflow,02087500,02087500::origin=1,1,-181,2025-12-03 00:00:00,812.0
official_usgs_streamflow,02087500,02087500::origin=1,1,-180,2025-12-04 00:00:00,454.0
official_usgs_streamflow,02087500,02087500::origin=1,1,-179,2025-12-05 00:00:00,360.0
official_usgs_streamflow,02087500,02087500::origin=1,1,-178,2025-12-06 00:00:00,360.0
official_usgs_streamflow,02087500,02087500::origin=1,1,-177,2025-12-07 00:00:00,321.0
official_usgs_streamflow,02087500,02087500::origin=1,1,-176,2025-12-08 00:00:00,301.0
official_usgs_streamflow,02087500,02087500::origin=1,1,-175,2025-12-09 00:00:00,296.0
official_usgs_streamflow,02087500,02087500::origin=1,1,-174,2025-12-10 00:00:00,284.0
official_usgs_streamflow,02087500,02087500::origin=1,1,-173,2025-12-11 00:00:00,278.0
official_usgs_streamflow,02087500,02087500::origin=1,1,-172,2025-12-12 00:00:00,265.0
official_usgs_streamflow,02087500,02087500::origin=1,1,-171,2025-12-13 00:00:00,255.0
official_usgs_streamflow,02087500,02087500::origin=1,1,-170,2025-12-14 00:00:00,257.0
official_usgs_streamflow,02087500,02087500::origin=1,1,-169,2025-12-15 00:00:00,262.0
official_usgs_streamflow,02087500,02087500::origin=1,1,-168,2025-12-16 00:00:00,250.0
official_usgs_streamflow,02087500,02087500::origin=1,1,-167,2025-12-17 00:00:00,248.0
official_usgs_streamflow,02087500,02087500::origin=1,1,-166,2025-12-18 00:00:00,252.0
official_usgs_streamflow,02087500,02087500::origin=1,1,-165,2025-12-19 00:00:00,640.0
official_usgs_streamflow,02087500,02087500::origin=1,1,-164,2025-12-20 00:00:00,712.0
official_usgs_streamflow,02087500,02087500::origin=1,1,-163,2025-12-21 00:00:00,447.0
official_usgs_streamflow,02087500,02087500::origin=1,1,-162,2025-12-22 00:00:00,359.0
official_usgs_streamflow,02087500,02087500::origin=1,1,-161,2025-12-23 00:00:00,320.0
official_usgs_streamflow,02087500,02087500::origin=1,1,-160,2025-12-24 00:00:00,301.0
official_usgs_streamflow,02087500,02087500::origin=1,1,-159,2025-12-25 00:00:00,283.0
official_usgs_streamflow,02087500,02087500::origin=1,1,-158,2025-12-26 00:00:00,269.0
official_usgs_streamflow,02087500,02087500::origin=1,1,-157,2025-12-27 00:00:00,262.0
official_usgs_streamflow,02087500,02087500::origin=1,1,-156,2025-12-28 00:00:00,258.0
official_usgs_streamflow,02087500,02087500::origin=1,1,-155,2025-12-29 00:00:00,257.0
official_usgs_streamflow,02087500,02087500::origin=1,1,-154,2025-12-30 00:00:00,256.0
official_usgs_streamflow,02087500,02087500::origin=1,1,-153,2025-12-31 00:00:00,252.0
official_usgs_streamflow,02087500,02087500::origin=1,1,-152,2026-01-01 00:00:00,249.0
official_usgs_streamflow,02087500,02087500::origin=1,1,-151,2026-01-02 00:00:00,241.0
official_usgs_streamflow,02087500,02087500::origin=1,1,-150,2026-01-03 00:00:00,243.0
official_usgs_streamflow,02087500,02087500::origin=1,1,-149,2026-01-04 00:00:00,241.0
official_usgs_streamflow,02087500,02087500::origin=1,1,-148,2026-01-05 00:00:00,244.0
official_usgs_streamflow,02087500,02087500::origin=1,1,-147,2026-01-06 00:00:00,242.0
official_usgs_streamflow,02087500,02087500::origin=1,1,-146,2026-01-07 00:00:00,243.0
official_usgs_streamflow,02087500,02087500::origin=1,1,-145,2026-01-08 00:00:00,243.0
official_usgs_streamflow,02087500,02087500::origin=1,1,-144,2026-01-09 00:00:00,240.0
official_usgs_streamflow,02087500,02087500::origin=1,1,-143,2026-01-10 00:00:00,239.0
official_usgs_streamflow,02087500,02087500::origin=1,1,-142,2026-01-11 00:00:00,243.0
official_usgs_streamflow,02087500,02087500::origin=1,1,-141,2026-01-12 00:00:00,240.0
official_usgs_streamflow,02087500,02087500::origin=1,1,-140,2026-01-13 00:00:00,232.0
official_usgs_streamflow,02087500,02087500::origin=1,1,-139,2026-01-14 00:00:00,232.0
official_usgs_streamflow,02087500,02087500::origin=1,1,-138,2026-01-15 00:00:00,232.0
official_usgs_streamflow,02087500,02087500::origin=1,1,-137,2026-01-16 00:00:00,227.0
official_usgs_streamflow,02087500,02087500::origin=1,1,-136,2026-01-17 00:00:00,227.0
official_usgs_streamflow,02087500,02087500::origin=1,1,-135,2026-01-18 00:00:00,258.0
official_usgs_streamflow,02087500,02087500::origin=1,1,-134,2026-01-19 00:00:00,568.0
official_usgs_streamflow,02087500,02087500::origin=1,1,-133,2026-01-20 00:00:00,376.0
official_usgs_streamflow,02087500,02087500::origin=1,1,-132,2026-01-21 00:00:00,304.0
official_usgs_streamflow,02087500,02087500::origin=1,1,-131,2026-01-22 00:00:00,279.0
official_usgs_streamflow,02087500,02087500::origin=1,1,-130,2026-01-23 00:00:00,267.0
official_usgs_streamflow,02087500,02087500::origin=1,1,-129,2026-01-24 00:00:00,262.0
official_usgs_streamflow,02087500,02087500::origin=1,1,-128,2026-01-25 00:00:00,260.0
official_usgs_streamflow,02087500,02087500::origin=1,1,-127,2026-01-26 00:00:00,291.0
official_usgs_streamflow,02087500,02087500::origin=1,1,-126,2026-01-27 00:00:00,469.0
official_usgs_streamflow,02087500,02087500::origin=1,1,-125,2026-01-28 00:00:00,360.0
official_usgs_streamflow,02087500,02087500::origin=1,1,-124,2026-01-29 00:00:00,311.0
official_usgs_streamflow,02087500,02087500::origin=1,1,-123,2026-01-30 00:00:00,288.0
official_usgs_streamflow,02087500,02087500::origin=1,1,-122,2026-01-31 00:00:00,273.0
official_usgs_streamflow,02087500,02087500::origin=1,1,-121,2026-02-01 00:00:00,261.0
official_usgs_streamflow,02087500,02087500::origin=1,1,-120,2026-02-02 00:00:00,282.0
official_usgs_streamflow,02087500,02087500::origin=1,1,-119,2026-02-03 00:00:00,284.0
official_usgs_streamflow,02087500,02087500::origin=1,1,-118,2026-02-04 00:00:00,293.0
official_usgs_streamflow,02087500,02087500::origin=1,1,-117,2026-02-05 00:00:00,348.0
official_usgs_streamflow,02087500,02087500::origin=1,1,-116,2026-02-06 00:00:00,323.0
official_usgs_streamflow,02087500,02087500::origin=1,1,-115,2026-02-07 00:00:00,293.0
official_usgs_streamflow,02087500,02087500::origin=1,1,-114,2026-02-08 00:00:00,267.0
official_usgs_streamflow,02087500,02087500::origin=1,1,-113,2026-02-09 00:00:00,259.0
official_usgs_streamflow,02087500,02087500::origin=1,1,-112,2026-02-10 00:00:00,255.0
official_usgs_streamflow,02087500,02087500::origin=1,1,-111,2026-02-11 00:00:00,254.0
official_usgs_streamflow,02087500,02087500::origin=1,1,-110,2026-02-12 00:00:00,250.0
official_usgs_streamflow,02087500,02087500::origin=1,1,-109,2026-02-13 00:00:00,241.0
official_usgs_streamflow,02087500,02087500::origin=1,1,-108,2026-02-14 00:00:00,236.0
official_usgs_streamflow,02087500,02087500::origin=1,1,-107,2026-02-15 00:00:00,261.0
official_usgs_streamflow,02087500,02087500::origin=1,1,-106,2026-02-16 00:00:00,935.0
official_usgs_streamflow,02087500,02087500::origin=1,1,-105,2026-02-17 00:00:00,627.0
official_usgs_streamflow,02087500,02087500::origin=1,1,-104,2026-02-18 00:00:00,452.0
official_usgs_streamflow,02087500,02087500::origin=1,1,-103,2026-02-19 00:00:00,380.0
official_usgs_streamflow,02087500,02087500::origin=1,1,-102,2026-02-20 00:00:00,348.0
official_usgs_streamflow,02087500,02087500::origin=1,1,-101,2026-02-21 00:00:00,327.0
official_usgs_streamflow,02087500,02087500::origin=1,1,-100,2026-02-22 00:00:00,415.0
official_usgs_streamflow,02087500,02087500::origin=1,1,-99,2026-02-23 00:00:00,670.0
official_usgs_streamflow,02087500,02087500::origin=1,1,-98,2026-02-24 00:00:00,481.0
official_usgs_streamflow,02087500,02087500::origin=1,1,-97,2026-02-25 00:00:00,385.0
official_usgs_streamflow,02087500,02087500::origin=1,1,-96,2026-02-26 00:00:00,503.0
official_usgs_streamflow,02087500,02087500::origin=1,1,-95,2026-02-27 00:00:00,1440.0
official_usgs_streamflow,02087500,02087500::origin=1,1,-94,2026-02-28 00:00:00,835.0
official_usgs_streamflow,02087500,02087500::origin=1,1,-93,2026-03-01 00:00:00,593.0
official_usgs_streamflow,02087500,02087500::origin=1,1,-92,2026-03-02 00:00:00,468.0
official_usgs_streamflow,02087500,02087500::origin=1,1,-91,2026-03-03 00:00:00,392.0
official_usgs_streamflow,02087500,02087500::origin=1,1,-90,2026-03-04 00:00:00,352.0
official_usgs_streamflow,02087500,02087500::origin=1,1,-89,2026-03-05 00:00:00,334.0
official_usgs_streamflow,02087500,02087500::origin=1,1,-88,2026-03-06 00:00:00,318.0
official_usgs_streamflow,02087500,02087500::origin=1,1,-87,2026-03-07 00:00:00,304.0
official_usgs_streamflow,02087500,02087500::origin=1,1,-86,2026-03-08 00:00:00,301.0
official_usgs_streamflow,02087500,02087500::origin=1,1,-85,2026-03-09 00:00:00,305.0
official_usgs_streamflow,02087500,02087500::origin=1,1,-84,2026-03-10 00:00:00,296.0
official_usgs_streamflow,02087500,02087500::origin=1,1,-83,2026-03-11 00:00:00,280.0
official_usgs_streamflow,02087500,02087500::origin=1,1,-82,2026-03-12 00:00:00,297.0
official_usgs_streamflow,02087500,02087500::origin=1,1,-81,2026-03-13 00:00:00,621.0
official_usgs_streamflow,02087500,02087500::origin=1,1,-80,2026-03-14 00:00:00,403.0
official_usgs_streamflow,02087500,02087500::origin=1,1,-79,2026-03-15 00:00:00,339.0
official_usgs_streamflow,02087500,02087500::origin=1,1,-78,2026-03-16 00:00:00,430.0
official_usgs_streamflow,02087500,02087500::origin=1,1,-77,2026-03-17 00:00:00,760.0
official_usgs_streamflow,02087500,02087500::origin=1,1,-76,2026-03-18 00:00:00,514.0
official_usgs_streamflow,02087500,02087500::origin=1,1,-75,2026-03-19 00:00:00,410.0
official_usgs_streamflow,02087500,02087500::origin=1,1,-74,2026-03-20 00:00:00,359.0
official_usgs_streamflow,02087500,02087500::origin=1,1,-73,2026-03-21 00:00:00,330.0
official_usgs_streamflow,02087500,02087500::origin=1,1,-72,2026-03-22 00:00:00,314.0
official_usgs_streamflow,02087500,02087500::origin=1,1,-71,2026-03-23 00:00:00,304.0
official_usgs_streamflow,02087500,02087500::origin=1,1,-70,2026-03-24 00:00:00,284.0
official_usgs_streamflow,02087500,02087500::origin=1,1,-69,2026-03-25 00:00:00,280.0
official_usgs_streamflow,02087500,02087500::origin=1,1,-68,2026-03-26 00:00:00,277.0
official_usgs_streamflow,02087500,02087500::origin=1,1,-67,2026-03-27 00:00:00,274.0
official_usgs_streamflow,02087500,02087500::origin=1,1,-66,2026-03-28 00:00:00,405.0
official_usgs_streamflow,02087500,02087500::origin=1,1,-65,2026-03-29 00:00:00,369.0
official_usgs_streamflow,02087500,02087500::origin=1,1,-64,2026-03-30 00:00:00,307.0
official_usgs_streamflow,02087500,02087500::origin=1,1,-63,2026-03-31 00:00:00,290.0
official_usgs_streamflow,02087500,02087500::origin=1,1,-62,2026-04-01 00:00:00,283.0
official_usgs_streamflow,02087500,02087500::origin=1,1,-61,2026-04-02 00:00:00,275.0
official_usgs_streamflow,02087500,02087500::origin=1,1,-60,2026-04-03 00:00:00,270.0
official_usgs_streamflow,02087500,02087500::origin=1,1,-59,2026-04-04 00:00:00,265.0
official_usgs_streamflow,02087500,02087500::origin=1,1,-58,2026-04-05 00:00:00,265.0
official_usgs_streamflow,02087500,02087500::origin=1,1,-57,2026-04-06 00:00:00,284.0
official_usgs_streamflow,02087500,02087500::origin=1,1,-56,2026-04-07 00:00:00,268.0
official_usgs_streamflow,02087500,02087500::origin=1,1,-55,2026-04-08 00:00:00,249.0
official_usgs_streamflow,02087500,02087500::origin=1,1,-54,2026-04-09 00:00:00,244.0
official_usgs_streamflow,02087500,02087500::origin=1,1,-53,2026-04-10 00:00:00,250.0
official_usgs_streamflow,02087500,02087500::origin=1,1,-52,2026-04-11 00:00:00,271.0
official_usgs_streamflow,02087500,02087500::origin=1,1,-51,2026-04-12 00:00:00,271.0
official_usgs_streamflow,02087500,02087500::origin=1,1,-50,2026-04-13 00:00:00,275.0
official_usgs_streamflow,02087500,02087500::origin=1,1,-49,2026-04-14 00:00:00,267.0
official_usgs_streamflow,02087500,02087500::origin=1,1,-48,2026-04-15 00:00:00,258.0
official_usgs_streamflow,02087500,02087500::origin=1,1,-47,2026-04-16 00:00:00,255.0
official_usgs_streamflow,02087500,02087500::origin=1,1,-46,2026-04-17 00:00:00,247.0
official_usgs_streamflow,02087500,02087500::origin=1,1,-45,2026-04-18 00:00:00,241.0
official_usgs_streamflow,02087500,02087500::origin=1,1,-44,2026-04-19 00:00:00,251.0
official_usgs_streamflow,02087500,02087500::origin=1,1,-43,2026-04-20 00:00:00,263.0
official_usgs_streamflow,02087500,02087500::origin=1,1,-42,2026-04-21 00:00:00,259.0
official_usgs_streamflow,02087500,02087500::origin=1,1,-41,2026-04-22 00:00:00,256.0
official_usgs_streamflow,02087500,02087500::origin=1,1,-40,2026-04-23 00:00:00,255.0
official_usgs_streamflow,02087500,02087500::origin=1,1,-39,2026-04-24 00:00:00,255.0
official_usgs_streamflow,02087500,02087500::origin=1,1,-38,2026-04-25 00:00:00,251.0
official_usgs_streamflow,02087500,02087500::origin=1,1,-37,2026-04-26 00:00:00,396.0
official_usgs_streamflow,02087500,02087500::origin=1,1,-36,2026-04-27 00:00:00,402.0
official_usgs_streamflow,02087500,02087500::origin=1,1,-35,2026-04-28 00:00:00,284.0
official_usgs_streamflow,02087500,02087500::origin=1,1,-34,2026-04-29 00:00:00,249.0
official_usgs_streamflow,02087500,02087500::origin=1,1,-33,2026-04-30 00:00:00,269.0
official_usgs_streamflow,02087500,02087500::origin=1,1,-32,2026-05-01 00:00:00,267.0
official_usgs_streamflow,02087500,02087500::origin=1,1,-31,2026-05-02 00:00:00,253.0
official_usgs_streamflow,02087500,02087500::origin=1,1,-30,2026-05-03 00:00:00,279.0
official_usgs_streamflow,02087500,02087500::origin=1,1,-29,2026-05-04 00:00:00,256.0
official_usgs_streamflow,02087500,02087500::origin=1,1,-28,2026-05-05 00:00:00,249.0
official_usgs_streamflow,02087500,02087500::origin=1,1,-27,2026-05-06 00:00:00,233.0
official_usgs_streamflow,02087500,02087500::origin=1,1,-26,2026-05-07 00:00:00,333.0
official_usgs_streamflow,02087500,02087500::origin=1,1,-25,2026-05-08 00:00:00,462.0
official_usgs_streamflow,02087500,02087500::origin=1,1,-24,2026-05-09 00:00:00,297.0
official_usgs_streamflow,02087500,02087500::origin=1,1,-23,2026-05-10 00:00:00,261.0
official_usgs_streamflow,02087500,02087500::origin=1,1,-22,2026-05-11 00:00:00,247.0
official_usgs_streamflow,02087500,02087500::origin=1,1,-21,2026-05-12 00:00:00,237.0
official_usgs_streamflow,02087500,02087500::origin=1,1,-20,2026-05-13 00:00:00,225.0
official_usgs_streamflow,02087500,02087500::origin=1,1,-19,2026-05-14 00:00:00,219.0
official_usgs_streamflow,02087500,02087500::origin=1,1,-18,2026-05-15 00:00:00,225.0
official_usgs_streamflow,02087500,02087500::origin=1,1,-17,2026-05-16 00:00:00,244.0
official_usgs_streamflow,02087500,02087500::origin=1,1,-16,2026-05-17 00:00:00,243.0
official_usgs_streamflow,02087500,02087500::origin=1,1,-15,2026-05-18 00:00:00,244.0
official_usgs_streamflow,02087500,02087500::origin=1,1,-14,2026-05-19 00:00:00,237.0
official_usgs_streamflow,02087500,02087500::origin=1,1,-13,2026-05-20 00:00:00,234.0
official_usgs_streamflow,02087500,02087500::origin=1,1,-12,2026-05-21 00:00:00,235.0
official_usgs_streamflow,02087500,02087500::origin=1,1,-11,2026-05-22 00:00:00,311.0
official_usgs_streamflow,02087500,02087500::origin=1,1,-10,2026-05-23 00:00:00,334.0
official_usgs_streamflow,02087500,02087500::origin=1,1,-9,2026-05-24 00:00:00,294.0
official_usgs_streamflow,02087500,02087500::origin=1,1,-8,2026-05-25 00:00:00,259.0
official_usgs_streamflow,02087500,02087500::origin=1,1,-7,2026-05-26 00:00:00,390.0
official_usgs_streamflow,02087500,02087500::origin=1,1,-6,2026-05-27 00:00:00,330.0
official_usgs_streamflow,02087500,02087500::origin=1,1,-5,2026-05-28 00:00:00,295.0
official_usgs_streamflow,02087500,02087500::origin=1,1,-4,2026-05-29 00:00:00,269.0
official_usgs_streamflow,02087500,02087500::origin=1,1,-3,2026-05-30 00:00:00,244.0
official_usgs_streamflow,02087500,02087500::origin=1,1,-2,2026-05-31 00:00:00,230.0
official_usgs_streamflow,02087500,02087500::origin=1,1,-1,2026-06-01 00:00:00,223.0
official_usgs_streamflow,02087500,02087500::origin=2,2,-512,2024-12-07 00:00:00,262.0
official_usgs_streamflow,02087500,02087500::origin=2,2,-511,2024-12-08 00:00:00,264.0
official_usgs_streamflow,02087500,02087500::origin=2,2,-510,2024-12-09 00:00:00,283.0
official_usgs_streamflow,02087500,02087500::origin=2,2,-509,2024-12-10 00:00:00,386.0
official_usgs_streamflow,02087500,02087500::origin=2,2,-508,2024-12-11 00:00:00,638.0
official_usgs_streamflow,02087500,02087500::origin=2,2,-507,2024-12-12 00:00:00,1910.0
official_usgs_streamflow,02087500,02087500::origin=2,2,-506,2024-12-13 00:00:00,828.0
official_usgs_streamflow,02087500,02087500::origin=2,2,-505,2024-12-14 00:00:00,577.0
official_usgs_streamflow,02087500,02087500::origin=2,2,-504,2024-12-15 00:00:00,461.0
official_usgs_streamflow,02087500,02087500::origin=2,2,-503,2024-12-16 00:00:00,399.0
official_usgs_streamflow,02087500,02087500::origin=2,2,-502,2024-12-17 00:00:00,361.0
official_usgs_streamflow,02087500,02087500::origin=2,2,-501,2024-12-18 00:00:00,342.0
official_usgs_streamflow,02087500,02087500::origin=2,2,-500,2024-12-19 00:00:00,342.0
official_usgs_streamflow,02087500,02087500::origin=2,2,-499,2024-12-20 00:00:00,325.0
official_usgs_streamflow,02087500,02087500::origin=2,2,-498,2024-12-21 00:00:00,311.0
official_usgs_streamflow,02087500,02087500::origin=2,2,-497,2024-12-22 00:00:00,294.0
official_usgs_streamflow,02087500,02087500::origin=2,2,-496,2024-12-23 00:00:00,283.0
official_usgs_streamflow,02087500,02087500::origin=2,2,-495,2024-12-24 00:00:00,288.0
official_usgs_streamflow,02087500,02087500::origin=2,2,-494,2024-12-25 00:00:00,281.0
official_usgs_streamflow,02087500,02087500::origin=2,2,-493,2024-12-26 00:00:00,272.0
official_usgs_streamflow,02087500,02087500::origin=2,2,-492,2024-12-27 00:00:00,275.0
official_usgs_streamflow,02087500,02087500::origin=2,2,-491,2024-12-28 00:00:00,280.0
official_usgs_streamflow,02087500,02087500::origin=2,2,-490,2024-12-29 00:00:00,288.0
official_usgs_streamflow,02087500,02087500::origin=2,2,-489,2024-12-30 00:00:00,314.0
official_usgs_streamflow,02087500,02087500::origin=2,2,-488,2024-12-31 00:00:00,304.0
official_usgs_streamflow,02087500,02087500::origin=2,2,-487,2025-01-01 00:00:00,292.0
official_usgs_streamflow,02087500,02087500::origin=2,2,-486,2025-01-02 00:00:00,280.0
official_usgs_streamflow,02087500,02087500::origin=2,2,-485,2025-01-03 00:00:00,276.0
official_usgs_streamflow,02087500,02087500::origin=2,2,-484,2025-01-04 00:00:00,265.0
official_usgs_streamflow,02087500,02087500::origin=2,2,-483,2025-01-05 00:00:00,259.0
official_usgs_streamflow,02087500,02087500::origin=2,2,-482,2025-01-06 00:00:00,333.0
official_usgs_streamflow,02087500,02087500::origin=2,2,-481,2025-01-07 00:00:00,769.0
official_usgs_streamflow,02087500,02087500::origin=2,2,-480,2025-01-08 00:00:00,1110.0
official_usgs_streamflow,02087500,02087500::origin=2,2,-479,2025-01-09 00:00:00,1390.0
official_usgs_streamflow,02087500,02087500::origin=2,2,-478,2025-01-10 00:00:00,1360.0
official_usgs_streamflow,02087500,02087500::origin=2,2,-477,2025-01-11 00:00:00,850.0
official_usgs_streamflow,02087500,02087500::origin=2,2,-476,2025-01-12 00:00:00,681.0
official_usgs_streamflow,02087500,02087500::origin=2,2,-475,2025-01-13 00:00:00,528.0
official_usgs_streamflow,02087500,02087500::origin=2,2,-474,2025-01-14 00:00:00,472.0
official_usgs_streamflow,02087500,02087500::origin=2,2,-473,2025-01-15 00:00:00,438.0
official_usgs_streamflow,02087500,02087500::origin=2,2,-472,2025-01-16 00:00:00,414.0
official_usgs_streamflow,02087500,02087500::origin=2,2,-471,2025-01-17 00:00:00,408.0
official_usgs_streamflow,02087500,02087500::origin=2,2,-470,2025-01-18 00:00:00,396.0
official_usgs_streamflow,02087500,02087500::origin=2,2,-469,2025-01-19 00:00:00,393.0
official_usgs_streamflow,02087500,02087500::origin=2,2,-468,2025-01-20 00:00:00,381.0
official_usgs_streamflow,02087500,02087500::origin=2,2,-467,2025-01-21 00:00:00,362.0
official_usgs_streamflow,02087500,02087500::origin=2,2,-466,2025-01-22 00:00:00,358.0
official_usgs_streamflow,02087500,02087500::origin=2,2,-465,2025-01-23 00:00:00,357.0
official_usgs_streamflow,02087500,02087500::origin=2,2,-464,2025-01-24 00:00:00,364.0
official_usgs_streamflow,02087500,02087500::origin=2,2,-463,2025-01-25 00:00:00,370.0
official_usgs_streamflow,02087500,02087500::origin=2,2,-462,2025-01-26 00:00:00,365.0
official_usgs_streamflow,02087500,02087500::origin=2,2,-461,2025-01-27 00:00:00,362.0
official_usgs_streamflow,02087500,02087500::origin=2,2,-460,2025-01-28 00:00:00,362.0
official_usgs_streamflow,02087500,02087500::origin=2,2,-459,2025-01-29 00:00:00,360.0
official_usgs_streamflow,02087500,02087500::origin=2,2,-458,2025-01-30 00:00:00,356.0
official_usgs_streamflow,02087500,02087500::origin=2,2,-457,2025-01-31 00:00:00,354.0
official_usgs_streamflow,02087500,02087500::origin=2,2,-456,2025-02-01 00:00:00,672.0
official_usgs_streamflow,02087500,02087500::origin=2,2,-455,2025-02-02 00:00:00,657.0
official_usgs_streamflow,02087500,02087500::origin=2,2,-454,2025-02-03 00:00:00,498.0
official_usgs_streamflow,02087500,02087500::origin=2,2,-453,2025-02-04 00:00:00,705.0
official_usgs_streamflow,02087500,02087500::origin=2,2,-452,2025-02-05 00:00:00,865.0
official_usgs_streamflow,02087500,02087500::origin=2,2,-451,2025-02-06 00:00:00,853.0
official_usgs_streamflow,02087500,02087500::origin=2,2,-450,2025-02-07 00:00:00,851.0
official_usgs_streamflow,02087500,02087500::origin=2,2,-449,2025-02-08 00:00:00,846.0
official_usgs_streamflow,02087500,02087500::origin=2,2,-448,2025-02-09 00:00:00,838.0
official_usgs_streamflow,02087500,02087500::origin=2,2,-447,2025-02-10 00:00:00,964.0
official_usgs_streamflow,02087500,02087500::origin=2,2,-446,2025-02-11 00:00:00,948.0
official_usgs_streamflow,02087500,02087500::origin=2,2,-445,2025-02-12 00:00:00,1920.0
official_usgs_streamflow,02087500,02087500::origin=2,2,-444,2025-02-13 00:00:00,2370.0
official_usgs_streamflow,02087500,02087500::origin=2,2,-443,2025-02-14 00:00:00,1720.0
official_usgs_streamflow,02087500,02087500::origin=2,2,-442,2025-02-15 00:00:00,1040.0
official_usgs_streamflow,02087500,02087500::origin=2,2,-441,2025-02-16 00:00:00,1190.0
official_usgs_streamflow,02087500,02087500::origin=2,2,-440,2025-02-17 00:00:00,1370.0
official_usgs_streamflow,02087500,02087500::origin=2,2,-439,2025-02-18 00:00:00,852.0
official_usgs_streamflow,02087500,02087500::origin=2,2,-438,2025-02-19 00:00:00,3010.0
official_usgs_streamflow,02087500,02087500::origin=2,2,-437,2025-02-20 00:00:00,3780.0
official_usgs_streamflow,02087500,02087500::origin=2,2,-436,2025-02-21 00:00:00,3740.0
official_usgs_streamflow,02087500,02087500::origin=2,2,-435,2025-02-22 00:00:00,3710.0
official_usgs_streamflow,02087500,02087500::origin=2,2,-434,2025-02-23 00:00:00,3670.0
official_usgs_streamflow,02087500,02087500::origin=2,2,-433,2025-02-24 00:00:00,3640.0
official_usgs_streamflow,02087500,02087500::origin=2,2,-432,2025-02-25 00:00:00,3610.0
official_usgs_streamflow,02087500,02087500::origin=2,2,-431,2025-02-26 00:00:00,3580.0
official_usgs_streamflow,02087500,02087500::origin=2,2,-430,2025-02-27 00:00:00,2700.0
official_usgs_streamflow,02087500,02087500::origin=2,2,-429,2025-02-28 00:00:00,1840.0
official_usgs_streamflow,02087500,02087500::origin=2,2,-428,2025-03-01 00:00:00,1430.0
official_usgs_streamflow,02087500,02087500::origin=2,2,-427,2025-03-02 00:00:00,1340.0
official_usgs_streamflow,02087500,02087500::origin=2,2,-426,2025-03-03 00:00:00,1310.0
official_usgs_streamflow,02087500,02087500::origin=2,2,-425,2025-03-04 00:00:00,909.0
official_usgs_streamflow,02087500,02087500::origin=2,2,-424,2025-03-05 00:00:00,1560.0
official_usgs_streamflow,02087500,02087500::origin=2,2,-423,2025-03-06 00:00:00,2090.0
official_usgs_streamflow,02087500,02087500::origin=2,2,-422,2025-03-07 00:00:00,1420.0
official_usgs_streamflow,02087500,02087500::origin=2,2,-421,2025-03-08 00:00:00,1860.0
official_usgs_streamflow,02087500,02087500::origin=2,2,-420,2025-03-09 00:00:00,1810.0
official_usgs_streamflow,02087500,02087500::origin=2,2,-419,2025-03-10 00:00:00,1750.0
official_usgs_streamflow,02087500,02087500::origin=2,2,-418,2025-03-11 00:00:00,1720.0
official_usgs_streamflow,02087500,02087500::origin=2,2,-417,2025-03-12 00:00:00,1690.0
official_usgs_streamflow,02087500,02087500::origin=2,2,-416,2025-03-13 00:00:00,1650.0
official_usgs_streamflow,02087500,02087500::origin=2,2,-415,2025-03-14 00:00:00,902.0
official_usgs_streamflow,02087500,02087500::origin=2,2,-414,2025-03-15 00:00:00,689.0
official_usgs_streamflow,02087500,02087500::origin=2,2,-413,2025-03-16 00:00:00,1740.0
official_usgs_streamflow,02087500,02087500::origin=2,2,-412,2025-03-17 00:00:00,5740.0
official_usgs_streamflow,02087500,02087500::origin=2,2,-411,2025-03-18 00:00:00,1860.0
official_usgs_streamflow,02087500,02087500::origin=2,2,-410,2025-03-19 00:00:00,1160.0
official_usgs_streamflow,02087500,02087500::origin=2,2,-409,2025-03-20 00:00:00,1230.0
official_usgs_streamflow,02087500,02087500::origin=2,2,-408,2025-03-21 00:00:00,1400.0
official_usgs_streamflow,02087500,02087500::origin=2,2,-407,2025-03-22 00:00:00,1160.0
official_usgs_streamflow,02087500,02087500::origin=2,2,-406,2025-03-23 00:00:00,1080.0
official_usgs_streamflow,02087500,02087500::origin=2,2,-405,2025-03-24 00:00:00,1040.0
official_usgs_streamflow,02087500,02087500::origin=2,2,-404,2025-03-25 00:00:00,824.0
official_usgs_streamflow,02087500,02087500::origin=2,2,-403,2025-03-26 00:00:00,648.0
official_usgs_streamflow,02087500,02087500::origin=2,2,-402,2025-03-27 00:00:00,553.0
official_usgs_streamflow,02087500,02087500::origin=2,2,-401,2025-03-28 00:00:00,516.0
official_usgs_streamflow,02087500,02087500::origin=2,2,-400,2025-03-29 00:00:00,549.0
official_usgs_streamflow,02087500,02087500::origin=2,2,-399,2025-03-30 00:00:00,588.0
official_usgs_streamflow,02087500,02087500::origin=2,2,-398,2025-03-31 00:00:00,583.0
official_usgs_streamflow,02087500,02087500::origin=2,2,-397,2025-04-01 00:00:00,869.0
official_usgs_streamflow,02087500,02087500::origin=2,2,-396,2025-04-02 00:00:00,693.0
official_usgs_streamflow,02087500,02087500::origin=2,2,-395,2025-04-03 00:00:00,625.0
official_usgs_streamflow,02087500,02087500::origin=2,2,-394,2025-04-04 00:00:00,604.0
official_usgs_streamflow,02087500,02087500::origin=2,2,-393,2025-04-05 00:00:00,589.0
official_usgs_streamflow,02087500,02087500::origin=2,2,-392,2025-04-06 00:00:00,569.0
official_usgs_streamflow,02087500,02087500::origin=2,2,-391,2025-04-07 00:00:00,593.0
official_usgs_streamflow,02087500,02087500::origin=2,2,-390,2025-04-08 00:00:00,1770.0
official_usgs_streamflow,02087500,02087500::origin=2,2,-389,2025-04-09 00:00:00,1210.0
official_usgs_streamflow,02087500,02087500::origin=2,2,-388,2025-04-10 00:00:00,1550.0
official_usgs_streamflow,02087500,02087500::origin=2,2,-387,2025-04-11 00:00:00,1930.0
official_usgs_streamflow,02087500,02087500::origin=2,2,-386,2025-04-12 00:00:00,2170.0
official_usgs_streamflow,02087500,02087500::origin=2,2,-385,2025-04-13 00:00:00,1700.0
official_usgs_streamflow,02087500,02087500::origin=2,2,-384,2025-04-14 00:00:00,1510.0
official_usgs_streamflow,02087500,02087500::origin=2,2,-383,2025-04-15 00:00:00,1400.0
official_usgs_streamflow,02087500,02087500::origin=2,2,-382,2025-04-16 00:00:00,1310.0
official_usgs_streamflow,02087500,02087500::origin=2,2,-381,2025-04-17 00:00:00,1240.0
official_usgs_streamflow,02087500,02087500::origin=2,2,-380,2025-04-18 00:00:00,1030.0
official_usgs_streamflow,02087500,02087500::origin=2,2,-379,2025-04-19 00:00:00,730.0
official_usgs_streamflow,02087500,02087500::origin=2,2,-378,2025-04-20 00:00:00,675.0
official_usgs_streamflow,02087500,02087500::origin=2,2,-377,2025-04-21 00:00:00,665.0
official_usgs_streamflow,02087500,02087500::origin=2,2,-376,2025-04-22 00:00:00,580.0
official_usgs_streamflow,02087500,02087500::origin=2,2,-375,2025-04-23 00:00:00,601.0
official_usgs_streamflow,02087500,02087500::origin=2,2,-374,2025-04-24 00:00:00,566.0
official_usgs_streamflow,02087500,02087500::origin=2,2,-373,2025-04-25 00:00:00,478.0
official_usgs_streamflow,02087500,02087500::origin=2,2,-372,2025-04-26 00:00:00,437.0
official_usgs_streamflow,02087500,02087500::origin=2,2,-371,2025-04-27 00:00:00,640.0
official_usgs_streamflow,02087500,02087500::origin=2,2,-370,2025-04-28 00:00:00,467.0
official_usgs_streamflow,02087500,02087500::origin=2,2,-369,2025-04-29 00:00:00,397.0
official_usgs_streamflow,02087500,02087500::origin=2,2,-368,2025-04-30 00:00:00,367.0
official_usgs_streamflow,02087500,02087500::origin=2,2,-367,2025-05-01 00:00:00,356.0
official_usgs_streamflow,02087500,02087500::origin=2,2,-366,2025-05-02 00:00:00,340.0
official_usgs_streamflow,02087500,02087500::origin=2,2,-365,2025-05-03 00:00:00,482.0
official_usgs_streamflow,02087500,02087500::origin=2,2,-364,2025-05-04 00:00:00,587.0
official_usgs_streamflow,02087500,02087500::origin=2,2,-363,2025-05-05 00:00:00,736.0
official_usgs_streamflow,02087500,02087500::origin=2,2,-362,2025-05-06 00:00:00,1230.0
official_usgs_streamflow,02087500,02087500::origin=2,2,-361,2025-05-07 00:00:00,669.0
official_usgs_streamflow,02087500,02087500::origin=2,2,-360,2025-05-08 00:00:00,524.0
official_usgs_streamflow,02087500,02087500::origin=2,2,-359,2025-05-09 00:00:00,531.0
official_usgs_streamflow,02087500,02087500::origin=2,2,-358,2025-05-10 00:00:00,454.0
official_usgs_streamflow,02087500,02087500::origin=2,2,-357,2025-05-11 00:00:00,396.0
official_usgs_streamflow,02087500,02087500::origin=2,2,-356,2025-05-12 00:00:00,416.0
official_usgs_streamflow,02087500,02087500::origin=2,2,-355,2025-05-13 00:00:00,1130.0
official_usgs_streamflow,02087500,02087500::origin=2,2,-354,2025-05-14 00:00:00,1480.0
official_usgs_streamflow,02087500,02087500::origin=2,2,-353,2025-05-15 00:00:00,2580.0
official_usgs_streamflow,02087500,02087500::origin=2,2,-352,2025-05-16 00:00:00,1610.0
official_usgs_streamflow,02087500,02087500::origin=2,2,-351,2025-05-17 00:00:00,2100.0
official_usgs_streamflow,02087500,02087500::origin=2,2,-350,2025-05-18 00:00:00,2050.0
official_usgs_streamflow,02087500,02087500::origin=2,2,-349,2025-05-19 00:00:00,1930.0
official_usgs_streamflow,02087500,02087500::origin=2,2,-348,2025-05-20 00:00:00,1060.0
official_usgs_streamflow,02087500,02087500::origin=2,2,-347,2025-05-21 00:00:00,656.0
official_usgs_streamflow,02087500,02087500::origin=2,2,-346,2025-05-22 00:00:00,567.0
official_usgs_streamflow,02087500,02087500::origin=2,2,-345,2025-05-23 00:00:00,509.0
official_usgs_streamflow,02087500,02087500::origin=2,2,-344,2025-05-24 00:00:00,429.0
official_usgs_streamflow,02087500,02087500::origin=2,2,-343,2025-05-25 00:00:00,371.0
official_usgs_streamflow,02087500,02087500::origin=2,2,-342,2025-05-26 00:00:00,363.0
official_usgs_streamflow,02087500,02087500::origin=2,2,-341,2025-05-27 00:00:00,411.0
official_usgs_streamflow,02087500,02087500::origin=2,2,-340,2025-05-28 00:00:00,1030.0
official_usgs_streamflow,02087500,02087500::origin=2,2,-339,2025-05-29 00:00:00,662.0
official_usgs_streamflow,02087500,02087500::origin=2,2,-338,2025-05-30 00:00:00,616.0
official_usgs_streamflow,02087500,02087500::origin=2,2,-337,2025-05-31 00:00:00,1070.0
official_usgs_streamflow,02087500,02087500::origin=2,2,-336,2025-06-01 00:00:00,2000.0
official_usgs_streamflow,02087500,02087500::origin=2,2,-335,2025-06-02 00:00:00,1970.0
official_usgs_streamflow,02087500,02087500::origin=2,2,-334,2025-06-03 00:00:00,1880.0
official_usgs_streamflow,02087500,02087500::origin=2,2,-333,2025-06-04 00:00:00,1820.0
official_usgs_streamflow,02087500,02087500::origin=2,2,-332,2025-06-05 00:00:00,1470.0
official_usgs_streamflow,02087500,02087500::origin=2,2,-331,2025-06-06 00:00:00,1350.0
official_usgs_streamflow,02087500,02087500::origin=2,2,-330,2025-06-07 00:00:00,1150.0
official_usgs_streamflow,02087500,02087500::origin=2,2,-329,2025-06-08 00:00:00,1210.0
official_usgs_streamflow,02087500,02087500::origin=2,2,-328,2025-06-09 00:00:00,1050.0
official_usgs_streamflow,02087500,02087500::origin=2,2,-327,2025-06-10 00:00:00,879.0
official_usgs_streamflow,02087500,02087500::origin=2,2,-326,2025-06-11 00:00:00,803.0
official_usgs_streamflow,02087500,02087500::origin=2,2,-325,2025-06-12 00:00:00,584.0
official_usgs_streamflow,02087500,02087500::origin=2,2,-324,2025-06-13 00:00:00,604.0
official_usgs_streamflow,02087500,02087500::origin=2,2,-323,2025-06-14 00:00:00,505.0
official_usgs_streamflow,02087500,02087500::origin=2,2,-322,2025-06-15 00:00:00,374.0
official_usgs_streamflow,02087500,02087500::origin=2,2,-321,2025-06-16 00:00:00,627.0
official_usgs_streamflow,02087500,02087500::origin=2,2,-320,2025-06-17 00:00:00,923.0
official_usgs_streamflow,02087500,02087500::origin=2,2,-319,2025-06-18 00:00:00,572.0
official_usgs_streamflow,02087500,02087500::origin=2,2,-318,2025-06-19 00:00:00,686.0
official_usgs_streamflow,02087500,02087500::origin=2,2,-317,2025-06-20 00:00:00,1420.0
official_usgs_streamflow,02087500,02087500::origin=2,2,-316,2025-06-21 00:00:00,1060.0
official_usgs_streamflow,02087500,02087500::origin=2,2,-315,2025-06-22 00:00:00,870.0
official_usgs_streamflow,02087500,02087500::origin=2,2,-314,2025-06-23 00:00:00,788.0
official_usgs_streamflow,02087500,02087500::origin=2,2,-313,2025-06-24 00:00:00,587.0
official_usgs_streamflow,02087500,02087500::origin=2,2,-312,2025-06-25 00:00:00,461.0
official_usgs_streamflow,02087500,02087500::origin=2,2,-311,2025-06-26 00:00:00,499.0
official_usgs_streamflow,02087500,02087500::origin=2,2,-310,2025-06-27 00:00:00,374.0
official_usgs_streamflow,02087500,02087500::origin=2,2,-309,2025-06-28 00:00:00,305.0
official_usgs_streamflow,02087500,02087500::origin=2,2,-308,2025-06-29 00:00:00,363.0
official_usgs_streamflow,02087500,02087500::origin=2,2,-307,2025-06-30 00:00:00,351.0
official_usgs_streamflow,02087500,02087500::origin=2,2,-306,2025-07-01 00:00:00,313.0
official_usgs_streamflow,02087500,02087500::origin=2,2,-305,2025-07-02 00:00:00,296.0
official_usgs_streamflow,02087500,02087500::origin=2,2,-304,2025-07-03 00:00:00,1210.0
official_usgs_streamflow,02087500,02087500::origin=2,2,-303,2025-07-04 00:00:00,654.0
official_usgs_streamflow,02087500,02087500::origin=2,2,-302,2025-07-05 00:00:00,450.0
official_usgs_streamflow,02087500,02087500::origin=2,2,-301,2025-07-06 00:00:00,381.0
official_usgs_streamflow,02087500,02087500::origin=2,2,-300,2025-07-07 00:00:00,597.0
official_usgs_streamflow,02087500,02087500::origin=2,2,-299,2025-07-08 00:00:00,1460.0
official_usgs_streamflow,02087500,02087500::origin=2,2,-298,2025-07-09 00:00:00,2940.0
official_usgs_streamflow,02087500,02087500::origin=2,2,-297,2025-07-10 00:00:00,5010.0
official_usgs_streamflow,02087500,02087500::origin=2,2,-296,2025-07-11 00:00:00,5400.0
official_usgs_streamflow,02087500,02087500::origin=2,2,-295,2025-07-12 00:00:00,3430.0
official_usgs_streamflow,02087500,02087500::origin=2,2,-294,2025-07-13 00:00:00,3230.0
official_usgs_streamflow,02087500,02087500::origin=2,2,-293,2025-07-14 00:00:00,3360.0
official_usgs_streamflow,02087500,02087500::origin=2,2,-292,2025-07-15 00:00:00,3580.0
official_usgs_streamflow,02087500,02087500::origin=2,2,-291,2025-07-16 00:00:00,3470.0
official_usgs_streamflow,02087500,02087500::origin=2,2,-290,2025-07-17 00:00:00,3250.0
official_usgs_streamflow,02087500,02087500::origin=2,2,-289,2025-07-18 00:00:00,3480.0
official_usgs_streamflow,02087500,02087500::origin=2,2,-288,2025-07-19 00:00:00,3500.0
official_usgs_streamflow,02087500,02087500::origin=2,2,-287,2025-07-20 00:00:00,3930.0
official_usgs_streamflow,02087500,02087500::origin=2,2,-286,2025-07-21 00:00:00,3270.0
official_usgs_streamflow,02087500,02087500::origin=2,2,-285,2025-07-22 00:00:00,3060.0
official_usgs_streamflow,02087500,02087500::origin=2,2,-284,2025-07-23 00:00:00,3270.0
official_usgs_streamflow,02087500,02087500::origin=2,2,-283,2025-07-24 00:00:00,3270.0
official_usgs_streamflow,02087500,02087500::origin=2,2,-282,2025-07-25 00:00:00,3160.0
official_usgs_streamflow,02087500,02087500::origin=2,2,-281,2025-07-26 00:00:00,1870.0
official_usgs_streamflow,02087500,02087500::origin=2,2,-280,2025-07-27 00:00:00,1670.0
official_usgs_streamflow,02087500,02087500::origin=2,2,-279,2025-07-28 00:00:00,1690.0
official_usgs_streamflow,02087500,02087500::origin=2,2,-278,2025-07-29 00:00:00,895.0
official_usgs_streamflow,02087500,02087500::origin=2,2,-277,2025-07-30 00:00:00,698.0
official_usgs_streamflow,02087500,02087500::origin=2,2,-276,2025-07-31 00:00:00,462.0
official_usgs_streamflow,02087500,02087500::origin=2,2,-275,2025-08-01 00:00:00,408.0
official_usgs_streamflow,02087500,02087500::origin=2,2,-274,2025-08-02 00:00:00,591.0
official_usgs_streamflow,02087500,02087500::origin=2,2,-273,2025-08-03 00:00:00,501.0
official_usgs_streamflow,02087500,02087500::origin=2,2,-272,2025-08-04 00:00:00,364.0
official_usgs_streamflow,02087500,02087500::origin=2,2,-271,2025-08-05 00:00:00,322.0
official_usgs_streamflow,02087500,02087500::origin=2,2,-270,2025-08-06 00:00:00,1490.0
official_usgs_streamflow,02087500,02087500::origin=2,2,-269,2025-08-07 00:00:00,4950.0
official_usgs_streamflow,02087500,02087500::origin=2,2,-268,2025-08-08 00:00:00,2870.0
official_usgs_streamflow,02087500,02087500::origin=2,2,-267,2025-08-09 00:00:00,2370.0
official_usgs_streamflow,02087500,02087500::origin=2,2,-266,2025-08-10 00:00:00,3070.0
official_usgs_streamflow,02087500,02087500::origin=2,2,-265,2025-08-11 00:00:00,3260.0
official_usgs_streamflow,02087500,02087500::origin=2,2,-264,2025-08-12 00:00:00,7790.0
official_usgs_streamflow,02087500,02087500::origin=2,2,-263,2025-08-13 00:00:00,3700.0
official_usgs_streamflow,02087500,02087500::origin=2,2,-262,2025-08-14 00:00:00,2360.0
official_usgs_streamflow,02087500,02087500::origin=2,2,-261,2025-08-15 00:00:00,3210.0
official_usgs_streamflow,02087500,02087500::origin=2,2,-260,2025-08-16 00:00:00,3470.0
official_usgs_streamflow,02087500,02087500::origin=2,2,-259,2025-08-17 00:00:00,3150.0
official_usgs_streamflow,02087500,02087500::origin=2,2,-258,2025-08-18 00:00:00,3360.0
official_usgs_streamflow,02087500,02087500::origin=2,2,-257,2025-08-19 00:00:00,3290.0
official_usgs_streamflow,02087500,02087500::origin=2,2,-256,2025-08-20 00:00:00,3190.0
official_usgs_streamflow,02087500,02087500::origin=2,2,-255,2025-08-21 00:00:00,2430.0
official_usgs_streamflow,02087500,02087500::origin=2,2,-254,2025-08-22 00:00:00,1200.0
official_usgs_streamflow,02087500,02087500::origin=2,2,-253,2025-08-23 00:00:00,909.0
official_usgs_streamflow,02087500,02087500::origin=2,2,-252,2025-08-24 00:00:00,526.0
official_usgs_streamflow,02087500,02087500::origin=2,2,-251,2025-08-25 00:00:00,389.0
official_usgs_streamflow,02087500,02087500::origin=2,2,-250,2025-08-26 00:00:00,369.0
official_usgs_streamflow,02087500,02087500::origin=2,2,-249,2025-08-27 00:00:00,329.0
official_usgs_streamflow,02087500,02087500::origin=2,2,-248,2025-08-28 00:00:00,291.0
official_usgs_streamflow,02087500,02087500::origin=2,2,-247,2025-08-29 00:00:00,296.0
official_usgs_streamflow,02087500,02087500::origin=2,2,-246,2025-08-30 00:00:00,293.0
official_usgs_streamflow,02087500,02087500::origin=2,2,-245,2025-08-31 00:00:00,280.0
official_usgs_streamflow,02087500,02087500::origin=2,2,-244,2025-09-01 00:00:00,271.0
official_usgs_streamflow,02087500,02087500::origin=2,2,-243,2025-09-02 00:00:00,268.0
official_usgs_streamflow,02087500,02087500::origin=2,2,-242,2025-09-03 00:00:00,262.0
official_usgs_streamflow,02087500,02087500::origin=2,2,-241,2025-09-04 00:00:00,259.0
official_usgs_streamflow,02087500,02087500::origin=2,2,-240,2025-09-05 00:00:00,251.0
official_usgs_streamflow,02087500,02087500::origin=2,2,-239,2025-09-06 00:00:00,267.0
official_usgs_streamflow,02087500,02087500::origin=2,2,-238,2025-09-07 00:00:00,359.0
official_usgs_streamflow,02087500,02087500::origin=2,2,-237,2025-09-08 00:00:00,333.0
official_usgs_streamflow,02087500,02087500::origin=2,2,-236,2025-09-09 00:00:00,296.0
official_usgs_streamflow,02087500,02087500::origin=2,2,-235,2025-09-10 00:00:00,295.0
official_usgs_streamflow,02087500,02087500::origin=2,2,-234,2025-09-11 00:00:00,309.0
official_usgs_streamflow,02087500,02087500::origin=2,2,-233,2025-09-12 00:00:00,318.0
official_usgs_streamflow,02087500,02087500::origin=2,2,-232,2025-09-13 00:00:00,296.0
official_usgs_streamflow,02087500,02087500::origin=2,2,-231,2025-09-14 00:00:00,289.0
official_usgs_streamflow,02087500,02087500::origin=2,2,-230,2025-09-15 00:00:00,278.0
official_usgs_streamflow,02087500,02087500::origin=2,2,-229,2025-09-16 00:00:00,266.0
official_usgs_streamflow,02087500,02087500::origin=2,2,-228,2025-09-17 00:00:00,253.0
official_usgs_streamflow,02087500,02087500::origin=2,2,-227,2025-09-18 00:00:00,261.0
official_usgs_streamflow,02087500,02087500::origin=2,2,-226,2025-09-19 00:00:00,299.0
official_usgs_streamflow,02087500,02087500::origin=2,2,-225,2025-09-20 00:00:00,310.0
official_usgs_streamflow,02087500,02087500::origin=2,2,-224,2025-09-21 00:00:00,293.0
official_usgs_streamflow,02087500,02087500::origin=2,2,-223,2025-09-22 00:00:00,275.0
official_usgs_streamflow,02087500,02087500::origin=2,2,-222,2025-09-23 00:00:00,266.0
official_usgs_streamflow,02087500,02087500::origin=2,2,-221,2025-09-24 00:00:00,266.0
official_usgs_streamflow,02087500,02087500::origin=2,2,-220,2025-09-25 00:00:00,281.0
official_usgs_streamflow,02087500,02087500::origin=2,2,-219,2025-09-26 00:00:00,337.0
official_usgs_streamflow,02087500,02087500::origin=2,2,-218,2025-09-27 00:00:00,384.0
official_usgs_streamflow,02087500,02087500::origin=2,2,-217,2025-09-28 00:00:00,361.0
official_usgs_streamflow,02087500,02087500::origin=2,2,-216,2025-09-29 00:00:00,321.0
official_usgs_streamflow,02087500,02087500::origin=2,2,-215,2025-09-30 00:00:00,426.0
official_usgs_streamflow,02087500,02087500::origin=2,2,-214,2025-10-01 00:00:00,355.0
official_usgs_streamflow,02087500,02087500::origin=2,2,-213,2025-10-02 00:00:00,299.0
official_usgs_streamflow,02087500,02087500::origin=2,2,-212,2025-10-03 00:00:00,279.0
official_usgs_streamflow,02087500,02087500::origin=2,2,-211,2025-10-04 00:00:00,263.0
official_usgs_streamflow,02087500,02087500::origin=2,2,-210,2025-10-05 00:00:00,257.0
official_usgs_streamflow,02087500,02087500::origin=2,2,-209,2025-10-06 00:00:00,254.0
official_usgs_streamflow,02087500,02087500::origin=2,2,-208,2025-10-07 00:00:00,247.0
official_usgs_streamflow,02087500,02087500::origin=2,2,-207,2025-10-08 00:00:00,250.0
official_usgs_streamflow,02087500,02087500::origin=2,2,-206,2025-10-09 00:00:00,242.0
official_usgs_streamflow,02087500,02087500::origin=2,2,-205,2025-10-10 00:00:00,249.0
official_usgs_streamflow,02087500,02087500::origin=2,2,-204,2025-10-11 00:00:00,275.0
official_usgs_streamflow,02087500,02087500::origin=2,2,-203,2025-10-12 00:00:00,461.0
official_usgs_streamflow,02087500,02087500::origin=2,2,-202,2025-10-13 00:00:00,448.0
official_usgs_streamflow,02087500,02087500::origin=2,2,-201,2025-10-14 00:00:00,363.0
official_usgs_streamflow,02087500,02087500::origin=2,2,-200,2025-10-15 00:00:00,312.0
official_usgs_streamflow,02087500,02087500::origin=2,2,-199,2025-10-16 00:00:00,268.0
official_usgs_streamflow,02087500,02087500::origin=2,2,-198,2025-10-17 00:00:00,258.0
official_usgs_streamflow,02087500,02087500::origin=2,2,-197,2025-10-18 00:00:00,249.0
official_usgs_streamflow,02087500,02087500::origin=2,2,-196,2025-10-19 00:00:00,246.0
official_usgs_streamflow,02087500,02087500::origin=2,2,-195,2025-10-20 00:00:00,243.0
official_usgs_streamflow,02087500,02087500::origin=2,2,-194,2025-10-21 00:00:00,245.0
official_usgs_streamflow,02087500,02087500::origin=2,2,-193,2025-10-22 00:00:00,258.0
official_usgs_streamflow,02087500,02087500::origin=2,2,-192,2025-10-23 00:00:00,273.0
official_usgs_streamflow,02087500,02087500::origin=2,2,-191,2025-10-24 00:00:00,268.0
official_usgs_streamflow,02087500,02087500::origin=2,2,-190,2025-10-25 00:00:00,266.0
official_usgs_streamflow,02087500,02087500::origin=2,2,-189,2025-10-26 00:00:00,267.0
official_usgs_streamflow,02087500,02087500::origin=2,2,-188,2025-10-27 00:00:00,278.0
official_usgs_streamflow,02087500,02087500::origin=2,2,-187,2025-10-28 00:00:00,567.0
official_usgs_streamflow,02087500,02087500::origin=2,2,-186,2025-10-29 00:00:00,776.0
official_usgs_streamflow,02087500,02087500::origin=2,2,-185,2025-10-30 00:00:00,477.0
official_usgs_streamflow,02087500,02087500::origin=2,2,-184,2025-10-31 00:00:00,388.0
official_usgs_streamflow,02087500,02087500::origin=2,2,-183,2025-11-01 00:00:00,339.0
official_usgs_streamflow,02087500,02087500::origin=2,2,-182,2025-11-02 00:00:00,321.0
official_usgs_streamflow,02087500,02087500::origin=2,2,-181,2025-11-03 00:00:00,497.0
official_usgs_streamflow,02087500,02087500::origin=2,2,-180,2025-11-04 00:00:00,494.0
official_usgs_streamflow,02087500,02087500::origin=2,2,-179,2025-11-05 00:00:00,371.0
official_usgs_streamflow,02087500,02087500::origin=2,2,-178,2025-11-06 00:00:00,330.0
official_usgs_streamflow,02087500,02087500::origin=2,2,-177,2025-11-07 00:00:00,314.0
official_usgs_streamflow,02087500,02087500::origin=2,2,-176,2025-11-08 00:00:00,300.0
official_usgs_streamflow,02087500,02087500::origin=2,2,-175,2025-11-09 00:00:00,737.0
official_usgs_streamflow,02087500,02087500::origin=2,2,-174,2025-11-10 00:00:00,510.0
official_usgs_streamflow,02087500,02087500::origin=2,2,-173,2025-11-11 00:00:00,349.0
official_usgs_streamflow,02087500,02087500::origin=2,2,-172,2025-11-12 00:00:00,319.0
official_usgs_streamflow,02087500,02087500::origin=2,2,-171,2025-11-13 00:00:00,300.0
official_usgs_streamflow,02087500,02087500::origin=2,2,-170,2025-11-14 00:00:00,282.0
official_usgs_streamflow,02087500,02087500::origin=2,2,-169,2025-11-15 00:00:00,243.0
official_usgs_streamflow,02087500,02087500::origin=2,2,-168,2025-11-16 00:00:00,243.0
official_usgs_streamflow,02087500,02087500::origin=2,2,-167,2025-11-17 00:00:00,238.0
official_usgs_streamflow,02087500,02087500::origin=2,2,-166,2025-11-18 00:00:00,231.0
official_usgs_streamflow,02087500,02087500::origin=2,2,-165,2025-11-19 00:00:00,224.0
official_usgs_streamflow,02087500,02087500::origin=2,2,-164,2025-11-20 00:00:00,227.0
official_usgs_streamflow,02087500,02087500::origin=2,2,-163,2025-11-21 00:00:00,242.0
official_usgs_streamflow,02087500,02087500::origin=2,2,-162,2025-11-22 00:00:00,294.0
official_usgs_streamflow,02087500,02087500::origin=2,2,-161,2025-11-23 00:00:00,255.0
official_usgs_streamflow,02087500,02087500::origin=2,2,-160,2025-11-24 00:00:00,245.0
official_usgs_streamflow,02087500,02087500::origin=2,2,-159,2025-11-25 00:00:00,239.0
official_usgs_streamflow,02087500,02087500::origin=2,2,-158,2025-11-26 00:00:00,241.0
official_usgs_streamflow,02087500,02087500::origin=2,2,-157,2025-11-27 00:00:00,241.0
official_usgs_streamflow,02087500,02087500::origin=2,2,-156,2025-11-28 00:00:00,225.0
official_usgs_streamflow,02087500,02087500::origin=2,2,-155,2025-11-29 00:00:00,220.0
official_usgs_streamflow,02087500,02087500::origin=2,2,-154,2025-11-30 00:00:00,226.0
official_usgs_streamflow,02087500,02087500::origin=2,2,-153,2025-12-01 00:00:00,252.0
official_usgs_streamflow,02087500,02087500::origin=2,2,-152,2025-12-02 00:00:00,464.0
official_usgs_streamflow,02087500,02087500::origin=2,2,-151,2025-12-03 00:00:00,812.0
official_usgs_streamflow,02087500,02087500::origin=2,2,-150,2025-12-04 00:00:00,454.0
official_usgs_streamflow,02087500,02087500::origin=2,2,-149,2025-12-05 00:00:00,360.0
official_usgs_streamflow,02087500,02087500::origin=2,2,-148,2025-12-06 00:00:00,360.0
official_usgs_streamflow,02087500,02087500::origin=2,2,-147,2025-12-07 00:00:00,321.0
official_usgs_streamflow,02087500,02087500::origin=2,2,-146,2025-12-08 00:00:00,301.0
official_usgs_streamflow,02087500,02087500::origin=2,2,-145,2025-12-09 00:00:00,296.0
official_usgs_streamflow,02087500,02087500::origin=2,2,-144,2025-12-10 00:00:00,284.0
official_usgs_streamflow,02087500,02087500::origin=2,2,-143,2025-12-11 00:00:00,278.0
official_usgs_streamflow,02087500,02087500::origin=2,2,-142,2025-12-12 00:00:00,265.0
official_usgs_streamflow,02087500,02087500::origin=2,2,-141,2025-12-13 00:00:00,255.0
official_usgs_streamflow,02087500,02087500::origin=2,2,-140,2025-12-14 00:00:00,257.0
official_usgs_streamflow,02087500,02087500::origin=2,2,-139,2025-12-15 00:00:00,262.0
official_usgs_streamflow,02087500,02087500::origin=2,2,-138,2025-12-16 00:00:00,250.0
official_usgs_streamflow,02087500,02087500::origin=2,2,-137,2025-12-17 00:00:00,248.0
official_usgs_streamflow,02087500,02087500::origin=2,2,-136,2025-12-18 00:00:00,252.0
official_usgs_streamflow,02087500,02087500::origin=2,2,-135,2025-12-19 00:00:00,640.0
official_usgs_streamflow,02087500,02087500::origin=2,2,-134,2025-12-20 00:00:00,712.0
official_usgs_streamflow,02087500,02087500::origin=2,2,-133,2025-12-21 00:00:00,447.0
official_usgs_streamflow,02087500,02087500::origin=2,2,-132,2025-12-22 00:00:00,359.0
official_usgs_streamflow,02087500,02087500::origin=2,2,-131,2025-12-23 00:00:00,320.0
official_usgs_streamflow,02087500,02087500::origin=2,2,-130,2025-12-24 00:00:00,301.0
official_usgs_streamflow,02087500,02087500::origin=2,2,-129,2025-12-25 00:00:00,283.0
official_usgs_streamflow,02087500,02087500::origin=2,2,-128,2025-12-26 00:00:00,269.0
official_usgs_streamflow,02087500,02087500::origin=2,2,-127,2025-12-27 00:00:00,262.0
official_usgs_streamflow,02087500,02087500::origin=2,2,-126,2025-12-28 00:00:00,258.0
official_usgs_streamflow,02087500,02087500::origin=2,2,-125,2025-12-29 00:00:00,257.0
official_usgs_streamflow,02087500,02087500::origin=2,2,-124,2025-12-30 00:00:00,256.0
official_usgs_streamflow,02087500,02087500::origin=2,2,-123,2025-12-31 00:00:00,252.0
official_usgs_streamflow,02087500,02087500::origin=2,2,-122,2026-01-01 00:00:00,249.0
official_usgs_streamflow,02087500,02087500::origin=2,2,-121,2026-01-02 00:00:00,241.0
official_usgs_streamflow,02087500,02087500::origin=2,2,-120,2026-01-03 00:00:00,243.0
official_usgs_streamflow,02087500,02087500::origin=2,2,-119,2026-01-04 00:00:00,241.0
official_usgs_streamflow,02087500,02087500::origin=2,2,-118,2026-01-05 00:00:00,244.0
official_usgs_streamflow,02087500,02087500::origin=2,2,-117,2026-01-06 00:00:00,242.0
official_usgs_streamflow,02087500,02087500::origin=2,2,-116,2026-01-07 00:00:00,243.0
official_usgs_streamflow,02087500,02087500::origin=2,2,-115,2026-01-08 00:00:00,243.0
official_usgs_streamflow,02087500,02087500::origin=2,2,-114,2026-01-09 00:00:00,240.0
official_usgs_streamflow,02087500,02087500::origin=2,2,-113,2026-01-10 00:00:00,239.0
official_usgs_streamflow,02087500,02087500::origin=2,2,-112,2026-01-11 00:00:00,243.0
official_usgs_streamflow,02087500,02087500::origin=2,2,-111,2026-01-12 00:00:00,240.0
official_usgs_streamflow,02087500,02087500::origin=2,2,-110,2026-01-13 00:00:00,232.0
official_usgs_streamflow,02087500,02087500::origin=2,2,-109,2026-01-14 00:00:00,232.0
official_usgs_streamflow,02087500,02087500::origin=2,2,-108,2026-01-15 00:00:00,232.0
official_usgs_streamflow,02087500,02087500::origin=2,2,-107,2026-01-16 00:00:00,227.0
official_usgs_streamflow,02087500,02087500::origin=2,2,-106,2026-01-17 00:00:00,227.0
official_usgs_streamflow,02087500,02087500::origin=2,2,-105,2026-01-18 00:00:00,258.0
official_usgs_streamflow,02087500,02087500::origin=2,2,-104,2026-01-19 00:00:00,568.0
official_usgs_streamflow,02087500,02087500::origin=2,2,-103,2026-01-20 00:00:00,376.0
official_usgs_streamflow,02087500,02087500::origin=2,2,-102,2026-01-21 00:00:00,304.0
official_usgs_streamflow,02087500,02087500::origin=2,2,-101,2026-01-22 00:00:00,279.0
official_usgs_streamflow,02087500,02087500::origin=2,2,-100,2026-01-23 00:00:00,267.0
official_usgs_streamflow,02087500,02087500::origin=2,2,-99,2026-01-24 00:00:00,262.0
official_usgs_streamflow,02087500,02087500::origin=2,2,-98,2026-01-25 00:00:00,260.0
official_usgs_streamflow,02087500,02087500::origin=2,2,-97,2026-01-26 00:00:00,291.0
official_usgs_streamflow,02087500,02087500::origin=2,2,-96,2026-01-27 00:00:00,469.0
official_usgs_streamflow,02087500,02087500::origin=2,2,-95,2026-01-28 00:00:00,360.0
official_usgs_streamflow,02087500,02087500::origin=2,2,-94,2026-01-29 00:00:00,311.0
official_usgs_streamflow,02087500,02087500::origin=2,2,-93,2026-01-30 00:00:00,288.0
official_usgs_streamflow,02087500,02087500::origin=2,2,-92,2026-01-31 00:00:00,273.0
official_usgs_streamflow,02087500,02087500::origin=2,2,-91,2026-02-01 00:00:00,261.0
official_usgs_streamflow,02087500,02087500::origin=2,2,-90,2026-02-02 00:00:00,282.0
official_usgs_streamflow,02087500,02087500::origin=2,2,-89,2026-02-03 00:00:00,284.0
official_usgs_streamflow,02087500,02087500::origin=2,2,-88,2026-02-04 00:00:00,293.0
official_usgs_streamflow,02087500,02087500::origin=2,2,-87,2026-02-05 00:00:00,348.0
official_usgs_streamflow,02087500,02087500::origin=2,2,-86,2026-02-06 00:00:00,323.0
official_usgs_streamflow,02087500,02087500::origin=2,2,-85,2026-02-07 00:00:00,293.0
official_usgs_streamflow,02087500,02087500::origin=2,2,-84,2026-02-08 00:00:00,267.0
official_usgs_streamflow,02087500,02087500::origin=2,2,-83,2026-02-09 00:00:00,259.0
official_usgs_streamflow,02087500,02087500::origin=2,2,-82,2026-02-10 00:00:00,255.0
official_usgs_streamflow,02087500,02087500::origin=2,2,-81,2026-02-11 00:00:00,254.0
official_usgs_streamflow,02087500,02087500::origin=2,2,-80,2026-02-12 00:00:00,250.0
official_usgs_streamflow,02087500,02087500::origin=2,2,-79,2026-02-13 00:00:00,241.0
official_usgs_streamflow,02087500,02087500::origin=2,2,-78,2026-02-14 00:00:00,236.0
official_usgs_streamflow,02087500,02087500::origin=2,2,-77,2026-02-15 00:00:00,261.0
official_usgs_streamflow,02087500,02087500::origin=2,2,-76,2026-02-16 00:00:00,935.0
official_usgs_streamflow,02087500,02087500::origin=2,2,-75,2026-02-17 00:00:00,627.0
official_usgs_streamflow,02087500,02087500::origin=2,2,-74,2026-02-18 00:00:00,452.0
official_usgs_streamflow,02087500,02087500::origin=2,2,-73,2026-02-19 00:00:00,380.0
official_usgs_streamflow,02087500,02087500::origin=2,2,-72,2026-02-20 00:00:00,348.0
official_usgs_streamflow,02087500,02087500::origin=2,2,-71,2026-02-21 00:00:00,327.0
official_usgs_streamflow,02087500,02087500::origin=2,2,-70,2026-02-22 00:00:00,415.0
official_usgs_streamflow,02087500,02087500::origin=2,2,-69,2026-02-23 00:00:00,670.0
official_usgs_streamflow,02087500,02087500::origin=2,2,-68,2026-02-24 00:00:00,481.0
official_usgs_streamflow,02087500,02087500::origin=2,2,-67,2026-02-25 00:00:00,385.0
official_usgs_streamflow,02087500,02087500::origin=2,2,-66,2026-02-26 00:00:00,503.0
official_usgs_streamflow,02087500,02087500::origin=2,2,-65,2026-02-27 00:00:00,1440.0
official_usgs_streamflow,02087500,02087500::origin=2,2,-64,2026-02-28 00:00:00,835.0
official_usgs_streamflow,02087500,02087500::origin=2,2,-63,2026-03-01 00:00:00,593.0
official_usgs_streamflow,02087500,02087500::origin=2,2,-62,2026-03-02 00:00:00,468.0
official_usgs_streamflow,02087500,02087500::origin=2,2,-61,2026-03-03 00:00:00,392.0
official_usgs_streamflow,02087500,02087500::origin=2,2,-60,2026-03-04 00:00:00,352.0
official_usgs_streamflow,02087500,02087500::origin=2,2,-59,2026-03-05 00:00:00,334.0
official_usgs_streamflow,02087500,02087500::origin=2,2,-58,2026-03-06 00:00:00,318.0
official_usgs_streamflow,02087500,02087500::origin=2,2,-57,2026-03-07 00:00:00,304.0
official_usgs_streamflow,02087500,02087500::origin=2,2,-56,2026-03-08 00:00:00,301.0
official_usgs_streamflow,02087500,02087500::origin=2,2,-55,2026-03-09 00:00:00,305.0
official_usgs_streamflow,02087500,02087500::origin=2,2,-54,2026-03-10 00:00:00,296.0
official_usgs_streamflow,02087500,02087500::origin=2,2,-53,2026-03-11 00:00:00,280.0
official_usgs_streamflow,02087500,02087500::origin=2,2,-52,2026-03-12 00:00:00,297.0
official_usgs_streamflow,02087500,02087500::origin=2,2,-51,2026-03-13 00:00:00,621.0
official_usgs_streamflow,02087500,02087500::origin=2,2,-50,2026-03-14 00:00:00,403.0
official_usgs_streamflow,02087500,02087500::origin=2,2,-49,2026-03-15 00:00:00,339.0
official_usgs_streamflow,02087500,02087500::origin=2,2,-48,2026-03-16 00:00:00,430.0
official_usgs_streamflow,02087500,02087500::origin=2,2,-47,2026-03-17 00:00:00,760.0
official_usgs_streamflow,02087500,02087500::origin=2,2,-46,2026-03-18 00:00:00,514.0
official_usgs_streamflow,02087500,02087500::origin=2,2,-45,2026-03-19 00:00:00,410.0
official_usgs_streamflow,02087500,02087500::origin=2,2,-44,2026-03-20 00:00:00,359.0
official_usgs_streamflow,02087500,02087500::origin=2,2,-43,2026-03-21 00:00:00,330.0
official_usgs_streamflow,02087500,02087500::origin=2,2,-42,2026-03-22 00:00:00,314.0
official_usgs_streamflow,02087500,02087500::origin=2,2,-41,2026-03-23 00:00:00,304.0
official_usgs_streamflow,02087500,02087500::origin=2,2,-40,2026-03-24 00:00:00,284.0
official_usgs_streamflow,02087500,02087500::origin=2,2,-39,2026-03-25 00:00:00,280.0
official_usgs_streamflow,02087500,02087500::origin=2,2,-38,2026-03-26 00:00:00,277.0
official_usgs_streamflow,02087500,02087500::origin=2,2,-37,2026-03-27 00:00:00,274.0
official_usgs_streamflow,02087500,02087500::origin=2,2,-36,2026-03-28 00:00:00,405.0
official_usgs_streamflow,02087500,02087500::origin=2,2,-35,2026-03-29 00:00:00,369.0
official_usgs_streamflow,02087500,02087500::origin=2,2,-34,2026-03-30 00:00:00,307.0
official_usgs_streamflow,02087500,02087500::origin=2,2,-33,2026-03-31 00:00:00,290.0
official_usgs_streamflow,02087500,02087500::origin=2,2,-32,2026-04-01 00:00:00,283.0
official_usgs_streamflow,02087500,02087500::origin=2,2,-31,2026-04-02 00:00:00,275.0
official_usgs_streamflow,02087500,02087500::origin=2,2,-30,2026-04-03 00:00:00,270.0
official_usgs_streamflow,02087500,02087500::origin=2,2,-29,2026-04-04 00:00:00,265.0
official_usgs_streamflow,02087500,02087500::origin=2,2,-28,2026-04-05 00:00:00,265.0
official_usgs_streamflow,02087500,02087500::origin=2,2,-27,2026-04-06 00:00:00,284.0
official_usgs_streamflow,02087500,02087500::origin=2,2,-26,2026-04-07 00:00:00,268.0
official_usgs_streamflow,02087500,02087500::origin=2,2,-25,2026-04-08 00:00:00,249.0
official_usgs_streamflow,02087500,02087500::origin=2,2,-24,2026-04-09 00:00:00,244.0
official_usgs_streamflow,02087500,02087500::origin=2,2,-23,2026-04-10 00:00:00,250.0
official_usgs_streamflow,02087500,02087500::origin=2,2,-22,2026-04-11 00:00:00,271.0
official_usgs_streamflow,02087500,02087500::origin=2,2,-21,2026-04-12 00:00:00,271.0
official_usgs_streamflow,02087500,02087500::origin=2,2,-20,2026-04-13 00:00:00,275.0
official_usgs_streamflow,02087500,02087500::origin=2,2,-19,2026-04-14 00:00:00,267.0
official_usgs_streamflow,02087500,02087500::origin=2,2,-18,2026-04-15 00:00:00,258.0
official_usgs_streamflow,02087500,02087500::origin=2,2,-17,2026-04-16 00:00:00,255.0
official_usgs_streamflow,02087500,02087500::origin=2,2,-16,2026-04-17 00:00:00,247.0
official_usgs_streamflow,02087500,02087500::origin=2,2,-15,2026-04-18 00:00:00,241.0
official_usgs_streamflow,02087500,02087500::origin=2,2,-14,2026-04-19 00:00:00,251.0
official_usgs_streamflow,02087500,02087500::origin=2,2,-13,2026-04-20 00:00:00,263.0
official_usgs_streamflow,02087500,02087500::origin=2,2,-12,2026-04-21 00:00:00,259.0
official_usgs_streamflow,02087500,02087500::origin=2,2,-11,2026-04-22 00:00:00,256.0
official_usgs_streamflow,02087500,02087500::origin=2,2,-10,2026-04-23 00:00:00,255.0
official_usgs_streamflow,02087500,02087500::origin=2,2,-9,2026-04-24 00:00:00,255.0
official_usgs_streamflow,02087500,02087500::origin=2,2,-8,2026-04-25 00:00:00,251.0
official_usgs_streamflow,02087500,02087500::origin=2,2,-7,2026-04-26 00:00:00,396.0
official_usgs_streamflow,02087500,02087500::origin=2,2,-6,2026-04-27 00:00:00,402.0
official_usgs_streamflow,02087500,02087500::origin=2,2,-5,2026-04-28 00:00:00,284.0
official_usgs_streamflow,02087500,02087500::origin=2,2,-4,2026-04-29 00:00:00,249.0
official_usgs_streamflow,02087500,02087500::origin=2,2,-3,2026-04-30 00:00:00,269.0
official_usgs_streamflow,02087500,02087500::origin=2,2,-2,2026-05-01 00:00:00,267.0
official_usgs_streamflow,02087500,02087500::origin=2,2,-1,2026-05-02 00:00:00,253.0
official_usgs_streamflow,08158000,08158000::origin=0,0,-512,2025-02-05 00:00:00,147.0
official_usgs_streamflow,08158000,08158000::origin=0,0,-511,2025-02-06 00:00:00,128.0
official_usgs_streamflow,08158000,08158000::origin=0,0,-510,2025-02-07 00:00:00,131.0
official_usgs_streamflow,08158000,08158000::origin=0,0,-509,2025-02-08 00:00:00,108.0
official_usgs_streamflow,08158000,08158000::origin=0,0,-508,2025-02-09 00:00:00,120.0
official_usgs_streamflow,08158000,08158000::origin=0,0,-507,2025-02-10 00:00:00,118.0
official_usgs_streamflow,08158000,08158000::origin=0,0,-506,2025-02-11 00:00:00,411.0
official_usgs_streamflow,08158000,08158000::origin=0,0,-505,2025-02-12 00:00:00,180.0
official_usgs_streamflow,08158000,08158000::origin=0,0,-504,2025-02-13 00:00:00,139.0
official_usgs_streamflow,08158000,08158000::origin=0,0,-503,2025-02-14 00:00:00,120.0
official_usgs_streamflow,08158000,08158000::origin=0,0,-502,2025-02-15 00:00:00,113.0
official_usgs_streamflow,08158000,08158000::origin=0,0,-501,2025-02-16 00:00:00,108.0
official_usgs_streamflow,08158000,08158000::origin=0,0,-500,2025-02-17 00:00:00,98.30000305175781
official_usgs_streamflow,08158000,08158000::origin=0,0,-499,2025-02-18 00:00:00,87.5
official_usgs_streamflow,08158000,08158000::origin=0,0,-498,2025-02-19 00:00:00,86.5
official_usgs_streamflow,08158000,08158000::origin=0,0,-497,2025-02-20 00:00:00,92.30000305175781
official_usgs_streamflow,08158000,08158000::origin=0,0,-496,2025-02-21 00:00:00,79.5
official_usgs_streamflow,08158000,08158000::origin=0,0,-495,2025-02-22 00:00:00,75.69999694824219
official_usgs_streamflow,08158000,08158000::origin=0,0,-494,2025-02-23 00:00:00,95.0
official_usgs_streamflow,08158000,08158000::origin=0,0,-493,2025-02-24 00:00:00,112.0
official_usgs_streamflow,08158000,08158000::origin=0,0,-492,2025-02-25 00:00:00,98.9000015258789
official_usgs_streamflow,08158000,08158000::origin=0,0,-491,2025-02-26 00:00:00,123.0
official_usgs_streamflow,08158000,08158000::origin=0,0,-490,2025-02-27 00:00:00,130.0
official_usgs_streamflow,08158000,08158000::origin=0,0,-489,2025-02-28 00:00:00,127.0
official_usgs_streamflow,08158000,08158000::origin=0,0,-488,2025-03-01 00:00:00,132.0
official_usgs_streamflow,08158000,08158000::origin=0,0,-487,2025-03-02 00:00:00,126.0
official_usgs_streamflow,08158000,08158000::origin=0,0,-486,2025-03-03 00:00:00,122.0
official_usgs_streamflow,08158000,08158000::origin=0,0,-485,2025-03-04 00:00:00,120.0
official_usgs_streamflow,08158000,08158000::origin=0,0,-484,2025-03-05 00:00:00,94.30000305175781
official_usgs_streamflow,08158000,08158000::origin=0,0,-483,2025-03-06 00:00:00,104.0
official_usgs_streamflow,08158000,08158000::origin=0,0,-482,2025-03-07 00:00:00,100.0
official_usgs_streamflow,08158000,08158000::origin=0,0,-481,2025-03-08 00:00:00,101.0
official_usgs_streamflow,08158000,08158000::origin=0,0,-480,2025-03-09 00:00:00,106.0
official_usgs_streamflow,08158000,08158000::origin=0,0,-479,2025-03-10 00:00:00,135.0
official_usgs_streamflow,08158000,08158000::origin=0,0,-478,2025-03-11 00:00:00,73.9000015258789
official_usgs_streamflow,08158000,08158000::origin=0,0,-477,2025-03-12 00:00:00,104.0
official_usgs_streamflow,08158000,08158000::origin=0,0,-476,2025-03-13 00:00:00,111.0
official_usgs_streamflow,08158000,08158000::origin=0,0,-475,2025-03-14 00:00:00,123.0
official_usgs_streamflow,08158000,08158000::origin=0,0,-474,2025-03-15 00:00:00,115.0
official_usgs_streamflow,08158000,08158000::origin=0,0,-473,2025-03-16 00:00:00,110.0
official_usgs_streamflow,08158000,08158000::origin=0,0,-472,2025-03-17 00:00:00,110.0
official_usgs_streamflow,08158000,08158000::origin=0,0,-471,2025-03-18 00:00:00,117.0
official_usgs_streamflow,08158000,08158000::origin=0,0,-470,2025-03-19 00:00:00,140.0
official_usgs_streamflow,08158000,08158000::origin=0,0,-469,2025-03-20 00:00:00,145.0
official_usgs_streamflow,08158000,08158000::origin=0,0,-468,2025-03-21 00:00:00,152.0
official_usgs_streamflow,08158000,08158000::origin=0,0,-467,2025-03-22 00:00:00,156.0
official_usgs_streamflow,08158000,08158000::origin=0,0,-466,2025-03-23 00:00:00,229.0
official_usgs_streamflow,08158000,08158000::origin=0,0,-465,2025-03-24 00:00:00,284.0
official_usgs_streamflow,08158000,08158000::origin=0,0,-464,2025-03-25 00:00:00,200.0
official_usgs_streamflow,08158000,08158000::origin=0,0,-463,2025-03-26 00:00:00,214.0
official_usgs_streamflow,08158000,08158000::origin=0,0,-462,2025-03-27 00:00:00,238.0
official_usgs_streamflow,08158000,08158000::origin=0,0,-461,2025-03-28 00:00:00,173.0
official_usgs_streamflow,08158000,08158000::origin=0,0,-460,2025-03-29 00:00:00,156.0
official_usgs_streamflow,08158000,08158000::origin=0,0,-459,2025-03-30 00:00:00,117.0
official_usgs_streamflow,08158000,08158000::origin=0,0,-458,2025-03-31 00:00:00,133.0
official_usgs_streamflow,08158000,08158000::origin=0,0,-457,2025-04-01 00:00:00,136.0
official_usgs_streamflow,08158000,08158000::origin=0,0,-456,2025-04-02 00:00:00,171.0
official_usgs_streamflow,08158000,08158000::origin=0,0,-455,2025-04-03 00:00:00,120.0
official_usgs_streamflow,08158000,08158000::origin=0,0,-454,2025-04-04 00:00:00,249.0
official_usgs_streamflow,08158000,08158000::origin=0,0,-453,2025-04-05 00:00:00,182.0
official_usgs_streamflow,08158000,08158000::origin=0,0,-452,2025-04-06 00:00:00,179.0
official_usgs_streamflow,08158000,08158000::origin=0,0,-451,2025-04-07 00:00:00,198.0
official_usgs_streamflow,08158000,08158000::origin=0,0,-450,2025-04-08 00:00:00,148.0
official_usgs_streamflow,08158000,08158000::origin=0,0,-449,2025-04-09 00:00:00,164.0
official_usgs_streamflow,08158000,08158000::origin=0,0,-448,2025-04-10 00:00:00,169.0
official_usgs_streamflow,08158000,08158000::origin=0,0,-447,2025-04-11 00:00:00,166.0
official_usgs_streamflow,08158000,08158000::origin=0,0,-446,2025-04-12 00:00:00,163.0
official_usgs_streamflow,08158000,08158000::origin=0,0,-445,2025-04-13 00:00:00,197.0
official_usgs_streamflow,08158000,08158000::origin=0,0,-444,2025-04-14 00:00:00,207.0
official_usgs_streamflow,08158000,08158000::origin=0,0,-443,2025-04-15 00:00:00,200.0
official_usgs_streamflow,08158000,08158000::origin=0,0,-442,2025-04-16 00:00:00,198.0
official_usgs_streamflow,08158000,08158000::origin=0,0,-441,2025-04-17 00:00:00,208.0
official_usgs_streamflow,08158000,08158000::origin=0,0,-440,2025-04-18 00:00:00,224.0
official_usgs_streamflow,08158000,08158000::origin=0,0,-439,2025-04-19 00:00:00,234.0
official_usgs_streamflow,08158000,08158000::origin=0,0,-438,2025-04-20 00:00:00,235.0
official_usgs_streamflow,08158000,08158000::origin=0,0,-437,2025-04-21 00:00:00,297.0
official_usgs_streamflow,08158000,08158000::origin=0,0,-436,2025-04-22 00:00:00,260.0
official_usgs_streamflow,08158000,08158000::origin=0,0,-435,2025-04-23 00:00:00,450.0
official_usgs_streamflow,08158000,08158000::origin=0,0,-434,2025-04-24 00:00:00,228.0
official_usgs_streamflow,08158000,08158000::origin=0,0,-433,2025-04-25 00:00:00,236.0
official_usgs_streamflow,08158000,08158000::origin=0,0,-432,2025-04-26 00:00:00,292.0
official_usgs_streamflow,08158000,08158000::origin=0,0,-431,2025-04-27 00:00:00,317.0
official_usgs_streamflow,08158000,08158000::origin=0,0,-430,2025-04-28 00:00:00,309.0
official_usgs_streamflow,08158000,08158000::origin=0,0,-429,2025-04-29 00:00:00,319.0
official_usgs_streamflow,08158000,08158000::origin=0,0,-428,2025-04-30 00:00:00,282.0
official_usgs_streamflow,08158000,08158000::origin=0,0,-427,2025-05-01 00:00:00,269.0
official_usgs_streamflow,08158000,08158000::origin=0,0,-426,2025-05-02 00:00:00,283.0
official_usgs_streamflow,08158000,08158000::origin=0,0,-425,2025-05-03 00:00:00,301.0
official_usgs_streamflow,08158000,08158000::origin=0,0,-424,2025-05-04 00:00:00,313.0
official_usgs_streamflow,08158000,08158000::origin=0,0,-423,2025-05-05 00:00:00,490.0
official_usgs_streamflow,08158000,08158000::origin=0,0,-422,2025-05-06 00:00:00,303.0
official_usgs_streamflow,08158000,08158000::origin=0,0,-421,2025-05-07 00:00:00,164.0
official_usgs_streamflow,08158000,08158000::origin=0,0,-420,2025-05-08 00:00:00,205.0
official_usgs_streamflow,08158000,08158000::origin=0,0,-419,2025-05-09 00:00:00,206.0
official_usgs_streamflow,08158000,08158000::origin=0,0,-418,2025-05-10 00:00:00,253.0
official_usgs_streamflow,08158000,08158000::origin=0,0,-417,2025-05-11 00:00:00,257.0
official_usgs_streamflow,08158000,08158000::origin=0,0,-416,2025-05-12 00:00:00,255.0
official_usgs_streamflow,08158000,08158000::origin=0,0,-415,2025-05-13 00:00:00,253.0
official_usgs_streamflow,08158000,08158000::origin=0,0,-414,2025-05-14 00:00:00,328.0
official_usgs_streamflow,08158000,08158000::origin=0,0,-413,2025-05-15 00:00:00,337.0
official_usgs_streamflow,08158000,08158000::origin=0,0,-412,2025-05-16 00:00:00,408.0
official_usgs_streamflow,08158000,08158000::origin=0,0,-411,2025-05-17 00:00:00,407.0
official_usgs_streamflow,08158000,08158000::origin=0,0,-410,2025-05-18 00:00:00,493.0
official_usgs_streamflow,08158000,08158000::origin=0,0,-409,2025-05-19 00:00:00,508.0
official_usgs_streamflow,08158000,08158000::origin=0,0,-408,2025-05-20 00:00:00,493.0
official_usgs_streamflow,08158000,08158000::origin=0,0,-407,2025-05-21 00:00:00,468.0
official_usgs_streamflow,08158000,08158000::origin=0,0,-406,2025-05-22 00:00:00,473.0
official_usgs_streamflow,08158000,08158000::origin=0,0,-405,2025-05-23 00:00:00,529.0
official_usgs_streamflow,08158000,08158000::origin=0,0,-404,2025-05-24 00:00:00,462.0
official_usgs_streamflow,08158000,08158000::origin=0,0,-403,2025-05-25 00:00:00,437.0
official_usgs_streamflow,08158000,08158000::origin=0,0,-402,2025-05-26 00:00:00,902.0
official_usgs_streamflow,08158000,08158000::origin=0,0,-401,2025-05-27 00:00:00,871.0
official_usgs_streamflow,08158000,08158000::origin=0,0,-400,2025-05-28 00:00:00,1260.0
official_usgs_streamflow,08158000,08158000::origin=0,0,-399,2025-05-29 00:00:00,501.0
official_usgs_streamflow,08158000,08158000::origin=0,0,-398,2025-05-30 00:00:00,499.0
official_usgs_streamflow,08158000,08158000::origin=0,0,-397,2025-05-31 00:00:00,383.0
official_usgs_streamflow,08158000,08158000::origin=0,0,-396,2025-06-01 00:00:00,448.0
official_usgs_streamflow,08158000,08158000::origin=0,0,-395,2025-06-02 00:00:00,518.0
official_usgs_streamflow,08158000,08158000::origin=0,0,-394,2025-06-03 00:00:00,477.0
official_usgs_streamflow,08158000,08158000::origin=0,0,-393,2025-06-04 00:00:00,386.0
official_usgs_streamflow,08158000,08158000::origin=0,0,-392,2025-06-05 00:00:00,295.0
official_usgs_streamflow,08158000,08158000::origin=0,0,-391,2025-06-06 00:00:00,417.0
official_usgs_streamflow,08158000,08158000::origin=0,0,-390,2025-06-07 00:00:00,480.0
official_usgs_streamflow,08158000,08158000::origin=0,0,-389,2025-06-08 00:00:00,499.0
official_usgs_streamflow,08158000,08158000::origin=0,0,-388,2025-06-09 00:00:00,520.0
official_usgs_streamflow,08158000,08158000::origin=0,0,-387,2025-06-10 00:00:00,545.0
official_usgs_streamflow,08158000,08158000::origin=0,0,-386,2025-06-11 00:00:00,657.0
official_usgs_streamflow,08158000,08158000::origin=0,0,-385,2025-06-12 00:00:00,333.0
official_usgs_streamflow,08158000,08158000::origin=0,0,-384,2025-06-13 00:00:00,346.0
official_usgs_streamflow,08158000,08158000::origin=0,0,-383,2025-06-14 00:00:00,517.0
official_usgs_streamflow,08158000,08158000::origin=0,0,-382,2025-06-15 00:00:00,628.0
official_usgs_streamflow,08158000,08158000::origin=0,0,-381,2025-06-16 00:00:00,677.0
official_usgs_streamflow,08158000,08158000::origin=0,0,-380,2025-06-17 00:00:00,610.0
official_usgs_streamflow,08158000,08158000::origin=0,0,-379,2025-06-18 00:00:00,507.0
official_usgs_streamflow,08158000,08158000::origin=0,0,-378,2025-06-19 00:00:00,467.0
official_usgs_streamflow,08158000,08158000::origin=0,0,-377,2025-06-20 00:00:00,512.0
official_usgs_streamflow,08158000,08158000::origin=0,0,-376,2025-06-21 00:00:00,675.0
official_usgs_streamflow,08158000,08158000::origin=0,0,-375,2025-06-22 00:00:00,655.0
official_usgs_streamflow,08158000,08158000::origin=0,0,-374,2025-06-23 00:00:00,629.0
official_usgs_streamflow,08158000,08158000::origin=0,0,-373,2025-06-24 00:00:00,818.0
official_usgs_streamflow,08158000,08158000::origin=0,0,-372,2025-06-25 00:00:00,718.0
official_usgs_streamflow,08158000,08158000::origin=0,0,-371,2025-06-26 00:00:00,529.0
official_usgs_streamflow,08158000,08158000::origin=0,0,-370,2025-06-27 00:00:00,529.0
official_usgs_streamflow,08158000,08158000::origin=0,0,-369,2025-06-28 00:00:00,542.0
official_usgs_streamflow,08158000,08158000::origin=0,0,-368,2025-06-29 00:00:00,537.0
official_usgs_streamflow,08158000,08158000::origin=0,0,-367,2025-06-30 00:00:00,536.0
official_usgs_streamflow,08158000,08158000::origin=0,0,-366,2025-07-01 00:00:00,525.0
official_usgs_streamflow,08158000,08158000::origin=0,0,-365,2025-07-02 00:00:00,560.0
official_usgs_streamflow,08158000,08158000::origin=0,0,-364,2025-07-03 00:00:00,971.0
official_usgs_streamflow,08158000,08158000::origin=0,0,-363,2025-07-04 00:00:00,376.0
official_usgs_streamflow,08158000,08158000::origin=0,0,-362,2025-07-05 00:00:00,6010.0
official_usgs_streamflow,08158000,08158000::origin=0,0,-361,2025-07-06 00:00:00,1130.0
official_usgs_streamflow,08158000,08158000::origin=0,0,-360,2025-07-07 00:00:00,239.0
official_usgs_streamflow,08158000,08158000::origin=0,0,-359,2025-07-08 00:00:00,171.0
official_usgs_streamflow,08158000,08158000::origin=0,0,-358,2025-07-09 00:00:00,334.0
official_usgs_streamflow,08158000,08158000::origin=0,0,-357,2025-07-10 00:00:00,237.0
official_usgs_streamflow,08158000,08158000::origin=0,0,-356,2025-07-11 00:00:00,163.0
official_usgs_streamflow,08158000,08158000::origin=0,0,-355,2025-07-12 00:00:00,153.0
official_usgs_streamflow,08158000,08158000::origin=0,0,-354,2025-07-13 00:00:00,219.0
official_usgs_streamflow,08158000,08158000::origin=0,0,-353,2025-07-14 00:00:00,222.0
official_usgs_streamflow,08158000,08158000::origin=0,0,-352,2025-07-15 00:00:00,177.0
official_usgs_streamflow,08158000,08158000::origin=0,0,-351,2025-07-16 00:00:00,161.0
official_usgs_streamflow,08158000,08158000::origin=0,0,-350,2025-07-17 00:00:00,140.0
official_usgs_streamflow,08158000,08158000::origin=0,0,-349,2025-07-18 00:00:00,175.0
official_usgs_streamflow,08158000,08158000::origin=0,0,-348,2025-07-19 00:00:00,320.0
official_usgs_streamflow,08158000,08158000::origin=0,0,-347,2025-07-20 00:00:00,375.0
official_usgs_streamflow,08158000,08158000::origin=0,0,-346,2025-07-21 00:00:00,410.0
official_usgs_streamflow,08158000,08158000::origin=0,0,-345,2025-07-22 00:00:00,439.0
official_usgs_streamflow,08158000,08158000::origin=0,0,-344,2025-07-23 00:00:00,502.0
official_usgs_streamflow,08158000,08158000::origin=0,0,-343,2025-07-24 00:00:00,597.0
official_usgs_streamflow,08158000,08158000::origin=0,0,-342,2025-07-25 00:00:00,699.0
official_usgs_streamflow,08158000,08158000::origin=0,0,-341,2025-07-26 00:00:00,708.0
official_usgs_streamflow,08158000,08158000::origin=0,0,-340,2025-07-27 00:00:00,714.0
official_usgs_streamflow,08158000,08158000::origin=0,0,-339,2025-07-28 00:00:00,607.0
official_usgs_streamflow,08158000,08158000::origin=0,0,-338,2025-07-29 00:00:00,424.0
official_usgs_streamflow,08158000,08158000::origin=0,0,-337,2025-07-30 00:00:00,455.0
official_usgs_streamflow,08158000,08158000::origin=0,0,-336,2025-07-31 00:00:00,409.0
official_usgs_streamflow,08158000,08158000::origin=0,0,-335,2025-08-01 00:00:00,382.0
official_usgs_streamflow,08158000,08158000::origin=0,0,-334,2025-08-02 00:00:00,460.0
official_usgs_streamflow,08158000,08158000::origin=0,0,-333,2025-08-03 00:00:00,503.0
official_usgs_streamflow,08158000,08158000::origin=0,0,-332,2025-08-04 00:00:00,266.0
official_usgs_streamflow,08158000,08158000::origin=0,0,-331,2025-08-05 00:00:00,745.0
official_usgs_streamflow,08158000,08158000::origin=0,0,-330,2025-08-06 00:00:00,766.0
official_usgs_streamflow,08158000,08158000::origin=0,0,-329,2025-08-07 00:00:00,711.0
official_usgs_streamflow,08158000,08158000::origin=0,0,-328,2025-08-08 00:00:00,666.0
official_usgs_streamflow,08158000,08158000::origin=0,0,-327,2025-08-09 00:00:00,789.0
official_usgs_streamflow,08158000,08158000::origin=0,0,-326,2025-08-10 00:00:00,764.0
official_usgs_streamflow,08158000,08158000::origin=0,0,-325,2025-08-11 00:00:00,755.0
official_usgs_streamflow,08158000,08158000::origin=0,0,-324,2025-08-12 00:00:00,706.0
official_usgs_streamflow,08158000,08158000::origin=0,0,-323,2025-08-13 00:00:00,690.0
official_usgs_streamflow,08158000,08158000::origin=0,0,-322,2025-08-14 00:00:00,696.0
official_usgs_streamflow,08158000,08158000::origin=0,0,-321,2025-08-15 00:00:00,777.0
official_usgs_streamflow,08158000,08158000::origin=0,0,-320,2025-08-16 00:00:00,722.0
official_usgs_streamflow,08158000,08158000::origin=0,0,-319,2025-08-17 00:00:00,749.0
official_usgs_streamflow,08158000,08158000::origin=0,0,-318,2025-08-18 00:00:00,732.0
official_usgs_streamflow,08158000,08158000::origin=0,0,-317,2025-08-19 00:00:00,815.0
official_usgs_streamflow,08158000,08158000::origin=0,0,-316,2025-08-20 00:00:00,841.0
official_usgs_streamflow,08158000,08158000::origin=0,0,-315,2025-08-21 00:00:00,1150.0
official_usgs_streamflow,08158000,08158000::origin=0,0,-314,2025-08-22 00:00:00,951.0
official_usgs_streamflow,08158000,08158000::origin=0,0,-313,2025-08-23 00:00:00,893.0
official_usgs_streamflow,08158000,08158000::origin=0,0,-312,2025-08-24 00:00:00,1000.0
official_usgs_streamflow,08158000,08158000::origin=0,0,-311,2025-08-25 00:00:00,1020.0
official_usgs_streamflow,08158000,08158000::origin=0,0,-310,2025-08-26 00:00:00,978.0
official_usgs_streamflow,08158000,08158000::origin=0,0,-309,2025-08-27 00:00:00,1170.0
official_usgs_streamflow,08158000,08158000::origin=0,0,-308,2025-08-28 00:00:00,857.0
official_usgs_streamflow,08158000,08158000::origin=0,0,-307,2025-08-29 00:00:00,1020.0
official_usgs_streamflow,08158000,08158000::origin=0,0,-306,2025-08-30 00:00:00,902.0
official_usgs_streamflow,08158000,08158000::origin=0,0,-305,2025-08-31 00:00:00,872.0
official_usgs_streamflow,08158000,08158000::origin=0,0,-304,2025-09-01 00:00:00,1110.0
official_usgs_streamflow,08158000,08158000::origin=0,0,-303,2025-09-02 00:00:00,1080.0
official_usgs_streamflow,08158000,08158000::origin=0,0,-302,2025-09-03 00:00:00,998.0
official_usgs_streamflow,08158000,08158000::origin=0,0,-301,2025-09-04 00:00:00,911.0
official_usgs_streamflow,08158000,08158000::origin=0,0,-300,2025-09-05 00:00:00,894.0
official_usgs_streamflow,08158000,08158000::origin=0,0,-299,2025-09-06 00:00:00,849.0
official_usgs_streamflow,08158000,08158000::origin=0,0,-298,2025-09-07 00:00:00,991.0
official_usgs_streamflow,08158000,08158000::origin=0,0,-297,2025-09-08 00:00:00,880.0
official_usgs_streamflow,08158000,08158000::origin=0,0,-296,2025-09-09 00:00:00,793.0
official_usgs_streamflow,08158000,08158000::origin=0,0,-295,2025-09-10 00:00:00,758.0
official_usgs_streamflow,08158000,08158000::origin=0,0,-294,2025-09-11 00:00:00,665.0
official_usgs_streamflow,08158000,08158000::origin=0,0,-293,2025-09-12 00:00:00,684.0
official_usgs_streamflow,08158000,08158000::origin=0,0,-292,2025-09-13 00:00:00,749.0
official_usgs_streamflow,08158000,08158000::origin=0,0,-291,2025-09-14 00:00:00,812.0
official_usgs_streamflow,08158000,08158000::origin=0,0,-290,2025-09-15 00:00:00,862.0
official_usgs_streamflow,08158000,08158000::origin=0,0,-289,2025-09-16 00:00:00,971.0
official_usgs_streamflow,08158000,08158000::origin=0,0,-288,2025-09-17 00:00:00,935.0
official_usgs_streamflow,08158000,08158000::origin=0,0,-287,2025-09-18 00:00:00,945.0
official_usgs_streamflow,08158000,08158000::origin=0,0,-286,2025-09-19 00:00:00,890.0
official_usgs_streamflow,08158000,08158000::origin=0,0,-285,2025-09-20 00:00:00,929.0
official_usgs_streamflow,08158000,08158000::origin=0,0,-284,2025-09-21 00:00:00,933.0
official_usgs_streamflow,08158000,08158000::origin=0,0,-283,2025-09-22 00:00:00,999.0
official_usgs_streamflow,08158000,08158000::origin=0,0,-282,2025-09-23 00:00:00,1030.0
official_usgs_streamflow,08158000,08158000::origin=0,0,-281,2025-09-24 00:00:00,873.0
official_usgs_streamflow,08158000,08158000::origin=0,0,-280,2025-09-25 00:00:00,953.0
official_usgs_streamflow,08158000,08158000::origin=0,0,-279,2025-09-26 00:00:00,894.0
official_usgs_streamflow,08158000,08158000::origin=0,0,-278,2025-09-27 00:00:00,888.0
official_usgs_streamflow,08158000,08158000::origin=0,0,-277,2025-09-28 00:00:00,891.0
official_usgs_streamflow,08158000,08158000::origin=0,0,-276,2025-09-29 00:00:00,878.0
official_usgs_streamflow,08158000,08158000::origin=0,0,-275,2025-09-30 00:00:00,915.0
official_usgs_streamflow,08158000,08158000::origin=0,0,-274,2025-10-01 00:00:00,904.0
official_usgs_streamflow,08158000,08158000::origin=0,0,-273,2025-10-02 00:00:00,906.0
official_usgs_streamflow,08158000,08158000::origin=0,0,-272,2025-10-03 00:00:00,1000.0
official_usgs_streamflow,08158000,08158000::origin=0,0,-271,2025-10-04 00:00:00,977.0
official_usgs_streamflow,08158000,08158000::origin=0,0,-270,2025-10-05 00:00:00,967.0
official_usgs_streamflow,08158000,08158000::origin=0,0,-269,2025-10-06 00:00:00,930.0
official_usgs_streamflow,08158000,08158000::origin=0,0,-268,2025-10-07 00:00:00,830.0
official_usgs_streamflow,08158000,08158000::origin=0,0,-267,2025-10-08 00:00:00,985.0
official_usgs_streamflow,08158000,08158000::origin=0,0,-266,2025-10-09 00:00:00,913.0
official_usgs_streamflow,08158000,08158000::origin=0,0,-265,2025-10-10 00:00:00,1010.0
official_usgs_streamflow,08158000,08158000::origin=0,0,-264,2025-10-11 00:00:00,555.0
official_usgs_streamflow,08158000,08158000::origin=0,0,-263,2025-10-12 00:00:00,315.0
official_usgs_streamflow,08158000,08158000::origin=0,0,-262,2025-10-13 00:00:00,328.0
official_usgs_streamflow,08158000,08158000::origin=0,0,-261,2025-10-14 00:00:00,409.0
official_usgs_streamflow,08158000,08158000::origin=0,0,-260,2025-10-15 00:00:00,398.0
official_usgs_streamflow,08158000,08158000::origin=0,0,-259,2025-10-16 00:00:00,279.0
official_usgs_streamflow,08158000,08158000::origin=0,0,-258,2025-10-17 00:00:00,166.0
official_usgs_streamflow,08158000,08158000::origin=0,0,-257,2025-10-18 00:00:00,97.80000305175781
official_usgs_streamflow,08158000,08158000::origin=0,0,-256,2025-10-19 00:00:00,118.0
official_usgs_streamflow,08158000,08158000::origin=0,0,-255,2025-10-20 00:00:00,166.0
official_usgs_streamflow,08158000,08158000::origin=0,0,-254,2025-10-21 00:00:00,122.0
official_usgs_streamflow,08158000,08158000::origin=0,0,-253,2025-10-22 00:00:00,103.0
official_usgs_streamflow,08158000,08158000::origin=0,0,-252,2025-10-23 00:00:00,144.0
official_usgs_streamflow,08158000,08158000::origin=0,0,-251,2025-10-24 00:00:00,104.0
official_usgs_streamflow,08158000,08158000::origin=0,0,-250,2025-10-25 00:00:00,1060.0
official_usgs_streamflow,08158000,08158000::origin=0,0,-249,2025-10-26 00:00:00,707.0
official_usgs_streamflow,08158000,08158000::origin=0,0,-248,2025-10-27 00:00:00,141.0
official_usgs_streamflow,08158000,08158000::origin=0,0,-247,2025-10-28 00:00:00,84.30000305175781
official_usgs_streamflow,08158000,08158000::origin=0,0,-246,2025-10-29 00:00:00,58.20000076293945
official_usgs_streamflow,08158000,08158000::origin=0,0,-245,2025-10-30 00:00:00,61.0
official_usgs_streamflow,08158000,08158000::origin=0,0,-244,2025-10-31 00:00:00,141.0
official_usgs_streamflow,08158000,08158000::origin=0,0,-243,2025-11-01 00:00:00,181.0
official_usgs_streamflow,08158000,08158000::origin=0,0,-242,2025-11-02 00:00:00,176.0
official_usgs_streamflow,08158000,08158000::origin=0,0,-241,2025-11-03 00:00:00,152.0
official_usgs_streamflow,08158000,08158000::origin=0,0,-240,2025-11-04 00:00:00,96.0
official_usgs_streamflow,08158000,08158000::origin=0,0,-239,2025-11-05 00:00:00,133.0
official_usgs_streamflow,08158000,08158000::origin=0,0,-238,2025-11-06 00:00:00,85.30000305175781
official_usgs_streamflow,08158000,08158000::origin=0,0,-237,2025-11-07 00:00:00,109.0
official_usgs_streamflow,08158000,08158000::origin=0,0,-236,2025-11-08 00:00:00,137.0
official_usgs_streamflow,08158000,08158000::origin=0,0,-235,2025-11-09 00:00:00,88.0
official_usgs_streamflow,08158000,08158000::origin=0,0,-234,2025-11-10 00:00:00,103.0
official_usgs_streamflow,08158000,08158000::origin=0,0,-233,2025-11-11 00:00:00,130.0
official_usgs_streamflow,08158000,08158000::origin=0,0,-232,2025-11-12 00:00:00,84.69999694824219
official_usgs_streamflow,08158000,08158000::origin=0,0,-231,2025-11-13 00:00:00,117.0
official_usgs_streamflow,08158000,08158000::origin=0,0,-230,2025-11-14 00:00:00,128.0
official_usgs_streamflow,08158000,08158000::origin=0,0,-229,2025-11-15 00:00:00,84.9000015258789
official_usgs_streamflow,08158000,08158000::origin=0,0,-228,2025-11-16 00:00:00,121.0
official_usgs_streamflow,08158000,08158000::origin=0,0,-227,2025-11-17 00:00:00,123.0
official_usgs_streamflow,08158000,08158000::origin=0,0,-226,2025-11-18 00:00:00,115.0
official_usgs_streamflow,08158000,08158000::origin=0,0,-225,2025-11-19 00:00:00,127.0
official_usgs_streamflow,08158000,08158000::origin=0,0,-224,2025-11-20 00:00:00,178.0
official_usgs_streamflow,08158000,08158000::origin=0,0,-223,2025-11-21 00:00:00,212.0
official_usgs_streamflow,08158000,08158000::origin=0,0,-222,2025-11-22 00:00:00,131.0
official_usgs_streamflow,08158000,08158000::origin=0,0,-221,2025-11-23 00:00:00,116.0
official_usgs_streamflow,08158000,08158000::origin=0,0,-220,2025-11-24 00:00:00,97.19999694824219
official_usgs_streamflow,08158000,08158000::origin=0,0,-219,2025-11-25 00:00:00,125.0
official_usgs_streamflow,08158000,08158000::origin=0,0,-218,2025-11-26 00:00:00,137.0
official_usgs_streamflow,08158000,08158000::origin=0,0,-217,2025-11-27 00:00:00,188.0
official_usgs_streamflow,08158000,08158000::origin=0,0,-216,2025-11-28 00:00:00,235.0
official_usgs_streamflow,08158000,08158000::origin=0,0,-215,2025-11-29 00:00:00,268.0
official_usgs_streamflow,08158000,08158000::origin=0,0,-214,2025-11-30 00:00:00,269.0
official_usgs_streamflow,08158000,08158000::origin=0,0,-213,2025-12-01 00:00:00,249.0
official_usgs_streamflow,08158000,08158000::origin=0,0,-212,2025-12-02 00:00:00,203.0
official_usgs_streamflow,08158000,08158000::origin=0,0,-211,2025-12-03 00:00:00,203.0
official_usgs_streamflow,08158000,08158000::origin=0,0,-210,2025-12-04 00:00:00,104.0
official_usgs_streamflow,08158000,08158000::origin=0,0,-209,2025-12-05 00:00:00,139.0
official_usgs_streamflow,08158000,08158000::origin=0,0,-208,2025-12-06 00:00:00,90.80000305175781
official_usgs_streamflow,08158000,08158000::origin=0,0,-207,2025-12-07 00:00:00,90.30000305175781
official_usgs_streamflow,08158000,08158000::origin=0,0,-206,2025-12-08 00:00:00,177.0
official_usgs_streamflow,08158000,08158000::origin=0,0,-205,2025-12-09 00:00:00,233.0
official_usgs_streamflow,08158000,08158000::origin=0,0,-204,2025-12-10 00:00:00,153.0
official_usgs_streamflow,08158000,08158000::origin=0,0,-203,2025-12-11 00:00:00,50.400001525878906
official_usgs_streamflow,08158000,08158000::origin=0,0,-202,2025-12-12 00:00:00,161.0
official_usgs_streamflow,08158000,08158000::origin=0,0,-201,2025-12-13 00:00:00,74.5999984741211
official_usgs_streamflow,08158000,08158000::origin=0,0,-200,2025-12-14 00:00:00,147.0
official_usgs_streamflow,08158000,08158000::origin=0,0,-199,2025-12-15 00:00:00,74.5999984741211
official_usgs_streamflow,08158000,08158000::origin=0,0,-198,2025-12-16 00:00:00,136.0
official_usgs_streamflow,08158000,08158000::origin=0,0,-197,2025-12-17 00:00:00,169.0
official_usgs_streamflow,08158000,08158000::origin=0,0,-196,2025-12-18 00:00:00,119.0
official_usgs_streamflow,08158000,08158000::origin=0,0,-195,2025-12-19 00:00:00,281.0
official_usgs_streamflow,08158000,08158000::origin=0,0,-194,2025-12-20 00:00:00,151.0
official_usgs_streamflow,08158000,08158000::origin=0,0,-193,2025-12-21 00:00:00,135.0
official_usgs_streamflow,08158000,08158000::origin=0,0,-192,2025-12-22 00:00:00,229.0
official_usgs_streamflow,08158000,08158000::origin=0,0,-191,2025-12-23 00:00:00,225.0
official_usgs_streamflow,08158000,08158000::origin=0,0,-190,2025-12-24 00:00:00,158.0
official_usgs_streamflow,08158000,08158000::origin=0,0,-189,2025-12-25 00:00:00,451.0
official_usgs_streamflow,08158000,08158000::origin=0,0,-188,2025-12-26 00:00:00,560.0
official_usgs_streamflow,08158000,08158000::origin=0,0,-187,2025-12-27 00:00:00,556.0
official_usgs_streamflow,08158000,08158000::origin=0,0,-186,2025-12-28 00:00:00,566.0
official_usgs_streamflow,08158000,08158000::origin=0,0,-185,2025-12-29 00:00:00,559.0
official_usgs_streamflow,08158000,08158000::origin=0,0,-184,2025-12-30 00:00:00,620.0
official_usgs_streamflow,08158000,08158000::origin=0,0,-183,2025-12-31 00:00:00,644.0
official_usgs_streamflow,08158000,08158000::origin=0,0,-182,2026-01-01 00:00:00,639.0
official_usgs_streamflow,08158000,08158000::origin=0,0,-181,2026-01-02 00:00:00,631.0
official_usgs_streamflow,08158000,08158000::origin=0,0,-180,2026-01-03 00:00:00,636.0
official_usgs_streamflow,08158000,08158000::origin=0,0,-179,2026-01-04 00:00:00,632.0
official_usgs_streamflow,08158000,08158000::origin=0,0,-178,2026-01-05 00:00:00,622.0
official_usgs_streamflow,08158000,08158000::origin=0,0,-177,2026-01-06 00:00:00,605.0
official_usgs_streamflow,08158000,08158000::origin=0,0,-176,2026-01-07 00:00:00,617.0
official_usgs_streamflow,08158000,08158000::origin=0,0,-175,2026-01-08 00:00:00,624.0
official_usgs_streamflow,08158000,08158000::origin=0,0,-174,2026-01-09 00:00:00,625.0
official_usgs_streamflow,08158000,08158000::origin=0,0,-173,2026-01-10 00:00:00,421.0
official_usgs_streamflow,08158000,08158000::origin=0,0,-172,2026-01-11 00:00:00,294.0
official_usgs_streamflow,08158000,08158000::origin=0,0,-171,2026-01-12 00:00:00,321.0
official_usgs_streamflow,08158000,08158000::origin=0,0,-170,2026-01-13 00:00:00,303.0
official_usgs_streamflow,08158000,08158000::origin=0,0,-169,2026-01-14 00:00:00,318.0
official_usgs_streamflow,08158000,08158000::origin=0,0,-168,2026-01-15 00:00:00,301.0
official_usgs_streamflow,08158000,08158000::origin=0,0,-167,2026-01-16 00:00:00,203.0
official_usgs_streamflow,08158000,08158000::origin=0,0,-166,2026-01-17 00:00:00,211.0
official_usgs_streamflow,08158000,08158000::origin=0,0,-165,2026-01-18 00:00:00,207.0
official_usgs_streamflow,08158000,08158000::origin=0,0,-164,2026-01-19 00:00:00,207.0
official_usgs_streamflow,08158000,08158000::origin=0,0,-163,2026-01-20 00:00:00,140.0
official_usgs_streamflow,08158000,08158000::origin=0,0,-162,2026-01-21 00:00:00,220.0
official_usgs_streamflow,08158000,08158000::origin=0,0,-161,2026-01-22 00:00:00,164.0
official_usgs_streamflow,08158000,08158000::origin=0,0,-160,2026-01-23 00:00:00,218.0
official_usgs_streamflow,08158000,08158000::origin=0,0,-159,2026-01-24 00:00:00,304.0
official_usgs_streamflow,08158000,08158000::origin=0,0,-158,2026-01-25 00:00:00,276.0
official_usgs_streamflow,08158000,08158000::origin=0,0,-157,2026-01-26 00:00:00,253.0
official_usgs_streamflow,08158000,08158000::origin=0,0,-156,2026-01-27 00:00:00,177.0
official_usgs_streamflow,08158000,08158000::origin=0,0,-155,2026-01-28 00:00:00,156.0
official_usgs_streamflow,08158000,08158000::origin=0,0,-154,2026-01-29 00:00:00,154.0
official_usgs_streamflow,08158000,08158000::origin=0,0,-153,2026-01-30 00:00:00,158.0
official_usgs_streamflow,08158000,08158000::origin=0,0,-152,2026-01-31 00:00:00,155.0
official_usgs_streamflow,08158000,08158000::origin=0,0,-151,2026-02-01 00:00:00,82.30000305175781
official_usgs_streamflow,08158000,08158000::origin=0,0,-150,2026-02-02 00:00:00,155.0
official_usgs_streamflow,08158000,08158000::origin=0,0,-149,2026-02-03 00:00:00,149.0
official_usgs_streamflow,08158000,08158000::origin=0,0,-148,2026-02-04 00:00:00,75.9000015258789
official_usgs_streamflow,08158000,08158000::origin=0,0,-147,2026-02-05 00:00:00,166.0
official_usgs_streamflow,08158000,08158000::origin=0,0,-146,2026-02-06 00:00:00,137.0
official_usgs_streamflow,08158000,08158000::origin=0,0,-145,2026-02-07 00:00:00,181.0
official_usgs_streamflow,08158000,08158000::origin=0,0,-144,2026-02-08 00:00:00,212.0
official_usgs_streamflow,08158000,08158000::origin=0,0,-143,2026-02-09 00:00:00,200.0
official_usgs_streamflow,08158000,08158000::origin=0,0,-142,2026-02-10 00:00:00,211.0
official_usgs_streamflow,08158000,08158000::origin=0,0,-141,2026-02-11 00:00:00,193.0
official_usgs_streamflow,08158000,08158000::origin=0,0,-140,2026-02-12 00:00:00,231.0
official_usgs_streamflow,08158000,08158000::origin=0,0,-139,2026-02-13 00:00:00,184.0
official_usgs_streamflow,08158000,08158000::origin=0,0,-138,2026-02-14 00:00:00,222.0
official_usgs_streamflow,08158000,08158000::origin=0,0,-137,2026-02-15 00:00:00,248.0
official_usgs_streamflow,08158000,08158000::origin=0,0,-136,2026-02-16 00:00:00,202.0
official_usgs_streamflow,08158000,08158000::origin=0,0,-135,2026-02-17 00:00:00,113.0
official_usgs_streamflow,08158000,08158000::origin=0,0,-134,2026-02-18 00:00:00,162.0
official_usgs_streamflow,08158000,08158000::origin=0,0,-133,2026-02-19 00:00:00,147.0
official_usgs_streamflow,08158000,08158000::origin=0,0,-132,2026-02-20 00:00:00,152.0
official_usgs_streamflow,08158000,08158000::origin=0,0,-131,2026-02-21 00:00:00,152.0
official_usgs_streamflow,08158000,08158000::origin=0,0,-130,2026-02-22 00:00:00,147.0
official_usgs_streamflow,08158000,08158000::origin=0,0,-129,2026-02-23 00:00:00,148.0
official_usgs_streamflow,08158000,08158000::origin=0,0,-128,2026-02-24 00:00:00,188.0
official_usgs_streamflow,08158000,08158000::origin=0,0,-127,2026-02-25 00:00:00,219.0
official_usgs_streamflow,08158000,08158000::origin=0,0,-126,2026-02-26 00:00:00,250.0
official_usgs_streamflow,08158000,08158000::origin=0,0,-125,2026-02-27 00:00:00,269.0
official_usgs_streamflow,08158000,08158000::origin=0,0,-124,2026-02-28 00:00:00,236.0
official_usgs_streamflow,08158000,08158000::origin=0,0,-123,2026-03-01 00:00:00,235.0
official_usgs_streamflow,08158000,08158000::origin=0,0,-122,2026-03-02 00:00:00,187.0
official_usgs_streamflow,08158000,08158000::origin=0,0,-121,2026-03-03 00:00:00,200.0
official_usgs_streamflow,08158000,08158000::origin=0,0,-120,2026-03-04 00:00:00,270.0
official_usgs_streamflow,08158000,08158000::origin=0,0,-119,2026-03-05 00:00:00,252.0
official_usgs_streamflow,08158000,08158000::origin=0,0,-118,2026-03-06 00:00:00,287.0
official_usgs_streamflow,08158000,08158000::origin=0,0,-117,2026-03-07 00:00:00,293.0
official_usgs_streamflow,08158000,08158000::origin=0,0,-116,2026-03-08 00:00:00,363.0
official_usgs_streamflow,08158000,08158000::origin=0,0,-115,2026-03-09 00:00:00,337.0
official_usgs_streamflow,08158000,08158000::origin=0,0,-114,2026-03-10 00:00:00,279.0
official_usgs_streamflow,08158000,08158000::origin=0,0,-113,2026-03-11 00:00:00,430.0
official_usgs_streamflow,08158000,08158000::origin=0,0,-112,2026-03-12 00:00:00,337.0
official_usgs_streamflow,08158000,08158000::origin=0,0,-111,2026-03-13 00:00:00,316.0
official_usgs_streamflow,08158000,08158000::origin=0,0,-110,2026-03-14 00:00:00,305.0
official_usgs_streamflow,08158000,08158000::origin=0,0,-109,2026-03-15 00:00:00,298.0
official_usgs_streamflow,08158000,08158000::origin=0,0,-108,2026-03-16 00:00:00,301.0
official_usgs_streamflow,08158000,08158000::origin=0,0,-107,2026-03-17 00:00:00,289.0
official_usgs_streamflow,08158000,08158000::origin=0,0,-106,2026-03-18 00:00:00,300.0
official_usgs_streamflow,08158000,08158000::origin=0,0,-105,2026-03-19 00:00:00,291.0
official_usgs_streamflow,08158000,08158000::origin=0,0,-104,2026-03-20 00:00:00,340.0
official_usgs_streamflow,08158000,08158000::origin=0,0,-103,2026-03-21 00:00:00,324.0
official_usgs_streamflow,08158000,08158000::origin=0,0,-102,2026-03-22 00:00:00,361.0
official_usgs_streamflow,08158000,08158000::origin=0,0,-101,2026-03-23 00:00:00,405.0
official_usgs_streamflow,08158000,08158000::origin=0,0,-100,2026-03-24 00:00:00,404.0
official_usgs_streamflow,08158000,08158000::origin=0,0,-99,2026-03-25 00:00:00,425.0
official_usgs_streamflow,08158000,08158000::origin=0,0,-98,2026-03-26 00:00:00,553.0
official_usgs_streamflow,08158000,08158000::origin=0,0,-97,2026-03-27 00:00:00,534.0
official_usgs_streamflow,08158000,08158000::origin=0,0,-96,2026-03-28 00:00:00,574.0
official_usgs_streamflow,08158000,08158000::origin=0,0,-95,2026-03-29 00:00:00,650.0
official_usgs_streamflow,08158000,08158000::origin=0,0,-94,2026-03-30 00:00:00,736.0
official_usgs_streamflow,08158000,08158000::origin=0,0,-93,2026-03-31 00:00:00,706.0
official_usgs_streamflow,08158000,08158000::origin=0,0,-92,2026-04-01 00:00:00,783.0
official_usgs_streamflow,08158000,08158000::origin=0,0,-91,2026-04-02 00:00:00,1350.0
official_usgs_streamflow,08158000,08158000::origin=0,0,-90,2026-04-03 00:00:00,961.0
official_usgs_streamflow,08158000,08158000::origin=0,0,-89,2026-04-04 00:00:00,1010.0
official_usgs_streamflow,08158000,08158000::origin=0,0,-88,2026-04-05 00:00:00,896.0
official_usgs_streamflow,08158000,08158000::origin=0,0,-87,2026-04-06 00:00:00,856.0
official_usgs_streamflow,08158000,08158000::origin=0,0,-86,2026-04-07 00:00:00,846.0
official_usgs_streamflow,08158000,08158000::origin=0,0,-85,2026-04-08 00:00:00,834.0
official_usgs_streamflow,08158000,08158000::origin=0,0,-84,2026-04-09 00:00:00,1030.0
official_usgs_streamflow,08158000,08158000::origin=0,0,-83,2026-04-10 00:00:00,914.0
official_usgs_streamflow,08158000,08158000::origin=0,0,-82,2026-04-11 00:00:00,841.0
official_usgs_streamflow,08158000,08158000::origin=0,0,-81,2026-04-12 00:00:00,854.0
official_usgs_streamflow,08158000,08158000::origin=0,0,-80,2026-04-13 00:00:00,698.0
official_usgs_streamflow,08158000,08158000::origin=0,0,-79,2026-04-14 00:00:00,610.0
official_usgs_streamflow,08158000,08158000::origin=0,0,-78,2026-04-15 00:00:00,535.0
official_usgs_streamflow,08158000,08158000::origin=0,0,-77,2026-04-16 00:00:00,516.0
official_usgs_streamflow,08158000,08158000::origin=0,0,-76,2026-04-17 00:00:00,509.0
official_usgs_streamflow,08158000,08158000::origin=0,0,-75,2026-04-18 00:00:00,570.0
official_usgs_streamflow,08158000,08158000::origin=0,0,-74,2026-04-19 00:00:00,590.0
official_usgs_streamflow,08158000,08158000::origin=0,0,-73,2026-04-20 00:00:00,637.0
official_usgs_streamflow,08158000,08158000::origin=0,0,-72,2026-04-21 00:00:00,736.0
official_usgs_streamflow,08158000,08158000::origin=0,0,-71,2026-04-22 00:00:00,305.0
official_usgs_streamflow,08158000,08158000::origin=0,0,-70,2026-04-23 00:00:00,238.0
official_usgs_streamflow,08158000,08158000::origin=0,0,-69,2026-04-24 00:00:00,349.0
official_usgs_streamflow,08158000,08158000::origin=0,0,-68,2026-04-25 00:00:00,286.0
official_usgs_streamflow,08158000,08158000::origin=0,0,-67,2026-04-26 00:00:00,295.0
official_usgs_streamflow,08158000,08158000::origin=0,0,-66,2026-04-27 00:00:00,334.0
official_usgs_streamflow,08158000,08158000::origin=0,0,-65,2026-04-28 00:00:00,377.0
official_usgs_streamflow,08158000,08158000::origin=0,0,-64,2026-04-29 00:00:00,380.0
official_usgs_streamflow,08158000,08158000::origin=0,0,-63,2026-04-30 00:00:00,800.0
official_usgs_streamflow,08158000,08158000::origin=0,0,-62,2026-05-01 00:00:00,695.0
official_usgs_streamflow,08158000,08158000::origin=0,0,-61,2026-05-02 00:00:00,229.0
official_usgs_streamflow,08158000,08158000::origin=0,0,-60,2026-05-03 00:00:00,288.0
official_usgs_streamflow,08158000,08158000::origin=0,0,-59,2026-05-04 00:00:00,314.0
official_usgs_streamflow,08158000,08158000::origin=0,0,-58,2026-05-05 00:00:00,278.0
official_usgs_streamflow,08158000,08158000::origin=0,0,-57,2026-05-06 00:00:00,335.0
official_usgs_streamflow,08158000,08158000::origin=0,0,-56,2026-05-07 00:00:00,283.0
official_usgs_streamflow,08158000,08158000::origin=0,0,-55,2026-05-08 00:00:00,335.0
official_usgs_streamflow,08158000,08158000::origin=0,0,-54,2026-05-09 00:00:00,375.0
official_usgs_streamflow,08158000,08158000::origin=0,0,-53,2026-05-10 00:00:00,514.0
official_usgs_streamflow,08158000,08158000::origin=0,0,-52,2026-05-11 00:00:00,353.0
official_usgs_streamflow,08158000,08158000::origin=0,0,-51,2026-05-12 00:00:00,131.0
official_usgs_streamflow,08158000,08158000::origin=0,0,-50,2026-05-13 00:00:00,156.0
official_usgs_streamflow,08158000,08158000::origin=0,0,-49,2026-05-14 00:00:00,323.0
official_usgs_streamflow,08158000,08158000::origin=0,0,-48,2026-05-15 00:00:00,497.0
official_usgs_streamflow,08158000,08158000::origin=0,0,-47,2026-05-16 00:00:00,459.0
official_usgs_streamflow,08158000,08158000::origin=0,0,-46,2026-05-17 00:00:00,531.0
official_usgs_streamflow,08158000,08158000::origin=0,0,-45,2026-05-18 00:00:00,532.0
official_usgs_streamflow,08158000,08158000::origin=0,0,-44,2026-05-19 00:00:00,588.0
official_usgs_streamflow,08158000,08158000::origin=0,0,-43,2026-05-20 00:00:00,484.0
official_usgs_streamflow,08158000,08158000::origin=0,0,-42,2026-05-21 00:00:00,610.0
official_usgs_streamflow,08158000,08158000::origin=0,0,-41,2026-05-22 00:00:00,424.0
official_usgs_streamflow,08158000,08158000::origin=0,0,-40,2026-05-23 00:00:00,279.0
official_usgs_streamflow,08158000,08158000::origin=0,0,-39,2026-05-24 00:00:00,644.0
official_usgs_streamflow,08158000,08158000::origin=0,0,-38,2026-05-25 00:00:00,643.0
official_usgs_streamflow,08158000,08158000::origin=0,0,-37,2026-05-26 00:00:00,746.0
official_usgs_streamflow,08158000,08158000::origin=0,0,-36,2026-05-27 00:00:00,1070.0
official_usgs_streamflow,08158000,08158000::origin=0,0,-35,2026-05-28 00:00:00,382.0
official_usgs_streamflow,08158000,08158000::origin=0,0,-34,2026-05-29 00:00:00,596.0
official_usgs_streamflow,08158000,08158000::origin=0,0,-33,2026-05-30 00:00:00,492.0
official_usgs_streamflow,08158000,08158000::origin=0,0,-32,2026-05-31 00:00:00,599.0
official_usgs_streamflow,08158000,08158000::origin=0,0,-31,2026-06-01 00:00:00,560.0
official_usgs_streamflow,08158000,08158000::origin=0,0,-30,2026-06-02 00:00:00,932.0
official_usgs_streamflow,08158000,08158000::origin=0,0,-29,2026-06-03 00:00:00,944.0
official_usgs_streamflow,08158000,08158000::origin=0,0,-28,2026-06-04 00:00:00,637.0
official_usgs_streamflow,08158000,08158000::origin=0,0,-27,2026-06-05 00:00:00,842.0
official_usgs_streamflow,08158000,08158000::origin=0,0,-26,2026-06-06 00:00:00,1000.0
official_usgs_streamflow,08158000,08158000::origin=0,0,-25,2026-06-07 00:00:00,913.0
official_usgs_streamflow,08158000,08158000::origin=0,0,-24,2026-06-08 00:00:00,934.0
official_usgs_streamflow,08158000,08158000::origin=0,0,-23,2026-06-09 00:00:00,933.0
official_usgs_streamflow,08158000,08158000::origin=0,0,-22,2026-06-10 00:00:00,917.0
official_usgs_streamflow,08158000,08158000::origin=0,0,-21,2026-06-11 00:00:00,897.0
official_usgs_streamflow,08158000,08158000::origin=0,0,-20,2026-06-12 00:00:00,890.0
official_usgs_streamflow,08158000,08158000::origin=0,0,-19,2026-06-13 00:00:00,892.0
official_usgs_streamflow,08158000,08158000::origin=0,0,-18,2026-06-14 00:00:00,953.0
official_usgs_streamflow,08158000,08158000::origin=0,0,-17,2026-06-15 00:00:00,3820.0
official_usgs_streamflow,08158000,08158000::origin=0,0,-16,2026-06-16 00:00:00,531.0
official_usgs_streamflow,08158000,08158000::origin=0,0,-15,2026-06-17 00:00:00,296.0
official_usgs_streamflow,08158000,08158000::origin=0,0,-14,2026-06-18 00:00:00,313.0
official_usgs_streamflow,08158000,08158000::origin=0,0,-13,2026-06-19 00:00:00,484.0
official_usgs_streamflow,08158000,08158000::origin=0,0,-12,2026-06-20 00:00:00,659.0
official_usgs_streamflow,08158000,08158000::origin=0,0,-11,2026-06-21 00:00:00,594.0
official_usgs_streamflow,08158000,08158000::origin=0,0,-10,2026-06-22 00:00:00,590.0
official_usgs_streamflow,08158000,08158000::origin=0,0,-9,2026-06-23 00:00:00,487.0
official_usgs_streamflow,08158000,08158000::origin=0,0,-8,2026-06-24 00:00:00,459.0
official_usgs_streamflow,08158000,08158000::origin=0,0,-7,2026-06-25 00:00:00,465.0
official_usgs_streamflow,08158000,08158000::origin=0,0,-6,2026-06-26 00:00:00,464.0
official_usgs_streamflow,08158000,08158000::origin=0,0,-5,2026-06-27 00:00:00,704.0
official_usgs_streamflow,08158000,08158000::origin=0,0,-4,2026-06-28 00:00:00,824.0
official_usgs_streamflow,08158000,08158000::origin=0,0,-3,2026-06-29 00:00:00,750.0
official_usgs_streamflow,08158000,08158000::origin=0,0,-2,2026-06-30 00:00:00,485.0
official_usgs_streamflow,08158000,08158000::origin=0,0,-1,2026-07-01 00:00:00,603.0
official_usgs_streamflow,08158000,08158000::origin=1,1,-512,2025-01-06 00:00:00,163.0
official_usgs_streamflow,08158000,08158000::origin=1,1,-511,2025-01-07 00:00:00,147.0
official_usgs_streamflow,08158000,08158000::origin=1,1,-510,2025-01-08 00:00:00,164.0
official_usgs_streamflow,08158000,08158000::origin=1,1,-509,2025-01-09 00:00:00,236.0
official_usgs_streamflow,08158000,08158000::origin=1,1,-508,2025-01-10 00:00:00,237.0
official_usgs_streamflow,08158000,08158000::origin=1,1,-507,2025-01-11 00:00:00,143.0
official_usgs_streamflow,08158000,08158000::origin=1,1,-506,2025-01-12 00:00:00,173.0
official_usgs_streamflow,08158000,08158000::origin=1,1,-505,2025-01-13 00:00:00,172.0
official_usgs_streamflow,08158000,08158000::origin=1,1,-504,2025-01-14 00:00:00,135.0
official_usgs_streamflow,08158000,08158000::origin=1,1,-503,2025-01-15 00:00:00,130.0
official_usgs_streamflow,08158000,08158000::origin=1,1,-502,2025-01-16 00:00:00,131.0
official_usgs_streamflow,08158000,08158000::origin=1,1,-501,2025-01-17 00:00:00,107.0
official_usgs_streamflow,08158000,08158000::origin=1,1,-500,2025-01-18 00:00:00,110.0
official_usgs_streamflow,08158000,08158000::origin=1,1,-499,2025-01-19 00:00:00,113.0
official_usgs_streamflow,08158000,08158000::origin=1,1,-498,2025-01-20 00:00:00,116.0
official_usgs_streamflow,08158000,08158000::origin=1,1,-497,2025-01-21 00:00:00,118.0
official_usgs_streamflow,08158000,08158000::origin=1,1,-496,2025-01-22 00:00:00,117.0
official_usgs_streamflow,08158000,08158000::origin=1,1,-495,2025-01-23 00:00:00,122.0
official_usgs_streamflow,08158000,08158000::origin=1,1,-494,2025-01-24 00:00:00,124.0
official_usgs_streamflow,08158000,08158000::origin=1,1,-493,2025-01-25 00:00:00,134.0
official_usgs_streamflow,08158000,08158000::origin=1,1,-492,2025-01-26 00:00:00,125.0
official_usgs_streamflow,08158000,08158000::origin=1,1,-491,2025-01-27 00:00:00,134.0
official_usgs_streamflow,08158000,08158000::origin=1,1,-490,2025-01-28 00:00:00,406.0
official_usgs_streamflow,08158000,08158000::origin=1,1,-489,2025-01-29 00:00:00,81.19999694824219
official_usgs_streamflow,08158000,08158000::origin=1,1,-488,2025-01-30 00:00:00,143.0
official_usgs_streamflow,08158000,08158000::origin=1,1,-487,2025-01-31 00:00:00,155.0
official_usgs_streamflow,08158000,08158000::origin=1,1,-486,2025-02-01 00:00:00,162.0
official_usgs_streamflow,08158000,08158000::origin=1,1,-485,2025-02-02 00:00:00,142.0
official_usgs_streamflow,08158000,08158000::origin=1,1,-484,2025-02-03 00:00:00,168.0
official_usgs_streamflow,08158000,08158000::origin=1,1,-483,2025-02-04 00:00:00,128.0
official_usgs_streamflow,08158000,08158000::origin=1,1,-482,2025-02-05 00:00:00,147.0
official_usgs_streamflow,08158000,08158000::origin=1,1,-481,2025-02-06 00:00:00,128.0
official_usgs_streamflow,08158000,08158000::origin=1,1,-480,2025-02-07 00:00:00,131.0
official_usgs_streamflow,08158000,08158000::origin=1,1,-479,2025-02-08 00:00:00,108.0
official_usgs_streamflow,08158000,08158000::origin=1,1,-478,2025-02-09 00:00:00,120.0
official_usgs_streamflow,08158000,08158000::origin=1,1,-477,2025-02-10 00:00:00,118.0
official_usgs_streamflow,08158000,08158000::origin=1,1,-476,2025-02-11 00:00:00,411.0
official_usgs_streamflow,08158000,08158000::origin=1,1,-475,2025-02-12 00:00:00,180.0
official_usgs_streamflow,08158000,08158000::origin=1,1,-474,2025-02-13 00:00:00,139.0
official_usgs_streamflow,08158000,08158000::origin=1,1,-473,2025-02-14 00:00:00,120.0
official_usgs_streamflow,08158000,08158000::origin=1,1,-472,2025-02-15 00:00:00,113.0
official_usgs_streamflow,08158000,08158000::origin=1,1,-471,2025-02-16 00:00:00,108.0
official_usgs_streamflow,08158000,08158000::origin=1,1,-470,2025-02-17 00:00:00,98.30000305175781
official_usgs_streamflow,08158000,08158000::origin=1,1,-469,2025-02-18 00:00:00,87.5
official_usgs_streamflow,08158000,08158000::origin=1,1,-468,2025-02-19 00:00:00,86.5
official_usgs_streamflow,08158000,08158000::origin=1,1,-467,2025-02-20 00:00:00,92.30000305175781
official_usgs_streamflow,08158000,08158000::origin=1,1,-466,2025-02-21 00:00:00,79.5
official_usgs_streamflow,08158000,08158000::origin=1,1,-465,2025-02-22 00:00:00,75.69999694824219
official_usgs_streamflow,08158000,08158000::origin=1,1,-464,2025-02-23 00:00:00,95.0
official_usgs_streamflow,08158000,08158000::origin=1,1,-463,2025-02-24 00:00:00,112.0
official_usgs_streamflow,08158000,08158000::origin=1,1,-462,2025-02-25 00:00:00,98.9000015258789
official_usgs_streamflow,08158000,08158000::origin=1,1,-461,2025-02-26 00:00:00,123.0
official_usgs_streamflow,08158000,08158000::origin=1,1,-460,2025-02-27 00:00:00,130.0
official_usgs_streamflow,08158000,08158000::origin=1,1,-459,2025-02-28 00:00:00,127.0
official_usgs_streamflow,08158000,08158000::origin=1,1,-458,2025-03-01 00:00:00,132.0
official_usgs_streamflow,08158000,08158000::origin=1,1,-457,2025-03-02 00:00:00,126.0
official_usgs_streamflow,08158000,08158000::origin=1,1,-456,2025-03-03 00:00:00,122.0
official_usgs_streamflow,08158000,08158000::origin=1,1,-455,2025-03-04 00:00:00,120.0
official_usgs_streamflow,08158000,08158000::origin=1,1,-454,2025-03-05 00:00:00,94.30000305175781
official_usgs_streamflow,08158000,08158000::origin=1,1,-453,2025-03-06 00:00:00,104.0
official_usgs_streamflow,08158000,08158000::origin=1,1,-452,2025-03-07 00:00:00,100.0
official_usgs_streamflow,08158000,08158000::origin=1,1,-451,2025-03-08 00:00:00,101.0
official_usgs_streamflow,08158000,08158000::origin=1,1,-450,2025-03-09 00:00:00,106.0
official_usgs_streamflow,08158000,08158000::origin=1,1,-449,2025-03-10 00:00:00,135.0
official_usgs_streamflow,08158000,08158000::origin=1,1,-448,2025-03-11 00:00:00,73.9000015258789
official_usgs_streamflow,08158000,08158000::origin=1,1,-447,2025-03-12 00:00:00,104.0
official_usgs_streamflow,08158000,08158000::origin=1,1,-446,2025-03-13 00:00:00,111.0
official_usgs_streamflow,08158000,08158000::origin=1,1,-445,2025-03-14 00:00:00,123.0
official_usgs_streamflow,08158000,08158000::origin=1,1,-444,2025-03-15 00:00:00,115.0
official_usgs_streamflow,08158000,08158000::origin=1,1,-443,2025-03-16 00:00:00,110.0
official_usgs_streamflow,08158000,08158000::origin=1,1,-442,2025-03-17 00:00:00,110.0
official_usgs_streamflow,08158000,08158000::origin=1,1,-441,2025-03-18 00:00:00,117.0
official_usgs_streamflow,08158000,08158000::origin=1,1,-440,2025-03-19 00:00:00,140.0
official_usgs_streamflow,08158000,08158000::origin=1,1,-439,2025-03-20 00:00:00,145.0
official_usgs_streamflow,08158000,08158000::origin=1,1,-438,2025-03-21 00:00:00,152.0
official_usgs_streamflow,08158000,08158000::origin=1,1,-437,2025-03-22 00:00:00,156.0
official_usgs_streamflow,08158000,08158000::origin=1,1,-436,2025-03-23 00:00:00,229.0
official_usgs_streamflow,08158000,08158000::origin=1,1,-435,2025-03-24 00:00:00,284.0
official_usgs_streamflow,08158000,08158000::origin=1,1,-434,2025-03-25 00:00:00,200.0
official_usgs_streamflow,08158000,08158000::origin=1,1,-433,2025-03-26 00:00:00,214.0
official_usgs_streamflow,08158000,08158000::origin=1,1,-432,2025-03-27 00:00:00,238.0
official_usgs_streamflow,08158000,08158000::origin=1,1,-431,2025-03-28 00:00:00,173.0
official_usgs_streamflow,08158000,08158000::origin=1,1,-430,2025-03-29 00:00:00,156.0
official_usgs_streamflow,08158000,08158000::origin=1,1,-429,2025-03-30 00:00:00,117.0
official_usgs_streamflow,08158000,08158000::origin=1,1,-428,2025-03-31 00:00:00,133.0
official_usgs_streamflow,08158000,08158000::origin=1,1,-427,2025-04-01 00:00:00,136.0
official_usgs_streamflow,08158000,08158000::origin=1,1,-426,2025-04-02 00:00:00,171.0
official_usgs_streamflow,08158000,08158000::origin=1,1,-425,2025-04-03 00:00:00,120.0
official_usgs_streamflow,08158000,08158000::origin=1,1,-424,2025-04-04 00:00:00,249.0
official_usgs_streamflow,08158000,08158000::origin=1,1,-423,2025-04-05 00:00:00,182.0
official_usgs_streamflow,08158000,08158000::origin=1,1,-422,2025-04-06 00:00:00,179.0
official_usgs_streamflow,08158000,08158000::origin=1,1,-421,2025-04-07 00:00:00,198.0
official_usgs_streamflow,08158000,08158000::origin=1,1,-420,2025-04-08 00:00:00,148.0
official_usgs_streamflow,08158000,08158000::origin=1,1,-419,2025-04-09 00:00:00,164.0
official_usgs_streamflow,08158000,08158000::origin=1,1,-418,2025-04-10 00:00:00,169.0
official_usgs_streamflow,08158000,08158000::origin=1,1,-417,2025-04-11 00:00:00,166.0
official_usgs_streamflow,08158000,08158000::origin=1,1,-416,2025-04-12 00:00:00,163.0
official_usgs_streamflow,08158000,08158000::origin=1,1,-415,2025-04-13 00:00:00,197.0
official_usgs_streamflow,08158000,08158000::origin=1,1,-414,2025-04-14 00:00:00,207.0
official_usgs_streamflow,08158000,08158000::origin=1,1,-413,2025-04-15 00:00:00,200.0
official_usgs_streamflow,08158000,08158000::origin=1,1,-412,2025-04-16 00:00:00,198.0
official_usgs_streamflow,08158000,08158000::origin=1,1,-411,2025-04-17 00:00:00,208.0
official_usgs_streamflow,08158000,08158000::origin=1,1,-410,2025-04-18 00:00:00,224.0
official_usgs_streamflow,08158000,08158000::origin=1,1,-409,2025-04-19 00:00:00,234.0
official_usgs_streamflow,08158000,08158000::origin=1,1,-408,2025-04-20 00:00:00,235.0
official_usgs_streamflow,08158000,08158000::origin=1,1,-407,2025-04-21 00:00:00,297.0
official_usgs_streamflow,08158000,08158000::origin=1,1,-406,2025-04-22 00:00:00,260.0
official_usgs_streamflow,08158000,08158000::origin=1,1,-405,2025-04-23 00:00:00,450.0
official_usgs_streamflow,08158000,08158000::origin=1,1,-404,2025-04-24 00:00:00,228.0
official_usgs_streamflow,08158000,08158000::origin=1,1,-403,2025-04-25 00:00:00,236.0
official_usgs_streamflow,08158000,08158000::origin=1,1,-402,2025-04-26 00:00:00,292.0
official_usgs_streamflow,08158000,08158000::origin=1,1,-401,2025-04-27 00:00:00,317.0
official_usgs_streamflow,08158000,08158000::origin=1,1,-400,2025-04-28 00:00:00,309.0
official_usgs_streamflow,08158000,08158000::origin=1,1,-399,2025-04-29 00:00:00,319.0
official_usgs_streamflow,08158000,08158000::origin=1,1,-398,2025-04-30 00:00:00,282.0
official_usgs_streamflow,08158000,08158000::origin=1,1,-397,2025-05-01 00:00:00,269.0
official_usgs_streamflow,08158000,08158000::origin=1,1,-396,2025-05-02 00:00:00,283.0
official_usgs_streamflow,08158000,08158000::origin=1,1,-395,2025-05-03 00:00:00,301.0
official_usgs_streamflow,08158000,08158000::origin=1,1,-394,2025-05-04 00:00:00,313.0
official_usgs_streamflow,08158000,08158000::origin=1,1,-393,2025-05-05 00:00:00,490.0
official_usgs_streamflow,08158000,08158000::origin=1,1,-392,2025-05-06 00:00:00,303.0
official_usgs_streamflow,08158000,08158000::origin=1,1,-391,2025-05-07 00:00:00,164.0
official_usgs_streamflow,08158000,08158000::origin=1,1,-390,2025-05-08 00:00:00,205.0
official_usgs_streamflow,08158000,08158000::origin=1,1,-389,2025-05-09 00:00:00,206.0
official_usgs_streamflow,08158000,08158000::origin=1,1,-388,2025-05-10 00:00:00,253.0
official_usgs_streamflow,08158000,08158000::origin=1,1,-387,2025-05-11 00:00:00,257.0
official_usgs_streamflow,08158000,08158000::origin=1,1,-386,2025-05-12 00:00:00,255.0
official_usgs_streamflow,08158000,08158000::origin=1,1,-385,2025-05-13 00:00:00,253.0
official_usgs_streamflow,08158000,08158000::origin=1,1,-384,2025-05-14 00:00:00,328.0
official_usgs_streamflow,08158000,08158000::origin=1,1,-383,2025-05-15 00:00:00,337.0
official_usgs_streamflow,08158000,08158000::origin=1,1,-382,2025-05-16 00:00:00,408.0
official_usgs_streamflow,08158000,08158000::origin=1,1,-381,2025-05-17 00:00:00,407.0
official_usgs_streamflow,08158000,08158000::origin=1,1,-380,2025-05-18 00:00:00,493.0
official_usgs_streamflow,08158000,08158000::origin=1,1,-379,2025-05-19 00:00:00,508.0
official_usgs_streamflow,08158000,08158000::origin=1,1,-378,2025-05-20 00:00:00,493.0
official_usgs_streamflow,08158000,08158000::origin=1,1,-377,2025-05-21 00:00:00,468.0
official_usgs_streamflow,08158000,08158000::origin=1,1,-376,2025-05-22 00:00:00,473.0
official_usgs_streamflow,08158000,08158000::origin=1,1,-375,2025-05-23 00:00:00,529.0
official_usgs_streamflow,08158000,08158000::origin=1,1,-374,2025-05-24 00:00:00,462.0
official_usgs_streamflow,08158000,08158000::origin=1,1,-373,2025-05-25 00:00:00,437.0
official_usgs_streamflow,08158000,08158000::origin=1,1,-372,2025-05-26 00:00:00,902.0
official_usgs_streamflow,08158000,08158000::origin=1,1,-371,2025-05-27 00:00:00,871.0
official_usgs_streamflow,08158000,08158000::origin=1,1,-370,2025-05-28 00:00:00,1260.0
official_usgs_streamflow,08158000,08158000::origin=1,1,-369,2025-05-29 00:00:00,501.0
official_usgs_streamflow,08158000,08158000::origin=1,1,-368,2025-05-30 00:00:00,499.0
official_usgs_streamflow,08158000,08158000::origin=1,1,-367,2025-05-31 00:00:00,383.0
official_usgs_streamflow,08158000,08158000::origin=1,1,-366,2025-06-01 00:00:00,448.0
official_usgs_streamflow,08158000,08158000::origin=1,1,-365,2025-06-02 00:00:00,518.0
official_usgs_streamflow,08158000,08158000::origin=1,1,-364,2025-06-03 00:00:00,477.0
official_usgs_streamflow,08158000,08158000::origin=1,1,-363,2025-06-04 00:00:00,386.0
official_usgs_streamflow,08158000,08158000::origin=1,1,-362,2025-06-05 00:00:00,295.0
official_usgs_streamflow,08158000,08158000::origin=1,1,-361,2025-06-06 00:00:00,417.0
official_usgs_streamflow,08158000,08158000::origin=1,1,-360,2025-06-07 00:00:00,480.0
official_usgs_streamflow,08158000,08158000::origin=1,1,-359,2025-06-08 00:00:00,499.0
official_usgs_streamflow,08158000,08158000::origin=1,1,-358,2025-06-09 00:00:00,520.0
official_usgs_streamflow,08158000,08158000::origin=1,1,-357,2025-06-10 00:00:00,545.0
official_usgs_streamflow,08158000,08158000::origin=1,1,-356,2025-06-11 00:00:00,657.0
official_usgs_streamflow,08158000,08158000::origin=1,1,-355,2025-06-12 00:00:00,333.0
official_usgs_streamflow,08158000,08158000::origin=1,1,-354,2025-06-13 00:00:00,346.0
official_usgs_streamflow,08158000,08158000::origin=1,1,-353,2025-06-14 00:00:00,517.0
official_usgs_streamflow,08158000,08158000::origin=1,1,-352,2025-06-15 00:00:00,628.0
official_usgs_streamflow,08158000,08158000::origin=1,1,-351,2025-06-16 00:00:00,677.0
official_usgs_streamflow,08158000,08158000::origin=1,1,-350,2025-06-17 00:00:00,610.0
official_usgs_streamflow,08158000,08158000::origin=1,1,-349,2025-06-18 00:00:00,507.0
official_usgs_streamflow,08158000,08158000::origin=1,1,-348,2025-06-19 00:00:00,467.0
official_usgs_streamflow,08158000,08158000::origin=1,1,-347,2025-06-20 00:00:00,512.0
official_usgs_streamflow,08158000,08158000::origin=1,1,-346,2025-06-21 00:00:00,675.0
official_usgs_streamflow,08158000,08158000::origin=1,1,-345,2025-06-22 00:00:00,655.0
official_usgs_streamflow,08158000,08158000::origin=1,1,-344,2025-06-23 00:00:00,629.0
official_usgs_streamflow,08158000,08158000::origin=1,1,-343,2025-06-24 00:00:00,818.0
official_usgs_streamflow,08158000,08158000::origin=1,1,-342,2025-06-25 00:00:00,718.0
official_usgs_streamflow,08158000,08158000::origin=1,1,-341,2025-06-26 00:00:00,529.0
official_usgs_streamflow,08158000,08158000::origin=1,1,-340,2025-06-27 00:00:00,529.0
official_usgs_streamflow,08158000,08158000::origin=1,1,-339,2025-06-28 00:00:00,542.0
official_usgs_streamflow,08158000,08158000::origin=1,1,-338,2025-06-29 00:00:00,537.0
official_usgs_streamflow,08158000,08158000::origin=1,1,-337,2025-06-30 00:00:00,536.0
official_usgs_streamflow,08158000,08158000::origin=1,1,-336,2025-07-01 00:00:00,525.0
official_usgs_streamflow,08158000,08158000::origin=1,1,-335,2025-07-02 00:00:00,560.0
official_usgs_streamflow,08158000,08158000::origin=1,1,-334,2025-07-03 00:00:00,971.0
official_usgs_streamflow,08158000,08158000::origin=1,1,-333,2025-07-04 00:00:00,376.0
official_usgs_streamflow,08158000,08158000::origin=1,1,-332,2025-07-05 00:00:00,6010.0
official_usgs_streamflow,08158000,08158000::origin=1,1,-331,2025-07-06 00:00:00,1130.0
official_usgs_streamflow,08158000,08158000::origin=1,1,-330,2025-07-07 00:00:00,239.0
official_usgs_streamflow,08158000,08158000::origin=1,1,-329,2025-07-08 00:00:00,171.0
official_usgs_streamflow,08158000,08158000::origin=1,1,-328,2025-07-09 00:00:00,334.0
official_usgs_streamflow,08158000,08158000::origin=1,1,-327,2025-07-10 00:00:00,237.0
official_usgs_streamflow,08158000,08158000::origin=1,1,-326,2025-07-11 00:00:00,163.0
official_usgs_streamflow,08158000,08158000::origin=1,1,-325,2025-07-12 00:00:00,153.0
official_usgs_streamflow,08158000,08158000::origin=1,1,-324,2025-07-13 00:00:00,219.0
official_usgs_streamflow,08158000,08158000::origin=1,1,-323,2025-07-14 00:00:00,222.0
official_usgs_streamflow,08158000,08158000::origin=1,1,-322,2025-07-15 00:00:00,177.0
official_usgs_streamflow,08158000,08158000::origin=1,1,-321,2025-07-16 00:00:00,161.0
official_usgs_streamflow,08158000,08158000::origin=1,1,-320,2025-07-17 00:00:00,140.0
official_usgs_streamflow,08158000,08158000::origin=1,1,-319,2025-07-18 00:00:00,175.0
official_usgs_streamflow,08158000,08158000::origin=1,1,-318,2025-07-19 00:00:00,320.0
official_usgs_streamflow,08158000,08158000::origin=1,1,-317,2025-07-20 00:00:00,375.0
official_usgs_streamflow,08158000,08158000::origin=1,1,-316,2025-07-21 00:00:00,410.0
official_usgs_streamflow,08158000,08158000::origin=1,1,-315,2025-07-22 00:00:00,439.0
official_usgs_streamflow,08158000,08158000::origin=1,1,-314,2025-07-23 00:00:00,502.0
official_usgs_streamflow,08158000,08158000::origin=1,1,-313,2025-07-24 00:00:00,597.0
official_usgs_streamflow,08158000,08158000::origin=1,1,-312,2025-07-25 00:00:00,699.0
official_usgs_streamflow,08158000,08158000::origin=1,1,-311,2025-07-26 00:00:00,708.0
official_usgs_streamflow,08158000,08158000::origin=1,1,-310,2025-07-27 00:00:00,714.0
official_usgs_streamflow,08158000,08158000::origin=1,1,-309,2025-07-28 00:00:00,607.0
official_usgs_streamflow,08158000,08158000::origin=1,1,-308,2025-07-29 00:00:00,424.0
official_usgs_streamflow,08158000,08158000::origin=1,1,-307,2025-07-30 00:00:00,455.0
official_usgs_streamflow,08158000,08158000::origin=1,1,-306,2025-07-31 00:00:00,409.0
official_usgs_streamflow,08158000,08158000::origin=1,1,-305,2025-08-01 00:00:00,382.0
official_usgs_streamflow,08158000,08158000::origin=1,1,-304,2025-08-02 00:00:00,460.0
official_usgs_streamflow,08158000,08158000::origin=1,1,-303,2025-08-03 00:00:00,503.0
official_usgs_streamflow,08158000,08158000::origin=1,1,-302,2025-08-04 00:00:00,266.0
official_usgs_streamflow,08158000,08158000::origin=1,1,-301,2025-08-05 00:00:00,745.0
official_usgs_streamflow,08158000,08158000::origin=1,1,-300,2025-08-06 00:00:00,766.0
official_usgs_streamflow,08158000,08158000::origin=1,1,-299,2025-08-07 00:00:00,711.0
official_usgs_streamflow,08158000,08158000::origin=1,1,-298,2025-08-08 00:00:00,666.0
official_usgs_streamflow,08158000,08158000::origin=1,1,-297,2025-08-09 00:00:00,789.0
official_usgs_streamflow,08158000,08158000::origin=1,1,-296,2025-08-10 00:00:00,764.0
official_usgs_streamflow,08158000,08158000::origin=1,1,-295,2025-08-11 00:00:00,755.0
official_usgs_streamflow,08158000,08158000::origin=1,1,-294,2025-08-12 00:00:00,706.0
official_usgs_streamflow,08158000,08158000::origin=1,1,-293,2025-08-13 00:00:00,690.0
official_usgs_streamflow,08158000,08158000::origin=1,1,-292,2025-08-14 00:00:00,696.0
official_usgs_streamflow,08158000,08158000::origin=1,1,-291,2025-08-15 00:00:00,777.0
official_usgs_streamflow,08158000,08158000::origin=1,1,-290,2025-08-16 00:00:00,722.0
official_usgs_streamflow,08158000,08158000::origin=1,1,-289,2025-08-17 00:00:00,749.0
official_usgs_streamflow,08158000,08158000::origin=1,1,-288,2025-08-18 00:00:00,732.0
official_usgs_streamflow,08158000,08158000::origin=1,1,-287,2025-08-19 00:00:00,815.0
official_usgs_streamflow,08158000,08158000::origin=1,1,-286,2025-08-20 00:00:00,841.0
official_usgs_streamflow,08158000,08158000::origin=1,1,-285,2025-08-21 00:00:00,1150.0
official_usgs_streamflow,08158000,08158000::origin=1,1,-284,2025-08-22 00:00:00,951.0
official_usgs_streamflow,08158000,08158000::origin=1,1,-283,2025-08-23 00:00:00,893.0
official_usgs_streamflow,08158000,08158000::origin=1,1,-282,2025-08-24 00:00:00,1000.0
official_usgs_streamflow,08158000,08158000::origin=1,1,-281,2025-08-25 00:00:00,1020.0
official_usgs_streamflow,08158000,08158000::origin=1,1,-280,2025-08-26 00:00:00,978.0
official_usgs_streamflow,08158000,08158000::origin=1,1,-279,2025-08-27 00:00:00,1170.0
official_usgs_streamflow,08158000,08158000::origin=1,1,-278,2025-08-28 00:00:00,857.0
official_usgs_streamflow,08158000,08158000::origin=1,1,-277,2025-08-29 00:00:00,1020.0
official_usgs_streamflow,08158000,08158000::origin=1,1,-276,2025-08-30 00:00:00,902.0
official_usgs_streamflow,08158000,08158000::origin=1,1,-275,2025-08-31 00:00:00,872.0
official_usgs_streamflow,08158000,08158000::origin=1,1,-274,2025-09-01 00:00:00,1110.0
official_usgs_streamflow,08158000,08158000::origin=1,1,-273,2025-09-02 00:00:00,1080.0
official_usgs_streamflow,08158000,08158000::origin=1,1,-272,2025-09-03 00:00:00,998.0
official_usgs_streamflow,08158000,08158000::origin=1,1,-271,2025-09-04 00:00:00,911.0
official_usgs_streamflow,08158000,08158000::origin=1,1,-270,2025-09-05 00:00:00,894.0
official_usgs_streamflow,08158000,08158000::origin=1,1,-269,2025-09-06 00:00:00,849.0
official_usgs_streamflow,08158000,08158000::origin=1,1,-268,2025-09-07 00:00:00,991.0
official_usgs_streamflow,08158000,08158000::origin=1,1,-267,2025-09-08 00:00:00,880.0
official_usgs_streamflow,08158000,08158000::origin=1,1,-266,2025-09-09 00:00:00,793.0
official_usgs_streamflow,08158000,08158000::origin=1,1,-265,2025-09-10 00:00:00,758.0
official_usgs_streamflow,08158000,08158000::origin=1,1,-264,2025-09-11 00:00:00,665.0
official_usgs_streamflow,08158000,08158000::origin=1,1,-263,2025-09-12 00:00:00,684.0
official_usgs_streamflow,08158000,08158000::origin=1,1,-262,2025-09-13 00:00:00,749.0
official_usgs_streamflow,08158000,08158000::origin=1,1,-261,2025-09-14 00:00:00,812.0
official_usgs_streamflow,08158000,08158000::origin=1,1,-260,2025-09-15 00:00:00,862.0
official_usgs_streamflow,08158000,08158000::origin=1,1,-259,2025-09-16 00:00:00,971.0
official_usgs_streamflow,08158000,08158000::origin=1,1,-258,2025-09-17 00:00:00,935.0
official_usgs_streamflow,08158000,08158000::origin=1,1,-257,2025-09-18 00:00:00,945.0
official_usgs_streamflow,08158000,08158000::origin=1,1,-256,2025-09-19 00:00:00,890.0
official_usgs_streamflow,08158000,08158000::origin=1,1,-255,2025-09-20 00:00:00,929.0
official_usgs_streamflow,08158000,08158000::origin=1,1,-254,2025-09-21 00:00:00,933.0
official_usgs_streamflow,08158000,08158000::origin=1,1,-253,2025-09-22 00:00:00,999.0
official_usgs_streamflow,08158000,08158000::origin=1,1,-252,2025-09-23 00:00:00,1030.0
official_usgs_streamflow,08158000,08158000::origin=1,1,-251,2025-09-24 00:00:00,873.0
official_usgs_streamflow,08158000,08158000::origin=1,1,-250,2025-09-25 00:00:00,953.0
official_usgs_streamflow,08158000,08158000::origin=1,1,-249,2025-09-26 00:00:00,894.0
official_usgs_streamflow,08158000,08158000::origin=1,1,-248,2025-09-27 00:00:00,888.0
official_usgs_streamflow,08158000,08158000::origin=1,1,-247,2025-09-28 00:00:00,891.0
official_usgs_streamflow,08158000,08158000::origin=1,1,-246,2025-09-29 00:00:00,878.0
official_usgs_streamflow,08158000,08158000::origin=1,1,-245,2025-09-30 00:00:00,915.0
official_usgs_streamflow,08158000,08158000::origin=1,1,-244,2025-10-01 00:00:00,904.0
official_usgs_streamflow,08158000,08158000::origin=1,1,-243,2025-10-02 00:00:00,906.0
official_usgs_streamflow,08158000,08158000::origin=1,1,-242,2025-10-03 00:00:00,1000.0
official_usgs_streamflow,08158000,08158000::origin=1,1,-241,2025-10-04 00:00:00,977.0
official_usgs_streamflow,08158000,08158000::origin=1,1,-240,2025-10-05 00:00:00,967.0
official_usgs_streamflow,08158000,08158000::origin=1,1,-239,2025-10-06 00:00:00,930.0
official_usgs_streamflow,08158000,08158000::origin=1,1,-238,2025-10-07 00:00:00,830.0
official_usgs_streamflow,08158000,08158000::origin=1,1,-237,2025-10-08 00:00:00,985.0
official_usgs_streamflow,08158000,08158000::origin=1,1,-236,2025-10-09 00:00:00,913.0
official_usgs_streamflow,08158000,08158000::origin=1,1,-235,2025-10-10 00:00:00,1010.0
official_usgs_streamflow,08158000,08158000::origin=1,1,-234,2025-10-11 00:00:00,555.0
official_usgs_streamflow,08158000,08158000::origin=1,1,-233,2025-10-12 00:00:00,315.0
official_usgs_streamflow,08158000,08158000::origin=1,1,-232,2025-10-13 00:00:00,328.0
official_usgs_streamflow,08158000,08158000::origin=1,1,-231,2025-10-14 00:00:00,409.0
official_usgs_streamflow,08158000,08158000::origin=1,1,-230,2025-10-15 00:00:00,398.0
official_usgs_streamflow,08158000,08158000::origin=1,1,-229,2025-10-16 00:00:00,279.0
official_usgs_streamflow,08158000,08158000::origin=1,1,-228,2025-10-17 00:00:00,166.0
official_usgs_streamflow,08158000,08158000::origin=1,1,-227,2025-10-18 00:00:00,97.80000305175781
official_usgs_streamflow,08158000,08158000::origin=1,1,-226,2025-10-19 00:00:00,118.0
official_usgs_streamflow,08158000,08158000::origin=1,1,-225,2025-10-20 00:00:00,166.0
official_usgs_streamflow,08158000,08158000::origin=1,1,-224,2025-10-21 00:00:00,122.0
official_usgs_streamflow,08158000,08158000::origin=1,1,-223,2025-10-22 00:00:00,103.0
official_usgs_streamflow,08158000,08158000::origin=1,1,-222,2025-10-23 00:00:00,144.0
official_usgs_streamflow,08158000,08158000::origin=1,1,-221,2025-10-24 00:00:00,104.0
official_usgs_streamflow,08158000,08158000::origin=1,1,-220,2025-10-25 00:00:00,1060.0
official_usgs_streamflow,08158000,08158000::origin=1,1,-219,2025-10-26 00:00:00,707.0
official_usgs_streamflow,08158000,08158000::origin=1,1,-218,2025-10-27 00:00:00,141.0
official_usgs_streamflow,08158000,08158000::origin=1,1,-217,2025-10-28 00:00:00,84.30000305175781
official_usgs_streamflow,08158000,08158000::origin=1,1,-216,2025-10-29 00:00:00,58.20000076293945
official_usgs_streamflow,08158000,08158000::origin=1,1,-215,2025-10-30 00:00:00,61.0
official_usgs_streamflow,08158000,08158000::origin=1,1,-214,2025-10-31 00:00:00,141.0
official_usgs_streamflow,08158000,08158000::origin=1,1,-213,2025-11-01 00:00:00,181.0
official_usgs_streamflow,08158000,08158000::origin=1,1,-212,2025-11-02 00:00:00,176.0
official_usgs_streamflow,08158000,08158000::origin=1,1,-211,2025-11-03 00:00:00,152.0
official_usgs_streamflow,08158000,08158000::origin=1,1,-210,2025-11-04 00:00:00,96.0
official_usgs_streamflow,08158000,08158000::origin=1,1,-209,2025-11-05 00:00:00,133.0
official_usgs_streamflow,08158000,08158000::origin=1,1,-208,2025-11-06 00:00:00,85.30000305175781
official_usgs_streamflow,08158000,08158000::origin=1,1,-207,2025-11-07 00:00:00,109.0
official_usgs_streamflow,08158000,08158000::origin=1,1,-206,2025-11-08 00:00:00,137.0
official_usgs_streamflow,08158000,08158000::origin=1,1,-205,2025-11-09 00:00:00,88.0
official_usgs_streamflow,08158000,08158000::origin=1,1,-204,2025-11-10 00:00:00,103.0
official_usgs_streamflow,08158000,08158000::origin=1,1,-203,2025-11-11 00:00:00,130.0
official_usgs_streamflow,08158000,08158000::origin=1,1,-202,2025-11-12 00:00:00,84.69999694824219
official_usgs_streamflow,08158000,08158000::origin=1,1,-201,2025-11-13 00:00:00,117.0
official_usgs_streamflow,08158000,08158000::origin=1,1,-200,2025-11-14 00:00:00,128.0
official_usgs_streamflow,08158000,08158000::origin=1,1,-199,2025-11-15 00:00:00,84.9000015258789
official_usgs_streamflow,08158000,08158000::origin=1,1,-198,2025-11-16 00:00:00,121.0
official_usgs_streamflow,08158000,08158000::origin=1,1,-197,2025-11-17 00:00:00,123.0
official_usgs_streamflow,08158000,08158000::origin=1,1,-196,2025-11-18 00:00:00,115.0
official_usgs_streamflow,08158000,08158000::origin=1,1,-195,2025-11-19 00:00:00,127.0
official_usgs_streamflow,08158000,08158000::origin=1,1,-194,2025-11-20 00:00:00,178.0
official_usgs_streamflow,08158000,08158000::origin=1,1,-193,2025-11-21 00:00:00,212.0
official_usgs_streamflow,08158000,08158000::origin=1,1,-192,2025-11-22 00:00:00,131.0
official_usgs_streamflow,08158000,08158000::origin=1,1,-191,2025-11-23 00:00:00,116.0
official_usgs_streamflow,08158000,08158000::origin=1,1,-190,2025-11-24 00:00:00,97.19999694824219
official_usgs_streamflow,08158000,08158000::origin=1,1,-189,2025-11-25 00:00:00,125.0
official_usgs_streamflow,08158000,08158000::origin=1,1,-188,2025-11-26 00:00:00,137.0
official_usgs_streamflow,08158000,08158000::origin=1,1,-187,2025-11-27 00:00:00,188.0
official_usgs_streamflow,08158000,08158000::origin=1,1,-186,2025-11-28 00:00:00,235.0
official_usgs_streamflow,08158000,08158000::origin=1,1,-185,2025-11-29 00:00:00,268.0
official_usgs_streamflow,08158000,08158000::origin=1,1,-184,2025-11-30 00:00:00,269.0
official_usgs_streamflow,08158000,08158000::origin=1,1,-183,2025-12-01 00:00:00,249.0
official_usgs_streamflow,08158000,08158000::origin=1,1,-182,2025-12-02 00:00:00,203.0
official_usgs_streamflow,08158000,08158000::origin=1,1,-181,2025-12-03 00:00:00,203.0
official_usgs_streamflow,08158000,08158000::origin=1,1,-180,2025-12-04 00:00:00,104.0
official_usgs_streamflow,08158000,08158000::origin=1,1,-179,2025-12-05 00:00:00,139.0
official_usgs_streamflow,08158000,08158000::origin=1,1,-178,2025-12-06 00:00:00,90.80000305175781
official_usgs_streamflow,08158000,08158000::origin=1,1,-177,2025-12-07 00:00:00,90.30000305175781
official_usgs_streamflow,08158000,08158000::origin=1,1,-176,2025-12-08 00:00:00,177.0
official_usgs_streamflow,08158000,08158000::origin=1,1,-175,2025-12-09 00:00:00,233.0
official_usgs_streamflow,08158000,08158000::origin=1,1,-174,2025-12-10 00:00:00,153.0
official_usgs_streamflow,08158000,08158000::origin=1,1,-173,2025-12-11 00:00:00,50.400001525878906
official_usgs_streamflow,08158000,08158000::origin=1,1,-172,2025-12-12 00:00:00,161.0
official_usgs_streamflow,08158000,08158000::origin=1,1,-171,2025-12-13 00:00:00,74.5999984741211
official_usgs_streamflow,08158000,08158000::origin=1,1,-170,2025-12-14 00:00:00,147.0
official_usgs_streamflow,08158000,08158000::origin=1,1,-169,2025-12-15 00:00:00,74.5999984741211
official_usgs_streamflow,08158000,08158000::origin=1,1,-168,2025-12-16 00:00:00,136.0
official_usgs_streamflow,08158000,08158000::origin=1,1,-167,2025-12-17 00:00:00,169.0
official_usgs_streamflow,08158000,08158000::origin=1,1,-166,2025-12-18 00:00:00,119.0
official_usgs_streamflow,08158000,08158000::origin=1,1,-165,2025-12-19 00:00:00,281.0
official_usgs_streamflow,08158000,08158000::origin=1,1,-164,2025-12-20 00:00:00,151.0
official_usgs_streamflow,08158000,08158000::origin=1,1,-163,2025-12-21 00:00:00,135.0
official_usgs_streamflow,08158000,08158000::origin=1,1,-162,2025-12-22 00:00:00,229.0
official_usgs_streamflow,08158000,08158000::origin=1,1,-161,2025-12-23 00:00:00,225.0
official_usgs_streamflow,08158000,08158000::origin=1,1,-160,2025-12-24 00:00:00,158.0
official_usgs_streamflow,08158000,08158000::origin=1,1,-159,2025-12-25 00:00:00,451.0
official_usgs_streamflow,08158000,08158000::origin=1,1,-158,2025-12-26 00:00:00,560.0
official_usgs_streamflow,08158000,08158000::origin=1,1,-157,2025-12-27 00:00:00,556.0
official_usgs_streamflow,08158000,08158000::origin=1,1,-156,2025-12-28 00:00:00,566.0
official_usgs_streamflow,08158000,08158000::origin=1,1,-155,2025-12-29 00:00:00,559.0
official_usgs_streamflow,08158000,08158000::origin=1,1,-154,2025-12-30 00:00:00,620.0
official_usgs_streamflow,08158000,08158000::origin=1,1,-153,2025-12-31 00:00:00,644.0
official_usgs_streamflow,08158000,08158000::origin=1,1,-152,2026-01-01 00:00:00,639.0
official_usgs_streamflow,08158000,08158000::origin=1,1,-151,2026-01-02 00:00:00,631.0
official_usgs_streamflow,08158000,08158000::origin=1,1,-150,2026-01-03 00:00:00,636.0
official_usgs_streamflow,08158000,08158000::origin=1,1,-149,2026-01-04 00:00:00,632.0
official_usgs_streamflow,08158000,08158000::origin=1,1,-148,2026-01-05 00:00:00,622.0
official_usgs_streamflow,08158000,08158000::origin=1,1,-147,2026-01-06 00:00:00,605.0
official_usgs_streamflow,08158000,08158000::origin=1,1,-146,2026-01-07 00:00:00,617.0
official_usgs_streamflow,08158000,08158000::origin=1,1,-145,2026-01-08 00:00:00,624.0
official_usgs_streamflow,08158000,08158000::origin=1,1,-144,2026-01-09 00:00:00,625.0
official_usgs_streamflow,08158000,08158000::origin=1,1,-143,2026-01-10 00:00:00,421.0
official_usgs_streamflow,08158000,08158000::origin=1,1,-142,2026-01-11 00:00:00,294.0
official_usgs_streamflow,08158000,08158000::origin=1,1,-141,2026-01-12 00:00:00,321.0
official_usgs_streamflow,08158000,08158000::origin=1,1,-140,2026-01-13 00:00:00,303.0
official_usgs_streamflow,08158000,08158000::origin=1,1,-139,2026-01-14 00:00:00,318.0
official_usgs_streamflow,08158000,08158000::origin=1,1,-138,2026-01-15 00:00:00,301.0
official_usgs_streamflow,08158000,08158000::origin=1,1,-137,2026-01-16 00:00:00,203.0
official_usgs_streamflow,08158000,08158000::origin=1,1,-136,2026-01-17 00:00:00,211.0
official_usgs_streamflow,08158000,08158000::origin=1,1,-135,2026-01-18 00:00:00,207.0
official_usgs_streamflow,08158000,08158000::origin=1,1,-134,2026-01-19 00:00:00,207.0
official_usgs_streamflow,08158000,08158000::origin=1,1,-133,2026-01-20 00:00:00,140.0
official_usgs_streamflow,08158000,08158000::origin=1,1,-132,2026-01-21 00:00:00,220.0
official_usgs_streamflow,08158000,08158000::origin=1,1,-131,2026-01-22 00:00:00,164.0
official_usgs_streamflow,08158000,08158000::origin=1,1,-130,2026-01-23 00:00:00,218.0
official_usgs_streamflow,08158000,08158000::origin=1,1,-129,2026-01-24 00:00:00,304.0
official_usgs_streamflow,08158000,08158000::origin=1,1,-128,2026-01-25 00:00:00,276.0
official_usgs_streamflow,08158000,08158000::origin=1,1,-127,2026-01-26 00:00:00,253.0
official_usgs_streamflow,08158000,08158000::origin=1,1,-126,2026-01-27 00:00:00,177.0
official_usgs_streamflow,08158000,08158000::origin=1,1,-125,2026-01-28 00:00:00,156.0
official_usgs_streamflow,08158000,08158000::origin=1,1,-124,2026-01-29 00:00:00,154.0
official_usgs_streamflow,08158000,08158000::origin=1,1,-123,2026-01-30 00:00:00,158.0
official_usgs_streamflow,08158000,08158000::origin=1,1,-122,2026-01-31 00:00:00,155.0
official_usgs_streamflow,08158000,08158000::origin=1,1,-121,2026-02-01 00:00:00,82.30000305175781
official_usgs_streamflow,08158000,08158000::origin=1,1,-120,2026-02-02 00:00:00,155.0
official_usgs_streamflow,08158000,08158000::origin=1,1,-119,2026-02-03 00:00:00,149.0
official_usgs_streamflow,08158000,08158000::origin=1,1,-118,2026-02-04 00:00:00,75.9000015258789
official_usgs_streamflow,08158000,08158000::origin=1,1,-117,2026-02-05 00:00:00,166.0
official_usgs_streamflow,08158000,08158000::origin=1,1,-116,2026-02-06 00:00:00,137.0
official_usgs_streamflow,08158000,08158000::origin=1,1,-115,2026-02-07 00:00:00,181.0
official_usgs_streamflow,08158000,08158000::origin=1,1,-114,2026-02-08 00:00:00,212.0
official_usgs_streamflow,08158000,08158000::origin=1,1,-113,2026-02-09 00:00:00,200.0
official_usgs_streamflow,08158000,08158000::origin=1,1,-112,2026-02-10 00:00:00,211.0
official_usgs_streamflow,08158000,08158000::origin=1,1,-111,2026-02-11 00:00:00,193.0
official_usgs_streamflow,08158000,08158000::origin=1,1,-110,2026-02-12 00:00:00,231.0
official_usgs_streamflow,08158000,08158000::origin=1,1,-109,2026-02-13 00:00:00,184.0
official_usgs_streamflow,08158000,08158000::origin=1,1,-108,2026-02-14 00:00:00,222.0
official_usgs_streamflow,08158000,08158000::origin=1,1,-107,2026-02-15 00:00:00,248.0
official_usgs_streamflow,08158000,08158000::origin=1,1,-106,2026-02-16 00:00:00,202.0
official_usgs_streamflow,08158000,08158000::origin=1,1,-105,2026-02-17 00:00:00,113.0
official_usgs_streamflow,08158000,08158000::origin=1,1,-104,2026-02-18 00:00:00,162.0
official_usgs_streamflow,08158000,08158000::origin=1,1,-103,2026-02-19 00:00:00,147.0
official_usgs_streamflow,08158000,08158000::origin=1,1,-102,2026-02-20 00:00:00,152.0
official_usgs_streamflow,08158000,08158000::origin=1,1,-101,2026-02-21 00:00:00,152.0
official_usgs_streamflow,08158000,08158000::origin=1,1,-100,2026-02-22 00:00:00,147.0
official_usgs_streamflow,08158000,08158000::origin=1,1,-99,2026-02-23 00:00:00,148.0
official_usgs_streamflow,08158000,08158000::origin=1,1,-98,2026-02-24 00:00:00,188.0
official_usgs_streamflow,08158000,08158000::origin=1,1,-97,2026-02-25 00:00:00,219.0
official_usgs_streamflow,08158000,08158000::origin=1,1,-96,2026-02-26 00:00:00,250.0
official_usgs_streamflow,08158000,08158000::origin=1,1,-95,2026-02-27 00:00:00,269.0
official_usgs_streamflow,08158000,08158000::origin=1,1,-94,2026-02-28 00:00:00,236.0
official_usgs_streamflow,08158000,08158000::origin=1,1,-93,2026-03-01 00:00:00,235.0
official_usgs_streamflow,08158000,08158000::origin=1,1,-92,2026-03-02 00:00:00,187.0
official_usgs_streamflow,08158000,08158000::origin=1,1,-91,2026-03-03 00:00:00,200.0
official_usgs_streamflow,08158000,08158000::origin=1,1,-90,2026-03-04 00:00:00,270.0
official_usgs_streamflow,08158000,08158000::origin=1,1,-89,2026-03-05 00:00:00,252.0
official_usgs_streamflow,08158000,08158000::origin=1,1,-88,2026-03-06 00:00:00,287.0
official_usgs_streamflow,08158000,08158000::origin=1,1,-87,2026-03-07 00:00:00,293.0
official_usgs_streamflow,08158000,08158000::origin=1,1,-86,2026-03-08 00:00:00,363.0
official_usgs_streamflow,08158000,08158000::origin=1,1,-85,2026-03-09 00:00:00,337.0
official_usgs_streamflow,08158000,08158000::origin=1,1,-84,2026-03-10 00:00:00,279.0
official_usgs_streamflow,08158000,08158000::origin=1,1,-83,2026-03-11 00:00:00,430.0
official_usgs_streamflow,08158000,08158000::origin=1,1,-82,2026-03-12 00:00:00,337.0
official_usgs_streamflow,08158000,08158000::origin=1,1,-81,2026-03-13 00:00:00,316.0
official_usgs_streamflow,08158000,08158000::origin=1,1,-80,2026-03-14 00:00:00,305.0
official_usgs_streamflow,08158000,08158000::origin=1,1,-79,2026-03-15 00:00:00,298.0
official_usgs_streamflow,08158000,08158000::origin=1,1,-78,2026-03-16 00:00:00,301.0
official_usgs_streamflow,08158000,08158000::origin=1,1,-77,2026-03-17 00:00:00,289.0
official_usgs_streamflow,08158000,08158000::origin=1,1,-76,2026-03-18 00:00:00,300.0
official_usgs_streamflow,08158000,08158000::origin=1,1,-75,2026-03-19 00:00:00,291.0
official_usgs_streamflow,08158000,08158000::origin=1,1,-74,2026-03-20 00:00:00,340.0
official_usgs_streamflow,08158000,08158000::origin=1,1,-73,2026-03-21 00:00:00,324.0
official_usgs_streamflow,08158000,08158000::origin=1,1,-72,2026-03-22 00:00:00,361.0
official_usgs_streamflow,08158000,08158000::origin=1,1,-71,2026-03-23 00:00:00,405.0
official_usgs_streamflow,08158000,08158000::origin=1,1,-70,2026-03-24 00:00:00,404.0
official_usgs_streamflow,08158000,08158000::origin=1,1,-69,2026-03-25 00:00:00,425.0
official_usgs_streamflow,08158000,08158000::origin=1,1,-68,2026-03-26 00:00:00,553.0
official_usgs_streamflow,08158000,08158000::origin=1,1,-67,2026-03-27 00:00:00,534.0
official_usgs_streamflow,08158000,08158000::origin=1,1,-66,2026-03-28 00:00:00,574.0
official_usgs_streamflow,08158000,08158000::origin=1,1,-65,2026-03-29 00:00:00,650.0
official_usgs_streamflow,08158000,08158000::origin=1,1,-64,2026-03-30 00:00:00,736.0
official_usgs_streamflow,08158000,08158000::origin=1,1,-63,2026-03-31 00:00:00,706.0
official_usgs_streamflow,08158000,08158000::origin=1,1,-62,2026-04-01 00:00:00,783.0
official_usgs_streamflow,08158000,08158000::origin=1,1,-61,2026-04-02 00:00:00,1350.0
official_usgs_streamflow,08158000,08158000::origin=1,1,-60,2026-04-03 00:00:00,961.0
official_usgs_streamflow,08158000,08158000::origin=1,1,-59,2026-04-04 00:00:00,1010.0
official_usgs_streamflow,08158000,08158000::origin=1,1,-58,2026-04-05 00:00:00,896.0
official_usgs_streamflow,08158000,08158000::origin=1,1,-57,2026-04-06 00:00:00,856.0
official_usgs_streamflow,08158000,08158000::origin=1,1,-56,2026-04-07 00:00:00,846.0
official_usgs_streamflow,08158000,08158000::origin=1,1,-55,2026-04-08 00:00:00,834.0
official_usgs_streamflow,08158000,08158000::origin=1,1,-54,2026-04-09 00:00:00,1030.0
official_usgs_streamflow,08158000,08158000::origin=1,1,-53,2026-04-10 00:00:00,914.0
official_usgs_streamflow,08158000,08158000::origin=1,1,-52,2026-04-11 00:00:00,841.0
official_usgs_streamflow,08158000,08158000::origin=1,1,-51,2026-04-12 00:00:00,854.0
official_usgs_streamflow,08158000,08158000::origin=1,1,-50,2026-04-13 00:00:00,698.0
official_usgs_streamflow,08158000,08158000::origin=1,1,-49,2026-04-14 00:00:00,610.0
official_usgs_streamflow,08158000,08158000::origin=1,1,-48,2026-04-15 00:00:00,535.0
official_usgs_streamflow,08158000,08158000::origin=1,1,-47,2026-04-16 00:00:00,516.0
official_usgs_streamflow,08158000,08158000::origin=1,1,-46,2026-04-17 00:00:00,509.0
official_usgs_streamflow,08158000,08158000::origin=1,1,-45,2026-04-18 00:00:00,570.0
official_usgs_streamflow,08158000,08158000::origin=1,1,-44,2026-04-19 00:00:00,590.0
official_usgs_streamflow,08158000,08158000::origin=1,1,-43,2026-04-20 00:00:00,637.0
official_usgs_streamflow,08158000,08158000::origin=1,1,-42,2026-04-21 00:00:00,736.0
official_usgs_streamflow,08158000,08158000::origin=1,1,-41,2026-04-22 00:00:00,305.0
official_usgs_streamflow,08158000,08158000::origin=1,1,-40,2026-04-23 00:00:00,238.0
official_usgs_streamflow,08158000,08158000::origin=1,1,-39,2026-04-24 00:00:00,349.0
official_usgs_streamflow,08158000,08158000::origin=1,1,-38,2026-04-25 00:00:00,286.0
official_usgs_streamflow,08158000,08158000::origin=1,1,-37,2026-04-26 00:00:00,295.0
official_usgs_streamflow,08158000,08158000::origin=1,1,-36,2026-04-27 00:00:00,334.0
official_usgs_streamflow,08158000,08158000::origin=1,1,-35,2026-04-28 00:00:00,377.0
official_usgs_streamflow,08158000,08158000::origin=1,1,-34,2026-04-29 00:00:00,380.0
official_usgs_streamflow,08158000,08158000::origin=1,1,-33,2026-04-30 00:00:00,800.0
official_usgs_streamflow,08158000,08158000::origin=1,1,-32,2026-05-01 00:00:00,695.0
official_usgs_streamflow,08158000,08158000::origin=1,1,-31,2026-05-02 00:00:00,229.0
official_usgs_streamflow,08158000,08158000::origin=1,1,-30,2026-05-03 00:00:00,288.0
official_usgs_streamflow,08158000,08158000::origin=1,1,-29,2026-05-04 00:00:00,314.0
official_usgs_streamflow,08158000,08158000::origin=1,1,-28,2026-05-05 00:00:00,278.0
official_usgs_streamflow,08158000,08158000::origin=1,1,-27,2026-05-06 00:00:00,335.0
official_usgs_streamflow,08158000,08158000::origin=1,1,-26,2026-05-07 00:00:00,283.0
official_usgs_streamflow,08158000,08158000::origin=1,1,-25,2026-05-08 00:00:00,335.0
official_usgs_streamflow,08158000,08158000::origin=1,1,-24,2026-05-09 00:00:00,375.0
official_usgs_streamflow,08158000,08158000::origin=1,1,-23,2026-05-10 00:00:00,514.0
official_usgs_streamflow,08158000,08158000::origin=1,1,-22,2026-05-11 00:00:00,353.0
official_usgs_streamflow,08158000,08158000::origin=1,1,-21,2026-05-12 00:00:00,131.0
official_usgs_streamflow,08158000,08158000::origin=1,1,-20,2026-05-13 00:00:00,156.0
official_usgs_streamflow,08158000,08158000::origin=1,1,-19,2026-05-14 00:00:00,323.0
official_usgs_streamflow,08158000,08158000::origin=1,1,-18,2026-05-15 00:00:00,497.0
official_usgs_streamflow,08158000,08158000::origin=1,1,-17,2026-05-16 00:00:00,459.0
official_usgs_streamflow,08158000,08158000::origin=1,1,-16,2026-05-17 00:00:00,531.0
official_usgs_streamflow,08158000,08158000::origin=1,1,-15,2026-05-18 00:00:00,532.0
official_usgs_streamflow,08158000,08158000::origin=1,1,-14,2026-05-19 00:00:00,588.0
official_usgs_streamflow,08158000,08158000::origin=1,1,-13,2026-05-20 00:00:00,484.0
official_usgs_streamflow,08158000,08158000::origin=1,1,-12,2026-05-21 00:00:00,610.0
official_usgs_streamflow,08158000,08158000::origin=1,1,-11,2026-05-22 00:00:00,424.0
official_usgs_streamflow,08158000,08158000::origin=1,1,-10,2026-05-23 00:00:00,279.0
official_usgs_streamflow,08158000,08158000::origin=1,1,-9,2026-05-24 00:00:00,644.0
official_usgs_streamflow,08158000,08158000::origin=1,1,-8,2026-05-25 00:00:00,643.0
official_usgs_streamflow,08158000,08158000::origin=1,1,-7,2026-05-26 00:00:00,746.0
official_usgs_streamflow,08158000,08158000::origin=1,1,-6,2026-05-27 00:00:00,1070.0
official_usgs_streamflow,08158000,08158000::origin=1,1,-5,2026-05-28 00:00:00,382.0
official_usgs_streamflow,08158000,08158000::origin=1,1,-4,2026-05-29 00:00:00,596.0
official_usgs_streamflow,08158000,08158000::origin=1,1,-3,2026-05-30 00:00:00,492.0
official_usgs_streamflow,08158000,08158000::origin=1,1,-2,2026-05-31 00:00:00,599.0
official_usgs_streamflow,08158000,08158000::origin=1,1,-1,2026-06-01 00:00:00,560.0
official_usgs_streamflow,08158000,08158000::origin=2,2,-512,2024-12-07 00:00:00,129.0
official_usgs_streamflow,08158000,08158000::origin=2,2,-511,2024-12-08 00:00:00,130.0
official_usgs_streamflow,08158000,08158000::origin=2,2,-510,2024-12-09 00:00:00,116.0
official_usgs_streamflow,08158000,08158000::origin=2,2,-509,2024-12-10 00:00:00,260.0
official_usgs_streamflow,08158000,08158000::origin=2,2,-508,2024-12-11 00:00:00,62.900001525878906
official_usgs_streamflow,08158000,08158000::origin=2,2,-507,2024-12-12 00:00:00,93.0999984741211
official_usgs_streamflow,08158000,08158000::origin=2,2,-506,2024-12-13 00:00:00,103.0
official_usgs_streamflow,08158000,08158000::origin=2,2,-505,2024-12-14 00:00:00,115.0
official_usgs_streamflow,08158000,08158000::origin=2,2,-504,2024-12-15 00:00:00,105.0
official_usgs_streamflow,08158000,08158000::origin=2,2,-503,2024-12-16 00:00:00,108.0
official_usgs_streamflow,08158000,08158000::origin=2,2,-502,2024-12-17 00:00:00,105.0
official_usgs_streamflow,08158000,08158000::origin=2,2,-501,2024-12-18 00:00:00,103.0
official_usgs_streamflow,08158000,08158000::origin=2,2,-500,2024-12-19 00:00:00,80.30000305175781
official_usgs_streamflow,08158000,08158000::origin=2,2,-499,2024-12-20 00:00:00,91.4000015258789
official_usgs_streamflow,08158000,08158000::origin=2,2,-498,2024-12-21 00:00:00,94.80000305175781
official_usgs_streamflow,08158000,08158000::origin=2,2,-497,2024-12-22 00:00:00,75.0999984741211
official_usgs_streamflow,08158000,08158000::origin=2,2,-496,2024-12-23 00:00:00,88.9000015258789
official_usgs_streamflow,08158000,08158000::origin=2,2,-495,2024-12-24 00:00:00,97.5999984741211
official_usgs_streamflow,08158000,08158000::origin=2,2,-494,2024-12-25 00:00:00,130.0
official_usgs_streamflow,08158000,08158000::origin=2,2,-493,2024-12-26 00:00:00,108.0
official_usgs_streamflow,08158000,08158000::origin=2,2,-492,2024-12-27 00:00:00,127.0
official_usgs_streamflow,08158000,08158000::origin=2,2,-491,2024-12-28 00:00:00,120.0
official_usgs_streamflow,08158000,08158000::origin=2,2,-490,2024-12-29 00:00:00,140.0
official_usgs_streamflow,08158000,08158000::origin=2,2,-489,2024-12-30 00:00:00,140.0
official_usgs_streamflow,08158000,08158000::origin=2,2,-488,2024-12-31 00:00:00,135.0
official_usgs_streamflow,08158000,08158000::origin=2,2,-487,2025-01-01 00:00:00,131.0
official_usgs_streamflow,08158000,08158000::origin=2,2,-486,2025-01-02 00:00:00,130.0
official_usgs_streamflow,08158000,08158000::origin=2,2,-485,2025-01-03 00:00:00,136.0
official_usgs_streamflow,08158000,08158000::origin=2,2,-484,2025-01-04 00:00:00,101.0
official_usgs_streamflow,08158000,08158000::origin=2,2,-483,2025-01-05 00:00:00,127.0
official_usgs_streamflow,08158000,08158000::origin=2,2,-482,2025-01-06 00:00:00,163.0
official_usgs_streamflow,08158000,08158000::origin=2,2,-481,2025-01-07 00:00:00,147.0
official_usgs_streamflow,08158000,08158000::origin=2,2,-480,2025-01-08 00:00:00,164.0
official_usgs_streamflow,08158000,08158000::origin=2,2,-479,2025-01-09 00:00:00,236.0
official_usgs_streamflow,08158000,08158000::origin=2,2,-478,2025-01-10 00:00:00,237.0
official_usgs_streamflow,08158000,08158000::origin=2,2,-477,2025-01-11 00:00:00,143.0
official_usgs_streamflow,08158000,08158000::origin=2,2,-476,2025-01-12 00:00:00,173.0
official_usgs_streamflow,08158000,08158000::origin=2,2,-475,2025-01-13 00:00:00,172.0
official_usgs_streamflow,08158000,08158000::origin=2,2,-474,2025-01-14 00:00:00,135.0
official_usgs_streamflow,08158000,08158000::origin=2,2,-473,2025-01-15 00:00:00,130.0
official_usgs_streamflow,08158000,08158000::origin=2,2,-472,2025-01-16 00:00:00,131.0
official_usgs_streamflow,08158000,08158000::origin=2,2,-471,2025-01-17 00:00:00,107.0
official_usgs_streamflow,08158000,08158000::origin=2,2,-470,2025-01-18 00:00:00,110.0
official_usgs_streamflow,08158000,08158000::origin=2,2,-469,2025-01-19 00:00:00,113.0
official_usgs_streamflow,08158000,08158000::origin=2,2,-468,2025-01-20 00:00:00,116.0
official_usgs_streamflow,08158000,08158000::origin=2,2,-467,2025-01-21 00:00:00,118.0
official_usgs_streamflow,08158000,08158000::origin=2,2,-466,2025-01-22 00:00:00,117.0
official_usgs_streamflow,08158000,08158000::origin=2,2,-465,2025-01-23 00:00:00,122.0
official_usgs_streamflow,08158000,08158000::origin=2,2,-464,2025-01-24 00:00:00,124.0
official_usgs_streamflow,08158000,08158000::origin=2,2,-463,2025-01-25 00:00:00,134.0
official_usgs_streamflow,08158000,08158000::origin=2,2,-462,2025-01-26 00:00:00,125.0
official_usgs_streamflow,08158000,08158000::origin=2,2,-461,2025-01-27 00:00:00,134.0
official_usgs_streamflow,08158000,08158000::origin=2,2,-460,2025-01-28 00:00:00,406.0
official_usgs_streamflow,08158000,08158000::origin=2,2,-459,2025-01-29 00:00:00,81.19999694824219
official_usgs_streamflow,08158000,08158000::origin=2,2,-458,2025-01-30 00:00:00,143.0
official_usgs_streamflow,08158000,08158000::origin=2,2,-457,2025-01-31 00:00:00,155.0
official_usgs_streamflow,08158000,08158000::origin=2,2,-456,2025-02-01 00:00:00,162.0
official_usgs_streamflow,08158000,08158000::origin=2,2,-455,2025-02-02 00:00:00,142.0
official_usgs_streamflow,08158000,08158000::origin=2,2,-454,2025-02-03 00:00:00,168.0
official_usgs_streamflow,08158000,08158000::origin=2,2,-453,2025-02-04 00:00:00,128.0
official_usgs_streamflow,08158000,08158000::origin=2,2,-452,2025-02-05 00:00:00,147.0
official_usgs_streamflow,08158000,08158000::origin=2,2,-451,2025-02-06 00:00:00,128.0
official_usgs_streamflow,08158000,08158000::origin=2,2,-450,2025-02-07 00:00:00,131.0
official_usgs_streamflow,08158000,08158000::origin=2,2,-449,2025-02-08 00:00:00,108.0
official_usgs_streamflow,08158000,08158000::origin=2,2,-448,2025-02-09 00:00:00,120.0
official_usgs_streamflow,08158000,08158000::origin=2,2,-447,2025-02-10 00:00:00,118.0
official_usgs_streamflow,08158000,08158000::origin=2,2,-446,2025-02-11 00:00:00,411.0
official_usgs_streamflow,08158000,08158000::origin=2,2,-445,2025-02-12 00:00:00,180.0
official_usgs_streamflow,08158000,08158000::origin=2,2,-444,2025-02-13 00:00:00,139.0
official_usgs_streamflow,08158000,08158000::origin=2,2,-443,2025-02-14 00:00:00,120.0
official_usgs_streamflow,08158000,08158000::origin=2,2,-442,2025-02-15 00:00:00,113.0
official_usgs_streamflow,08158000,08158000::origin=2,2,-441,2025-02-16 00:00:00,108.0
official_usgs_streamflow,08158000,08158000::origin=2,2,-440,2025-02-17 00:00:00,98.30000305175781
official_usgs_streamflow,08158000,08158000::origin=2,2,-439,2025-02-18 00:00:00,87.5
official_usgs_streamflow,08158000,08158000::origin=2,2,-438,2025-02-19 00:00:00,86.5
official_usgs_streamflow,08158000,08158000::origin=2,2,-437,2025-02-20 00:00:00,92.30000305175781
official_usgs_streamflow,08158000,08158000::origin=2,2,-436,2025-02-21 00:00:00,79.5
official_usgs_streamflow,08158000,08158000::origin=2,2,-435,2025-02-22 00:00:00,75.69999694824219
official_usgs_streamflow,08158000,08158000::origin=2,2,-434,2025-02-23 00:00:00,95.0
official_usgs_streamflow,08158000,08158000::origin=2,2,-433,2025-02-24 00:00:00,112.0
official_usgs_streamflow,08158000,08158000::origin=2,2,-432,2025-02-25 00:00:00,98.9000015258789
official_usgs_streamflow,08158000,08158000::origin=2,2,-431,2025-02-26 00:00:00,123.0
official_usgs_streamflow,08158000,08158000::origin=2,2,-430,2025-02-27 00:00:00,130.0
official_usgs_streamflow,08158000,08158000::origin=2,2,-429,2025-02-28 00:00:00,127.0
official_usgs_streamflow,08158000,08158000::origin=2,2,-428,2025-03-01 00:00:00,132.0
official_usgs_streamflow,08158000,08158000::origin=2,2,-427,2025-03-02 00:00:00,126.0
official_usgs_streamflow,08158000,08158000::origin=2,2,-426,2025-03-03 00:00:00,122.0
official_usgs_streamflow,08158000,08158000::origin=2,2,-425,2025-03-04 00:00:00,120.0
official_usgs_streamflow,08158000,08158000::origin=2,2,-424,2025-03-05 00:00:00,94.30000305175781
official_usgs_streamflow,08158000,08158000::origin=2,2,-423,2025-03-06 00:00:00,104.0
official_usgs_streamflow,08158000,08158000::origin=2,2,-422,2025-03-07 00:00:00,100.0
official_usgs_streamflow,08158000,08158000::origin=2,2,-421,2025-03-08 00:00:00,101.0
official_usgs_streamflow,08158000,08158000::origin=2,2,-420,2025-03-09 00:00:00,106.0
official_usgs_streamflow,08158000,08158000::origin=2,2,-419,2025-03-10 00:00:00,135.0
official_usgs_streamflow,08158000,08158000::origin=2,2,-418,2025-03-11 00:00:00,73.9000015258789
official_usgs_streamflow,08158000,08158000::origin=2,2,-417,2025-03-12 00:00:00,104.0
official_usgs_streamflow,08158000,08158000::origin=2,2,-416,2025-03-13 00:00:00,111.0
official_usgs_streamflow,08158000,08158000::origin=2,2,-415,2025-03-14 00:00:00,123.0
official_usgs_streamflow,08158000,08158000::origin=2,2,-414,2025-03-15 00:00:00,115.0
official_usgs_streamflow,08158000,08158000::origin=2,2,-413,2025-03-16 00:00:00,110.0
official_usgs_streamflow,08158000,08158000::origin=2,2,-412,2025-03-17 00:00:00,110.0
official_usgs_streamflow,08158000,08158000::origin=2,2,-411,2025-03-18 00:00:00,117.0
official_usgs_streamflow,08158000,08158000::origin=2,2,-410,2025-03-19 00:00:00,140.0
official_usgs_streamflow,08158000,08158000::origin=2,2,-409,2025-03-20 00:00:00,145.0
official_usgs_streamflow,08158000,08158000::origin=2,2,-408,2025-03-21 00:00:00,152.0
official_usgs_streamflow,08158000,08158000::origin=2,2,-407,2025-03-22 00:00:00,156.0
official_usgs_streamflow,08158000,08158000::origin=2,2,-406,2025-03-23 00:00:00,229.0
official_usgs_streamflow,08158000,08158000::origin=2,2,-405,2025-03-24 00:00:00,284.0
official_usgs_streamflow,08158000,08158000::origin=2,2,-404,2025-03-25 00:00:00,200.0
official_usgs_streamflow,08158000,08158000::origin=2,2,-403,2025-03-26 00:00:00,214.0
official_usgs_streamflow,08158000,08158000::origin=2,2,-402,2025-03-27 00:00:00,238.0
official_usgs_streamflow,08158000,08158000::origin=2,2,-401,2025-03-28 00:00:00,173.0
official_usgs_streamflow,08158000,08158000::origin=2,2,-400,2025-03-29 00:00:00,156.0
official_usgs_streamflow,08158000,08158000::origin=2,2,-399,2025-03-30 00:00:00,117.0
official_usgs_streamflow,08158000,08158000::origin=2,2,-398,2025-03-31 00:00:00,133.0
official_usgs_streamflow,08158000,08158000::origin=2,2,-397,2025-04-01 00:00:00,136.0
official_usgs_streamflow,08158000,08158000::origin=2,2,-396,2025-04-02 00:00:00,171.0
official_usgs_streamflow,08158000,08158000::origin=2,2,-395,2025-04-03 00:00:00,120.0
official_usgs_streamflow,08158000,08158000::origin=2,2,-394,2025-04-04 00:00:00,249.0
official_usgs_streamflow,08158000,08158000::origin=2,2,-393,2025-04-05 00:00:00,182.0
official_usgs_streamflow,08158000,08158000::origin=2,2,-392,2025-04-06 00:00:00,179.0
official_usgs_streamflow,08158000,08158000::origin=2,2,-391,2025-04-07 00:00:00,198.0
official_usgs_streamflow,08158000,08158000::origin=2,2,-390,2025-04-08 00:00:00,148.0
official_usgs_streamflow,08158000,08158000::origin=2,2,-389,2025-04-09 00:00:00,164.0
official_usgs_streamflow,08158000,08158000::origin=2,2,-388,2025-04-10 00:00:00,169.0
official_usgs_streamflow,08158000,08158000::origin=2,2,-387,2025-04-11 00:00:00,166.0
official_usgs_streamflow,08158000,08158000::origin=2,2,-386,2025-04-12 00:00:00,163.0
official_usgs_streamflow,08158000,08158000::origin=2,2,-385,2025-04-13 00:00:00,197.0
official_usgs_streamflow,08158000,08158000::origin=2,2,-384,2025-04-14 00:00:00,207.0
official_usgs_streamflow,08158000,08158000::origin=2,2,-383,2025-04-15 00:00:00,200.0
official_usgs_streamflow,08158000,08158000::origin=2,2,-382,2025-04-16 00:00:00,198.0
official_usgs_streamflow,08158000,08158000::origin=2,2,-381,2025-04-17 00:00:00,208.0
official_usgs_streamflow,08158000,08158000::origin=2,2,-380,2025-04-18 00:00:00,224.0
official_usgs_streamflow,08158000,08158000::origin=2,2,-379,2025-04-19 00:00:00,234.0
official_usgs_streamflow,08158000,08158000::origin=2,2,-378,2025-04-20 00:00:00,235.0
official_usgs_streamflow,08158000,08158000::origin=2,2,-377,2025-04-21 00:00:00,297.0
official_usgs_streamflow,08158000,08158000::origin=2,2,-376,2025-04-22 00:00:00,260.0
official_usgs_streamflow,08158000,08158000::origin=2,2,-375,2025-04-23 00:00:00,450.0
official_usgs_streamflow,08158000,08158000::origin=2,2,-374,2025-04-24 00:00:00,228.0
official_usgs_streamflow,08158000,08158000::origin=2,2,-373,2025-04-25 00:00:00,236.0
official_usgs_streamflow,08158000,08158000::origin=2,2,-372,2025-04-26 00:00:00,292.0
official_usgs_streamflow,08158000,08158000::origin=2,2,-371,2025-04-27 00:00:00,317.0
official_usgs_streamflow,08158000,08158000::origin=2,2,-370,2025-04-28 00:00:00,309.0
official_usgs_streamflow,08158000,08158000::origin=2,2,-369,2025-04-29 00:00:00,319.0
official_usgs_streamflow,08158000,08158000::origin=2,2,-368,2025-04-30 00:00:00,282.0
official_usgs_streamflow,08158000,08158000::origin=2,2,-367,2025-05-01 00:00:00,269.0
official_usgs_streamflow,08158000,08158000::origin=2,2,-366,2025-05-02 00:00:00,283.0
official_usgs_streamflow,08158000,08158000::origin=2,2,-365,2025-05-03 00:00:00,301.0
official_usgs_streamflow,08158000,08158000::origin=2,2,-364,2025-05-04 00:00:00,313.0
official_usgs_streamflow,08158000,08158000::origin=2,2,-363,2025-05-05 00:00:00,490.0
official_usgs_streamflow,08158000,08158000::origin=2,2,-362,2025-05-06 00:00:00,303.0
official_usgs_streamflow,08158000,08158000::origin=2,2,-361,2025-05-07 00:00:00,164.0
official_usgs_streamflow,08158000,08158000::origin=2,2,-360,2025-05-08 00:00:00,205.0
official_usgs_streamflow,08158000,08158000::origin=2,2,-359,2025-05-09 00:00:00,206.0
official_usgs_streamflow,08158000,08158000::origin=2,2,-358,2025-05-10 00:00:00,253.0
official_usgs_streamflow,08158000,08158000::origin=2,2,-357,2025-05-11 00:00:00,257.0
official_usgs_streamflow,08158000,08158000::origin=2,2,-356,2025-05-12 00:00:00,255.0
official_usgs_streamflow,08158000,08158000::origin=2,2,-355,2025-05-13 00:00:00,253.0
official_usgs_streamflow,08158000,08158000::origin=2,2,-354,2025-05-14 00:00:00,328.0
official_usgs_streamflow,08158000,08158000::origin=2,2,-353,2025-05-15 00:00:00,337.0
official_usgs_streamflow,08158000,08158000::origin=2,2,-352,2025-05-16 00:00:00,408.0
official_usgs_streamflow,08158000,08158000::origin=2,2,-351,2025-05-17 00:00:00,407.0
official_usgs_streamflow,08158000,08158000::origin=2,2,-350,2025-05-18 00:00:00,493.0
official_usgs_streamflow,08158000,08158000::origin=2,2,-349,2025-05-19 00:00:00,508.0
official_usgs_streamflow,08158000,08158000::origin=2,2,-348,2025-05-20 00:00:00,493.0
official_usgs_streamflow,08158000,08158000::origin=2,2,-347,2025-05-21 00:00:00,468.0
official_usgs_streamflow,08158000,08158000::origin=2,2,-346,2025-05-22 00:00:00,473.0
official_usgs_streamflow,08158000,08158000::origin=2,2,-345,2025-05-23 00:00:00,529.0
official_usgs_streamflow,08158000,08158000::origin=2,2,-344,2025-05-24 00:00:00,462.0
official_usgs_streamflow,08158000,08158000::origin=2,2,-343,2025-05-25 00:00:00,437.0
official_usgs_streamflow,08158000,08158000::origin=2,2,-342,2025-05-26 00:00:00,902.0
official_usgs_streamflow,08158000,08158000::origin=2,2,-341,2025-05-27 00:00:00,871.0
official_usgs_streamflow,08158000,08158000::origin=2,2,-340,2025-05-28 00:00:00,1260.0
official_usgs_streamflow,08158000,08158000::origin=2,2,-339,2025-05-29 00:00:00,501.0
official_usgs_streamflow,08158000,08158000::origin=2,2,-338,2025-05-30 00:00:00,499.0
official_usgs_streamflow,08158000,08158000::origin=2,2,-337,2025-05-31 00:00:00,383.0
official_usgs_streamflow,08158000,08158000::origin=2,2,-336,2025-06-01 00:00:00,448.0
official_usgs_streamflow,08158000,08158000::origin=2,2,-335,2025-06-02 00:00:00,518.0
official_usgs_streamflow,08158000,08158000::origin=2,2,-334,2025-06-03 00:00:00,477.0
official_usgs_streamflow,08158000,08158000::origin=2,2,-333,2025-06-04 00:00:00,386.0
official_usgs_streamflow,08158000,08158000::origin=2,2,-332,2025-06-05 00:00:00,295.0
official_usgs_streamflow,08158000,08158000::origin=2,2,-331,2025-06-06 00:00:00,417.0
official_usgs_streamflow,08158000,08158000::origin=2,2,-330,2025-06-07 00:00:00,480.0
official_usgs_streamflow,08158000,08158000::origin=2,2,-329,2025-06-08 00:00:00,499.0
official_usgs_streamflow,08158000,08158000::origin=2,2,-328,2025-06-09 00:00:00,520.0
official_usgs_streamflow,08158000,08158000::origin=2,2,-327,2025-06-10 00:00:00,545.0
official_usgs_streamflow,08158000,08158000::origin=2,2,-326,2025-06-11 00:00:00,657.0
official_usgs_streamflow,08158000,08158000::origin=2,2,-325,2025-06-12 00:00:00,333.0
official_usgs_streamflow,08158000,08158000::origin=2,2,-324,2025-06-13 00:00:00,346.0
official_usgs_streamflow,08158000,08158000::origin=2,2,-323,2025-06-14 00:00:00,517.0
official_usgs_streamflow,08158000,08158000::origin=2,2,-322,2025-06-15 00:00:00,628.0
official_usgs_streamflow,08158000,08158000::origin=2,2,-321,2025-06-16 00:00:00,677.0
official_usgs_streamflow,08158000,08158000::origin=2,2,-320,2025-06-17 00:00:00,610.0
official_usgs_streamflow,08158000,08158000::origin=2,2,-319,2025-06-18 00:00:00,507.0
official_usgs_streamflow,08158000,08158000::origin=2,2,-318,2025-06-19 00:00:00,467.0
official_usgs_streamflow,08158000,08158000::origin=2,2,-317,2025-06-20 00:00:00,512.0
official_usgs_streamflow,08158000,08158000::origin=2,2,-316,2025-06-21 00:00:00,675.0
official_usgs_streamflow,08158000,08158000::origin=2,2,-315,2025-06-22 00:00:00,655.0
official_usgs_streamflow,08158000,08158000::origin=2,2,-314,2025-06-23 00:00:00,629.0
official_usgs_streamflow,08158000,08158000::origin=2,2,-313,2025-06-24 00:00:00,818.0
official_usgs_streamflow,08158000,08158000::origin=2,2,-312,2025-06-25 00:00:00,718.0
official_usgs_streamflow,08158000,08158000::origin=2,2,-311,2025-06-26 00:00:00,529.0
official_usgs_streamflow,08158000,08158000::origin=2,2,-310,2025-06-27 00:00:00,529.0
official_usgs_streamflow,08158000,08158000::origin=2,2,-309,2025-06-28 00:00:00,542.0
official_usgs_streamflow,08158000,08158000::origin=2,2,-308,2025-06-29 00:00:00,537.0
official_usgs_streamflow,08158000,08158000::origin=2,2,-307,2025-06-30 00:00:00,536.0
official_usgs_streamflow,08158000,08158000::origin=2,2,-306,2025-07-01 00:00:00,525.0
official_usgs_streamflow,08158000,08158000::origin=2,2,-305,2025-07-02 00:00:00,560.0
official_usgs_streamflow,08158000,08158000::origin=2,2,-304,2025-07-03 00:00:00,971.0
official_usgs_streamflow,08158000,08158000::origin=2,2,-303,2025-07-04 00:00:00,376.0
official_usgs_streamflow,08158000,08158000::origin=2,2,-302,2025-07-05 00:00:00,6010.0
official_usgs_streamflow,08158000,08158000::origin=2,2,-301,2025-07-06 00:00:00,1130.0
official_usgs_streamflow,08158000,08158000::origin=2,2,-300,2025-07-07 00:00:00,239.0
official_usgs_streamflow,08158000,08158000::origin=2,2,-299,2025-07-08 00:00:00,171.0
official_usgs_streamflow,08158000,08158000::origin=2,2,-298,2025-07-09 00:00:00,334.0
official_usgs_streamflow,08158000,08158000::origin=2,2,-297,2025-07-10 00:00:00,237.0
official_usgs_streamflow,08158000,08158000::origin=2,2,-296,2025-07-11 00:00:00,163.0
official_usgs_streamflow,08158000,08158000::origin=2,2,-295,2025-07-12 00:00:00,153.0
official_usgs_streamflow,08158000,08158000::origin=2,2,-294,2025-07-13 00:00:00,219.0
official_usgs_streamflow,08158000,08158000::origin=2,2,-293,2025-07-14 00:00:00,222.0
official_usgs_streamflow,08158000,08158000::origin=2,2,-292,2025-07-15 00:00:00,177.0
official_usgs_streamflow,08158000,08158000::origin=2,2,-291,2025-07-16 00:00:00,161.0
official_usgs_streamflow,08158000,08158000::origin=2,2,-290,2025-07-17 00:00:00,140.0
official_usgs_streamflow,08158000,08158000::origin=2,2,-289,2025-07-18 00:00:00,175.0
official_usgs_streamflow,08158000,08158000::origin=2,2,-288,2025-07-19 00:00:00,320.0
official_usgs_streamflow,08158000,08158000::origin=2,2,-287,2025-07-20 00:00:00,375.0
official_usgs_streamflow,08158000,08158000::origin=2,2,-286,2025-07-21 00:00:00,410.0
official_usgs_streamflow,08158000,08158000::origin=2,2,-285,2025-07-22 00:00:00,439.0
official_usgs_streamflow,08158000,08158000::origin=2,2,-284,2025-07-23 00:00:00,502.0
official_usgs_streamflow,08158000,08158000::origin=2,2,-283,2025-07-24 00:00:00,597.0
official_usgs_streamflow,08158000,08158000::origin=2,2,-282,2025-07-25 00:00:00,699.0
official_usgs_streamflow,08158000,08158000::origin=2,2,-281,2025-07-26 00:00:00,708.0
official_usgs_streamflow,08158000,08158000::origin=2,2,-280,2025-07-27 00:00:00,714.0
official_usgs_streamflow,08158000,08158000::origin=2,2,-279,2025-07-28 00:00:00,607.0
official_usgs_streamflow,08158000,08158000::origin=2,2,-278,2025-07-29 00:00:00,424.0
official_usgs_streamflow,08158000,08158000::origin=2,2,-277,2025-07-30 00:00:00,455.0
official_usgs_streamflow,08158000,08158000::origin=2,2,-276,2025-07-31 00:00:00,409.0
official_usgs_streamflow,08158000,08158000::origin=2,2,-275,2025-08-01 00:00:00,382.0
official_usgs_streamflow,08158000,08158000::origin=2,2,-274,2025-08-02 00:00:00,460.0
official_usgs_streamflow,08158000,08158000::origin=2,2,-273,2025-08-03 00:00:00,503.0
official_usgs_streamflow,08158000,08158000::origin=2,2,-272,2025-08-04 00:00:00,266.0
official_usgs_streamflow,08158000,08158000::origin=2,2,-271,2025-08-05 00:00:00,745.0
official_usgs_streamflow,08158000,08158000::origin=2,2,-270,2025-08-06 00:00:00,766.0
official_usgs_streamflow,08158000,08158000::origin=2,2,-269,2025-08-07 00:00:00,711.0
official_usgs_streamflow,08158000,08158000::origin=2,2,-268,2025-08-08 00:00:00,666.0
official_usgs_streamflow,08158000,08158000::origin=2,2,-267,2025-08-09 00:00:00,789.0
official_usgs_streamflow,08158000,08158000::origin=2,2,-266,2025-08-10 00:00:00,764.0
official_usgs_streamflow,08158000,08158000::origin=2,2,-265,2025-08-11 00:00:00,755.0
official_usgs_streamflow,08158000,08158000::origin=2,2,-264,2025-08-12 00:00:00,706.0
official_usgs_streamflow,08158000,08158000::origin=2,2,-263,2025-08-13 00:00:00,690.0
official_usgs_streamflow,08158000,08158000::origin=2,2,-262,2025-08-14 00:00:00,696.0
official_usgs_streamflow,08158000,08158000::origin=2,2,-261,2025-08-15 00:00:00,777.0
official_usgs_streamflow,08158000,08158000::origin=2,2,-260,2025-08-16 00:00:00,722.0
official_usgs_streamflow,08158000,08158000::origin=2,2,-259,2025-08-17 00:00:00,749.0
official_usgs_streamflow,08158000,08158000::origin=2,2,-258,2025-08-18 00:00:00,732.0
official_usgs_streamflow,08158000,08158000::origin=2,2,-257,2025-08-19 00:00:00,815.0
official_usgs_streamflow,08158000,08158000::origin=2,2,-256,2025-08-20 00:00:00,841.0
official_usgs_streamflow,08158000,08158000::origin=2,2,-255,2025-08-21 00:00:00,1150.0
official_usgs_streamflow,08158000,08158000::origin=2,2,-254,2025-08-22 00:00:00,951.0
official_usgs_streamflow,08158000,08158000::origin=2,2,-253,2025-08-23 00:00:00,893.0
official_usgs_streamflow,08158000,08158000::origin=2,2,-252,2025-08-24 00:00:00,1000.0
official_usgs_streamflow,08158000,08158000::origin=2,2,-251,2025-08-25 00:00:00,1020.0
official_usgs_streamflow,08158000,08158000::origin=2,2,-250,2025-08-26 00:00:00,978.0
official_usgs_streamflow,08158000,08158000::origin=2,2,-249,2025-08-27 00:00:00,1170.0
official_usgs_streamflow,08158000,08158000::origin=2,2,-248,2025-08-28 00:00:00,857.0
official_usgs_streamflow,08158000,08158000::origin=2,2,-247,2025-08-29 00:00:00,1020.0
official_usgs_streamflow,08158000,08158000::origin=2,2,-246,2025-08-30 00:00:00,902.0
official_usgs_streamflow,08158000,08158000::origin=2,2,-245,2025-08-31 00:00:00,872.0
official_usgs_streamflow,08158000,08158000::origin=2,2,-244,2025-09-01 00:00:00,1110.0
official_usgs_streamflow,08158000,08158000::origin=2,2,-243,2025-09-02 00:00:00,1080.0
official_usgs_streamflow,08158000,08158000::origin=2,2,-242,2025-09-03 00:00:00,998.0
official_usgs_streamflow,08158000,08158000::origin=2,2,-241,2025-09-04 00:00:00,911.0
official_usgs_streamflow,08158000,08158000::origin=2,2,-240,2025-09-05 00:00:00,894.0
official_usgs_streamflow,08158000,08158000::origin=2,2,-239,2025-09-06 00:00:00,849.0
official_usgs_streamflow,08158000,08158000::origin=2,2,-238,2025-09-07 00:00:00,991.0
official_usgs_streamflow,08158000,08158000::origin=2,2,-237,2025-09-08 00:00:00,880.0
official_usgs_streamflow,08158000,08158000::origin=2,2,-236,2025-09-09 00:00:00,793.0
official_usgs_streamflow,08158000,08158000::origin=2,2,-235,2025-09-10 00:00:00,758.0
official_usgs_streamflow,08158000,08158000::origin=2,2,-234,2025-09-11 00:00:00,665.0
official_usgs_streamflow,08158000,08158000::origin=2,2,-233,2025-09-12 00:00:00,684.0
official_usgs_streamflow,08158000,08158000::origin=2,2,-232,2025-09-13 00:00:00,749.0
official_usgs_streamflow,08158000,08158000::origin=2,2,-231,2025-09-14 00:00:00,812.0
official_usgs_streamflow,08158000,08158000::origin=2,2,-230,2025-09-15 00:00:00,862.0
official_usgs_streamflow,08158000,08158000::origin=2,2,-229,2025-09-16 00:00:00,971.0
official_usgs_streamflow,08158000,08158000::origin=2,2,-228,2025-09-17 00:00:00,935.0
official_usgs_streamflow,08158000,08158000::origin=2,2,-227,2025-09-18 00:00:00,945.0
official_usgs_streamflow,08158000,08158000::origin=2,2,-226,2025-09-19 00:00:00,890.0
official_usgs_streamflow,08158000,08158000::origin=2,2,-225,2025-09-20 00:00:00,929.0
official_usgs_streamflow,08158000,08158000::origin=2,2,-224,2025-09-21 00:00:00,933.0
official_usgs_streamflow,08158000,08158000::origin=2,2,-223,2025-09-22 00:00:00,999.0
official_usgs_streamflow,08158000,08158000::origin=2,2,-222,2025-09-23 00:00:00,1030.0
official_usgs_streamflow,08158000,08158000::origin=2,2,-221,2025-09-24 00:00:00,873.0
official_usgs_streamflow,08158000,08158000::origin=2,2,-220,2025-09-25 00:00:00,953.0
official_usgs_streamflow,08158000,08158000::origin=2,2,-219,2025-09-26 00:00:00,894.0
official_usgs_streamflow,08158000,08158000::origin=2,2,-218,2025-09-27 00:00:00,888.0
official_usgs_streamflow,08158000,08158000::origin=2,2,-217,2025-09-28 00:00:00,891.0
official_usgs_streamflow,08158000,08158000::origin=2,2,-216,2025-09-29 00:00:00,878.0
official_usgs_streamflow,08158000,08158000::origin=2,2,-215,2025-09-30 00:00:00,915.0
official_usgs_streamflow,08158000,08158000::origin=2,2,-214,2025-10-01 00:00:00,904.0
official_usgs_streamflow,08158000,08158000::origin=2,2,-213,2025-10-02 00:00:00,906.0
official_usgs_streamflow,08158000,08158000::origin=2,2,-212,2025-10-03 00:00:00,1000.0
official_usgs_streamflow,08158000,08158000::origin=2,2,-211,2025-10-04 00:00:00,977.0
official_usgs_streamflow,08158000,08158000::origin=2,2,-210,2025-10-05 00:00:00,967.0
official_usgs_streamflow,08158000,08158000::origin=2,2,-209,2025-10-06 00:00:00,930.0
official_usgs_streamflow,08158000,08158000::origin=2,2,-208,2025-10-07 00:00:00,830.0
official_usgs_streamflow,08158000,08158000::origin=2,2,-207,2025-10-08 00:00:00,985.0
official_usgs_streamflow,08158000,08158000::origin=2,2,-206,2025-10-09 00:00:00,913.0
official_usgs_streamflow,08158000,08158000::origin=2,2,-205,2025-10-10 00:00:00,1010.0
official_usgs_streamflow,08158000,08158000::origin=2,2,-204,2025-10-11 00:00:00,555.0
official_usgs_streamflow,08158000,08158000::origin=2,2,-203,2025-10-12 00:00:00,315.0
official_usgs_streamflow,08158000,08158000::origin=2,2,-202,2025-10-13 00:00:00,328.0
official_usgs_streamflow,08158000,08158000::origin=2,2,-201,2025-10-14 00:00:00,409.0
official_usgs_streamflow,08158000,08158000::origin=2,2,-200,2025-10-15 00:00:00,398.0
official_usgs_streamflow,08158000,08158000::origin=2,2,-199,2025-10-16 00:00:00,279.0
official_usgs_streamflow,08158000,08158000::origin=2,2,-198,2025-10-17 00:00:00,166.0
official_usgs_streamflow,08158000,08158000::origin=2,2,-197,2025-10-18 00:00:00,97.80000305175781
official_usgs_streamflow,08158000,08158000::origin=2,2,-196,2025-10-19 00:00:00,118.0
official_usgs_streamflow,08158000,08158000::origin=2,2,-195,2025-10-20 00:00:00,166.0
official_usgs_streamflow,08158000,08158000::origin=2,2,-194,2025-10-21 00:00:00,122.0
official_usgs_streamflow,08158000,08158000::origin=2,2,-193,2025-10-22 00:00:00,103.0
official_usgs_streamflow,08158000,08158000::origin=2,2,-192,2025-10-23 00:00:00,144.0
official_usgs_streamflow,08158000,08158000::origin=2,2,-191,2025-10-24 00:00:00,104.0
official_usgs_streamflow,08158000,08158000::origin=2,2,-190,2025-10-25 00:00:00,1060.0
official_usgs_streamflow,08158000,08158000::origin=2,2,-189,2025-10-26 00:00:00,707.0
official_usgs_streamflow,08158000,08158000::origin=2,2,-188,2025-10-27 00:00:00,141.0
official_usgs_streamflow,08158000,08158000::origin=2,2,-187,2025-10-28 00:00:00,84.30000305175781
official_usgs_streamflow,08158000,08158000::origin=2,2,-186,2025-10-29 00:00:00,58.20000076293945
official_usgs_streamflow,08158000,08158000::origin=2,2,-185,2025-10-30 00:00:00,61.0
official_usgs_streamflow,08158000,08158000::origin=2,2,-184,2025-10-31 00:00:00,141.0
official_usgs_streamflow,08158000,08158000::origin=2,2,-183,2025-11-01 00:00:00,181.0
official_usgs_streamflow,08158000,08158000::origin=2,2,-182,2025-11-02 00:00:00,176.0
official_usgs_streamflow,08158000,08158000::origin=2,2,-181,2025-11-03 00:00:00,152.0
official_usgs_streamflow,08158000,08158000::origin=2,2,-180,2025-11-04 00:00:00,96.0
official_usgs_streamflow,08158000,08158000::origin=2,2,-179,2025-11-05 00:00:00,133.0
official_usgs_streamflow,08158000,08158000::origin=2,2,-178,2025-11-06 00:00:00,85.30000305175781
official_usgs_streamflow,08158000,08158000::origin=2,2,-177,2025-11-07 00:00:00,109.0
official_usgs_streamflow,08158000,08158000::origin=2,2,-176,2025-11-08 00:00:00,137.0
official_usgs_streamflow,08158000,08158000::origin=2,2,-175,2025-11-09 00:00:00,88.0
official_usgs_streamflow,08158000,08158000::origin=2,2,-174,2025-11-10 00:00:00,103.0
official_usgs_streamflow,08158000,08158000::origin=2,2,-173,2025-11-11 00:00:00,130.0
official_usgs_streamflow,08158000,08158000::origin=2,2,-172,2025-11-12 00:00:00,84.69999694824219
official_usgs_streamflow,08158000,08158000::origin=2,2,-171,2025-11-13 00:00:00,117.0
official_usgs_streamflow,08158000,08158000::origin=2,2,-170,2025-11-14 00:00:00,128.0
official_usgs_streamflow,08158000,08158000::origin=2,2,-169,2025-11-15 00:00:00,84.9000015258789
official_usgs_streamflow,08158000,08158000::origin=2,2,-168,2025-11-16 00:00:00,121.0
official_usgs_streamflow,08158000,08158000::origin=2,2,-167,2025-11-17 00:00:00,123.0
official_usgs_streamflow,08158000,08158000::origin=2,2,-166,2025-11-18 00:00:00,115.0
official_usgs_streamflow,08158000,08158000::origin=2,2,-165,2025-11-19 00:00:00,127.0
official_usgs_streamflow,08158000,08158000::origin=2,2,-164,2025-11-20 00:00:00,178.0
official_usgs_streamflow,08158000,08158000::origin=2,2,-163,2025-11-21 00:00:00,212.0
official_usgs_streamflow,08158000,08158000::origin=2,2,-162,2025-11-22 00:00:00,131.0
official_usgs_streamflow,08158000,08158000::origin=2,2,-161,2025-11-23 00:00:00,116.0
official_usgs_streamflow,08158000,08158000::origin=2,2,-160,2025-11-24 00:00:00,97.19999694824219
official_usgs_streamflow,08158000,08158000::origin=2,2,-159,2025-11-25 00:00:00,125.0
official_usgs_streamflow,08158000,08158000::origin=2,2,-158,2025-11-26 00:00:00,137.0
official_usgs_streamflow,08158000,08158000::origin=2,2,-157,2025-11-27 00:00:00,188.0
official_usgs_streamflow,08158000,08158000::origin=2,2,-156,2025-11-28 00:00:00,235.0
official_usgs_streamflow,08158000,08158000::origin=2,2,-155,2025-11-29 00:00:00,268.0
official_usgs_streamflow,08158000,08158000::origin=2,2,-154,2025-11-30 00:00:00,269.0
official_usgs_streamflow,08158000,08158000::origin=2,2,-153,2025-12-01 00:00:00,249.0
official_usgs_streamflow,08158000,08158000::origin=2,2,-152,2025-12-02 00:00:00,203.0
official_usgs_streamflow,08158000,08158000::origin=2,2,-151,2025-12-03 00:00:00,203.0
official_usgs_streamflow,08158000,08158000::origin=2,2,-150,2025-12-04 00:00:00,104.0
official_usgs_streamflow,08158000,08158000::origin=2,2,-149,2025-12-05 00:00:00,139.0
official_usgs_streamflow,08158000,08158000::origin=2,2,-148,2025-12-06 00:00:00,90.80000305175781
official_usgs_streamflow,08158000,08158000::origin=2,2,-147,2025-12-07 00:00:00,90.30000305175781
official_usgs_streamflow,08158000,08158000::origin=2,2,-146,2025-12-08 00:00:00,177.0
official_usgs_streamflow,08158000,08158000::origin=2,2,-145,2025-12-09 00:00:00,233.0
official_usgs_streamflow,08158000,08158000::origin=2,2,-144,2025-12-10 00:00:00,153.0
official_usgs_streamflow,08158000,08158000::origin=2,2,-143,2025-12-11 00:00:00,50.400001525878906
official_usgs_streamflow,08158000,08158000::origin=2,2,-142,2025-12-12 00:00:00,161.0
official_usgs_streamflow,08158000,08158000::origin=2,2,-141,2025-12-13 00:00:00,74.5999984741211
official_usgs_streamflow,08158000,08158000::origin=2,2,-140,2025-12-14 00:00:00,147.0
official_usgs_streamflow,08158000,08158000::origin=2,2,-139,2025-12-15 00:00:00,74.5999984741211
official_usgs_streamflow,08158000,08158000::origin=2,2,-138,2025-12-16 00:00:00,136.0
official_usgs_streamflow,08158000,08158000::origin=2,2,-137,2025-12-17 00:00:00,169.0
official_usgs_streamflow,08158000,08158000::origin=2,2,-136,2025-12-18 00:00:00,119.0
official_usgs_streamflow,08158000,08158000::origin=2,2,-135,2025-12-19 00:00:00,281.0
official_usgs_streamflow,08158000,08158000::origin=2,2,-134,2025-12-20 00:00:00,151.0
official_usgs_streamflow,08158000,08158000::origin=2,2,-133,2025-12-21 00:00:00,135.0
official_usgs_streamflow,08158000,08158000::origin=2,2,-132,2025-12-22 00:00:00,229.0
official_usgs_streamflow,08158000,08158000::origin=2,2,-131,2025-12-23 00:00:00,225.0
official_usgs_streamflow,08158000,08158000::origin=2,2,-130,2025-12-24 00:00:00,158.0
official_usgs_streamflow,08158000,08158000::origin=2,2,-129,2025-12-25 00:00:00,451.0
official_usgs_streamflow,08158000,08158000::origin=2,2,-128,2025-12-26 00:00:00,560.0
official_usgs_streamflow,08158000,08158000::origin=2,2,-127,2025-12-27 00:00:00,556.0
official_usgs_streamflow,08158000,08158000::origin=2,2,-126,2025-12-28 00:00:00,566.0
official_usgs_streamflow,08158000,08158000::origin=2,2,-125,2025-12-29 00:00:00,559.0
official_usgs_streamflow,08158000,08158000::origin=2,2,-124,2025-12-30 00:00:00,620.0
official_usgs_streamflow,08158000,08158000::origin=2,2,-123,2025-12-31 00:00:00,644.0
official_usgs_streamflow,08158000,08158000::origin=2,2,-122,2026-01-01 00:00:00,639.0
official_usgs_streamflow,08158000,08158000::origin=2,2,-121,2026-01-02 00:00:00,631.0
official_usgs_streamflow,08158000,08158000::origin=2,2,-120,2026-01-03 00:00:00,636.0
official_usgs_streamflow,08158000,08158000::origin=2,2,-119,2026-01-04 00:00:00,632.0
official_usgs_streamflow,08158000,08158000::origin=2,2,-118,2026-01-05 00:00:00,622.0
official_usgs_streamflow,08158000,08158000::origin=2,2,-117,2026-01-06 00:00:00,605.0
official_usgs_streamflow,08158000,08158000::origin=2,2,-116,2026-01-07 00:00:00,617.0
official_usgs_streamflow,08158000,08158000::origin=2,2,-115,2026-01-08 00:00:00,624.0
official_usgs_streamflow,08158000,08158000::origin=2,2,-114,2026-01-09 00:00:00,625.0
official_usgs_streamflow,08158000,08158000::origin=2,2,-113,2026-01-10 00:00:00,421.0
official_usgs_streamflow,08158000,08158000::origin=2,2,-112,2026-01-11 00:00:00,294.0
official_usgs_streamflow,08158000,08158000::origin=2,2,-111,2026-01-12 00:00:00,321.0
official_usgs_streamflow,08158000,08158000::origin=2,2,-110,2026-01-13 00:00:00,303.0
official_usgs_streamflow,08158000,08158000::origin=2,2,-109,2026-01-14 00:00:00,318.0
official_usgs_streamflow,08158000,08158000::origin=2,2,-108,2026-01-15 00:00:00,301.0
official_usgs_streamflow,08158000,08158000::origin=2,2,-107,2026-01-16 00:00:00,203.0
official_usgs_streamflow,08158000,08158000::origin=2,2,-106,2026-01-17 00:00:00,211.0
official_usgs_streamflow,08158000,08158000::origin=2,2,-105,2026-01-18 00:00:00,207.0
official_usgs_streamflow,08158000,08158000::origin=2,2,-104,2026-01-19 00:00:00,207.0
official_usgs_streamflow,08158000,08158000::origin=2,2,-103,2026-01-20 00:00:00,140.0
official_usgs_streamflow,08158000,08158000::origin=2,2,-102,2026-01-21 00:00:00,220.0
official_usgs_streamflow,08158000,08158000::origin=2,2,-101,2026-01-22 00:00:00,164.0
official_usgs_streamflow,08158000,08158000::origin=2,2,-100,2026-01-23 00:00:00,218.0
official_usgs_streamflow,08158000,08158000::origin=2,2,-99,2026-01-24 00:00:00,304.0
official_usgs_streamflow,08158000,08158000::origin=2,2,-98,2026-01-25 00:00:00,276.0
official_usgs_streamflow,08158000,08158000::origin=2,2,-97,2026-01-26 00:00:00,253.0
official_usgs_streamflow,08158000,08158000::origin=2,2,-96,2026-01-27 00:00:00,177.0
official_usgs_streamflow,08158000,08158000::origin=2,2,-95,2026-01-28 00:00:00,156.0
official_usgs_streamflow,08158000,08158000::origin=2,2,-94,2026-01-29 00:00:00,154.0
official_usgs_streamflow,08158000,08158000::origin=2,2,-93,2026-01-30 00:00:00,158.0
official_usgs_streamflow,08158000,08158000::origin=2,2,-92,2026-01-31 00:00:00,155.0
official_usgs_streamflow,08158000,08158000::origin=2,2,-91,2026-02-01 00:00:00,82.30000305175781
official_usgs_streamflow,08158000,08158000::origin=2,2,-90,2026-02-02 00:00:00,155.0
official_usgs_streamflow,08158000,08158000::origin=2,2,-89,2026-02-03 00:00:00,149.0
official_usgs_streamflow,08158000,08158000::origin=2,2,-88,2026-02-04 00:00:00,75.9000015258789
official_usgs_streamflow,08158000,08158000::origin=2,2,-87,2026-02-05 00:00:00,166.0
official_usgs_streamflow,08158000,08158000::origin=2,2,-86,2026-02-06 00:00:00,137.0
official_usgs_streamflow,08158000,08158000::origin=2,2,-85,2026-02-07 00:00:00,181.0
official_usgs_streamflow,08158000,08158000::origin=2,2,-84,2026-02-08 00:00:00,212.0
official_usgs_streamflow,08158000,08158000::origin=2,2,-83,2026-02-09 00:00:00,200.0
official_usgs_streamflow,08158000,08158000::origin=2,2,-82,2026-02-10 00:00:00,211.0
official_usgs_streamflow,08158000,08158000::origin=2,2,-81,2026-02-11 00:00:00,193.0
official_usgs_streamflow,08158000,08158000::origin=2,2,-80,2026-02-12 00:00:00,231.0
official_usgs_streamflow,08158000,08158000::origin=2,2,-79,2026-02-13 00:00:00,184.0
official_usgs_streamflow,08158000,08158000::origin=2,2,-78,2026-02-14 00:00:00,222.0
official_usgs_streamflow,08158000,08158000::origin=2,2,-77,2026-02-15 00:00:00,248.0
official_usgs_streamflow,08158000,08158000::origin=2,2,-76,2026-02-16 00:00:00,202.0
official_usgs_streamflow,08158000,08158000::origin=2,2,-75,2026-02-17 00:00:00,113.0
official_usgs_streamflow,08158000,08158000::origin=2,2,-74,2026-02-18 00:00:00,162.0
official_usgs_streamflow,08158000,08158000::origin=2,2,-73,2026-02-19 00:00:00,147.0
official_usgs_streamflow,08158000,08158000::origin=2,2,-72,2026-02-20 00:00:00,152.0
official_usgs_streamflow,08158000,08158000::origin=2,2,-71,2026-02-21 00:00:00,152.0
official_usgs_streamflow,08158000,08158000::origin=2,2,-70,2026-02-22 00:00:00,147.0
official_usgs_streamflow,08158000,08158000::origin=2,2,-69,2026-02-23 00:00:00,148.0
official_usgs_streamflow,08158000,08158000::origin=2,2,-68,2026-02-24 00:00:00,188.0
official_usgs_streamflow,08158000,08158000::origin=2,2,-67,2026-02-25 00:00:00,219.0
official_usgs_streamflow,08158000,08158000::origin=2,2,-66,2026-02-26 00:00:00,250.0
official_usgs_streamflow,08158000,08158000::origin=2,2,-65,2026-02-27 00:00:00,269.0
official_usgs_streamflow,08158000,08158000::origin=2,2,-64,2026-02-28 00:00:00,236.0
official_usgs_streamflow,08158000,08158000::origin=2,2,-63,2026-03-01 00:00:00,235.0
official_usgs_streamflow,08158000,08158000::origin=2,2,-62,2026-03-02 00:00:00,187.0
official_usgs_streamflow,08158000,08158000::origin=2,2,-61,2026-03-03 00:00:00,200.0
official_usgs_streamflow,08158000,08158000::origin=2,2,-60,2026-03-04 00:00:00,270.0
official_usgs_streamflow,08158000,08158000::origin=2,2,-59,2026-03-05 00:00:00,252.0
official_usgs_streamflow,08158000,08158000::origin=2,2,-58,2026-03-06 00:00:00,287.0
official_usgs_streamflow,08158000,08158000::origin=2,2,-57,2026-03-07 00:00:00,293.0
official_usgs_streamflow,08158000,08158000::origin=2,2,-56,2026-03-08 00:00:00,363.0
official_usgs_streamflow,08158000,08158000::origin=2,2,-55,2026-03-09 00:00:00,337.0
official_usgs_streamflow,08158000,08158000::origin=2,2,-54,2026-03-10 00:00:00,279.0
official_usgs_streamflow,08158000,08158000::origin=2,2,-53,2026-03-11 00:00:00,430.0
official_usgs_streamflow,08158000,08158000::origin=2,2,-52,2026-03-12 00:00:00,337.0
official_usgs_streamflow,08158000,08158000::origin=2,2,-51,2026-03-13 00:00:00,316.0
official_usgs_streamflow,08158000,08158000::origin=2,2,-50,2026-03-14 00:00:00,305.0
official_usgs_streamflow,08158000,08158000::origin=2,2,-49,2026-03-15 00:00:00,298.0
official_usgs_streamflow,08158000,08158000::origin=2,2,-48,2026-03-16 00:00:00,301.0
official_usgs_streamflow,08158000,08158000::origin=2,2,-47,2026-03-17 00:00:00,289.0
official_usgs_streamflow,08158000,08158000::origin=2,2,-46,2026-03-18 00:00:00,300.0
official_usgs_streamflow,08158000,08158000::origin=2,2,-45,2026-03-19 00:00:00,291.0
official_usgs_streamflow,08158000,08158000::origin=2,2,-44,2026-03-20 00:00:00,340.0
official_usgs_streamflow,08158000,08158000::origin=2,2,-43,2026-03-21 00:00:00,324.0
official_usgs_streamflow,08158000,08158000::origin=2,2,-42,2026-03-22 00:00:00,361.0
official_usgs_streamflow,08158000,08158000::origin=2,2,-41,2026-03-23 00:00:00,405.0
official_usgs_streamflow,08158000,08158000::origin=2,2,-40,2026-03-24 00:00:00,404.0
official_usgs_streamflow,08158000,08158000::origin=2,2,-39,2026-03-25 00:00:00,425.0
official_usgs_streamflow,08158000,08158000::origin=2,2,-38,2026-03-26 00:00:00,553.0
official_usgs_streamflow,08158000,08158000::origin=2,2,-37,2026-03-27 00:00:00,534.0
official_usgs_streamflow,08158000,08158000::origin=2,2,-36,2026-03-28 00:00:00,574.0
official_usgs_streamflow,08158000,08158000::origin=2,2,-35,2026-03-29 00:00:00,650.0
official_usgs_streamflow,08158000,08158000::origin=2,2,-34,2026-03-30 00:00:00,736.0
official_usgs_streamflow,08158000,08158000::origin=2,2,-33,2026-03-31 00:00:00,706.0
official_usgs_streamflow,08158000,08158000::origin=2,2,-32,2026-04-01 00:00:00,783.0
official_usgs_streamflow,08158000,08158000::origin=2,2,-31,2026-04-02 00:00:00,1350.0
official_usgs_streamflow,08158000,08158000::origin=2,2,-30,2026-04-03 00:00:00,961.0
official_usgs_streamflow,08158000,08158000::origin=2,2,-29,2026-04-04 00:00:00,1010.0
official_usgs_streamflow,08158000,08158000::origin=2,2,-28,2026-04-05 00:00:00,896.0
official_usgs_streamflow,08158000,08158000::origin=2,2,-27,2026-04-06 00:00:00,856.0
official_usgs_streamflow,08158000,08158000::origin=2,2,-26,2026-04-07 00:00:00,846.0
official_usgs_streamflow,08158000,08158000::origin=2,2,-25,2026-04-08 00:00:00,834.0
official_usgs_streamflow,08158000,08158000::origin=2,2,-24,2026-04-09 00:00:00,1030.0
official_usgs_streamflow,08158000,08158000::origin=2,2,-23,2026-04-10 00:00:00,914.0
official_usgs_streamflow,08158000,08158000::origin=2,2,-22,2026-04-11 00:00:00,841.0
official_usgs_streamflow,08158000,08158000::origin=2,2,-21,2026-04-12 00:00:00,854.0
official_usgs_streamflow,08158000,08158000::origin=2,2,-20,2026-04-13 00:00:00,698.0
official_usgs_streamflow,08158000,08158000::origin=2,2,-19,2026-04-14 00:00:00,610.0
official_usgs_streamflow,08158000,08158000::origin=2,2,-18,2026-04-15 00:00:00,535.0
official_usgs_streamflow,08158000,08158000::origin=2,2,-17,2026-04-16 00:00:00,516.0
official_usgs_streamflow,08158000,08158000::origin=2,2,-16,2026-04-17 00:00:00,509.0
official_usgs_streamflow,08158000,08158000::origin=2,2,-15,2026-04-18 00:00:00,570.0
official_usgs_streamflow,08158000,08158000::origin=2,2,-14,2026-04-19 00:00:00,590.0
official_usgs_streamflow,08158000,08158000::origin=2,2,-13,2026-04-20 00:00:00,637.0
official_usgs_streamflow,08158000,08158000::origin=2,2,-12,2026-04-21 00:00:00,736.0
official_usgs_streamflow,08158000,08158000::origin=2,2,-11,2026-04-22 00:00:00,305.0
official_usgs_streamflow,08158000,08158000::origin=2,2,-10,2026-04-23 00:00:00,238.0
official_usgs_streamflow,08158000,08158000::origin=2,2,-9,2026-04-24 00:00:00,349.0
official_usgs_streamflow,08158000,08158000::origin=2,2,-8,2026-04-25 00:00:00,286.0
official_usgs_streamflow,08158000,08158000::origin=2,2,-7,2026-04-26 00:00:00,295.0
official_usgs_streamflow,08158000,08158000::origin=2,2,-6,2026-04-27 00:00:00,334.0
official_usgs_streamflow,08158000,08158000::origin=2,2,-5,2026-04-28 00:00:00,377.0
official_usgs_streamflow,08158000,08158000::origin=2,2,-4,2026-04-29 00:00:00,380.0
official_usgs_streamflow,08158000,08158000::origin=2,2,-3,2026-04-30 00:00:00,800.0
official_usgs_streamflow,08158000,08158000::origin=2,2,-2,2026-05-01 00:00:00,695.0
official_usgs_streamflow,08158000,08158000::origin=2,2,-1,2026-05-02 00:00:00,229.0
official_usgs_streamflow,09380000,09380000::origin=0,0,-512,2025-02-05 00:00:00,11900.0
official_usgs_streamflow,09380000,09380000::origin=0,0,-511,2025-02-06 00:00:00,11800.0
official_usgs_streamflow,09380000,09380000::origin=0,0,-510,2025-02-07 00:00:00,11400.0
official_usgs_streamflow,09380000,09380000::origin=0,0,-509,2025-02-08 00:00:00,10700.0
official_usgs_streamflow,09380000,09380000::origin=0,0,-508,2025-02-09 00:00:00,10400.0
official_usgs_streamflow,09380000,09380000::origin=0,0,-507,2025-02-10 00:00:00,11700.0
official_usgs_streamflow,09380000,09380000::origin=0,0,-506,2025-02-11 00:00:00,12000.0
official_usgs_streamflow,09380000,09380000::origin=0,0,-505,2025-02-12 00:00:00,11900.0
official_usgs_streamflow,09380000,09380000::origin=0,0,-504,2025-02-13 00:00:00,11900.0
official_usgs_streamflow,09380000,09380000::origin=0,0,-503,2025-02-14 00:00:00,11700.0
official_usgs_streamflow,09380000,09380000::origin=0,0,-502,2025-02-15 00:00:00,10900.0
official_usgs_streamflow,09380000,09380000::origin=0,0,-501,2025-02-16 00:00:00,10800.0
official_usgs_streamflow,09380000,09380000::origin=0,0,-500,2025-02-17 00:00:00,11300.0
official_usgs_streamflow,09380000,09380000::origin=0,0,-499,2025-02-18 00:00:00,12100.0
official_usgs_streamflow,09380000,09380000::origin=0,0,-498,2025-02-19 00:00:00,12300.0
official_usgs_streamflow,09380000,09380000::origin=0,0,-497,2025-02-20 00:00:00,12000.0
official_usgs_streamflow,09380000,09380000::origin=0,0,-496,2025-02-21 00:00:00,11900.0
official_usgs_streamflow,09380000,09380000::origin=0,0,-495,2025-02-22 00:00:00,11000.0
official_usgs_streamflow,09380000,09380000::origin=0,0,-494,2025-02-23 00:00:00,10700.0
official_usgs_streamflow,09380000,09380000::origin=0,0,-493,2025-02-24 00:00:00,11600.0
official_usgs_streamflow,09380000,09380000::origin=0,0,-492,2025-02-25 00:00:00,11500.0
official_usgs_streamflow,09380000,09380000::origin=0,0,-491,2025-02-26 00:00:00,11900.0
official_usgs_streamflow,09380000,09380000::origin=0,0,-490,2025-02-27 00:00:00,12800.0
official_usgs_streamflow,09380000,09380000::origin=0,0,-489,2025-02-28 00:00:00,12300.0
official_usgs_streamflow,09380000,09380000::origin=0,0,-488,2025-03-01 00:00:00,12100.0
official_usgs_streamflow,09380000,09380000::origin=0,0,-487,2025-03-02 00:00:00,9440.0
official_usgs_streamflow,09380000,09380000::origin=0,0,-486,2025-03-03 00:00:00,10200.0
official_usgs_streamflow,09380000,09380000::origin=0,0,-485,2025-03-04 00:00:00,10400.0
official_usgs_streamflow,09380000,09380000::origin=0,0,-484,2025-03-05 00:00:00,10200.0
official_usgs_streamflow,09380000,09380000::origin=0,0,-483,2025-03-06 00:00:00,10500.0
official_usgs_streamflow,09380000,09380000::origin=0,0,-482,2025-03-07 00:00:00,12300.0
official_usgs_streamflow,09380000,09380000::origin=0,0,-481,2025-03-08 00:00:00,9610.0
official_usgs_streamflow,09380000,09380000::origin=0,0,-480,2025-03-09 00:00:00,9900.0
official_usgs_streamflow,09380000,09380000::origin=0,0,-479,2025-03-10 00:00:00,10500.0
official_usgs_streamflow,09380000,09380000::origin=0,0,-478,2025-03-11 00:00:00,10300.0
official_usgs_streamflow,09380000,09380000::origin=0,0,-477,2025-03-12 00:00:00,12300.0
official_usgs_streamflow,09380000,09380000::origin=0,0,-476,2025-03-13 00:00:00,9790.0
official_usgs_streamflow,09380000,09380000::origin=0,0,-475,2025-03-14 00:00:00,10200.0
official_usgs_streamflow,09380000,09380000::origin=0,0,-474,2025-03-15 00:00:00,9930.0
official_usgs_streamflow,09380000,09380000::origin=0,0,-473,2025-03-16 00:00:00,9900.0
official_usgs_streamflow,09380000,09380000::origin=0,0,-472,2025-03-17 00:00:00,10200.0
official_usgs_streamflow,09380000,09380000::origin=0,0,-471,2025-03-18 00:00:00,10300.0
official_usgs_streamflow,09380000,09380000::origin=0,0,-470,2025-03-19 00:00:00,10200.0
official_usgs_streamflow,09380000,09380000::origin=0,0,-469,2025-03-20 00:00:00,10400.0
official_usgs_streamflow,09380000,09380000::origin=0,0,-468,2025-03-21 00:00:00,10000.0
official_usgs_streamflow,09380000,09380000::origin=0,0,-467,2025-03-22 00:00:00,9870.0
official_usgs_streamflow,09380000,09380000::origin=0,0,-466,2025-03-23 00:00:00,9670.0
official_usgs_streamflow,09380000,09380000::origin=0,0,-465,2025-03-24 00:00:00,10200.0
official_usgs_streamflow,09380000,09380000::origin=0,0,-464,2025-03-25 00:00:00,10400.0
official_usgs_streamflow,09380000,09380000::origin=0,0,-463,2025-03-26 00:00:00,10200.0
official_usgs_streamflow,09380000,09380000::origin=0,0,-462,2025-03-27 00:00:00,10100.0
official_usgs_streamflow,09380000,09380000::origin=0,0,-461,2025-03-28 00:00:00,10100.0
official_usgs_streamflow,09380000,09380000::origin=0,0,-460,2025-03-29 00:00:00,9850.0
official_usgs_streamflow,09380000,09380000::origin=0,0,-459,2025-03-30 00:00:00,9840.0
official_usgs_streamflow,09380000,09380000::origin=0,0,-458,2025-03-31 00:00:00,10200.0
official_usgs_streamflow,09380000,09380000::origin=0,0,-457,2025-04-01 00:00:00,10500.0
official_usgs_streamflow,09380000,09380000::origin=0,0,-456,2025-04-02 00:00:00,10200.0
official_usgs_streamflow,09380000,09380000::origin=0,0,-455,2025-04-03 00:00:00,10500.0
official_usgs_streamflow,09380000,09380000::origin=0,0,-454,2025-04-04 00:00:00,10600.0
official_usgs_streamflow,09380000,09380000::origin=0,0,-453,2025-04-05 00:00:00,9730.0
official_usgs_streamflow,09380000,09380000::origin=0,0,-452,2025-04-06 00:00:00,9570.0
official_usgs_streamflow,09380000,09380000::origin=0,0,-451,2025-04-07 00:00:00,10300.0
official_usgs_streamflow,09380000,09380000::origin=0,0,-450,2025-04-08 00:00:00,10400.0
official_usgs_streamflow,09380000,09380000::origin=0,0,-449,2025-04-09 00:00:00,10600.0
official_usgs_streamflow,09380000,09380000::origin=0,0,-448,2025-04-10 00:00:00,10500.0
official_usgs_streamflow,09380000,09380000::origin=0,0,-447,2025-04-11 00:00:00,10200.0
official_usgs_streamflow,09380000,09380000::origin=0,0,-446,2025-04-12 00:00:00,9920.0
official_usgs_streamflow,09380000,09380000::origin=0,0,-445,2025-04-13 00:00:00,9380.0
official_usgs_streamflow,09380000,09380000::origin=0,0,-444,2025-04-14 00:00:00,10200.0
official_usgs_streamflow,09380000,09380000::origin=0,0,-443,2025-04-15 00:00:00,10200.0
official_usgs_streamflow,09380000,09380000::origin=0,0,-442,2025-04-16 00:00:00,10300.0
official_usgs_streamflow,09380000,09380000::origin=0,0,-441,2025-04-17 00:00:00,10200.0
official_usgs_streamflow,09380000,09380000::origin=0,0,-440,2025-04-18 00:00:00,10400.0
official_usgs_streamflow,09380000,09380000::origin=0,0,-439,2025-04-19 00:00:00,10100.0
official_usgs_streamflow,09380000,09380000::origin=0,0,-438,2025-04-20 00:00:00,9550.0
official_usgs_streamflow,09380000,09380000::origin=0,0,-437,2025-04-21 00:00:00,10400.0
official_usgs_streamflow,09380000,09380000::origin=0,0,-436,2025-04-22 00:00:00,10600.0
official_usgs_streamflow,09380000,09380000::origin=0,0,-435,2025-04-23 00:00:00,10400.0
official_usgs_streamflow,09380000,09380000::origin=0,0,-434,2025-04-24 00:00:00,10500.0
official_usgs_streamflow,09380000,09380000::origin=0,0,-433,2025-04-25 00:00:00,10500.0
official_usgs_streamflow,09380000,09380000::origin=0,0,-432,2025-04-26 00:00:00,9870.0
official_usgs_streamflow,09380000,09380000::origin=0,0,-431,2025-04-27 00:00:00,9730.0
official_usgs_streamflow,09380000,09380000::origin=0,0,-430,2025-04-28 00:00:00,10100.0
official_usgs_streamflow,09380000,09380000::origin=0,0,-429,2025-04-29 00:00:00,10600.0
official_usgs_streamflow,09380000,09380000::origin=0,0,-428,2025-04-30 00:00:00,10400.0
official_usgs_streamflow,09380000,09380000::origin=0,0,-427,2025-05-01 00:00:00,9860.0
official_usgs_streamflow,09380000,09380000::origin=0,0,-426,2025-05-02 00:00:00,9860.0
official_usgs_streamflow,09380000,09380000::origin=0,0,-425,2025-05-03 00:00:00,9840.0
official_usgs_streamflow,09380000,09380000::origin=0,0,-424,2025-05-04 00:00:00,9930.0
official_usgs_streamflow,09380000,09380000::origin=0,0,-423,2025-05-05 00:00:00,10100.0
official_usgs_streamflow,09380000,09380000::origin=0,0,-422,2025-05-06 00:00:00,9940.0
official_usgs_streamflow,09380000,09380000::origin=0,0,-421,2025-05-07 00:00:00,10100.0
official_usgs_streamflow,09380000,09380000::origin=0,0,-420,2025-05-08 00:00:00,9980.0
official_usgs_streamflow,09380000,09380000::origin=0,0,-419,2025-05-09 00:00:00,9390.0
official_usgs_streamflow,09380000,09380000::origin=0,0,-418,2025-05-10 00:00:00,9670.0
official_usgs_streamflow,09380000,09380000::origin=0,0,-417,2025-05-11 00:00:00,9650.0
official_usgs_streamflow,09380000,09380000::origin=0,0,-416,2025-05-12 00:00:00,9760.0
official_usgs_streamflow,09380000,09380000::origin=0,0,-415,2025-05-13 00:00:00,9760.0
official_usgs_streamflow,09380000,09380000::origin=0,0,-414,2025-05-14 00:00:00,9960.0
official_usgs_streamflow,09380000,09380000::origin=0,0,-413,2025-05-15 00:00:00,9840.0
official_usgs_streamflow,09380000,09380000::origin=0,0,-412,2025-05-16 00:00:00,9720.0
official_usgs_streamflow,09380000,09380000::origin=0,0,-411,2025-05-17 00:00:00,9730.0
official_usgs_streamflow,09380000,09380000::origin=0,0,-410,2025-05-18 00:00:00,9780.0
official_usgs_streamflow,09380000,09380000::origin=0,0,-409,2025-05-19 00:00:00,9790.0
official_usgs_streamflow,09380000,09380000::origin=0,0,-408,2025-05-20 00:00:00,9850.0
official_usgs_streamflow,09380000,09380000::origin=0,0,-407,2025-05-21 00:00:00,9860.0
official_usgs_streamflow,09380000,09380000::origin=0,0,-406,2025-05-22 00:00:00,9910.0
official_usgs_streamflow,09380000,09380000::origin=0,0,-405,2025-05-23 00:00:00,9870.0
official_usgs_streamflow,09380000,09380000::origin=0,0,-404,2025-05-24 00:00:00,9870.0
official_usgs_streamflow,09380000,09380000::origin=0,0,-403,2025-05-25 00:00:00,9800.0
official_usgs_streamflow,09380000,09380000::origin=0,0,-402,2025-05-26 00:00:00,9650.0
official_usgs_streamflow,09380000,09380000::origin=0,0,-401,2025-05-27 00:00:00,9730.0
official_usgs_streamflow,09380000,09380000::origin=0,0,-400,2025-05-28 00:00:00,10100.0
official_usgs_streamflow,09380000,09380000::origin=0,0,-399,2025-05-29 00:00:00,9850.0
official_usgs_streamflow,09380000,09380000::origin=0,0,-398,2025-05-30 00:00:00,9770.0
official_usgs_streamflow,09380000,09380000::origin=0,0,-397,2025-05-31 00:00:00,11900.0
official_usgs_streamflow,09380000,09380000::origin=0,0,-396,2025-06-01 00:00:00,11700.0
official_usgs_streamflow,09380000,09380000::origin=0,0,-395,2025-06-02 00:00:00,11300.0
official_usgs_streamflow,09380000,09380000::origin=0,0,-394,2025-06-03 00:00:00,11400.0
official_usgs_streamflow,09380000,09380000::origin=0,0,-393,2025-06-04 00:00:00,11700.0
official_usgs_streamflow,09380000,09380000::origin=0,0,-392,2025-06-05 00:00:00,11900.0
official_usgs_streamflow,09380000,09380000::origin=0,0,-391,2025-06-06 00:00:00,11300.0
official_usgs_streamflow,09380000,09380000::origin=0,0,-390,2025-06-07 00:00:00,11400.0
official_usgs_streamflow,09380000,09380000::origin=0,0,-389,2025-06-08 00:00:00,11300.0
official_usgs_streamflow,09380000,09380000::origin=0,0,-388,2025-06-09 00:00:00,11400.0
official_usgs_streamflow,09380000,09380000::origin=0,0,-387,2025-06-10 00:00:00,11600.0
official_usgs_streamflow,09380000,09380000::origin=0,0,-386,2025-06-11 00:00:00,11600.0
official_usgs_streamflow,09380000,09380000::origin=0,0,-385,2025-06-12 00:00:00,11600.0
official_usgs_streamflow,09380000,09380000::origin=0,0,-384,2025-06-13 00:00:00,11600.0
official_usgs_streamflow,09380000,09380000::origin=0,0,-383,2025-06-14 00:00:00,11400.0
official_usgs_streamflow,09380000,09380000::origin=0,0,-382,2025-06-15 00:00:00,11100.0
official_usgs_streamflow,09380000,09380000::origin=0,0,-381,2025-06-16 00:00:00,11800.0
official_usgs_streamflow,09380000,09380000::origin=0,0,-380,2025-06-17 00:00:00,11100.0
official_usgs_streamflow,09380000,09380000::origin=0,0,-379,2025-06-18 00:00:00,11700.0
official_usgs_streamflow,09380000,09380000::origin=0,0,-378,2025-06-19 00:00:00,11200.0
official_usgs_streamflow,09380000,09380000::origin=0,0,-377,2025-06-20 00:00:00,11300.0
official_usgs_streamflow,09380000,09380000::origin=0,0,-376,2025-06-21 00:00:00,11300.0
official_usgs_streamflow,09380000,09380000::origin=0,0,-375,2025-06-22 00:00:00,10500.0
official_usgs_streamflow,09380000,09380000::origin=0,0,-374,2025-06-23 00:00:00,11500.0
official_usgs_streamflow,09380000,09380000::origin=0,0,-373,2025-06-24 00:00:00,11500.0
official_usgs_streamflow,09380000,09380000::origin=0,0,-372,2025-06-25 00:00:00,11600.0
official_usgs_streamflow,09380000,09380000::origin=0,0,-371,2025-06-26 00:00:00,11600.0
official_usgs_streamflow,09380000,09380000::origin=0,0,-370,2025-06-27 00:00:00,11600.0
official_usgs_streamflow,09380000,09380000::origin=0,0,-369,2025-06-28 00:00:00,11400.0
official_usgs_streamflow,09380000,09380000::origin=0,0,-368,2025-06-29 00:00:00,11200.0
official_usgs_streamflow,09380000,09380000::origin=0,0,-367,2025-06-30 00:00:00,11500.0
official_usgs_streamflow,09380000,09380000::origin=0,0,-366,2025-07-01 00:00:00,11800.0
official_usgs_streamflow,09380000,09380000::origin=0,0,-365,2025-07-02 00:00:00,11700.0
official_usgs_streamflow,09380000,09380000::origin=0,0,-364,2025-07-03 00:00:00,11900.0
official_usgs_streamflow,09380000,09380000::origin=0,0,-363,2025-07-04 00:00:00,11400.0
official_usgs_streamflow,09380000,09380000::origin=0,0,-362,2025-07-05 00:00:00,11400.0
official_usgs_streamflow,09380000,09380000::origin=0,0,-361,2025-07-06 00:00:00,11500.0
official_usgs_streamflow,09380000,09380000::origin=0,0,-360,2025-07-07 00:00:00,11600.0
official_usgs_streamflow,09380000,09380000::origin=0,0,-359,2025-07-08 00:00:00,11700.0
official_usgs_streamflow,09380000,09380000::origin=0,0,-358,2025-07-09 00:00:00,11600.0
official_usgs_streamflow,09380000,09380000::origin=0,0,-357,2025-07-10 00:00:00,11600.0
official_usgs_streamflow,09380000,09380000::origin=0,0,-356,2025-07-11 00:00:00,11800.0
official_usgs_streamflow,09380000,09380000::origin=0,0,-355,2025-07-12 00:00:00,11400.0
official_usgs_streamflow,09380000,09380000::origin=0,0,-354,2025-07-13 00:00:00,11300.0
official_usgs_streamflow,09380000,09380000::origin=0,0,-353,2025-07-14 00:00:00,11800.0
official_usgs_streamflow,09380000,09380000::origin=0,0,-352,2025-07-15 00:00:00,11700.0
official_usgs_streamflow,09380000,09380000::origin=0,0,-351,2025-07-16 00:00:00,11700.0
official_usgs_streamflow,09380000,09380000::origin=0,0,-350,2025-07-17 00:00:00,11800.0
official_usgs_streamflow,09380000,09380000::origin=0,0,-349,2025-07-18 00:00:00,11600.0
official_usgs_streamflow,09380000,09380000::origin=0,0,-348,2025-07-19 00:00:00,11200.0
official_usgs_streamflow,09380000,09380000::origin=0,0,-347,2025-07-20 00:00:00,11000.0
official_usgs_streamflow,09380000,09380000::origin=0,0,-346,2025-07-21 00:00:00,11800.0
official_usgs_streamflow,09380000,09380000::origin=0,0,-345,2025-07-22 00:00:00,11700.0
official_usgs_streamflow,09380000,09380000::origin=0,0,-344,2025-07-23 00:00:00,11600.0
official_usgs_streamflow,09380000,09380000::origin=0,0,-343,2025-07-24 00:00:00,11300.0
official_usgs_streamflow,09380000,09380000::origin=0,0,-342,2025-07-25 00:00:00,10900.0
official_usgs_streamflow,09380000,09380000::origin=0,0,-341,2025-07-26 00:00:00,10800.0
official_usgs_streamflow,09380000,09380000::origin=0,0,-340,2025-07-27 00:00:00,10700.0
official_usgs_streamflow,09380000,09380000::origin=0,0,-339,2025-07-28 00:00:00,11200.0
official_usgs_streamflow,09380000,09380000::origin=0,0,-338,2025-07-29 00:00:00,11600.0
official_usgs_streamflow,09380000,09380000::origin=0,0,-337,2025-07-30 00:00:00,11600.0
official_usgs_streamflow,09380000,09380000::origin=0,0,-336,2025-07-31 00:00:00,11800.0
official_usgs_streamflow,09380000,09380000::origin=0,0,-335,2025-08-01 00:00:00,12600.0
official_usgs_streamflow,09380000,09380000::origin=0,0,-334,2025-08-02 00:00:00,12300.0
official_usgs_streamflow,09380000,09380000::origin=0,0,-333,2025-08-03 00:00:00,12000.0
official_usgs_streamflow,09380000,09380000::origin=0,0,-332,2025-08-04 00:00:00,12600.0
official_usgs_streamflow,09380000,09380000::origin=0,0,-331,2025-08-05 00:00:00,12500.0
official_usgs_streamflow,09380000,09380000::origin=0,0,-330,2025-08-06 00:00:00,12500.0
official_usgs_streamflow,09380000,09380000::origin=0,0,-329,2025-08-07 00:00:00,12500.0
official_usgs_streamflow,09380000,09380000::origin=0,0,-328,2025-08-08 00:00:00,12400.0
official_usgs_streamflow,09380000,09380000::origin=0,0,-327,2025-08-09 00:00:00,12100.0
official_usgs_streamflow,09380000,09380000::origin=0,0,-326,2025-08-10 00:00:00,12300.0
official_usgs_streamflow,09380000,09380000::origin=0,0,-325,2025-08-11 00:00:00,12600.0
official_usgs_streamflow,09380000,09380000::origin=0,0,-324,2025-08-12 00:00:00,12400.0
official_usgs_streamflow,09380000,09380000::origin=0,0,-323,2025-08-13 00:00:00,12400.0
official_usgs_streamflow,09380000,09380000::origin=0,0,-322,2025-08-14 00:00:00,12400.0
official_usgs_streamflow,09380000,09380000::origin=0,0,-321,2025-08-15 00:00:00,12400.0
official_usgs_streamflow,09380000,09380000::origin=0,0,-320,2025-08-16 00:00:00,12200.0
official_usgs_streamflow,09380000,09380000::origin=0,0,-319,2025-08-17 00:00:00,12500.0
official_usgs_streamflow,09380000,09380000::origin=0,0,-318,2025-08-18 00:00:00,12300.0
official_usgs_streamflow,09380000,09380000::origin=0,0,-317,2025-08-19 00:00:00,12500.0
official_usgs_streamflow,09380000,09380000::origin=0,0,-316,2025-08-20 00:00:00,12500.0
official_usgs_streamflow,09380000,09380000::origin=0,0,-315,2025-08-21 00:00:00,12500.0
official_usgs_streamflow,09380000,09380000::origin=0,0,-314,2025-08-22 00:00:00,12500.0
official_usgs_streamflow,09380000,09380000::origin=0,0,-313,2025-08-23 00:00:00,12200.0
official_usgs_streamflow,09380000,09380000::origin=0,0,-312,2025-08-24 00:00:00,12400.0
official_usgs_streamflow,09380000,09380000::origin=0,0,-311,2025-08-25 00:00:00,12400.0
official_usgs_streamflow,09380000,09380000::origin=0,0,-310,2025-08-26 00:00:00,12500.0
official_usgs_streamflow,09380000,09380000::origin=0,0,-309,2025-08-27 00:00:00,12600.0
official_usgs_streamflow,09380000,09380000::origin=0,0,-308,2025-08-28 00:00:00,12400.0
official_usgs_streamflow,09380000,09380000::origin=0,0,-307,2025-08-29 00:00:00,12400.0
official_usgs_streamflow,09380000,09380000::origin=0,0,-306,2025-08-30 00:00:00,12200.0
official_usgs_streamflow,09380000,09380000::origin=0,0,-305,2025-08-31 00:00:00,12200.0
official_usgs_streamflow,09380000,09380000::origin=0,0,-304,2025-09-01 00:00:00,10400.0
official_usgs_streamflow,09380000,09380000::origin=0,0,-303,2025-09-02 00:00:00,9490.0
official_usgs_streamflow,09380000,09380000::origin=0,0,-302,2025-09-03 00:00:00,9500.0
official_usgs_streamflow,09380000,09380000::origin=0,0,-301,2025-09-04 00:00:00,9400.0
official_usgs_streamflow,09380000,09380000::origin=0,0,-300,2025-09-05 00:00:00,9450.0
official_usgs_streamflow,09380000,09380000::origin=0,0,-299,2025-09-06 00:00:00,9490.0
official_usgs_streamflow,09380000,09380000::origin=0,0,-298,2025-09-07 00:00:00,9470.0
official_usgs_streamflow,09380000,09380000::origin=0,0,-297,2025-09-08 00:00:00,10000.0
official_usgs_streamflow,09380000,09380000::origin=0,0,-296,2025-09-09 00:00:00,9860.0
official_usgs_streamflow,09380000,09380000::origin=0,0,-295,2025-09-10 00:00:00,9870.0
official_usgs_streamflow,09380000,09380000::origin=0,0,-294,2025-09-11 00:00:00,9990.0
official_usgs_streamflow,09380000,09380000::origin=0,0,-293,2025-09-12 00:00:00,9880.0
official_usgs_streamflow,09380000,09380000::origin=0,0,-292,2025-09-13 00:00:00,9490.0
official_usgs_streamflow,09380000,09380000::origin=0,0,-291,2025-09-14 00:00:00,9510.0
official_usgs_streamflow,09380000,09380000::origin=0,0,-290,2025-09-15 00:00:00,9940.0
official_usgs_streamflow,09380000,09380000::origin=0,0,-289,2025-09-16 00:00:00,9890.0
official_usgs_streamflow,09380000,09380000::origin=0,0,-288,2025-09-17 00:00:00,9860.0
official_usgs_streamflow,09380000,09380000::origin=0,0,-287,2025-09-18 00:00:00,9810.0
official_usgs_streamflow,09380000,09380000::origin=0,0,-286,2025-09-19 00:00:00,9810.0
official_usgs_streamflow,09380000,09380000::origin=0,0,-285,2025-09-20 00:00:00,9550.0
official_usgs_streamflow,09380000,09380000::origin=0,0,-284,2025-09-21 00:00:00,9830.0
official_usgs_streamflow,09380000,09380000::origin=0,0,-283,2025-09-22 00:00:00,9550.0
official_usgs_streamflow,09380000,09380000::origin=0,0,-282,2025-09-23 00:00:00,9740.0
official_usgs_streamflow,09380000,09380000::origin=0,0,-281,2025-09-24 00:00:00,9740.0
official_usgs_streamflow,09380000,09380000::origin=0,0,-280,2025-09-25 00:00:00,9750.0
official_usgs_streamflow,09380000,09380000::origin=0,0,-279,2025-09-26 00:00:00,9750.0
official_usgs_streamflow,09380000,09380000::origin=0,0,-278,2025-09-27 00:00:00,9710.0
official_usgs_streamflow,09380000,09380000::origin=0,0,-277,2025-09-28 00:00:00,9400.0
official_usgs_streamflow,09380000,09380000::origin=0,0,-276,2025-09-29 00:00:00,9460.0
official_usgs_streamflow,09380000,09380000::origin=0,0,-275,2025-09-30 00:00:00,9410.0
official_usgs_streamflow,09380000,09380000::origin=0,0,-274,2025-10-01 00:00:00,8820.0
official_usgs_streamflow,09380000,09380000::origin=0,0,-273,2025-10-02 00:00:00,8340.0
official_usgs_streamflow,09380000,09380000::origin=0,0,-272,2025-10-03 00:00:00,8290.0
official_usgs_streamflow,09380000,09380000::origin=0,0,-271,2025-10-04 00:00:00,8020.0
official_usgs_streamflow,09380000,09380000::origin=0,0,-270,2025-10-05 00:00:00,7860.0
official_usgs_streamflow,09380000,09380000::origin=0,0,-269,2025-10-06 00:00:00,7970.0
official_usgs_streamflow,09380000,09380000::origin=0,0,-268,2025-10-07 00:00:00,8020.0
official_usgs_streamflow,09380000,09380000::origin=0,0,-267,2025-10-08 00:00:00,7700.0
official_usgs_streamflow,09380000,09380000::origin=0,0,-266,2025-10-09 00:00:00,8010.0
official_usgs_streamflow,09380000,09380000::origin=0,0,-265,2025-10-10 00:00:00,8020.0
official_usgs_streamflow,09380000,09380000::origin=0,0,-264,2025-10-11 00:00:00,8070.0
official_usgs_streamflow,09380000,09380000::origin=0,0,-263,2025-10-12 00:00:00,7900.0
official_usgs_streamflow,09380000,09380000::origin=0,0,-262,2025-10-13 00:00:00,8070.0
official_usgs_streamflow,09380000,09380000::origin=0,0,-261,2025-10-14 00:00:00,8030.0
official_usgs_streamflow,09380000,09380000::origin=0,0,-260,2025-10-15 00:00:00,7770.0
official_usgs_streamflow,09380000,09380000::origin=0,0,-259,2025-10-16 00:00:00,8000.0
official_usgs_streamflow,09380000,09380000::origin=0,0,-258,2025-10-17 00:00:00,8000.0
official_usgs_streamflow,09380000,09380000::origin=0,0,-257,2025-10-18 00:00:00,8120.0
official_usgs_streamflow,09380000,09380000::origin=0,0,-256,2025-10-19 00:00:00,7810.0
official_usgs_streamflow,09380000,09380000::origin=0,0,-255,2025-10-20 00:00:00,7940.0
official_usgs_streamflow,09380000,09380000::origin=0,0,-254,2025-10-21 00:00:00,7730.0
official_usgs_streamflow,09380000,09380000::origin=0,0,-253,2025-10-22 00:00:00,7810.0
official_usgs_streamflow,09380000,09380000::origin=0,0,-252,2025-10-23 00:00:00,7840.0
official_usgs_streamflow,09380000,09380000::origin=0,0,-251,2025-10-24 00:00:00,7780.0
official_usgs_streamflow,09380000,09380000::origin=0,0,-250,2025-10-25 00:00:00,7560.0
official_usgs_streamflow,09380000,09380000::origin=0,0,-249,2025-10-26 00:00:00,7410.0
official_usgs_streamflow,09380000,09380000::origin=0,0,-248,2025-10-27 00:00:00,7720.0
official_usgs_streamflow,09380000,09380000::origin=0,0,-247,2025-10-28 00:00:00,7790.0
official_usgs_streamflow,09380000,09380000::origin=0,0,-246,2025-10-29 00:00:00,7840.0
official_usgs_streamflow,09380000,09380000::origin=0,0,-245,2025-10-30 00:00:00,7700.0
official_usgs_streamflow,09380000,09380000::origin=0,0,-244,2025-10-31 00:00:00,7680.0
official_usgs_streamflow,09380000,09380000::origin=0,0,-243,2025-11-01 00:00:00,7390.0
official_usgs_streamflow,09380000,09380000::origin=0,0,-242,2025-11-02 00:00:00,7060.0
official_usgs_streamflow,09380000,09380000::origin=0,0,-241,2025-11-03 00:00:00,7120.0
official_usgs_streamflow,09380000,09380000::origin=0,0,-240,2025-11-04 00:00:00,7910.0
official_usgs_streamflow,09380000,09380000::origin=0,0,-239,2025-11-05 00:00:00,8380.0
official_usgs_streamflow,09380000,09380000::origin=0,0,-238,2025-11-06 00:00:00,8420.0
official_usgs_streamflow,09380000,09380000::origin=0,0,-237,2025-11-07 00:00:00,8390.0
official_usgs_streamflow,09380000,09380000::origin=0,0,-236,2025-11-08 00:00:00,8380.0
official_usgs_streamflow,09380000,09380000::origin=0,0,-235,2025-11-09 00:00:00,8380.0
official_usgs_streamflow,09380000,09380000::origin=0,0,-234,2025-11-10 00:00:00,8380.0
official_usgs_streamflow,09380000,09380000::origin=0,0,-233,2025-11-11 00:00:00,8440.0
official_usgs_streamflow,09380000,09380000::origin=0,0,-232,2025-11-12 00:00:00,8450.0
official_usgs_streamflow,09380000,09380000::origin=0,0,-231,2025-11-13 00:00:00,8320.0
official_usgs_streamflow,09380000,09380000::origin=0,0,-230,2025-11-14 00:00:00,8400.0
official_usgs_streamflow,09380000,09380000::origin=0,0,-229,2025-11-15 00:00:00,8410.0
official_usgs_streamflow,09380000,09380000::origin=0,0,-228,2025-11-16 00:00:00,8400.0
official_usgs_streamflow,09380000,09380000::origin=0,0,-227,2025-11-17 00:00:00,8330.0
official_usgs_streamflow,09380000,09380000::origin=0,0,-226,2025-11-18 00:00:00,8330.0
official_usgs_streamflow,09380000,09380000::origin=0,0,-225,2025-11-19 00:00:00,8380.0
official_usgs_streamflow,09380000,09380000::origin=0,0,-224,2025-11-20 00:00:00,8390.0
official_usgs_streamflow,09380000,09380000::origin=0,0,-223,2025-11-21 00:00:00,8700.0
official_usgs_streamflow,09380000,09380000::origin=0,0,-222,2025-11-22 00:00:00,8770.0
official_usgs_streamflow,09380000,09380000::origin=0,0,-221,2025-11-23 00:00:00,8620.0
official_usgs_streamflow,09380000,09380000::origin=0,0,-220,2025-11-24 00:00:00,8790.0
official_usgs_streamflow,09380000,09380000::origin=0,0,-219,2025-11-25 00:00:00,8750.0
official_usgs_streamflow,09380000,09380000::origin=0,0,-218,2025-11-26 00:00:00,8700.0
official_usgs_streamflow,09380000,09380000::origin=0,0,-217,2025-11-27 00:00:00,8570.0
official_usgs_streamflow,09380000,09380000::origin=0,0,-216,2025-11-28 00:00:00,8850.0
official_usgs_streamflow,09380000,09380000::origin=0,0,-215,2025-11-29 00:00:00,8690.0
official_usgs_streamflow,09380000,09380000::origin=0,0,-214,2025-11-30 00:00:00,8660.0
official_usgs_streamflow,09380000,09380000::origin=0,0,-213,2025-12-01 00:00:00,8270.0
official_usgs_streamflow,09380000,09380000::origin=0,0,-212,2025-12-02 00:00:00,8200.0
official_usgs_streamflow,09380000,09380000::origin=0,0,-211,2025-12-03 00:00:00,8250.0
official_usgs_streamflow,09380000,09380000::origin=0,0,-210,2025-12-04 00:00:00,8210.0
official_usgs_streamflow,09380000,09380000::origin=0,0,-209,2025-12-05 00:00:00,8210.0
official_usgs_streamflow,09380000,09380000::origin=0,0,-208,2025-12-06 00:00:00,7930.0
official_usgs_streamflow,09380000,09380000::origin=0,0,-207,2025-12-07 00:00:00,7890.0
official_usgs_streamflow,09380000,09380000::origin=0,0,-206,2025-12-08 00:00:00,8070.0
official_usgs_streamflow,09380000,09380000::origin=0,0,-205,2025-12-09 00:00:00,8200.0
official_usgs_streamflow,09380000,09380000::origin=0,0,-204,2025-12-10 00:00:00,8170.0
official_usgs_streamflow,09380000,09380000::origin=0,0,-203,2025-12-11 00:00:00,8220.0
official_usgs_streamflow,09380000,09380000::origin=0,0,-202,2025-12-12 00:00:00,8190.0
official_usgs_streamflow,09380000,09380000::origin=0,0,-201,2025-12-13 00:00:00,7950.0
official_usgs_streamflow,09380000,09380000::origin=0,0,-200,2025-12-14 00:00:00,7840.0
official_usgs_streamflow,09380000,09380000::origin=0,0,-199,2025-12-15 00:00:00,8050.0
official_usgs_streamflow,09380000,09380000::origin=0,0,-198,2025-12-16 00:00:00,8190.0
official_usgs_streamflow,09380000,09380000::origin=0,0,-197,2025-12-17 00:00:00,8170.0
official_usgs_streamflow,09380000,09380000::origin=0,0,-196,2025-12-18 00:00:00,8190.0
official_usgs_streamflow,09380000,09380000::origin=0,0,-195,2025-12-19 00:00:00,8200.0
official_usgs_streamflow,09380000,09380000::origin=0,0,-194,2025-12-20 00:00:00,7870.0
official_usgs_streamflow,09380000,09380000::origin=0,0,-193,2025-12-21 00:00:00,7750.0
official_usgs_streamflow,09380000,09380000::origin=0,0,-192,2025-12-22 00:00:00,7910.0
official_usgs_streamflow,09380000,09380000::origin=0,0,-191,2025-12-23 00:00:00,8090.0
official_usgs_streamflow,09380000,09380000::origin=0,0,-190,2025-12-24 00:00:00,8090.0
official_usgs_streamflow,09380000,09380000::origin=0,0,-189,2025-12-25 00:00:00,8110.0
official_usgs_streamflow,09380000,09380000::origin=0,0,-188,2025-12-26 00:00:00,8070.0
official_usgs_streamflow,09380000,09380000::origin=0,0,-187,2025-12-27 00:00:00,7750.0
official_usgs_streamflow,09380000,09380000::origin=0,0,-186,2025-12-28 00:00:00,7800.0
official_usgs_streamflow,09380000,09380000::origin=0,0,-185,2025-12-29 00:00:00,7910.0
official_usgs_streamflow,09380000,09380000::origin=0,0,-184,2025-12-30 00:00:00,7840.0
official_usgs_streamflow,09380000,09380000::origin=0,0,-183,2025-12-31 00:00:00,7630.0
official_usgs_streamflow,09380000,09380000::origin=0,0,-182,2026-01-01 00:00:00,9030.0
official_usgs_streamflow,09380000,09380000::origin=0,0,-181,2026-01-02 00:00:00,10200.0
official_usgs_streamflow,09380000,09380000::origin=0,0,-180,2026-01-03 00:00:00,9530.0
official_usgs_streamflow,09380000,09380000::origin=0,0,-179,2026-01-04 00:00:00,9610.0
official_usgs_streamflow,09380000,09380000::origin=0,0,-178,2026-01-05 00:00:00,10100.0
official_usgs_streamflow,09380000,09380000::origin=0,0,-177,2026-01-06 00:00:00,10400.0
official_usgs_streamflow,09380000,09380000::origin=0,0,-176,2026-01-07 00:00:00,10300.0
official_usgs_streamflow,09380000,09380000::origin=0,0,-175,2026-01-08 00:00:00,10300.0
official_usgs_streamflow,09380000,09380000::origin=0,0,-174,2026-01-09 00:00:00,10200.0
official_usgs_streamflow,09380000,09380000::origin=0,0,-173,2026-01-10 00:00:00,9710.0
official_usgs_streamflow,09380000,09380000::origin=0,0,-172,2026-01-11 00:00:00,9380.0
official_usgs_streamflow,09380000,09380000::origin=0,0,-171,2026-01-12 00:00:00,9960.0
official_usgs_streamflow,09380000,09380000::origin=0,0,-170,2026-01-13 00:00:00,10200.0
official_usgs_streamflow,09380000,09380000::origin=0,0,-169,2026-01-14 00:00:00,10200.0
official_usgs_streamflow,09380000,09380000::origin=0,0,-168,2026-01-15 00:00:00,9990.0
official_usgs_streamflow,09380000,09380000::origin=0,0,-167,2026-01-16 00:00:00,10000.0
official_usgs_streamflow,09380000,09380000::origin=0,0,-166,2026-01-17 00:00:00,9480.0
official_usgs_streamflow,09380000,09380000::origin=0,0,-165,2026-01-18 00:00:00,9230.0
official_usgs_streamflow,09380000,09380000::origin=0,0,-164,2026-01-19 00:00:00,9910.0
official_usgs_streamflow,09380000,09380000::origin=0,0,-163,2026-01-20 00:00:00,10100.0
official_usgs_streamflow,09380000,09380000::origin=0,0,-162,2026-01-21 00:00:00,10100.0
official_usgs_streamflow,09380000,09380000::origin=0,0,-161,2026-01-22 00:00:00,10100.0
official_usgs_streamflow,09380000,09380000::origin=0,0,-160,2026-01-23 00:00:00,10000.0
official_usgs_streamflow,09380000,09380000::origin=0,0,-159,2026-01-24 00:00:00,9460.0
official_usgs_streamflow,09380000,09380000::origin=0,0,-158,2026-01-25 00:00:00,9260.0
official_usgs_streamflow,09380000,09380000::origin=0,0,-157,2026-01-26 00:00:00,10500.0
official_usgs_streamflow,09380000,09380000::origin=0,0,-156,2026-01-27 00:00:00,10200.0
official_usgs_streamflow,09380000,09380000::origin=0,0,-155,2026-01-28 00:00:00,10100.0
official_usgs_streamflow,09380000,09380000::origin=0,0,-154,2026-01-29 00:00:00,10100.0
official_usgs_streamflow,09380000,09380000::origin=0,0,-153,2026-01-30 00:00:00,10100.0
official_usgs_streamflow,09380000,09380000::origin=0,0,-152,2026-01-31 00:00:00,9970.0
official_usgs_streamflow,09380000,09380000::origin=0,0,-151,2026-02-01 00:00:00,9060.0
official_usgs_streamflow,09380000,09380000::origin=0,0,-150,2026-02-02 00:00:00,9280.0
official_usgs_streamflow,09380000,09380000::origin=0,0,-149,2026-02-03 00:00:00,9360.0
official_usgs_streamflow,09380000,09380000::origin=0,0,-148,2026-02-04 00:00:00,9340.0
official_usgs_streamflow,09380000,09380000::origin=0,0,-147,2026-02-05 00:00:00,9310.0
official_usgs_streamflow,09380000,09380000::origin=0,0,-146,2026-02-06 00:00:00,9290.0
official_usgs_streamflow,09380000,09380000::origin=0,0,-145,2026-02-07 00:00:00,8950.0
official_usgs_streamflow,09380000,09380000::origin=0,0,-144,2026-02-08 00:00:00,8750.0
official_usgs_streamflow,09380000,09380000::origin=0,0,-143,2026-02-09 00:00:00,9200.0
official_usgs_streamflow,09380000,09380000::origin=0,0,-142,2026-02-10 00:00:00,9380.0
official_usgs_streamflow,09380000,09380000::origin=0,0,-141,2026-02-11 00:00:00,9410.0
official_usgs_streamflow,09380000,09380000::origin=0,0,-140,2026-02-12 00:00:00,9370.0
official_usgs_streamflow,09380000,09380000::origin=0,0,-139,2026-02-13 00:00:00,9320.0
official_usgs_streamflow,09380000,09380000::origin=0,0,-138,2026-02-14 00:00:00,9000.0
official_usgs_streamflow,09380000,09380000::origin=0,0,-137,2026-02-15 00:00:00,8820.0
official_usgs_streamflow,09380000,09380000::origin=0,0,-136,2026-02-16 00:00:00,9200.0
official_usgs_streamflow,09380000,09380000::origin=0,0,-135,2026-02-17 00:00:00,9360.0
official_usgs_streamflow,09380000,09380000::origin=0,0,-134,2026-02-18 00:00:00,9360.0
official_usgs_streamflow,09380000,09380000::origin=0,0,-133,2026-02-19 00:00:00,9430.0
official_usgs_streamflow,09380000,09380000::origin=0,0,-132,2026-02-20 00:00:00,9340.0
official_usgs_streamflow,09380000,09380000::origin=0,0,-131,2026-02-21 00:00:00,8990.0
official_usgs_streamflow,09380000,09380000::origin=0,0,-130,2026-02-22 00:00:00,8810.0
official_usgs_streamflow,09380000,09380000::origin=0,0,-129,2026-02-23 00:00:00,9230.0
official_usgs_streamflow,09380000,09380000::origin=0,0,-128,2026-02-24 00:00:00,9490.0
official_usgs_streamflow,09380000,09380000::origin=0,0,-127,2026-02-25 00:00:00,9570.0
official_usgs_streamflow,09380000,09380000::origin=0,0,-126,2026-02-26 00:00:00,9510.0
official_usgs_streamflow,09380000,09380000::origin=0,0,-125,2026-02-27 00:00:00,9620.0
official_usgs_streamflow,09380000,09380000::origin=0,0,-124,2026-02-28 00:00:00,9010.0
official_usgs_streamflow,09380000,09380000::origin=0,0,-123,2026-03-01 00:00:00,8130.0
official_usgs_streamflow,09380000,09380000::origin=0,0,-122,2026-03-02 00:00:00,7790.0
official_usgs_streamflow,09380000,09380000::origin=0,0,-121,2026-03-03 00:00:00,7870.0
official_usgs_streamflow,09380000,09380000::origin=0,0,-120,2026-03-04 00:00:00,7930.0
official_usgs_streamflow,09380000,09380000::origin=0,0,-119,2026-03-05 00:00:00,7830.0
official_usgs_streamflow,09380000,09380000::origin=0,0,-118,2026-03-06 00:00:00,7900.0
official_usgs_streamflow,09380000,09380000::origin=0,0,-117,2026-03-07 00:00:00,7910.0
official_usgs_streamflow,09380000,09380000::origin=0,0,-116,2026-03-08 00:00:00,7850.0
official_usgs_streamflow,09380000,09380000::origin=0,0,-115,2026-03-09 00:00:00,7920.0
official_usgs_streamflow,09380000,09380000::origin=0,0,-114,2026-03-10 00:00:00,7970.0
official_usgs_streamflow,09380000,09380000::origin=0,0,-113,2026-03-11 00:00:00,8070.0
official_usgs_streamflow,09380000,09380000::origin=0,0,-112,2026-03-12 00:00:00,7920.0
official_usgs_streamflow,09380000,09380000::origin=0,0,-111,2026-03-13 00:00:00,7980.0
official_usgs_streamflow,09380000,09380000::origin=0,0,-110,2026-03-14 00:00:00,7960.0
official_usgs_streamflow,09380000,09380000::origin=0,0,-109,2026-03-15 00:00:00,7870.0
official_usgs_streamflow,09380000,09380000::origin=0,0,-108,2026-03-16 00:00:00,7890.0
official_usgs_streamflow,09380000,09380000::origin=0,0,-107,2026-03-17 00:00:00,7940.0
official_usgs_streamflow,09380000,09380000::origin=0,0,-106,2026-03-18 00:00:00,8010.0
official_usgs_streamflow,09380000,09380000::origin=0,0,-105,2026-03-19 00:00:00,8080.0
official_usgs_streamflow,09380000,09380000::origin=0,0,-104,2026-03-20 00:00:00,8040.0
official_usgs_streamflow,09380000,09380000::origin=0,0,-103,2026-03-21 00:00:00,8020.0
official_usgs_streamflow,09380000,09380000::origin=0,0,-102,2026-03-22 00:00:00,7920.0
official_usgs_streamflow,09380000,09380000::origin=0,0,-101,2026-03-23 00:00:00,8000.0
official_usgs_streamflow,09380000,09380000::origin=0,0,-100,2026-03-24 00:00:00,8070.0
official_usgs_streamflow,09380000,09380000::origin=0,0,-99,2026-03-25 00:00:00,8040.0
official_usgs_streamflow,09380000,09380000::origin=0,0,-98,2026-03-26 00:00:00,8040.0
official_usgs_streamflow,09380000,09380000::origin=0,0,-97,2026-03-27 00:00:00,7870.0
official_usgs_streamflow,09380000,09380000::origin=0,0,-96,2026-03-28 00:00:00,7870.0
official_usgs_streamflow,09380000,09380000::origin=0,0,-95,2026-03-29 00:00:00,7840.0
official_usgs_streamflow,09380000,09380000::origin=0,0,-94,2026-03-30 00:00:00,8000.0
official_usgs_streamflow,09380000,09380000::origin=0,0,-93,2026-03-31 00:00:00,8010.0
official_usgs_streamflow,09380000,09380000::origin=0,0,-92,2026-04-01 00:00:00,8310.0
official_usgs_streamflow,09380000,09380000::origin=0,0,-91,2026-04-02 00:00:00,8280.0
official_usgs_streamflow,09380000,09380000::origin=0,0,-90,2026-04-03 00:00:00,8300.0
official_usgs_streamflow,09380000,09380000::origin=0,0,-89,2026-04-04 00:00:00,8260.0
official_usgs_streamflow,09380000,09380000::origin=0,0,-88,2026-04-05 00:00:00,8260.0
official_usgs_streamflow,09380000,09380000::origin=0,0,-87,2026-04-06 00:00:00,8290.0
official_usgs_streamflow,09380000,09380000::origin=0,0,-86,2026-04-07 00:00:00,8280.0
official_usgs_streamflow,09380000,09380000::origin=0,0,-85,2026-04-08 00:00:00,8310.0
official_usgs_streamflow,09380000,09380000::origin=0,0,-84,2026-04-09 00:00:00,8330.0
official_usgs_streamflow,09380000,09380000::origin=0,0,-83,2026-04-10 00:00:00,8330.0
official_usgs_streamflow,09380000,09380000::origin=0,0,-82,2026-04-11 00:00:00,8290.0
official_usgs_streamflow,09380000,09380000::origin=0,0,-81,2026-04-12 00:00:00,8260.0
official_usgs_streamflow,09380000,09380000::origin=0,0,-80,2026-04-13 00:00:00,8300.0
official_usgs_streamflow,09380000,09380000::origin=0,0,-79,2026-04-14 00:00:00,8320.0
official_usgs_streamflow,09380000,09380000::origin=0,0,-78,2026-04-15 00:00:00,8320.0
official_usgs_streamflow,09380000,09380000::origin=0,0,-77,2026-04-16 00:00:00,8320.0
official_usgs_streamflow,09380000,09380000::origin=0,0,-76,2026-04-17 00:00:00,8270.0
official_usgs_streamflow,09380000,09380000::origin=0,0,-75,2026-04-18 00:00:00,8300.0
official_usgs_streamflow,09380000,09380000::origin=0,0,-74,2026-04-19 00:00:00,8280.0
official_usgs_streamflow,09380000,09380000::origin=0,0,-73,2026-04-20 00:00:00,8400.0
official_usgs_streamflow,09380000,09380000::origin=0,0,-72,2026-04-21 00:00:00,8320.0
official_usgs_streamflow,09380000,09380000::origin=0,0,-71,2026-04-22 00:00:00,8280.0
official_usgs_streamflow,09380000,09380000::origin=0,0,-70,2026-04-23 00:00:00,7480.0
official_usgs_streamflow,09380000,09380000::origin=0,0,-69,2026-04-24 00:00:00,7140.0
official_usgs_streamflow,09380000,09380000::origin=0,0,-68,2026-04-25 00:00:00,7140.0
official_usgs_streamflow,09380000,09380000::origin=0,0,-67,2026-04-26 00:00:00,7140.0
official_usgs_streamflow,09380000,09380000::origin=0,0,-66,2026-04-27 00:00:00,7130.0
official_usgs_streamflow,09380000,09380000::origin=0,0,-65,2026-04-28 00:00:00,7160.0
official_usgs_streamflow,09380000,09380000::origin=0,0,-64,2026-04-29 00:00:00,7160.0
official_usgs_streamflow,09380000,09380000::origin=0,0,-63,2026-04-30 00:00:00,7130.0
official_usgs_streamflow,09380000,09380000::origin=0,0,-62,2026-05-01 00:00:00,7510.0
official_usgs_streamflow,09380000,09380000::origin=0,0,-61,2026-05-02 00:00:00,7410.0
official_usgs_streamflow,09380000,09380000::origin=0,0,-60,2026-05-03 00:00:00,7220.0
official_usgs_streamflow,09380000,09380000::origin=0,0,-59,2026-05-04 00:00:00,7510.0
official_usgs_streamflow,09380000,09380000::origin=0,0,-58,2026-05-05 00:00:00,7670.0
official_usgs_streamflow,09380000,09380000::origin=0,0,-57,2026-05-06 00:00:00,7660.0
official_usgs_streamflow,09380000,09380000::origin=0,0,-56,2026-05-07 00:00:00,7750.0
official_usgs_streamflow,09380000,09380000::origin=0,0,-55,2026-05-08 00:00:00,7720.0
official_usgs_streamflow,09380000,09380000::origin=0,0,-54,2026-05-09 00:00:00,7400.0
official_usgs_streamflow,09380000,09380000::origin=0,0,-53,2026-05-10 00:00:00,7250.0
official_usgs_streamflow,09380000,09380000::origin=0,0,-52,2026-05-11 00:00:00,7530.0
official_usgs_streamflow,09380000,09380000::origin=0,0,-51,2026-05-12 00:00:00,7730.0
official_usgs_streamflow,09380000,09380000::origin=0,0,-50,2026-05-13 00:00:00,7680.0
official_usgs_streamflow,09380000,09380000::origin=0,0,-49,2026-05-14 00:00:00,7670.0
official_usgs_streamflow,09380000,09380000::origin=0,0,-48,2026-05-15 00:00:00,7670.0
official_usgs_streamflow,09380000,09380000::origin=0,0,-47,2026-05-16 00:00:00,7360.0
official_usgs_streamflow,09380000,09380000::origin=0,0,-46,2026-05-17 00:00:00,7160.0
official_usgs_streamflow,09380000,09380000::origin=0,0,-45,2026-05-18 00:00:00,7450.0
official_usgs_streamflow,09380000,09380000::origin=0,0,-44,2026-05-19 00:00:00,7900.0
official_usgs_streamflow,09380000,09380000::origin=0,0,-43,2026-05-20 00:00:00,7700.0
official_usgs_streamflow,09380000,09380000::origin=0,0,-42,2026-05-21 00:00:00,7680.0
official_usgs_streamflow,09380000,09380000::origin=0,0,-41,2026-05-22 00:00:00,7650.0
official_usgs_streamflow,09380000,09380000::origin=0,0,-40,2026-05-23 00:00:00,7370.0
official_usgs_streamflow,09380000,09380000::origin=0,0,-39,2026-05-24 00:00:00,7190.0
official_usgs_streamflow,09380000,09380000::origin=0,0,-38,2026-05-25 00:00:00,7170.0
official_usgs_streamflow,09380000,09380000::origin=0,0,-37,2026-05-26 00:00:00,7490.0
official_usgs_streamflow,09380000,09380000::origin=0,0,-36,2026-05-27 00:00:00,7620.0
official_usgs_streamflow,09380000,09380000::origin=0,0,-35,2026-05-28 00:00:00,7630.0
official_usgs_streamflow,09380000,09380000::origin=0,0,-34,2026-05-29 00:00:00,7650.0
official_usgs_streamflow,09380000,09380000::origin=0,0,-33,2026-05-30 00:00:00,7360.0
official_usgs_streamflow,09380000,09380000::origin=0,0,-32,2026-05-31 00:00:00,7190.0
official_usgs_streamflow,09380000,09380000::origin=0,0,-31,2026-06-01 00:00:00,8020.0
official_usgs_streamflow,09380000,09380000::origin=0,0,-30,2026-06-02 00:00:00,8590.0
official_usgs_streamflow,09380000,09380000::origin=0,0,-29,2026-06-03 00:00:00,8570.0
official_usgs_streamflow,09380000,09380000::origin=0,0,-28,2026-06-04 00:00:00,8550.0
official_usgs_streamflow,09380000,09380000::origin=0,0,-27,2026-06-05 00:00:00,8560.0
official_usgs_streamflow,09380000,09380000::origin=0,0,-26,2026-06-06 00:00:00,8510.0
official_usgs_streamflow,09380000,09380000::origin=0,0,-25,2026-06-07 00:00:00,8510.0
official_usgs_streamflow,09380000,09380000::origin=0,0,-24,2026-06-08 00:00:00,8510.0
official_usgs_streamflow,09380000,09380000::origin=0,0,-23,2026-06-09 00:00:00,8550.0
official_usgs_streamflow,09380000,09380000::origin=0,0,-22,2026-06-10 00:00:00,8620.0
official_usgs_streamflow,09380000,09380000::origin=0,0,-21,2026-06-11 00:00:00,8540.0
official_usgs_streamflow,09380000,09380000::origin=0,0,-20,2026-06-12 00:00:00,8540.0
official_usgs_streamflow,09380000,09380000::origin=0,0,-19,2026-06-13 00:00:00,8490.0
official_usgs_streamflow,09380000,09380000::origin=0,0,-18,2026-06-14 00:00:00,8490.0
official_usgs_streamflow,09380000,09380000::origin=0,0,-17,2026-06-15 00:00:00,8570.0
official_usgs_streamflow,09380000,09380000::origin=0,0,-16,2026-06-16 00:00:00,8550.0
official_usgs_streamflow,09380000,09380000::origin=0,0,-15,2026-06-17 00:00:00,8560.0
official_usgs_streamflow,09380000,09380000::origin=0,0,-14,2026-06-18 00:00:00,8550.0
official_usgs_streamflow,09380000,09380000::origin=0,0,-13,2026-06-19 00:00:00,8550.0
official_usgs_streamflow,09380000,09380000::origin=0,0,-12,2026-06-20 00:00:00,8490.0
official_usgs_streamflow,09380000,09380000::origin=0,0,-11,2026-06-21 00:00:00,8480.0
official_usgs_streamflow,09380000,09380000::origin=0,0,-10,2026-06-22 00:00:00,8550.0
official_usgs_streamflow,09380000,09380000::origin=0,0,-9,2026-06-23 00:00:00,8550.0
official_usgs_streamflow,09380000,09380000::origin=0,0,-8,2026-06-24 00:00:00,8590.0
official_usgs_streamflow,09380000,09380000::origin=0,0,-7,2026-06-25 00:00:00,8570.0
official_usgs_streamflow,09380000,09380000::origin=0,0,-6,2026-06-26 00:00:00,8540.0
official_usgs_streamflow,09380000,09380000::origin=0,0,-5,2026-06-27 00:00:00,8490.0
official_usgs_streamflow,09380000,09380000::origin=0,0,-4,2026-06-28 00:00:00,8470.0
official_usgs_streamflow,09380000,09380000::origin=0,0,-3,2026-06-29 00:00:00,8520.0
official_usgs_streamflow,09380000,09380000::origin=0,0,-2,2026-06-30 00:00:00,8520.0
official_usgs_streamflow,09380000,09380000::origin=0,0,-1,2026-07-01 00:00:00,8140.0
official_usgs_streamflow,09380000,09380000::origin=2,2,-512,2024-12-07 00:00:00,9710.0
official_usgs_streamflow,09380000,09380000::origin=2,2,-511,2024-12-08 00:00:00,8860.0
official_usgs_streamflow,09380000,09380000::origin=2,2,-510,2024-12-09 00:00:00,9730.0
official_usgs_streamflow,09380000,09380000::origin=2,2,-509,2024-12-10 00:00:00,10000.0
official_usgs_streamflow,09380000,09380000::origin=2,2,-508,2024-12-11 00:00:00,9980.0
official_usgs_streamflow,09380000,09380000::origin=2,2,-507,2024-12-12 00:00:00,9960.0
official_usgs_streamflow,09380000,09380000::origin=2,2,-506,2024-12-13 00:00:00,10100.0
official_usgs_streamflow,09380000,09380000::origin=2,2,-505,2024-12-14 00:00:00,9530.0
official_usgs_streamflow,09380000,09380000::origin=2,2,-504,2024-12-15 00:00:00,8930.0
official_usgs_streamflow,09380000,09380000::origin=2,2,-503,2024-12-16 00:00:00,9600.0
official_usgs_streamflow,09380000,09380000::origin=2,2,-502,2024-12-17 00:00:00,9960.0
official_usgs_streamflow,09380000,09380000::origin=2,2,-501,2024-12-18 00:00:00,10000.0
official_usgs_streamflow,09380000,09380000::origin=2,2,-500,2024-12-19 00:00:00,9920.0
official_usgs_streamflow,09380000,09380000::origin=2,2,-499,2024-12-20 00:00:00,10100.0
official_usgs_streamflow,09380000,09380000::origin=2,2,-498,2024-12-21 00:00:00,9570.0
official_usgs_streamflow,09380000,09380000::origin=2,2,-497,2024-12-22 00:00:00,8890.0
official_usgs_streamflow,09380000,09380000::origin=2,2,-496,2024-12-23 00:00:00,9700.0
official_usgs_streamflow,09380000,09380000::origin=2,2,-495,2024-12-24 00:00:00,9930.0
official_usgs_streamflow,09380000,09380000::origin=2,2,-494,2024-12-25 00:00:00,8920.0
official_usgs_streamflow,09380000,09380000::origin=2,2,-493,2024-12-26 00:00:00,9720.0
official_usgs_streamflow,09380000,09380000::origin=2,2,-492,2024-12-27 00:00:00,10000.0
official_usgs_streamflow,09380000,09380000::origin=2,2,-491,2024-12-28 00:00:00,9650.0
official_usgs_streamflow,09380000,09380000::origin=2,2,-490,2024-12-29 00:00:00,8870.0
official_usgs_streamflow,09380000,09380000::origin=2,2,-489,2024-12-30 00:00:00,9630.0
official_usgs_streamflow,09380000,09380000::origin=2,2,-488,2024-12-31 00:00:00,10000.0
official_usgs_streamflow,09380000,09380000::origin=2,2,-487,2025-01-01 00:00:00,10800.0
official_usgs_streamflow,09380000,09380000::origin=2,2,-486,2025-01-02 00:00:00,12000.0
official_usgs_streamflow,09380000,09380000::origin=2,2,-485,2025-01-03 00:00:00,12000.0
official_usgs_streamflow,09380000,09380000::origin=2,2,-484,2025-01-04 00:00:00,11300.0
official_usgs_streamflow,09380000,09380000::origin=2,2,-483,2025-01-05 00:00:00,10800.0
official_usgs_streamflow,09380000,09380000::origin=2,2,-482,2025-01-06 00:00:00,11900.0
official_usgs_streamflow,09380000,09380000::origin=2,2,-481,2025-01-07 00:00:00,12100.0
official_usgs_streamflow,09380000,09380000::origin=2,2,-480,2025-01-08 00:00:00,12000.0
official_usgs_streamflow,09380000,09380000::origin=2,2,-479,2025-01-09 00:00:00,12200.0
official_usgs_streamflow,09380000,09380000::origin=2,2,-478,2025-01-10 00:00:00,12000.0
official_usgs_streamflow,09380000,09380000::origin=2,2,-477,2025-01-11 00:00:00,11300.0
official_usgs_streamflow,09380000,09380000::origin=2,2,-476,2025-01-12 00:00:00,10600.0
official_usgs_streamflow,09380000,09380000::origin=2,2,-475,2025-01-13 00:00:00,12000.0
official_usgs_streamflow,09380000,09380000::origin=2,2,-474,2025-01-14 00:00:00,12200.0
official_usgs_streamflow,09380000,09380000::origin=2,2,-473,2025-01-15 00:00:00,12100.0
official_usgs_streamflow,09380000,09380000::origin=2,2,-472,2025-01-16 00:00:00,12200.0
official_usgs_streamflow,09380000,09380000::origin=2,2,-471,2025-01-17 00:00:00,11700.0
official_usgs_streamflow,09380000,09380000::origin=2,2,-470,2025-01-18 00:00:00,11000.0
official_usgs_streamflow,09380000,09380000::origin=2,2,-469,2025-01-19 00:00:00,10800.0
official_usgs_streamflow,09380000,09380000::origin=2,2,-468,2025-01-20 00:00:00,11900.0
official_usgs_streamflow,09380000,09380000::origin=2,2,-467,2025-01-21 00:00:00,12300.0
official_usgs_streamflow,09380000,09380000::origin=2,2,-466,2025-01-22 00:00:00,12200.0
official_usgs_streamflow,09380000,09380000::origin=2,2,-465,2025-01-23 00:00:00,12100.0
official_usgs_streamflow,09380000,09380000::origin=2,2,-464,2025-01-24 00:00:00,12200.0
official_usgs_streamflow,09380000,09380000::origin=2,2,-463,2025-01-25 00:00:00,10900.0
official_usgs_streamflow,09380000,09380000::origin=2,2,-462,2025-01-26 00:00:00,10700.0
official_usgs_streamflow,09380000,09380000::origin=2,2,-461,2025-01-27 00:00:00,11800.0
official_usgs_streamflow,09380000,09380000::origin=2,2,-460,2025-01-28 00:00:00,12100.0
official_usgs_streamflow,09380000,09380000::origin=2,2,-459,2025-01-29 00:00:00,11900.0
official_usgs_streamflow,09380000,09380000::origin=2,2,-458,2025-01-30 00:00:00,11900.0
official_usgs_streamflow,09380000,09380000::origin=2,2,-457,2025-01-31 00:00:00,12100.0
official_usgs_streamflow,09380000,09380000::origin=2,2,-456,2025-02-01 00:00:00,10900.0
official_usgs_streamflow,09380000,09380000::origin=2,2,-455,2025-02-02 00:00:00,10700.0
official_usgs_streamflow,09380000,09380000::origin=2,2,-454,2025-02-03 00:00:00,11700.0
official_usgs_streamflow,09380000,09380000::origin=2,2,-453,2025-02-04 00:00:00,12000.0
official_usgs_streamflow,09380000,09380000::origin=2,2,-452,2025-02-05 00:00:00,11900.0
official_usgs_streamflow,09380000,09380000::origin=2,2,-451,2025-02-06 00:00:00,11800.0
official_usgs_streamflow,09380000,09380000::origin=2,2,-450,2025-02-07 00:00:00,11400.0
official_usgs_streamflow,09380000,09380000::origin=2,2,-449,2025-02-08 00:00:00,10700.0
official_usgs_streamflow,09380000,09380000::origin=2,2,-448,2025-02-09 00:00:00,10400.0
official_usgs_streamflow,09380000,09380000::origin=2,2,-447,2025-02-10 00:00:00,11700.0
official_usgs_streamflow,09380000,09380000::origin=2,2,-446,2025-02-11 00:00:00,12000.0
official_usgs_streamflow,09380000,09380000::origin=2,2,-445,2025-02-12 00:00:00,11900.0
official_usgs_streamflow,09380000,09380000::origin=2,2,-444,2025-02-13 00:00:00,11900.0
official_usgs_streamflow,09380000,09380000::origin=2,2,-443,2025-02-14 00:00:00,11700.0
official_usgs_streamflow,09380000,09380000::origin=2,2,-442,2025-02-15 00:00:00,10900.0
official_usgs_streamflow,09380000,09380000::origin=2,2,-441,2025-02-16 00:00:00,10800.0
official_usgs_streamflow,09380000,09380000::origin=2,2,-440,2025-02-17 00:00:00,11300.0
official_usgs_streamflow,09380000,09380000::origin=2,2,-439,2025-02-18 00:00:00,12100.0
official_usgs_streamflow,09380000,09380000::origin=2,2,-438,2025-02-19 00:00:00,12300.0
official_usgs_streamflow,09380000,09380000::origin=2,2,-437,2025-02-20 00:00:00,12000.0
official_usgs_streamflow,09380000,09380000::origin=2,2,-436,2025-02-21 00:00:00,11900.0
official_usgs_streamflow,09380000,09380000::origin=2,2,-435,2025-02-22 00:00:00,11000.0
official_usgs_streamflow,09380000,09380000::origin=2,2,-434,2025-02-23 00:00:00,10700.0
official_usgs_streamflow,09380000,09380000::origin=2,2,-433,2025-02-24 00:00:00,11600.0
official_usgs_streamflow,09380000,09380000::origin=2,2,-432,2025-02-25 00:00:00,11500.0
official_usgs_streamflow,09380000,09380000::origin=2,2,-431,2025-02-26 00:00:00,11900.0
official_usgs_streamflow,09380000,09380000::origin=2,2,-430,2025-02-27 00:00:00,12800.0
official_usgs_streamflow,09380000,09380000::origin=2,2,-429,2025-02-28 00:00:00,12300.0
official_usgs_streamflow,09380000,09380000::origin=2,2,-428,2025-03-01 00:00:00,12100.0
official_usgs_streamflow,09380000,09380000::origin=2,2,-427,2025-03-02 00:00:00,9440.0
official_usgs_streamflow,09380000,09380000::origin=2,2,-426,2025-03-03 00:00:00,10200.0
official_usgs_streamflow,09380000,09380000::origin=2,2,-425,2025-03-04 00:00:00,10400.0
official_usgs_streamflow,09380000,09380000::origin=2,2,-424,2025-03-05 00:00:00,10200.0
official_usgs_streamflow,09380000,09380000::origin=2,2,-423,2025-03-06 00:00:00,10500.0
official_usgs_streamflow,09380000,09380000::origin=2,2,-422,2025-03-07 00:00:00,12300.0
official_usgs_streamflow,09380000,09380000::origin=2,2,-421,2025-03-08 00:00:00,9610.0
official_usgs_streamflow,09380000,09380000::origin=2,2,-420,2025-03-09 00:00:00,9900.0
official_usgs_streamflow,09380000,09380000::origin=2,2,-419,2025-03-10 00:00:00,10500.0
official_usgs_streamflow,09380000,09380000::origin=2,2,-418,2025-03-11 00:00:00,10300.0
official_usgs_streamflow,09380000,09380000::origin=2,2,-417,2025-03-12 00:00:00,12300.0
official_usgs_streamflow,09380000,09380000::origin=2,2,-416,2025-03-13 00:00:00,9790.0
official_usgs_streamflow,09380000,09380000::origin=2,2,-415,2025-03-14 00:00:00,10200.0
official_usgs_streamflow,09380000,09380000::origin=2,2,-414,2025-03-15 00:00:00,9930.0
official_usgs_streamflow,09380000,09380000::origin=2,2,-413,2025-03-16 00:00:00,9900.0
official_usgs_streamflow,09380000,09380000::origin=2,2,-412,2025-03-17 00:00:00,10200.0
official_usgs_streamflow,09380000,09380000::origin=2,2,-411,2025-03-18 00:00:00,10300.0
official_usgs_streamflow,09380000,09380000::origin=2,2,-410,2025-03-19 00:00:00,10200.0
official_usgs_streamflow,09380000,09380000::origin=2,2,-409,2025-03-20 00:00:00,10400.0
official_usgs_streamflow,09380000,09380000::origin=2,2,-408,2025-03-21 00:00:00,10000.0
official_usgs_streamflow,09380000,09380000::origin=2,2,-407,2025-03-22 00:00:00,9870.0
official_usgs_streamflow,09380000,09380000::origin=2,2,-406,2025-03-23 00:00:00,9670.0
official_usgs_streamflow,09380000,09380000::origin=2,2,-405,2025-03-24 00:00:00,10200.0
official_usgs_streamflow,09380000,09380000::origin=2,2,-404,2025-03-25 00:00:00,10400.0
official_usgs_streamflow,09380000,09380000::origin=2,2,-403,2025-03-26 00:00:00,10200.0
official_usgs_streamflow,09380000,09380000::origin=2,2,-402,2025-03-27 00:00:00,10100.0
official_usgs_streamflow,09380000,09380000::origin=2,2,-401,2025-03-28 00:00:00,10100.0
official_usgs_streamflow,09380000,09380000::origin=2,2,-400,2025-03-29 00:00:00,9850.0
official_usgs_streamflow,09380000,09380000::origin=2,2,-399,2025-03-30 00:00:00,9840.0
official_usgs_streamflow,09380000,09380000::origin=2,2,-398,2025-03-31 00:00:00,10200.0
official_usgs_streamflow,09380000,09380000::origin=2,2,-397,2025-04-01 00:00:00,10500.0
official_usgs_streamflow,09380000,09380000::origin=2,2,-396,2025-04-02 00:00:00,10200.0
official_usgs_streamflow,09380000,09380000::origin=2,2,-395,2025-04-03 00:00:00,10500.0
official_usgs_streamflow,09380000,09380000::origin=2,2,-394,2025-04-04 00:00:00,10600.0
official_usgs_streamflow,09380000,09380000::origin=2,2,-393,2025-04-05 00:00:00,9730.0
official_usgs_streamflow,09380000,09380000::origin=2,2,-392,2025-04-06 00:00:00,9570.0
official_usgs_streamflow,09380000,09380000::origin=2,2,-391,2025-04-07 00:00:00,10300.0
official_usgs_streamflow,09380000,09380000::origin=2,2,-390,2025-04-08 00:00:00,10400.0
official_usgs_streamflow,09380000,09380000::origin=2,2,-389,2025-04-09 00:00:00,10600.0
official_usgs_streamflow,09380000,09380000::origin=2,2,-388,2025-04-10 00:00:00,10500.0
official_usgs_streamflow,09380000,09380000::origin=2,2,-387,2025-04-11 00:00:00,10200.0
official_usgs_streamflow,09380000,09380000::origin=2,2,-386,2025-04-12 00:00:00,9920.0
official_usgs_streamflow,09380000,09380000::origin=2,2,-385,2025-04-13 00:00:00,9380.0
official_usgs_streamflow,09380000,09380000::origin=2,2,-384,2025-04-14 00:00:00,10200.0
official_usgs_streamflow,09380000,09380000::origin=2,2,-383,2025-04-15 00:00:00,10200.0
official_usgs_streamflow,09380000,09380000::origin=2,2,-382,2025-04-16 00:00:00,10300.0
official_usgs_streamflow,09380000,09380000::origin=2,2,-381,2025-04-17 00:00:00,10200.0
official_usgs_streamflow,09380000,09380000::origin=2,2,-380,2025-04-18 00:00:00,10400.0
official_usgs_streamflow,09380000,09380000::origin=2,2,-379,2025-04-19 00:00:00,10100.0
official_usgs_streamflow,09380000,09380000::origin=2,2,-378,2025-04-20 00:00:00,9550.0
official_usgs_streamflow,09380000,09380000::origin=2,2,-377,2025-04-21 00:00:00,10400.0
official_usgs_streamflow,09380000,09380000::origin=2,2,-376,2025-04-22 00:00:00,10600.0
official_usgs_streamflow,09380000,09380000::origin=2,2,-375,2025-04-23 00:00:00,10400.0
official_usgs_streamflow,09380000,09380000::origin=2,2,-374,2025-04-24 00:00:00,10500.0
official_usgs_streamflow,09380000,09380000::origin=2,2,-373,2025-04-25 00:00:00,10500.0
official_usgs_streamflow,09380000,09380000::origin=2,2,-372,2025-04-26 00:00:00,9870.0
official_usgs_streamflow,09380000,09380000::origin=2,2,-371,2025-04-27 00:00:00,9730.0
official_usgs_streamflow,09380000,09380000::origin=2,2,-370,2025-04-28 00:00:00,10100.0
official_usgs_streamflow,09380000,09380000::origin=2,2,-369,2025-04-29 00:00:00,10600.0
official_usgs_streamflow,09380000,09380000::origin=2,2,-368,2025-04-30 00:00:00,10400.0
official_usgs_streamflow,09380000,09380000::origin=2,2,-367,2025-05-01 00:00:00,9860.0
official_usgs_streamflow,09380000,09380000::origin=2,2,-366,2025-05-02 00:00:00,9860.0
official_usgs_streamflow,09380000,09380000::origin=2,2,-365,2025-05-03 00:00:00,9840.0
official_usgs_streamflow,09380000,09380000::origin=2,2,-364,2025-05-04 00:00:00,9930.0
official_usgs_streamflow,09380000,09380000::origin=2,2,-363,2025-05-05 00:00:00,10100.0
official_usgs_streamflow,09380000,09380000::origin=2,2,-362,2025-05-06 00:00:00,9940.0
official_usgs_streamflow,09380000,09380000::origin=2,2,-361,2025-05-07 00:00:00,10100.0
official_usgs_streamflow,09380000,09380000::origin=2,2,-360,2025-05-08 00:00:00,9980.0
official_usgs_streamflow,09380000,09380000::origin=2,2,-359,2025-05-09 00:00:00,9390.0
official_usgs_streamflow,09380000,09380000::origin=2,2,-358,2025-05-10 00:00:00,9670.0
official_usgs_streamflow,09380000,09380000::origin=2,2,-357,2025-05-11 00:00:00,9650.0
official_usgs_streamflow,09380000,09380000::origin=2,2,-356,2025-05-12 00:00:00,9760.0
official_usgs_streamflow,09380000,09380000::origin=2,2,-355,2025-05-13 00:00:00,9760.0
official_usgs_streamflow,09380000,09380000::origin=2,2,-354,2025-05-14 00:00:00,9960.0
official_usgs_streamflow,09380000,09380000::origin=2,2,-353,2025-05-15 00:00:00,9840.0
official_usgs_streamflow,09380000,09380000::origin=2,2,-352,2025-05-16 00:00:00,9720.0
official_usgs_streamflow,09380000,09380000::origin=2,2,-351,2025-05-17 00:00:00,9730.0
official_usgs_streamflow,09380000,09380000::origin=2,2,-350,2025-05-18 00:00:00,9780.0
official_usgs_streamflow,09380000,09380000::origin=2,2,-349,2025-05-19 00:00:00,9790.0
official_usgs_streamflow,09380000,09380000::origin=2,2,-348,2025-05-20 00:00:00,9850.0
official_usgs_streamflow,09380000,09380000::origin=2,2,-347,2025-05-21 00:00:00,9860.0
official_usgs_streamflow,09380000,09380000::origin=2,2,-346,2025-05-22 00:00:00,9910.0
official_usgs_streamflow,09380000,09380000::origin=2,2,-345,2025-05-23 00:00:00,9870.0
official_usgs_streamflow,09380000,09380000::origin=2,2,-344,2025-05-24 00:00:00,9870.0
official_usgs_streamflow,09380000,09380000::origin=2,2,-343,2025-05-25 00:00:00,9800.0
official_usgs_streamflow,09380000,09380000::origin=2,2,-342,2025-05-26 00:00:00,9650.0
official_usgs_streamflow,09380000,09380000::origin=2,2,-341,2025-05-27 00:00:00,9730.0
official_usgs_streamflow,09380000,09380000::origin=2,2,-340,2025-05-28 00:00:00,10100.0
official_usgs_streamflow,09380000,09380000::origin=2,2,-339,2025-05-29 00:00:00,9850.0
official_usgs_streamflow,09380000,09380000::origin=2,2,-338,2025-05-30 00:00:00,9770.0
official_usgs_streamflow,09380000,09380000::origin=2,2,-337,2025-05-31 00:00:00,11900.0
official_usgs_streamflow,09380000,09380000::origin=2,2,-336,2025-06-01 00:00:00,11700.0
official_usgs_streamflow,09380000,09380000::origin=2,2,-335,2025-06-02 00:00:00,11300.0
official_usgs_streamflow,09380000,09380000::origin=2,2,-334,2025-06-03 00:00:00,11400.0
official_usgs_streamflow,09380000,09380000::origin=2,2,-333,2025-06-04 00:00:00,11700.0
official_usgs_streamflow,09380000,09380000::origin=2,2,-332,2025-06-05 00:00:00,11900.0
official_usgs_streamflow,09380000,09380000::origin=2,2,-331,2025-06-06 00:00:00,11300.0
official_usgs_streamflow,09380000,09380000::origin=2,2,-330,2025-06-07 00:00:00,11400.0
official_usgs_streamflow,09380000,09380000::origin=2,2,-329,2025-06-08 00:00:00,11300.0
official_usgs_streamflow,09380000,09380000::origin=2,2,-328,2025-06-09 00:00:00,11400.0
official_usgs_streamflow,09380000,09380000::origin=2,2,-327,2025-06-10 00:00:00,11600.0
official_usgs_streamflow,09380000,09380000::origin=2,2,-326,2025-06-11 00:00:00,11600.0
official_usgs_streamflow,09380000,09380000::origin=2,2,-325,2025-06-12 00:00:00,11600.0
official_usgs_streamflow,09380000,09380000::origin=2,2,-324,2025-06-13 00:00:00,11600.0
official_usgs_streamflow,09380000,09380000::origin=2,2,-323,2025-06-14 00:00:00,11400.0
official_usgs_streamflow,09380000,09380000::origin=2,2,-322,2025-06-15 00:00:00,11100.0
official_usgs_streamflow,09380000,09380000::origin=2,2,-321,2025-06-16 00:00:00,11800.0
official_usgs_streamflow,09380000,09380000::origin=2,2,-320,2025-06-17 00:00:00,11100.0
official_usgs_streamflow,09380000,09380000::origin=2,2,-319,2025-06-18 00:00:00,11700.0
official_usgs_streamflow,09380000,09380000::origin=2,2,-318,2025-06-19 00:00:00,11200.0
official_usgs_streamflow,09380000,09380000::origin=2,2,-317,2025-06-20 00:00:00,11300.0
official_usgs_streamflow,09380000,09380000::origin=2,2,-316,2025-06-21 00:00:00,11300.0
official_usgs_streamflow,09380000,09380000::origin=2,2,-315,2025-06-22 00:00:00,10500.0
official_usgs_streamflow,09380000,09380000::origin=2,2,-314,2025-06-23 00:00:00,11500.0
official_usgs_streamflow,09380000,09380000::origin=2,2,-313,2025-06-24 00:00:00,11500.0
official_usgs_streamflow,09380000,09380000::origin=2,2,-312,2025-06-25 00:00:00,11600.0
official_usgs_streamflow,09380000,09380000::origin=2,2,-311,2025-06-26 00:00:00,11600.0
official_usgs_streamflow,09380000,09380000::origin=2,2,-310,2025-06-27 00:00:00,11600.0
official_usgs_streamflow,09380000,09380000::origin=2,2,-309,2025-06-28 00:00:00,11400.0
official_usgs_streamflow,09380000,09380000::origin=2,2,-308,2025-06-29 00:00:00,11200.0
official_usgs_streamflow,09380000,09380000::origin=2,2,-307,2025-06-30 00:00:00,11500.0
official_usgs_streamflow,09380000,09380000::origin=2,2,-306,2025-07-01 00:00:00,11800.0
official_usgs_streamflow,09380000,09380000::origin=2,2,-305,2025-07-02 00:00:00,11700.0
official_usgs_streamflow,09380000,09380000::origin=2,2,-304,2025-07-03 00:00:00,11900.0
official_usgs_streamflow,09380000,09380000::origin=2,2,-303,2025-07-04 00:00:00,11400.0
official_usgs_streamflow,09380000,09380000::origin=2,2,-302,2025-07-05 00:00:00,11400.0
official_usgs_streamflow,09380000,09380000::origin=2,2,-301,2025-07-06 00:00:00,11500.0
official_usgs_streamflow,09380000,09380000::origin=2,2,-300,2025-07-07 00:00:00,11600.0
official_usgs_streamflow,09380000,09380000::origin=2,2,-299,2025-07-08 00:00:00,11700.0
official_usgs_streamflow,09380000,09380000::origin=2,2,-298,2025-07-09 00:00:00,11600.0
official_usgs_streamflow,09380000,09380000::origin=2,2,-297,2025-07-10 00:00:00,11600.0
official_usgs_streamflow,09380000,09380000::origin=2,2,-296,2025-07-11 00:00:00,11800.0
official_usgs_streamflow,09380000,09380000::origin=2,2,-295,2025-07-12 00:00:00,11400.0
official_usgs_streamflow,09380000,09380000::origin=2,2,-294,2025-07-13 00:00:00,11300.0
official_usgs_streamflow,09380000,09380000::origin=2,2,-293,2025-07-14 00:00:00,11800.0
official_usgs_streamflow,09380000,09380000::origin=2,2,-292,2025-07-15 00:00:00,11700.0
official_usgs_streamflow,09380000,09380000::origin=2,2,-291,2025-07-16 00:00:00,11700.0
official_usgs_streamflow,09380000,09380000::origin=2,2,-290,2025-07-17 00:00:00,11800.0
official_usgs_streamflow,09380000,09380000::origin=2,2,-289,2025-07-18 00:00:00,11600.0
official_usgs_streamflow,09380000,09380000::origin=2,2,-288,2025-07-19 00:00:00,11200.0
official_usgs_streamflow,09380000,09380000::origin=2,2,-287,2025-07-20 00:00:00,11000.0
official_usgs_streamflow,09380000,09380000::origin=2,2,-286,2025-07-21 00:00:00,11800.0
official_usgs_streamflow,09380000,09380000::origin=2,2,-285,2025-07-22 00:00:00,11700.0
official_usgs_streamflow,09380000,09380000::origin=2,2,-284,2025-07-23 00:00:00,11600.0
official_usgs_streamflow,09380000,09380000::origin=2,2,-283,2025-07-24 00:00:00,11300.0
official_usgs_streamflow,09380000,09380000::origin=2,2,-282,2025-07-25 00:00:00,10900.0
official_usgs_streamflow,09380000,09380000::origin=2,2,-281,2025-07-26 00:00:00,10800.0
official_usgs_streamflow,09380000,09380000::origin=2,2,-280,2025-07-27 00:00:00,10700.0
official_usgs_streamflow,09380000,09380000::origin=2,2,-279,2025-07-28 00:00:00,11200.0
official_usgs_streamflow,09380000,09380000::origin=2,2,-278,2025-07-29 00:00:00,11600.0
official_usgs_streamflow,09380000,09380000::origin=2,2,-277,2025-07-30 00:00:00,11600.0
official_usgs_streamflow,09380000,09380000::origin=2,2,-276,2025-07-31 00:00:00,11800.0
official_usgs_streamflow,09380000,09380000::origin=2,2,-275,2025-08-01 00:00:00,12600.0
official_usgs_streamflow,09380000,09380000::origin=2,2,-274,2025-08-02 00:00:00,12300.0
official_usgs_streamflow,09380000,09380000::origin=2,2,-273,2025-08-03 00:00:00,12000.0
official_usgs_streamflow,09380000,09380000::origin=2,2,-272,2025-08-04 00:00:00,12600.0
official_usgs_streamflow,09380000,09380000::origin=2,2,-271,2025-08-05 00:00:00,12500.0
official_usgs_streamflow,09380000,09380000::origin=2,2,-270,2025-08-06 00:00:00,12500.0
official_usgs_streamflow,09380000,09380000::origin=2,2,-269,2025-08-07 00:00:00,12500.0
official_usgs_streamflow,09380000,09380000::origin=2,2,-268,2025-08-08 00:00:00,12400.0
official_usgs_streamflow,09380000,09380000::origin=2,2,-267,2025-08-09 00:00:00,12100.0
official_usgs_streamflow,09380000,09380000::origin=2,2,-266,2025-08-10 00:00:00,12300.0
official_usgs_streamflow,09380000,09380000::origin=2,2,-265,2025-08-11 00:00:00,12600.0
official_usgs_streamflow,09380000,09380000::origin=2,2,-264,2025-08-12 00:00:00,12400.0
official_usgs_streamflow,09380000,09380000::origin=2,2,-263,2025-08-13 00:00:00,12400.0
official_usgs_streamflow,09380000,09380000::origin=2,2,-262,2025-08-14 00:00:00,12400.0
official_usgs_streamflow,09380000,09380000::origin=2,2,-261,2025-08-15 00:00:00,12400.0
official_usgs_streamflow,09380000,09380000::origin=2,2,-260,2025-08-16 00:00:00,12200.0
official_usgs_streamflow,09380000,09380000::origin=2,2,-259,2025-08-17 00:00:00,12500.0
official_usgs_streamflow,09380000,09380000::origin=2,2,-258,2025-08-18 00:00:00,12300.0
official_usgs_streamflow,09380000,09380000::origin=2,2,-257,2025-08-19 00:00:00,12500.0
official_usgs_streamflow,09380000,09380000::origin=2,2,-256,2025-08-20 00:00:00,12500.0
official_usgs_streamflow,09380000,09380000::origin=2,2,-255,2025-08-21 00:00:00,12500.0
official_usgs_streamflow,09380000,09380000::origin=2,2,-254,2025-08-22 00:00:00,12500.0
official_usgs_streamflow,09380000,09380000::origin=2,2,-253,2025-08-23 00:00:00,12200.0
official_usgs_streamflow,09380000,09380000::origin=2,2,-252,2025-08-24 00:00:00,12400.0
official_usgs_streamflow,09380000,09380000::origin=2,2,-251,2025-08-25 00:00:00,12400.0
official_usgs_streamflow,09380000,09380000::origin=2,2,-250,2025-08-26 00:00:00,12500.0
official_usgs_streamflow,09380000,09380000::origin=2,2,-249,2025-08-27 00:00:00,12600.0
official_usgs_streamflow,09380000,09380000::origin=2,2,-248,2025-08-28 00:00:00,12400.0
official_usgs_streamflow,09380000,09380000::origin=2,2,-247,2025-08-29 00:00:00,12400.0
official_usgs_streamflow,09380000,09380000::origin=2,2,-246,2025-08-30 00:00:00,12200.0
official_usgs_streamflow,09380000,09380000::origin=2,2,-245,2025-08-31 00:00:00,12200.0
official_usgs_streamflow,09380000,09380000::origin=2,2,-244,2025-09-01 00:00:00,10400.0
official_usgs_streamflow,09380000,09380000::origin=2,2,-243,2025-09-02 00:00:00,9490.0
official_usgs_streamflow,09380000,09380000::origin=2,2,-242,2025-09-03 00:00:00,9500.0
official_usgs_streamflow,09380000,09380000::origin=2,2,-241,2025-09-04 00:00:00,9400.0
official_usgs_streamflow,09380000,09380000::origin=2,2,-240,2025-09-05 00:00:00,9450.0
official_usgs_streamflow,09380000,09380000::origin=2,2,-239,2025-09-06 00:00:00,9490.0
official_usgs_streamflow,09380000,09380000::origin=2,2,-238,2025-09-07 00:00:00,9470.0
official_usgs_streamflow,09380000,09380000::origin=2,2,-237,2025-09-08 00:00:00,10000.0
official_usgs_streamflow,09380000,09380000::origin=2,2,-236,2025-09-09 00:00:00,9860.0
official_usgs_streamflow,09380000,09380000::origin=2,2,-235,2025-09-10 00:00:00,9870.0
official_usgs_streamflow,09380000,09380000::origin=2,2,-234,2025-09-11 00:00:00,9990.0
official_usgs_streamflow,09380000,09380000::origin=2,2,-233,2025-09-12 00:00:00,9880.0
official_usgs_streamflow,09380000,09380000::origin=2,2,-232,2025-09-13 00:00:00,9490.0
official_usgs_streamflow,09380000,09380000::origin=2,2,-231,2025-09-14 00:00:00,9510.0
official_usgs_streamflow,09380000,09380000::origin=2,2,-230,2025-09-15 00:00:00,9940.0
official_usgs_streamflow,09380000,09380000::origin=2,2,-229,2025-09-16 00:00:00,9890.0
official_usgs_streamflow,09380000,09380000::origin=2,2,-228,2025-09-17 00:00:00,9860.0
official_usgs_streamflow,09380000,09380000::origin=2,2,-227,2025-09-18 00:00:00,9810.0
official_usgs_streamflow,09380000,09380000::origin=2,2,-226,2025-09-19 00:00:00,9810.0
official_usgs_streamflow,09380000,09380000::origin=2,2,-225,2025-09-20 00:00:00,9550.0
official_usgs_streamflow,09380000,09380000::origin=2,2,-224,2025-09-21 00:00:00,9830.0
official_usgs_streamflow,09380000,09380000::origin=2,2,-223,2025-09-22 00:00:00,9550.0
official_usgs_streamflow,09380000,09380000::origin=2,2,-222,2025-09-23 00:00:00,9740.0
official_usgs_streamflow,09380000,09380000::origin=2,2,-221,2025-09-24 00:00:00,9740.0
official_usgs_streamflow,09380000,09380000::origin=2,2,-220,2025-09-25 00:00:00,9750.0
official_usgs_streamflow,09380000,09380000::origin=2,2,-219,2025-09-26 00:00:00,9750.0
official_usgs_streamflow,09380000,09380000::origin=2,2,-218,2025-09-27 00:00:00,9710.0
official_usgs_streamflow,09380000,09380000::origin=2,2,-217,2025-09-28 00:00:00,9400.0
official_usgs_streamflow,09380000,09380000::origin=2,2,-216,2025-09-29 00:00:00,9460.0
official_usgs_streamflow,09380000,09380000::origin=2,2,-215,2025-09-30 00:00:00,9410.0
official_usgs_streamflow,09380000,09380000::origin=2,2,-214,2025-10-01 00:00:00,8820.0
official_usgs_streamflow,09380000,09380000::origin=2,2,-213,2025-10-02 00:00:00,8340.0
official_usgs_streamflow,09380000,09380000::origin=2,2,-212,2025-10-03 00:00:00,8290.0
official_usgs_streamflow,09380000,09380000::origin=2,2,-211,2025-10-04 00:00:00,8020.0
official_usgs_streamflow,09380000,09380000::origin=2,2,-210,2025-10-05 00:00:00,7860.0
official_usgs_streamflow,09380000,09380000::origin=2,2,-209,2025-10-06 00:00:00,7970.0
official_usgs_streamflow,09380000,09380000::origin=2,2,-208,2025-10-07 00:00:00,8020.0
official_usgs_streamflow,09380000,09380000::origin=2,2,-207,2025-10-08 00:00:00,7700.0
official_usgs_streamflow,09380000,09380000::origin=2,2,-206,2025-10-09 00:00:00,8010.0
official_usgs_streamflow,09380000,09380000::origin=2,2,-205,2025-10-10 00:00:00,8020.0
official_usgs_streamflow,09380000,09380000::origin=2,2,-204,2025-10-11 00:00:00,8070.0
official_usgs_streamflow,09380000,09380000::origin=2,2,-203,2025-10-12 00:00:00,7900.0
official_usgs_streamflow,09380000,09380000::origin=2,2,-202,2025-10-13 00:00:00,8070.0
official_usgs_streamflow,09380000,09380000::origin=2,2,-201,2025-10-14 00:00:00,8030.0
official_usgs_streamflow,09380000,09380000::origin=2,2,-200,2025-10-15 00:00:00,7770.0
official_usgs_streamflow,09380000,09380000::origin=2,2,-199,2025-10-16 00:00:00,8000.0
official_usgs_streamflow,09380000,09380000::origin=2,2,-198,2025-10-17 00:00:00,8000.0
official_usgs_streamflow,09380000,09380000::origin=2,2,-197,2025-10-18 00:00:00,8120.0
official_usgs_streamflow,09380000,09380000::origin=2,2,-196,2025-10-19 00:00:00,7810.0
official_usgs_streamflow,09380000,09380000::origin=2,2,-195,2025-10-20 00:00:00,7940.0
official_usgs_streamflow,09380000,09380000::origin=2,2,-194,2025-10-21 00:00:00,7730.0
official_usgs_streamflow,09380000,09380000::origin=2,2,-193,2025-10-22 00:00:00,7810.0
official_usgs_streamflow,09380000,09380000::origin=2,2,-192,2025-10-23 00:00:00,7840.0
official_usgs_streamflow,09380000,09380000::origin=2,2,-191,2025-10-24 00:00:00,7780.0
official_usgs_streamflow,09380000,09380000::origin=2,2,-190,2025-10-25 00:00:00,7560.0
official_usgs_streamflow,09380000,09380000::origin=2,2,-189,2025-10-26 00:00:00,7410.0
official_usgs_streamflow,09380000,09380000::origin=2,2,-188,2025-10-27 00:00:00,7720.0
official_usgs_streamflow,09380000,09380000::origin=2,2,-187,2025-10-28 00:00:00,7790.0
official_usgs_streamflow,09380000,09380000::origin=2,2,-186,2025-10-29 00:00:00,7840.0
official_usgs_streamflow,09380000,09380000::origin=2,2,-185,2025-10-30 00:00:00,7700.0
official_usgs_streamflow,09380000,09380000::origin=2,2,-184,2025-10-31 00:00:00,7680.0
official_usgs_streamflow,09380000,09380000::origin=2,2,-183,2025-11-01 00:00:00,7390.0
official_usgs_streamflow,09380000,09380000::origin=2,2,-182,2025-11-02 00:00:00,7060.0
official_usgs_streamflow,09380000,09380000::origin=2,2,-181,2025-11-03 00:00:00,7120.0
official_usgs_streamflow,09380000,09380000::origin=2,2,-180,2025-11-04 00:00:00,7910.0
official_usgs_streamflow,09380000,09380000::origin=2,2,-179,2025-11-05 00:00:00,8380.0
official_usgs_streamflow,09380000,09380000::origin=2,2,-178,2025-11-06 00:00:00,8420.0
official_usgs_streamflow,09380000,09380000::origin=2,2,-177,2025-11-07 00:00:00,8390.0
official_usgs_streamflow,09380000,09380000::origin=2,2,-176,2025-11-08 00:00:00,8380.0
official_usgs_streamflow,09380000,09380000::origin=2,2,-175,2025-11-09 00:00:00,8380.0
official_usgs_streamflow,09380000,09380000::origin=2,2,-174,2025-11-10 00:00:00,8380.0
official_usgs_streamflow,09380000,09380000::origin=2,2,-173,2025-11-11 00:00:00,8440.0
official_usgs_streamflow,09380000,09380000::origin=2,2,-172,2025-11-12 00:00:00,8450.0
official_usgs_streamflow,09380000,09380000::origin=2,2,-171,2025-11-13 00:00:00,8320.0
official_usgs_streamflow,09380000,09380000::origin=2,2,-170,2025-11-14 00:00:00,8400.0
official_usgs_streamflow,09380000,09380000::origin=2,2,-169,2025-11-15 00:00:00,8410.0
official_usgs_streamflow,09380000,09380000::origin=2,2,-168,2025-11-16 00:00:00,8400.0
official_usgs_streamflow,09380000,09380000::origin=2,2,-167,2025-11-17 00:00:00,8330.0
official_usgs_streamflow,09380000,09380000::origin=2,2,-166,2025-11-18 00:00:00,8330.0
official_usgs_streamflow,09380000,09380000::origin=2,2,-165,2025-11-19 00:00:00,8380.0
official_usgs_streamflow,09380000,09380000::origin=2,2,-164,2025-11-20 00:00:00,8390.0
official_usgs_streamflow,09380000,09380000::origin=2,2,-163,2025-11-21 00:00:00,8700.0
official_usgs_streamflow,09380000,09380000::origin=2,2,-162,2025-11-22 00:00:00,8770.0
official_usgs_streamflow,09380000,09380000::origin=2,2,-161,2025-11-23 00:00:00,8620.0
official_usgs_streamflow,09380000,09380000::origin=2,2,-160,2025-11-24 00:00:00,8790.0
official_usgs_streamflow,09380000,09380000::origin=2,2,-159,2025-11-25 00:00:00,8750.0
official_usgs_streamflow,09380000,09380000::origin=2,2,-158,2025-11-26 00:00:00,8700.0
official_usgs_streamflow,09380000,09380000::origin=2,2,-157,2025-11-27 00:00:00,8570.0
official_usgs_streamflow,09380000,09380000::origin=2,2,-156,2025-11-28 00:00:00,8850.0
official_usgs_streamflow,09380000,09380000::origin=2,2,-155,2025-11-29 00:00:00,8690.0
official_usgs_streamflow,09380000,09380000::origin=2,2,-154,2025-11-30 00:00:00,8660.0
official_usgs_streamflow,09380000,09380000::origin=2,2,-153,2025-12-01 00:00:00,8270.0
official_usgs_streamflow,09380000,09380000::origin=2,2,-152,2025-12-02 00:00:00,8200.0
official_usgs_streamflow,09380000,09380000::origin=2,2,-151,2025-12-03 00:00:00,8250.0
official_usgs_streamflow,09380000,09380000::origin=2,2,-150,2025-12-04 00:00:00,8210.0
official_usgs_streamflow,09380000,09380000::origin=2,2,-149,2025-12-05 00:00:00,8210.0
official_usgs_streamflow,09380000,09380000::origin=2,2,-148,2025-12-06 00:00:00,7930.0
official_usgs_streamflow,09380000,09380000::origin=2,2,-147,2025-12-07 00:00:00,7890.0
official_usgs_streamflow,09380000,09380000::origin=2,2,-146,2025-12-08 00:00:00,8070.0
official_usgs_streamflow,09380000,09380000::origin=2,2,-145,2025-12-09 00:00:00,8200.0
official_usgs_streamflow,09380000,09380000::origin=2,2,-144,2025-12-10 00:00:00,8170.0
official_usgs_streamflow,09380000,09380000::origin=2,2,-143,2025-12-11 00:00:00,8220.0
official_usgs_streamflow,09380000,09380000::origin=2,2,-142,2025-12-12 00:00:00,8190.0
official_usgs_streamflow,09380000,09380000::origin=2,2,-141,2025-12-13 00:00:00,7950.0
official_usgs_streamflow,09380000,09380000::origin=2,2,-140,2025-12-14 00:00:00,7840.0
official_usgs_streamflow,09380000,09380000::origin=2,2,-139,2025-12-15 00:00:00,8050.0
official_usgs_streamflow,09380000,09380000::origin=2,2,-138,2025-12-16 00:00:00,8190.0
official_usgs_streamflow,09380000,09380000::origin=2,2,-137,2025-12-17 00:00:00,8170.0
official_usgs_streamflow,09380000,09380000::origin=2,2,-136,2025-12-18 00:00:00,8190.0
official_usgs_streamflow,09380000,09380000::origin=2,2,-135,2025-12-19 00:00:00,8200.0
official_usgs_streamflow,09380000,09380000::origin=2,2,-134,2025-12-20 00:00:00,7870.0
official_usgs_streamflow,09380000,09380000::origin=2,2,-133,2025-12-21 00:00:00,7750.0
official_usgs_streamflow,09380000,09380000::origin=2,2,-132,2025-12-22 00:00:00,7910.0
official_usgs_streamflow,09380000,09380000::origin=2,2,-131,2025-12-23 00:00:00,8090.0
official_usgs_streamflow,09380000,09380000::origin=2,2,-130,2025-12-24 00:00:00,8090.0
official_usgs_streamflow,09380000,09380000::origin=2,2,-129,2025-12-25 00:00:00,8110.0
official_usgs_streamflow,09380000,09380000::origin=2,2,-128,2025-12-26 00:00:00,8070.0
official_usgs_streamflow,09380000,09380000::origin=2,2,-127,2025-12-27 00:00:00,7750.0
official_usgs_streamflow,09380000,09380000::origin=2,2,-126,2025-12-28 00:00:00,7800.0
official_usgs_streamflow,09380000,09380000::origin=2,2,-125,2025-12-29 00:00:00,7910.0
official_usgs_streamflow,09380000,09380000::origin=2,2,-124,2025-12-30 00:00:00,7840.0
official_usgs_streamflow,09380000,09380000::origin=2,2,-123,2025-12-31 00:00:00,7630.0
official_usgs_streamflow,09380000,09380000::origin=2,2,-122,2026-01-01 00:00:00,9030.0
official_usgs_streamflow,09380000,09380000::origin=2,2,-121,2026-01-02 00:00:00,10200.0
official_usgs_streamflow,09380000,09380000::origin=2,2,-120,2026-01-03 00:00:00,9530.0
official_usgs_streamflow,09380000,09380000::origin=2,2,-119,2026-01-04 00:00:00,9610.0
official_usgs_streamflow,09380000,09380000::origin=2,2,-118,2026-01-05 00:00:00,10100.0
official_usgs_streamflow,09380000,09380000::origin=2,2,-117,2026-01-06 00:00:00,10400.0
official_usgs_streamflow,09380000,09380000::origin=2,2,-116,2026-01-07 00:00:00,10300.0
official_usgs_streamflow,09380000,09380000::origin=2,2,-115,2026-01-08 00:00:00,10300.0
official_usgs_streamflow,09380000,09380000::origin=2,2,-114,2026-01-09 00:00:00,10200.0
official_usgs_streamflow,09380000,09380000::origin=2,2,-113,2026-01-10 00:00:00,9710.0
official_usgs_streamflow,09380000,09380000::origin=2,2,-112,2026-01-11 00:00:00,9380.0
official_usgs_streamflow,09380000,09380000::origin=2,2,-111,2026-01-12 00:00:00,9960.0
official_usgs_streamflow,09380000,09380000::origin=2,2,-110,2026-01-13 00:00:00,10200.0
official_usgs_streamflow,09380000,09380000::origin=2,2,-109,2026-01-14 00:00:00,10200.0
official_usgs_streamflow,09380000,09380000::origin=2,2,-108,2026-01-15 00:00:00,9990.0
official_usgs_streamflow,09380000,09380000::origin=2,2,-107,2026-01-16 00:00:00,10000.0
official_usgs_streamflow,09380000,09380000::origin=2,2,-106,2026-01-17 00:00:00,9480.0
official_usgs_streamflow,09380000,09380000::origin=2,2,-105,2026-01-18 00:00:00,9230.0
official_usgs_streamflow,09380000,09380000::origin=2,2,-104,2026-01-19 00:00:00,9910.0
official_usgs_streamflow,09380000,09380000::origin=2,2,-103,2026-01-20 00:00:00,10100.0
official_usgs_streamflow,09380000,09380000::origin=2,2,-102,2026-01-21 00:00:00,10100.0
official_usgs_streamflow,09380000,09380000::origin=2,2,-101,2026-01-22 00:00:00,10100.0
official_usgs_streamflow,09380000,09380000::origin=2,2,-100,2026-01-23 00:00:00,10000.0
official_usgs_streamflow,09380000,09380000::origin=2,2,-99,2026-01-24 00:00:00,9460.0
official_usgs_streamflow,09380000,09380000::origin=2,2,-98,2026-01-25 00:00:00,9260.0
official_usgs_streamflow,09380000,09380000::origin=2,2,-97,2026-01-26 00:00:00,10500.0
official_usgs_streamflow,09380000,09380000::origin=2,2,-96,2026-01-27 00:00:00,10200.0
official_usgs_streamflow,09380000,09380000::origin=2,2,-95,2026-01-28 00:00:00,10100.0
official_usgs_streamflow,09380000,09380000::origin=2,2,-94,2026-01-29 00:00:00,10100.0
official_usgs_streamflow,09380000,09380000::origin=2,2,-93,2026-01-30 00:00:00,10100.0
official_usgs_streamflow,09380000,09380000::origin=2,2,-92,2026-01-31 00:00:00,9970.0
official_usgs_streamflow,09380000,09380000::origin=2,2,-91,2026-02-01 00:00:00,9060.0
official_usgs_streamflow,09380000,09380000::origin=2,2,-90,2026-02-02 00:00:00,9280.0
official_usgs_streamflow,09380000,09380000::origin=2,2,-89,2026-02-03 00:00:00,9360.0
official_usgs_streamflow,09380000,09380000::origin=2,2,-88,2026-02-04 00:00:00,9340.0
official_usgs_streamflow,09380000,09380000::origin=2,2,-87,2026-02-05 00:00:00,9310.0
official_usgs_streamflow,09380000,09380000::origin=2,2,-86,2026-02-06 00:00:00,9290.0
official_usgs_streamflow,09380000,09380000::origin=2,2,-85,2026-02-07 00:00:00,8950.0
official_usgs_streamflow,09380000,09380000::origin=2,2,-84,2026-02-08 00:00:00,8750.0
official_usgs_streamflow,09380000,09380000::origin=2,2,-83,2026-02-09 00:00:00,9200.0
official_usgs_streamflow,09380000,09380000::origin=2,2,-82,2026-02-10 00:00:00,9380.0
official_usgs_streamflow,09380000,09380000::origin=2,2,-81,2026-02-11 00:00:00,9410.0
official_usgs_streamflow,09380000,09380000::origin=2,2,-80,2026-02-12 00:00:00,9370.0
official_usgs_streamflow,09380000,09380000::origin=2,2,-79,2026-02-13 00:00:00,9320.0
official_usgs_streamflow,09380000,09380000::origin=2,2,-78,2026-02-14 00:00:00,9000.0
official_usgs_streamflow,09380000,09380000::origin=2,2,-77,2026-02-15 00:00:00,8820.0
official_usgs_streamflow,09380000,09380000::origin=2,2,-76,2026-02-16 00:00:00,9200.0
official_usgs_streamflow,09380000,09380000::origin=2,2,-75,2026-02-17 00:00:00,9360.0
official_usgs_streamflow,09380000,09380000::origin=2,2,-74,2026-02-18 00:00:00,9360.0
official_usgs_streamflow,09380000,09380000::origin=2,2,-73,2026-02-19 00:00:00,9430.0
official_usgs_streamflow,09380000,09380000::origin=2,2,-72,2026-02-20 00:00:00,9340.0
official_usgs_streamflow,09380000,09380000::origin=2,2,-71,2026-02-21 00:00:00,8990.0
official_usgs_streamflow,09380000,09380000::origin=2,2,-70,2026-02-22 00:00:00,8810.0
official_usgs_streamflow,09380000,09380000::origin=2,2,-69,2026-02-23 00:00:00,9230.0
official_usgs_streamflow,09380000,09380000::origin=2,2,-68,2026-02-24 00:00:00,9490.0
official_usgs_streamflow,09380000,09380000::origin=2,2,-67,2026-02-25 00:00:00,9570.0
official_usgs_streamflow,09380000,09380000::origin=2,2,-66,2026-02-26 00:00:00,9510.0
official_usgs_streamflow,09380000,09380000::origin=2,2,-65,2026-02-27 00:00:00,9620.0
official_usgs_streamflow,09380000,09380000::origin=2,2,-64,2026-02-28 00:00:00,9010.0
official_usgs_streamflow,09380000,09380000::origin=2,2,-63,2026-03-01 00:00:00,8130.0
official_usgs_streamflow,09380000,09380000::origin=2,2,-62,2026-03-02 00:00:00,7790.0
official_usgs_streamflow,09380000,09380000::origin=2,2,-61,2026-03-03 00:00:00,7870.0
official_usgs_streamflow,09380000,09380000::origin=2,2,-60,2026-03-04 00:00:00,7930.0
official_usgs_streamflow,09380000,09380000::origin=2,2,-59,2026-03-05 00:00:00,7830.0
official_usgs_streamflow,09380000,09380000::origin=2,2,-58,2026-03-06 00:00:00,7900.0
official_usgs_streamflow,09380000,09380000::origin=2,2,-57,2026-03-07 00:00:00,7910.0
official_usgs_streamflow,09380000,09380000::origin=2,2,-56,2026-03-08 00:00:00,7850.0
official_usgs_streamflow,09380000,09380000::origin=2,2,-55,2026-03-09 00:00:00,7920.0
official_usgs_streamflow,09380000,09380000::origin=2,2,-54,2026-03-10 00:00:00,7970.0
official_usgs_streamflow,09380000,09380000::origin=2,2,-53,2026-03-11 00:00:00,8070.0
official_usgs_streamflow,09380000,09380000::origin=2,2,-52,2026-03-12 00:00:00,7920.0
official_usgs_streamflow,09380000,09380000::origin=2,2,-51,2026-03-13 00:00:00,7980.0
official_usgs_streamflow,09380000,09380000::origin=2,2,-50,2026-03-14 00:00:00,7960.0
official_usgs_streamflow,09380000,09380000::origin=2,2,-49,2026-03-15 00:00:00,7870.0
official_usgs_streamflow,09380000,09380000::origin=2,2,-48,2026-03-16 00:00:00,7890.0
official_usgs_streamflow,09380000,09380000::origin=2,2,-47,2026-03-17 00:00:00,7940.0
official_usgs_streamflow,09380000,09380000::origin=2,2,-46,2026-03-18 00:00:00,8010.0
official_usgs_streamflow,09380000,09380000::origin=2,2,-45,2026-03-19 00:00:00,8080.0
official_usgs_streamflow,09380000,09380000::origin=2,2,-44,2026-03-20 00:00:00,8040.0
official_usgs_streamflow,09380000,09380000::origin=2,2,-43,2026-03-21 00:00:00,8020.0
official_usgs_streamflow,09380000,09380000::origin=2,2,-42,2026-03-22 00:00:00,7920.0
official_usgs_streamflow,09380000,09380000::origin=2,2,-41,2026-03-23 00:00:00,8000.0
official_usgs_streamflow,09380000,09380000::origin=2,2,-40,2026-03-24 00:00:00,8070.0
official_usgs_streamflow,09380000,09380000::origin=2,2,-39,2026-03-25 00:00:00,8040.0
official_usgs_streamflow,09380000,09380000::origin=2,2,-38,2026-03-26 00:00:00,8040.0
official_usgs_streamflow,09380000,09380000::origin=2,2,-37,2026-03-27 00:00:00,7870.0
official_usgs_streamflow,09380000,09380000::origin=2,2,-36,2026-03-28 00:00:00,7870.0
official_usgs_streamflow,09380000,09380000::origin=2,2,-35,2026-03-29 00:00:00,7840.0
official_usgs_streamflow,09380000,09380000::origin=2,2,-34,2026-03-30 00:00:00,8000.0
official_usgs_streamflow,09380000,09380000::origin=2,2,-33,2026-03-31 00:00:00,8010.0
official_usgs_streamflow,09380000,09380000::origin=2,2,-32,2026-04-01 00:00:00,8310.0
official_usgs_streamflow,09380000,09380000::origin=2,2,-31,2026-04-02 00:00:00,8280.0
official_usgs_streamflow,09380000,09380000::origin=2,2,-30,2026-04-03 00:00:00,8300.0
official_usgs_streamflow,09380000,09380000::origin=2,2,-29,2026-04-04 00:00:00,8260.0
official_usgs_streamflow,09380000,09380000::origin=2,2,-28,2026-04-05 00:00:00,8260.0
official_usgs_streamflow,09380000,09380000::origin=2,2,-27,2026-04-06 00:00:00,8290.0
official_usgs_streamflow,09380000,09380000::origin=2,2,-26,2026-04-07 00:00:00,8280.0
official_usgs_streamflow,09380000,09380000::origin=2,2,-25,2026-04-08 00:00:00,8310.0
official_usgs_streamflow,09380000,09380000::origin=2,2,-24,2026-04-09 00:00:00,8330.0
official_usgs_streamflow,09380000,09380000::origin=2,2,-23,2026-04-10 00:00:00,8330.0
official_usgs_streamflow,09380000,09380000::origin=2,2,-22,2026-04-11 00:00:00,8290.0
official_usgs_streamflow,09380000,09380000::origin=2,2,-21,2026-04-12 00:00:00,8260.0
official_usgs_streamflow,09380000,09380000::origin=2,2,-20,2026-04-13 00:00:00,8300.0
official_usgs_streamflow,09380000,09380000::origin=2,2,-19,2026-04-14 00:00:00,8320.0
official_usgs_streamflow,09380000,09380000::origin=2,2,-18,2026-04-15 00:00:00,8320.0
official_usgs_streamflow,09380000,09380000::origin=2,2,-17,2026-04-16 00:00:00,8320.0
official_usgs_streamflow,09380000,09380000::origin=2,2,-16,2026-04-17 00:00:00,8270.0
official_usgs_streamflow,09380000,09380000::origin=2,2,-15,2026-04-18 00:00:00,8300.0
official_usgs_streamflow,09380000,09380000::origin=2,2,-14,2026-04-19 00:00:00,8280.0
official_usgs_streamflow,09380000,09380000::origin=2,2,-13,2026-04-20 00:00:00,8400.0
official_usgs_streamflow,09380000,09380000::origin=2,2,-12,2026-04-21 00:00:00,8320.0
official_usgs_streamflow,09380000,09380000::origin=2,2,-11,2026-04-22 00:00:00,8280.0
official_usgs_streamflow,09380000,09380000::origin=2,2,-10,2026-04-23 00:00:00,7480.0
official_usgs_streamflow,09380000,09380000::origin=2,2,-9,2026-04-24 00:00:00,7140.0
official_usgs_streamflow,09380000,09380000::origin=2,2,-8,2026-04-25 00:00:00,7140.0
official_usgs_streamflow,09380000,09380000::origin=2,2,-7,2026-04-26 00:00:00,7140.0
official_usgs_streamflow,09380000,09380000::origin=2,2,-6,2026-04-27 00:00:00,7130.0
official_usgs_streamflow,09380000,09380000::origin=2,2,-5,2026-04-28 00:00:00,7160.0
official_usgs_streamflow,09380000,09380000::origin=2,2,-4,2026-04-29 00:00:00,7160.0
official_usgs_streamflow,09380000,09380000::origin=2,2,-3,2026-04-30 00:00:00,7130.0
official_usgs_streamflow,09380000,09380000::origin=2,2,-2,2026-05-01 00:00:00,7510.0
official_usgs_streamflow,09380000,09380000::origin=2,2,-1,2026-05-02 00:00:00,7410.0
official_usgs_streamflow,14211720,14211720::origin=0,0,-512,2025-02-05 00:00:00,25300.0
official_usgs_streamflow,14211720,14211720::origin=0,0,-511,2025-02-06 00:00:00,24400.0
official_usgs_streamflow,14211720,14211720::origin=0,0,-510,2025-02-07 00:00:00,23600.0
official_usgs_streamflow,14211720,14211720::origin=0,0,-509,2025-02-08 00:00:00,21800.0
official_usgs_streamflow,14211720,14211720::origin=0,0,-508,2025-02-09 00:00:00,20200.0
official_usgs_streamflow,14211720,14211720::origin=0,0,-507,2025-02-10 00:00:00,19400.0
official_usgs_streamflow,14211720,14211720::origin=0,0,-506,2025-02-11 00:00:00,18500.0
official_usgs_streamflow,14211720,14211720::origin=0,0,-505,2025-02-12 00:00:00,18500.0
official_usgs_streamflow,14211720,14211720::origin=0,0,-504,2025-02-13 00:00:00,19300.0
official_usgs_streamflow,14211720,14211720::origin=0,0,-503,2025-02-14 00:00:00,18200.0
official_usgs_streamflow,14211720,14211720::origin=0,0,-502,2025-02-15 00:00:00,20300.0
official_usgs_streamflow,14211720,14211720::origin=0,0,-501,2025-02-16 00:00:00,24400.0
official_usgs_streamflow,14211720,14211720::origin=0,0,-500,2025-02-17 00:00:00,32100.0
official_usgs_streamflow,14211720,14211720::origin=0,0,-499,2025-02-18 00:00:00,49400.0
official_usgs_streamflow,14211720,14211720::origin=0,0,-498,2025-02-19 00:00:00,59800.0
official_usgs_streamflow,14211720,14211720::origin=0,0,-497,2025-02-20 00:00:00,60900.0
official_usgs_streamflow,14211720,14211720::origin=0,0,-496,2025-02-21 00:00:00,57700.0
official_usgs_streamflow,14211720,14211720::origin=0,0,-495,2025-02-22 00:00:00,52600.0
official_usgs_streamflow,14211720,14211720::origin=0,0,-494,2025-02-23 00:00:00,65200.0
official_usgs_streamflow,14211720,14211720::origin=0,0,-493,2025-02-24 00:00:00,110000.0
official_usgs_streamflow,14211720,14211720::origin=0,0,-492,2025-02-25 00:00:00,126000.0
official_usgs_streamflow,14211720,14211720::origin=0,0,-491,2025-02-26 00:00:00,132000.0
official_usgs_streamflow,14211720,14211720::origin=0,0,-490,2025-02-27 00:00:00,120000.0
official_usgs_streamflow,14211720,14211720::origin=0,0,-489,2025-02-28 00:00:00,98000.0
official_usgs_streamflow,14211720,14211720::origin=0,0,-488,2025-03-01 00:00:00,79000.0
official_usgs_streamflow,14211720,14211720::origin=0,0,-487,2025-03-02 00:00:00,67600.0
official_usgs_streamflow,14211720,14211720::origin=0,0,-486,2025-03-03 00:00:00,60200.0
official_usgs_streamflow,14211720,14211720::origin=0,0,-485,2025-03-04 00:00:00,54400.0
official_usgs_streamflow,14211720,14211720::origin=0,0,-484,2025-03-05 00:00:00,48900.0
official_usgs_streamflow,14211720,14211720::origin=0,0,-483,2025-03-06 00:00:00,44600.0
official_usgs_streamflow,14211720,14211720::origin=0,0,-482,2025-03-07 00:00:00,39400.0
official_usgs_streamflow,14211720,14211720::origin=0,0,-481,2025-03-08 00:00:00,35200.0
official_usgs_streamflow,14211720,14211720::origin=0,0,-480,2025-03-09 00:00:00,31200.0
official_usgs_streamflow,14211720,14211720::origin=0,0,-479,2025-03-10 00:00:00,29600.0
official_usgs_streamflow,14211720,14211720::origin=0,0,-478,2025-03-11 00:00:00,28500.0
official_usgs_streamflow,14211720,14211720::origin=0,0,-477,2025-03-12 00:00:00,26900.0
official_usgs_streamflow,14211720,14211720::origin=0,0,-476,2025-03-13 00:00:00,30500.0
official_usgs_streamflow,14211720,14211720::origin=0,0,-475,2025-03-14 00:00:00,37900.0
official_usgs_streamflow,14211720,14211720::origin=0,0,-474,2025-03-15 00:00:00,43000.0
official_usgs_streamflow,14211720,14211720::origin=0,0,-473,2025-03-16 00:00:00,63300.0
official_usgs_streamflow,14211720,14211720::origin=0,0,-472,2025-03-17 00:00:00,86500.0
official_usgs_streamflow,14211720,14211720::origin=0,0,-471,2025-03-18 00:00:00,97200.0
official_usgs_streamflow,14211720,14211720::origin=0,0,-470,2025-03-19 00:00:00,97900.0
official_usgs_streamflow,14211720,14211720::origin=0,0,-469,2025-03-20 00:00:00,85500.0
official_usgs_streamflow,14211720,14211720::origin=0,0,-468,2025-03-21 00:00:00,82600.0
official_usgs_streamflow,14211720,14211720::origin=0,0,-467,2025-03-22 00:00:00,103000.0
official_usgs_streamflow,14211720,14211720::origin=0,0,-466,2025-03-23 00:00:00,108000.0
official_usgs_streamflow,14211720,14211720::origin=0,0,-465,2025-03-24 00:00:00,107000.0
official_usgs_streamflow,14211720,14211720::origin=0,0,-464,2025-03-25 00:00:00,100000.0
official_usgs_streamflow,14211720,14211720::origin=0,0,-463,2025-03-26 00:00:00,90400.0
official_usgs_streamflow,14211720,14211720::origin=0,0,-462,2025-03-27 00:00:00,86000.0
official_usgs_streamflow,14211720,14211720::origin=0,0,-461,2025-03-28 00:00:00,84000.0
official_usgs_streamflow,14211720,14211720::origin=0,0,-460,2025-03-29 00:00:00,85500.0
official_usgs_streamflow,14211720,14211720::origin=0,0,-459,2025-03-30 00:00:00,82000.0
official_usgs_streamflow,14211720,14211720::origin=0,0,-458,2025-03-31 00:00:00,76800.0
official_usgs_streamflow,14211720,14211720::origin=0,0,-457,2025-04-01 00:00:00,75100.0
official_usgs_streamflow,14211720,14211720::origin=0,0,-456,2025-04-02 00:00:00,70600.0
official_usgs_streamflow,14211720,14211720::origin=0,0,-455,2025-04-03 00:00:00,63300.0
official_usgs_streamflow,14211720,14211720::origin=0,0,-454,2025-04-04 00:00:00,56600.0
official_usgs_streamflow,14211720,14211720::origin=0,0,-453,2025-04-05 00:00:00,49000.0
official_usgs_streamflow,14211720,14211720::origin=0,0,-452,2025-04-06 00:00:00,45000.0
official_usgs_streamflow,14211720,14211720::origin=0,0,-451,2025-04-07 00:00:00,47000.0
official_usgs_streamflow,14211720,14211720::origin=0,0,-450,2025-04-08 00:00:00,53800.0
official_usgs_streamflow,14211720,14211720::origin=0,0,-449,2025-04-09 00:00:00,59700.0
official_usgs_streamflow,14211720,14211720::origin=0,0,-448,2025-04-10 00:00:00,59900.0
official_usgs_streamflow,14211720,14211720::origin=0,0,-447,2025-04-11 00:00:00,58600.0
official_usgs_streamflow,14211720,14211720::origin=0,0,-446,2025-04-12 00:00:00,53800.0
official_usgs_streamflow,14211720,14211720::origin=0,0,-445,2025-04-13 00:00:00,48000.0
official_usgs_streamflow,14211720,14211720::origin=0,0,-444,2025-04-14 00:00:00,43500.0
official_usgs_streamflow,14211720,14211720::origin=0,0,-443,2025-04-15 00:00:00,39700.0
official_usgs_streamflow,14211720,14211720::origin=0,0,-442,2025-04-16 00:00:00,36200.0
official_usgs_streamflow,14211720,14211720::origin=0,0,-441,2025-04-17 00:00:00,33500.0
official_usgs_streamflow,14211720,14211720::origin=0,0,-440,2025-04-18 00:00:00,32100.0
official_usgs_streamflow,14211720,14211720::origin=0,0,-439,2025-04-19 00:00:00,28900.0
official_usgs_streamflow,14211720,14211720::origin=0,0,-438,2025-04-20 00:00:00,26200.0
official_usgs_streamflow,14211720,14211720::origin=0,0,-437,2025-04-21 00:00:00,25100.0
official_usgs_streamflow,14211720,14211720::origin=0,0,-436,2025-04-22 00:00:00,25200.0
official_usgs_streamflow,14211720,14211720::origin=0,0,-435,2025-04-23 00:00:00,23700.0
official_usgs_streamflow,14211720,14211720::origin=0,0,-434,2025-04-24 00:00:00,22900.0
official_usgs_streamflow,14211720,14211720::origin=0,0,-433,2025-04-25 00:00:00,22000.0
official_usgs_streamflow,14211720,14211720::origin=0,0,-432,2025-04-26 00:00:00,21000.0
official_usgs_streamflow,14211720,14211720::origin=0,0,-431,2025-04-27 00:00:00,20800.0
official_usgs_streamflow,14211720,14211720::origin=0,0,-430,2025-04-28 00:00:00,20800.0
official_usgs_streamflow,14211720,14211720::origin=0,0,-429,2025-04-29 00:00:00,20300.0
official_usgs_streamflow,14211720,14211720::origin=0,0,-428,2025-04-30 00:00:00,19900.0
official_usgs_streamflow,14211720,14211720::origin=0,0,-427,2025-05-01 00:00:00,19900.0
official_usgs_streamflow,14211720,14211720::origin=0,0,-426,2025-05-02 00:00:00,19600.0
official_usgs_streamflow,14211720,14211720::origin=0,0,-425,2025-05-03 00:00:00,19100.0
official_usgs_streamflow,14211720,14211720::origin=0,0,-424,2025-05-04 00:00:00,17500.0
official_usgs_streamflow,14211720,14211720::origin=0,0,-423,2025-05-05 00:00:00,17900.0
official_usgs_streamflow,14211720,14211720::origin=0,0,-422,2025-05-06 00:00:00,18500.0
official_usgs_streamflow,14211720,14211720::origin=0,0,-421,2025-05-07 00:00:00,18100.0
official_usgs_streamflow,14211720,14211720::origin=0,0,-420,2025-05-08 00:00:00,16100.0
official_usgs_streamflow,14211720,14211720::origin=0,0,-419,2025-05-09 00:00:00,16300.0
official_usgs_streamflow,14211720,14211720::origin=0,0,-418,2025-05-10 00:00:00,16100.0
official_usgs_streamflow,14211720,14211720::origin=0,0,-417,2025-05-11 00:00:00,14800.0
official_usgs_streamflow,14211720,14211720::origin=0,0,-416,2025-05-12 00:00:00,15000.0
official_usgs_streamflow,14211720,14211720::origin=0,0,-415,2025-05-13 00:00:00,15700.0
official_usgs_streamflow,14211720,14211720::origin=0,0,-414,2025-05-14 00:00:00,16700.0
official_usgs_streamflow,14211720,14211720::origin=0,0,-413,2025-05-15 00:00:00,15900.0
official_usgs_streamflow,14211720,14211720::origin=0,0,-412,2025-05-16 00:00:00,16100.0
official_usgs_streamflow,14211720,14211720::origin=0,0,-411,2025-05-17 00:00:00,16300.0
official_usgs_streamflow,14211720,14211720::origin=0,0,-410,2025-05-18 00:00:00,18100.0
official_usgs_streamflow,14211720,14211720::origin=0,0,-409,2025-05-19 00:00:00,17600.0
official_usgs_streamflow,14211720,14211720::origin=0,0,-408,2025-05-20 00:00:00,17900.0
official_usgs_streamflow,14211720,14211720::origin=0,0,-407,2025-05-21 00:00:00,17700.0
official_usgs_streamflow,14211720,14211720::origin=0,0,-406,2025-05-22 00:00:00,18000.0
official_usgs_streamflow,14211720,14211720::origin=0,0,-405,2025-05-23 00:00:00,17900.0
official_usgs_streamflow,14211720,14211720::origin=0,0,-404,2025-05-24 00:00:00,17500.0
official_usgs_streamflow,14211720,14211720::origin=0,0,-403,2025-05-25 00:00:00,16400.0
official_usgs_streamflow,14211720,14211720::origin=0,0,-402,2025-05-26 00:00:00,15300.0
official_usgs_streamflow,14211720,14211720::origin=0,0,-401,2025-05-27 00:00:00,14300.0
official_usgs_streamflow,14211720,14211720::origin=0,0,-400,2025-05-28 00:00:00,15200.0
official_usgs_streamflow,14211720,14211720::origin=0,0,-399,2025-05-29 00:00:00,13500.0
official_usgs_streamflow,14211720,14211720::origin=0,0,-398,2025-05-30 00:00:00,14200.0
official_usgs_streamflow,14211720,14211720::origin=0,0,-397,2025-05-31 00:00:00,13500.0
official_usgs_streamflow,14211720,14211720::origin=0,0,-396,2025-06-01 00:00:00,12600.0
official_usgs_streamflow,14211720,14211720::origin=0,0,-395,2025-06-02 00:00:00,11400.0
official_usgs_streamflow,14211720,14211720::origin=0,0,-394,2025-06-03 00:00:00,12200.0
official_usgs_streamflow,14211720,14211720::origin=0,0,-393,2025-06-04 00:00:00,11700.0
official_usgs_streamflow,14211720,14211720::origin=0,0,-392,2025-06-05 00:00:00,11200.0
official_usgs_streamflow,14211720,14211720::origin=0,0,-391,2025-06-06 00:00:00,12100.0
official_usgs_streamflow,14211720,14211720::origin=0,0,-390,2025-06-07 00:00:00,11600.0
official_usgs_streamflow,14211720,14211720::origin=0,0,-389,2025-06-08 00:00:00,12800.0
official_usgs_streamflow,14211720,14211720::origin=0,0,-388,2025-06-09 00:00:00,12600.0
official_usgs_streamflow,14211720,14211720::origin=0,0,-387,2025-06-10 00:00:00,9440.0
official_usgs_streamflow,14211720,14211720::origin=0,0,-386,2025-06-11 00:00:00,10300.0
official_usgs_streamflow,14211720,14211720::origin=0,0,-385,2025-06-12 00:00:00,8850.0
official_usgs_streamflow,14211720,14211720::origin=0,0,-384,2025-06-13 00:00:00,8960.0
official_usgs_streamflow,14211720,14211720::origin=0,0,-383,2025-06-14 00:00:00,7920.0
official_usgs_streamflow,14211720,14211720::origin=0,0,-382,2025-06-15 00:00:00,8130.0
official_usgs_streamflow,14211720,14211720::origin=0,0,-381,2025-06-16 00:00:00,8000.0
official_usgs_streamflow,14211720,14211720::origin=0,0,-380,2025-06-17 00:00:00,9000.0
official_usgs_streamflow,14211720,14211720::origin=0,0,-379,2025-06-18 00:00:00,7430.0
official_usgs_streamflow,14211720,14211720::origin=0,0,-378,2025-06-19 00:00:00,5540.0
official_usgs_streamflow,14211720,14211720::origin=0,0,-377,2025-06-20 00:00:00,8490.0
official_usgs_streamflow,14211720,14211720::origin=0,0,-376,2025-06-21 00:00:00,9890.0
official_usgs_streamflow,14211720,14211720::origin=0,0,-375,2025-06-22 00:00:00,12100.0
official_usgs_streamflow,14211720,14211720::origin=0,0,-374,2025-06-23 00:00:00,12000.0
official_usgs_streamflow,14211720,14211720::origin=0,0,-373,2025-06-24 00:00:00,11200.0
official_usgs_streamflow,14211720,14211720::origin=0,0,-372,2025-06-25 00:00:00,9780.0
official_usgs_streamflow,14211720,14211720::origin=0,0,-371,2025-06-26 00:00:00,7510.0
official_usgs_streamflow,14211720,14211720::origin=0,0,-370,2025-06-27 00:00:00,6760.0
official_usgs_streamflow,14211720,14211720::origin=0,0,-369,2025-06-28 00:00:00,7220.0
official_usgs_streamflow,14211720,14211720::origin=0,0,-368,2025-06-29 00:00:00,6130.0
official_usgs_streamflow,14211720,14211720::origin=0,0,-367,2025-06-30 00:00:00,5550.0
official_usgs_streamflow,14211720,14211720::origin=0,0,-366,2025-07-01 00:00:00,6450.0
official_usgs_streamflow,14211720,14211720::origin=0,0,-365,2025-07-02 00:00:00,6650.0
official_usgs_streamflow,14211720,14211720::origin=0,0,-364,2025-07-03 00:00:00,6150.0
official_usgs_streamflow,14211720,14211720::origin=0,0,-363,2025-07-04 00:00:00,9410.0
official_usgs_streamflow,14211720,14211720::origin=0,0,-362,2025-07-05 00:00:00,8640.0
official_usgs_streamflow,14211720,14211720::origin=0,0,-361,2025-07-06 00:00:00,6620.0
official_usgs_streamflow,14211720,14211720::origin=0,0,-360,2025-07-07 00:00:00,7890.0
official_usgs_streamflow,14211720,14211720::origin=0,0,-359,2025-07-08 00:00:00,9980.0
official_usgs_streamflow,14211720,14211720::origin=0,0,-358,2025-07-09 00:00:00,6680.0
official_usgs_streamflow,14211720,14211720::origin=0,0,-357,2025-07-10 00:00:00,5850.0
official_usgs_streamflow,14211720,14211720::origin=0,0,-356,2025-07-11 00:00:00,4530.0
official_usgs_streamflow,14211720,14211720::origin=0,0,-355,2025-07-12 00:00:00,5300.0
official_usgs_streamflow,14211720,14211720::origin=0,0,-354,2025-07-13 00:00:00,4860.0
official_usgs_streamflow,14211720,14211720::origin=0,0,-353,2025-07-14 00:00:00,5040.0
official_usgs_streamflow,14211720,14211720::origin=0,0,-352,2025-07-15 00:00:00,5500.0
official_usgs_streamflow,14211720,14211720::origin=0,0,-351,2025-07-16 00:00:00,6140.0
official_usgs_streamflow,14211720,14211720::origin=0,0,-350,2025-07-17 00:00:00,5780.0
official_usgs_streamflow,14211720,14211720::origin=0,0,-349,2025-07-18 00:00:00,5410.0
official_usgs_streamflow,14211720,14211720::origin=0,0,-348,2025-07-19 00:00:00,7150.0
official_usgs_streamflow,14211720,14211720::origin=0,0,-347,2025-07-20 00:00:00,6890.0
official_usgs_streamflow,14211720,14211720::origin=0,0,-346,2025-07-21 00:00:00,9110.0
official_usgs_streamflow,14211720,14211720::origin=0,0,-345,2025-07-22 00:00:00,7560.0
official_usgs_streamflow,14211720,14211720::origin=0,0,-344,2025-07-23 00:00:00,6570.0
official_usgs_streamflow,14211720,14211720::origin=0,0,-343,2025-07-24 00:00:00,5580.0
official_usgs_streamflow,14211720,14211720::origin=0,0,-342,2025-07-25 00:00:00,5390.0
official_usgs_streamflow,14211720,14211720::origin=0,0,-341,2025-07-26 00:00:00,5800.0
official_usgs_streamflow,14211720,14211720::origin=0,0,-340,2025-07-27 00:00:00,6710.0
official_usgs_streamflow,14211720,14211720::origin=0,0,-339,2025-07-28 00:00:00,6020.0
official_usgs_streamflow,14211720,14211720::origin=0,0,-338,2025-07-29 00:00:00,4720.0
official_usgs_streamflow,14211720,14211720::origin=0,0,-337,2025-07-30 00:00:00,5960.0
official_usgs_streamflow,14211720,14211720::origin=0,0,-336,2025-07-31 00:00:00,6730.0
official_usgs_streamflow,14211720,14211720::origin=0,0,-335,2025-08-01 00:00:00,6100.0
official_usgs_streamflow,14211720,14211720::origin=0,0,-334,2025-08-02 00:00:00,6090.0
official_usgs_streamflow,14211720,14211720::origin=0,0,-333,2025-08-03 00:00:00,6150.0
official_usgs_streamflow,14211720,14211720::origin=0,0,-332,2025-08-04 00:00:00,6920.0
official_usgs_streamflow,14211720,14211720::origin=0,0,-331,2025-08-05 00:00:00,8150.0
official_usgs_streamflow,14211720,14211720::origin=0,0,-330,2025-08-06 00:00:00,6730.0
official_usgs_streamflow,14211720,14211720::origin=0,0,-329,2025-08-07 00:00:00,6400.0
official_usgs_streamflow,14211720,14211720::origin=0,0,-328,2025-08-08 00:00:00,5550.0
official_usgs_streamflow,14211720,14211720::origin=0,0,-327,2025-08-09 00:00:00,5000.0
official_usgs_streamflow,14211720,14211720::origin=0,0,-326,2025-08-10 00:00:00,4580.0
official_usgs_streamflow,14211720,14211720::origin=0,0,-325,2025-08-11 00:00:00,5180.0
official_usgs_streamflow,14211720,14211720::origin=0,0,-324,2025-08-12 00:00:00,5890.0
official_usgs_streamflow,14211720,14211720::origin=0,0,-323,2025-08-13 00:00:00,5740.0
official_usgs_streamflow,14211720,14211720::origin=0,0,-322,2025-08-14 00:00:00,6620.0
official_usgs_streamflow,14211720,14211720::origin=0,0,-321,2025-08-15 00:00:00,5980.0
official_usgs_streamflow,14211720,14211720::origin=0,0,-320,2025-08-16 00:00:00,6430.0
official_usgs_streamflow,14211720,14211720::origin=0,0,-319,2025-08-17 00:00:00,7310.0
official_usgs_streamflow,14211720,14211720::origin=0,0,-318,2025-08-18 00:00:00,7640.0
official_usgs_streamflow,14211720,14211720::origin=0,0,-317,2025-08-19 00:00:00,8130.0
official_usgs_streamflow,14211720,14211720::origin=0,0,-316,2025-08-20 00:00:00,7510.0
official_usgs_streamflow,14211720,14211720::origin=0,0,-315,2025-08-21 00:00:00,4810.0
official_usgs_streamflow,14211720,14211720::origin=0,0,-314,2025-08-22 00:00:00,4640.0
official_usgs_streamflow,14211720,14211720::origin=0,0,-313,2025-08-23 00:00:00,4660.0
official_usgs_streamflow,14211720,14211720::origin=0,0,-312,2025-08-24 00:00:00,5720.0
official_usgs_streamflow,14211720,14211720::origin=0,0,-311,2025-08-25 00:00:00,6070.0
official_usgs_streamflow,14211720,14211720::origin=0,0,-310,2025-08-26 00:00:00,5650.0
official_usgs_streamflow,14211720,14211720::origin=0,0,-309,2025-08-27 00:00:00,6920.0
official_usgs_streamflow,14211720,14211720::origin=0,0,-308,2025-08-28 00:00:00,5240.0
official_usgs_streamflow,14211720,14211720::origin=0,0,-307,2025-08-29 00:00:00,7070.0
official_usgs_streamflow,14211720,14211720::origin=0,0,-306,2025-08-30 00:00:00,6760.0
official_usgs_streamflow,14211720,14211720::origin=0,0,-305,2025-08-31 00:00:00,5510.0
official_usgs_streamflow,14211720,14211720::origin=0,0,-304,2025-09-01 00:00:00,5800.0
official_usgs_streamflow,14211720,14211720::origin=0,0,-303,2025-09-02 00:00:00,8040.0
official_usgs_streamflow,14211720,14211720::origin=0,0,-302,2025-09-03 00:00:00,4320.0
official_usgs_streamflow,14211720,14211720::origin=0,0,-301,2025-09-04 00:00:00,5040.0
official_usgs_streamflow,14211720,14211720::origin=0,0,-300,2025-09-05 00:00:00,6220.0
official_usgs_streamflow,14211720,14211720::origin=0,0,-299,2025-09-06 00:00:00,7490.0
official_usgs_streamflow,14211720,14211720::origin=0,0,-298,2025-09-07 00:00:00,7370.0
official_usgs_streamflow,14211720,14211720::origin=0,0,-297,2025-09-08 00:00:00,6380.0
official_usgs_streamflow,14211720,14211720::origin=0,0,-296,2025-09-09 00:00:00,6440.0
official_usgs_streamflow,14211720,14211720::origin=0,0,-295,2025-09-10 00:00:00,6730.0
official_usgs_streamflow,14211720,14211720::origin=0,0,-294,2025-09-11 00:00:00,6360.0
official_usgs_streamflow,14211720,14211720::origin=0,0,-293,2025-09-12 00:00:00,6460.0
official_usgs_streamflow,14211720,14211720::origin=0,0,-292,2025-09-13 00:00:00,7090.0
official_usgs_streamflow,14211720,14211720::origin=0,0,-291,2025-09-14 00:00:00,7320.0
official_usgs_streamflow,14211720,14211720::origin=0,0,-290,2025-09-15 00:00:00,6880.0
official_usgs_streamflow,14211720,14211720::origin=0,0,-289,2025-09-16 00:00:00,8690.0
official_usgs_streamflow,14211720,14211720::origin=0,0,-288,2025-09-17 00:00:00,7500.0
official_usgs_streamflow,14211720,14211720::origin=0,0,-287,2025-09-18 00:00:00,6530.0
official_usgs_streamflow,14211720,14211720::origin=0,0,-286,2025-09-19 00:00:00,7130.0
official_usgs_streamflow,14211720,14211720::origin=0,0,-285,2025-09-20 00:00:00,8170.0
official_usgs_streamflow,14211720,14211720::origin=0,0,-284,2025-09-21 00:00:00,7960.0
official_usgs_streamflow,14211720,14211720::origin=0,0,-283,2025-09-22 00:00:00,7230.0
official_usgs_streamflow,14211720,14211720::origin=0,0,-282,2025-09-23 00:00:00,7580.0
official_usgs_streamflow,14211720,14211720::origin=0,0,-281,2025-09-24 00:00:00,6200.0
official_usgs_streamflow,14211720,14211720::origin=0,0,-280,2025-09-25 00:00:00,7020.0
official_usgs_streamflow,14211720,14211720::origin=0,0,-279,2025-09-26 00:00:00,7170.0
official_usgs_streamflow,14211720,14211720::origin=0,0,-278,2025-09-27 00:00:00,7100.0
official_usgs_streamflow,14211720,14211720::origin=0,0,-277,2025-09-28 00:00:00,7840.0
official_usgs_streamflow,14211720,14211720::origin=0,0,-276,2025-09-29 00:00:00,7800.0
official_usgs_streamflow,14211720,14211720::origin=0,0,-275,2025-09-30 00:00:00,7970.0
official_usgs_streamflow,14211720,14211720::origin=0,0,-274,2025-10-01 00:00:00,8050.0
official_usgs_streamflow,14211720,14211720::origin=0,0,-273,2025-10-02 00:00:00,8530.0
official_usgs_streamflow,14211720,14211720::origin=0,0,-272,2025-10-03 00:00:00,10000.0
official_usgs_streamflow,14211720,14211720::origin=0,0,-271,2025-10-04 00:00:00,9470.0
official_usgs_streamflow,14211720,14211720::origin=0,0,-270,2025-10-05 00:00:00,7000.0
official_usgs_streamflow,14211720,14211720::origin=0,0,-269,2025-10-06 00:00:00,8210.0
official_usgs_streamflow,14211720,14211720::origin=0,0,-268,2025-10-07 00:00:00,7530.0
official_usgs_streamflow,14211720,14211720::origin=0,0,-267,2025-10-08 00:00:00,7770.0
official_usgs_streamflow,14211720,14211720::origin=0,0,-266,2025-10-09 00:00:00,7800.0
official_usgs_streamflow,14211720,14211720::origin=0,0,-265,2025-10-10 00:00:00,8330.0
official_usgs_streamflow,14211720,14211720::origin=0,0,-264,2025-10-11 00:00:00,9270.0
official_usgs_streamflow,14211720,14211720::origin=0,0,-263,2025-10-12 00:00:00,9200.0
official_usgs_streamflow,14211720,14211720::origin=0,0,-262,2025-10-13 00:00:00,9890.0
official_usgs_streamflow,14211720,14211720::origin=0,0,-261,2025-10-14 00:00:00,9960.0
official_usgs_streamflow,14211720,14211720::origin=0,0,-260,2025-10-15 00:00:00,10500.0
official_usgs_streamflow,14211720,14211720::origin=0,0,-259,2025-10-16 00:00:00,11100.0
official_usgs_streamflow,14211720,14211720::origin=0,0,-258,2025-10-17 00:00:00,10100.0
official_usgs_streamflow,14211720,14211720::origin=0,0,-257,2025-10-18 00:00:00,9830.0
official_usgs_streamflow,14211720,14211720::origin=0,0,-256,2025-10-19 00:00:00,8610.0
official_usgs_streamflow,14211720,14211720::origin=0,0,-255,2025-10-20 00:00:00,10700.0
official_usgs_streamflow,14211720,14211720::origin=0,0,-254,2025-10-21 00:00:00,9790.0
official_usgs_streamflow,14211720,14211720::origin=0,0,-253,2025-10-22 00:00:00,10900.0
official_usgs_streamflow,14211720,14211720::origin=0,0,-252,2025-10-23 00:00:00,11800.0
official_usgs_streamflow,14211720,14211720::origin=0,0,-251,2025-10-24 00:00:00,12100.0
official_usgs_streamflow,14211720,14211720::origin=0,0,-250,2025-10-25 00:00:00,12300.0
official_usgs_streamflow,14211720,14211720::origin=0,0,-249,2025-10-26 00:00:00,16600.0
official_usgs_streamflow,14211720,14211720::origin=0,0,-248,2025-10-27 00:00:00,19800.0
official_usgs_streamflow,14211720,14211720::origin=0,0,-247,2025-10-28 00:00:00,19200.0
official_usgs_streamflow,14211720,14211720::origin=0,0,-246,2025-10-29 00:00:00,18600.0
official_usgs_streamflow,14211720,14211720::origin=0,0,-245,2025-10-30 00:00:00,16800.0
official_usgs_streamflow,14211720,14211720::origin=0,0,-244,2025-10-31 00:00:00,17000.0
official_usgs_streamflow,14211720,14211720::origin=0,0,-243,2025-11-01 00:00:00,18300.0
official_usgs_streamflow,14211720,14211720::origin=0,0,-242,2025-11-02 00:00:00,22800.0
official_usgs_streamflow,14211720,14211720::origin=0,0,-241,2025-11-03 00:00:00,23400.0
official_usgs_streamflow,14211720,14211720::origin=0,0,-240,2025-11-04 00:00:00,22800.0
official_usgs_streamflow,14211720,14211720::origin=0,0,-239,2025-11-05 00:00:00,21800.0
official_usgs_streamflow,14211720,14211720::origin=0,0,-238,2025-11-06 00:00:00,25000.0
official_usgs_streamflow,14211720,14211720::origin=0,0,-237,2025-11-07 00:00:00,30500.0
official_usgs_streamflow,14211720,14211720::origin=0,0,-236,2025-11-08 00:00:00,32000.0
official_usgs_streamflow,14211720,14211720::origin=0,0,-235,2025-11-09 00:00:00,28200.0
official_usgs_streamflow,14211720,14211720::origin=0,0,-234,2025-11-10 00:00:00,24400.0
official_usgs_streamflow,14211720,14211720::origin=0,0,-233,2025-11-11 00:00:00,21500.0
official_usgs_streamflow,14211720,14211720::origin=0,0,-232,2025-11-12 00:00:00,18800.0
official_usgs_streamflow,14211720,14211720::origin=0,0,-231,2025-11-13 00:00:00,17700.0
official_usgs_streamflow,14211720,14211720::origin=0,0,-230,2025-11-14 00:00:00,17900.0
official_usgs_streamflow,14211720,14211720::origin=0,0,-229,2025-11-15 00:00:00,16600.0
official_usgs_streamflow,14211720,14211720::origin=0,0,-228,2025-11-16 00:00:00,15300.0
official_usgs_streamflow,14211720,14211720::origin=0,0,-227,2025-11-17 00:00:00,14400.0
official_usgs_streamflow,14211720,14211720::origin=0,0,-226,2025-11-18 00:00:00,14600.0
official_usgs_streamflow,14211720,14211720::origin=0,0,-225,2025-11-19 00:00:00,13300.0
official_usgs_streamflow,14211720,14211720::origin=0,0,-224,2025-11-20 00:00:00,12600.0
official_usgs_streamflow,14211720,14211720::origin=0,0,-223,2025-11-21 00:00:00,11600.0
official_usgs_streamflow,14211720,14211720::origin=0,0,-222,2025-11-22 00:00:00,12100.0
official_usgs_streamflow,14211720,14211720::origin=0,0,-221,2025-11-23 00:00:00,12300.0
official_usgs_streamflow,14211720,14211720::origin=0,0,-220,2025-11-24 00:00:00,12700.0
official_usgs_streamflow,14211720,14211720::origin=0,0,-219,2025-11-25 00:00:00,13200.0
official_usgs_streamflow,14211720,14211720::origin=0,0,-218,2025-11-26 00:00:00,15600.0
official_usgs_streamflow,14211720,14211720::origin=0,0,-217,2025-11-27 00:00:00,19000.0
official_usgs_streamflow,14211720,14211720::origin=0,0,-216,2025-11-28 00:00:00,21500.0
official_usgs_streamflow,14211720,14211720::origin=0,0,-215,2025-11-29 00:00:00,22400.0
official_usgs_streamflow,14211720,14211720::origin=0,0,-214,2025-11-30 00:00:00,22500.0
official_usgs_streamflow,14211720,14211720::origin=0,0,-213,2025-12-01 00:00:00,19300.0
official_usgs_streamflow,14211720,14211720::origin=0,0,-212,2025-12-02 00:00:00,15800.0
official_usgs_streamflow,14211720,14211720::origin=0,0,-211,2025-12-03 00:00:00,13900.0
official_usgs_streamflow,14211720,14211720::origin=0,0,-210,2025-12-04 00:00:00,13300.0
official_usgs_streamflow,14211720,14211720::origin=0,0,-209,2025-12-05 00:00:00,19200.0
official_usgs_streamflow,14211720,14211720::origin=0,0,-208,2025-12-06 00:00:00,32000.0
official_usgs_streamflow,14211720,14211720::origin=0,0,-207,2025-12-07 00:00:00,39300.0
official_usgs_streamflow,14211720,14211720::origin=0,0,-206,2025-12-08 00:00:00,43500.0
official_usgs_streamflow,14211720,14211720::origin=0,0,-205,2025-12-09 00:00:00,75800.0
official_usgs_streamflow,14211720,14211720::origin=0,0,-204,2025-12-10 00:00:00,105000.0
official_usgs_streamflow,14211720,14211720::origin=0,0,-203,2025-12-11 00:00:00,98200.0
official_usgs_streamflow,14211720,14211720::origin=0,0,-202,2025-12-12 00:00:00,83300.0
official_usgs_streamflow,14211720,14211720::origin=0,0,-201,2025-12-13 00:00:00,67000.0
official_usgs_streamflow,14211720,14211720::origin=0,0,-200,2025-12-14 00:00:00,52000.0
official_usgs_streamflow,14211720,14211720::origin=0,0,-199,2025-12-15 00:00:00,43500.0
official_usgs_streamflow,14211720,14211720::origin=0,0,-198,2025-12-16 00:00:00,43400.0
official_usgs_streamflow,14211720,14211720::origin=0,0,-197,2025-12-17 00:00:00,49300.0
official_usgs_streamflow,14211720,14211720::origin=0,0,-196,2025-12-18 00:00:00,63700.0
official_usgs_streamflow,14211720,14211720::origin=0,0,-195,2025-12-19 00:00:00,144000.0
official_usgs_streamflow,14211720,14211720::origin=0,0,-194,2025-12-20 00:00:00,144000.0
official_usgs_streamflow,14211720,14211720::origin=0,0,-193,2025-12-21 00:00:00,144000.0
official_usgs_streamflow,14211720,14211720::origin=0,0,-192,2025-12-22 00:00:00,131000.0
official_usgs_streamflow,14211720,14211720::origin=0,0,-191,2025-12-23 00:00:00,108000.0
official_usgs_streamflow,14211720,14211720::origin=0,0,-190,2025-12-24 00:00:00,89100.0
official_usgs_streamflow,14211720,14211720::origin=0,0,-189,2025-12-25 00:00:00,80100.0
official_usgs_streamflow,14211720,14211720::origin=0,0,-188,2025-12-26 00:00:00,70400.0
official_usgs_streamflow,14211720,14211720::origin=0,0,-187,2025-12-27 00:00:00,62300.0
official_usgs_streamflow,14211720,14211720::origin=0,0,-186,2025-12-28 00:00:00,56900.0
official_usgs_streamflow,14211720,14211720::origin=0,0,-185,2025-12-29 00:00:00,52700.0
official_usgs_streamflow,14211720,14211720::origin=0,0,-184,2025-12-30 00:00:00,47700.0
official_usgs_streamflow,14211720,14211720::origin=0,0,-183,2025-12-31 00:00:00,42700.0
official_usgs_streamflow,14211720,14211720::origin=0,0,-182,2026-01-01 00:00:00,40400.0
official_usgs_streamflow,14211720,14211720::origin=0,0,-181,2026-01-02 00:00:00,39400.0
official_usgs_streamflow,14211720,14211720::origin=0,0,-180,2026-01-03 00:00:00,40800.0
official_usgs_streamflow,14211720,14211720::origin=0,0,-179,2026-01-04 00:00:00,42400.0
official_usgs_streamflow,14211720,14211720::origin=0,0,-178,2026-01-05 00:00:00,50900.0
official_usgs_streamflow,14211720,14211720::origin=0,0,-177,2026-01-06 00:00:00,53700.0
official_usgs_streamflow,14211720,14211720::origin=0,0,-176,2026-01-07 00:00:00,59500.0
official_usgs_streamflow,14211720,14211720::origin=0,0,-175,2026-01-08 00:00:00,67200.0
official_usgs_streamflow,14211720,14211720::origin=0,0,-174,2026-01-09 00:00:00,68800.0
official_usgs_streamflow,14211720,14211720::origin=0,0,-173,2026-01-10 00:00:00,63600.0
official_usgs_streamflow,14211720,14211720::origin=0,0,-172,2026-01-11 00:00:00,57000.0
official_usgs_streamflow,14211720,14211720::origin=0,0,-171,2026-01-12 00:00:00,51900.0
official_usgs_streamflow,14211720,14211720::origin=0,0,-170,2026-01-13 00:00:00,46700.0
official_usgs_streamflow,14211720,14211720::origin=0,0,-169,2026-01-14 00:00:00,40500.0
official_usgs_streamflow,14211720,14211720::origin=0,0,-168,2026-01-15 00:00:00,36600.0
official_usgs_streamflow,14211720,14211720::origin=0,0,-167,2026-01-16 00:00:00,33200.0
official_usgs_streamflow,14211720,14211720::origin=0,0,-166,2026-01-17 00:00:00,30100.0
official_usgs_streamflow,14211720,14211720::origin=0,0,-165,2026-01-18 00:00:00,27700.0
official_usgs_streamflow,14211720,14211720::origin=0,0,-164,2026-01-19 00:00:00,25600.0
official_usgs_streamflow,14211720,14211720::origin=0,0,-163,2026-01-20 00:00:00,23600.0
official_usgs_streamflow,14211720,14211720::origin=0,0,-162,2026-01-21 00:00:00,22000.0
official_usgs_streamflow,14211720,14211720::origin=0,0,-161,2026-01-22 00:00:00,20300.0
official_usgs_streamflow,14211720,14211720::origin=0,0,-160,2026-01-23 00:00:00,19400.0
official_usgs_streamflow,14211720,14211720::origin=0,0,-159,2026-01-24 00:00:00,17300.0
official_usgs_streamflow,14211720,14211720::origin=0,0,-158,2026-01-25 00:00:00,16400.0
official_usgs_streamflow,14211720,14211720::origin=0,0,-157,2026-01-26 00:00:00,15800.0
official_usgs_streamflow,14211720,14211720::origin=0,0,-156,2026-01-27 00:00:00,15700.0
official_usgs_streamflow,14211720,14211720::origin=0,0,-155,2026-01-28 00:00:00,15200.0
official_usgs_streamflow,14211720,14211720::origin=0,0,-154,2026-01-29 00:00:00,15300.0
official_usgs_streamflow,14211720,14211720::origin=0,0,-153,2026-01-30 00:00:00,13900.0
official_usgs_streamflow,14211720,14211720::origin=0,0,-152,2026-01-31 00:00:00,14400.0
official_usgs_streamflow,14211720,14211720::origin=0,0,-151,2026-02-01 00:00:00,15200.0
official_usgs_streamflow,14211720,14211720::origin=0,0,-150,2026-02-02 00:00:00,15700.0
official_usgs_streamflow,14211720,14211720::origin=0,0,-149,2026-02-03 00:00:00,16300.0
official_usgs_streamflow,14211720,14211720::origin=0,0,-148,2026-02-04 00:00:00,15100.0
official_usgs_streamflow,14211720,14211720::origin=0,0,-147,2026-02-05 00:00:00,14500.0
official_usgs_streamflow,14211720,14211720::origin=0,0,-146,2026-02-06 00:00:00,13800.0
official_usgs_streamflow,14211720,14211720::origin=0,0,-145,2026-02-07 00:00:00,13400.0
official_usgs_streamflow,14211720,14211720::origin=0,0,-144,2026-02-08 00:00:00,16200.0
official_usgs_streamflow,14211720,14211720::origin=0,0,-143,2026-02-09 00:00:00,26300.0
official_usgs_streamflow,14211720,14211720::origin=0,0,-142,2026-02-10 00:00:00,40100.0
official_usgs_streamflow,14211720,14211720::origin=0,0,-141,2026-02-11 00:00:00,37900.0
official_usgs_streamflow,14211720,14211720::origin=0,0,-140,2026-02-12 00:00:00,29800.0
official_usgs_streamflow,14211720,14211720::origin=0,0,-139,2026-02-13 00:00:00,24400.0
official_usgs_streamflow,14211720,14211720::origin=0,0,-138,2026-02-14 00:00:00,22000.0
official_usgs_streamflow,14211720,14211720::origin=0,0,-137,2026-02-15 00:00:00,21600.0
official_usgs_streamflow,14211720,14211720::origin=0,0,-136,2026-02-16 00:00:00,22100.0
official_usgs_streamflow,14211720,14211720::origin=0,0,-135,2026-02-17 00:00:00,24800.0
official_usgs_streamflow,14211720,14211720::origin=0,0,-134,2026-02-18 00:00:00,27900.0
official_usgs_streamflow,14211720,14211720::origin=0,0,-133,2026-02-19 00:00:00,27500.0
official_usgs_streamflow,14211720,14211720::origin=0,0,-132,2026-02-20 00:00:00,25700.0
official_usgs_streamflow,14211720,14211720::origin=0,0,-131,2026-02-21 00:00:00,24400.0
official_usgs_streamflow,14211720,14211720::origin=0,0,-130,2026-02-22 00:00:00,25000.0
official_usgs_streamflow,14211720,14211720::origin=0,0,-129,2026-02-23 00:00:00,35100.0
official_usgs_streamflow,14211720,14211720::origin=0,0,-128,2026-02-24 00:00:00,72100.0
official_usgs_streamflow,14211720,14211720::origin=0,0,-127,2026-02-25 00:00:00,96600.0
official_usgs_streamflow,14211720,14211720::origin=0,0,-126,2026-02-26 00:00:00,94700.0
official_usgs_streamflow,14211720,14211720::origin=0,0,-125,2026-02-27 00:00:00,80400.0
official_usgs_streamflow,14211720,14211720::origin=0,0,-124,2026-02-28 00:00:00,62300.0
official_usgs_streamflow,14211720,14211720::origin=0,0,-123,2026-03-01 00:00:00,50100.0
official_usgs_streamflow,14211720,14211720::origin=0,0,-122,2026-03-02 00:00:00,43000.0
official_usgs_streamflow,14211720,14211720::origin=0,0,-121,2026-03-03 00:00:00,38600.0
official_usgs_streamflow,14211720,14211720::origin=0,0,-120,2026-03-04 00:00:00,34800.0
official_usgs_streamflow,14211720,14211720::origin=0,0,-119,2026-03-05 00:00:00,35400.0
official_usgs_streamflow,14211720,14211720::origin=0,0,-118,2026-03-06 00:00:00,38100.0
official_usgs_streamflow,14211720,14211720::origin=0,0,-117,2026-03-07 00:00:00,37100.0
official_usgs_streamflow,14211720,14211720::origin=0,0,-116,2026-03-08 00:00:00,34900.0
official_usgs_streamflow,14211720,14211720::origin=0,0,-115,2026-03-09 00:00:00,34700.0
official_usgs_streamflow,14211720,14211720::origin=0,0,-114,2026-03-10 00:00:00,33600.0
official_usgs_streamflow,14211720,14211720::origin=0,0,-113,2026-03-11 00:00:00,31900.0
official_usgs_streamflow,14211720,14211720::origin=0,0,-112,2026-03-12 00:00:00,57100.0
official_usgs_streamflow,14211720,14211720::origin=0,0,-111,2026-03-13 00:00:00,85100.0
official_usgs_streamflow,14211720,14211720::origin=0,0,-110,2026-03-14 00:00:00,100000.0
official_usgs_streamflow,14211720,14211720::origin=0,0,-109,2026-03-15 00:00:00,97700.0
official_usgs_streamflow,14211720,14211720::origin=0,0,-108,2026-03-16 00:00:00,85900.0
official_usgs_streamflow,14211720,14211720::origin=0,0,-107,2026-03-17 00:00:00,71500.0
official_usgs_streamflow,14211720,14211720::origin=0,0,-106,2026-03-18 00:00:00,58000.0
official_usgs_streamflow,14211720,14211720::origin=0,0,-105,2026-03-19 00:00:00,49200.0
official_usgs_streamflow,14211720,14211720::origin=0,0,-104,2026-03-20 00:00:00,42100.0
official_usgs_streamflow,14211720,14211720::origin=0,0,-103,2026-03-21 00:00:00,37500.0
official_usgs_streamflow,14211720,14211720::origin=0,0,-102,2026-03-22 00:00:00,32600.0
official_usgs_streamflow,14211720,14211720::origin=0,0,-101,2026-03-23 00:00:00,29700.0
official_usgs_streamflow,14211720,14211720::origin=0,0,-100,2026-03-24 00:00:00,25800.0
official_usgs_streamflow,14211720,14211720::origin=0,0,-99,2026-03-25 00:00:00,25600.0
official_usgs_streamflow,14211720,14211720::origin=0,0,-98,2026-03-26 00:00:00,26500.0
official_usgs_streamflow,14211720,14211720::origin=0,0,-97,2026-03-27 00:00:00,25300.0
official_usgs_streamflow,14211720,14211720::origin=0,0,-96,2026-03-28 00:00:00,23000.0
official_usgs_streamflow,14211720,14211720::origin=0,0,-95,2026-03-29 00:00:00,21400.0
official_usgs_streamflow,14211720,14211720::origin=0,0,-94,2026-03-30 00:00:00,21000.0
official_usgs_streamflow,14211720,14211720::origin=0,0,-93,2026-03-31 00:00:00,19900.0
official_usgs_streamflow,14211720,14211720::origin=0,0,-92,2026-04-01 00:00:00,19400.0
official_usgs_streamflow,14211720,14211720::origin=0,0,-91,2026-04-02 00:00:00,21700.0
official_usgs_streamflow,14211720,14211720::origin=0,0,-90,2026-04-03 00:00:00,25900.0
official_usgs_streamflow,14211720,14211720::origin=0,0,-89,2026-04-04 00:00:00,26700.0
official_usgs_streamflow,14211720,14211720::origin=0,0,-88,2026-04-05 00:00:00,25600.0
official_usgs_streamflow,14211720,14211720::origin=0,0,-87,2026-04-06 00:00:00,24500.0
official_usgs_streamflow,14211720,14211720::origin=0,0,-86,2026-04-07 00:00:00,23100.0
official_usgs_streamflow,14211720,14211720::origin=0,0,-85,2026-04-08 00:00:00,22400.0
official_usgs_streamflow,14211720,14211720::origin=0,0,-84,2026-04-09 00:00:00,22400.0
official_usgs_streamflow,14211720,14211720::origin=0,0,-83,2026-04-10 00:00:00,18700.0
official_usgs_streamflow,14211720,14211720::origin=0,0,-82,2026-04-11 00:00:00,20000.0
official_usgs_streamflow,14211720,14211720::origin=0,0,-81,2026-04-12 00:00:00,20200.0
official_usgs_streamflow,14211720,14211720::origin=0,0,-80,2026-04-13 00:00:00,22700.0
official_usgs_streamflow,14211720,14211720::origin=0,0,-79,2026-04-14 00:00:00,23800.0
official_usgs_streamflow,14211720,14211720::origin=0,0,-78,2026-04-15 00:00:00,26300.0
official_usgs_streamflow,14211720,14211720::origin=0,0,-77,2026-04-16 00:00:00,33800.0
official_usgs_streamflow,14211720,14211720::origin=0,0,-76,2026-04-17 00:00:00,37600.0
official_usgs_streamflow,14211720,14211720::origin=0,0,-75,2026-04-18 00:00:00,34600.0
official_usgs_streamflow,14211720,14211720::origin=0,0,-74,2026-04-19 00:00:00,31500.0
official_usgs_streamflow,14211720,14211720::origin=0,0,-73,2026-04-20 00:00:00,28600.0
official_usgs_streamflow,14211720,14211720::origin=0,0,-72,2026-04-21 00:00:00,26800.0
official_usgs_streamflow,14211720,14211720::origin=0,0,-71,2026-04-22 00:00:00,26800.0
official_usgs_streamflow,14211720,14211720::origin=0,0,-70,2026-04-23 00:00:00,26800.0
official_usgs_streamflow,14211720,14211720::origin=0,0,-69,2026-04-24 00:00:00,24600.0
official_usgs_streamflow,14211720,14211720::origin=0,0,-68,2026-04-25 00:00:00,24700.0
official_usgs_streamflow,14211720,14211720::origin=0,0,-67,2026-04-26 00:00:00,23100.0
official_usgs_streamflow,14211720,14211720::origin=0,0,-66,2026-04-27 00:00:00,21200.0
official_usgs_streamflow,14211720,14211720::origin=0,0,-65,2026-04-28 00:00:00,19300.0
official_usgs_streamflow,14211720,14211720::origin=0,0,-64,2026-04-29 00:00:00,18700.0
official_usgs_streamflow,14211720,14211720::origin=0,0,-63,2026-04-30 00:00:00,18000.0
official_usgs_streamflow,14211720,14211720::origin=0,0,-62,2026-05-01 00:00:00,17100.0
official_usgs_streamflow,14211720,14211720::origin=0,0,-61,2026-05-02 00:00:00,17100.0
official_usgs_streamflow,14211720,14211720::origin=0,0,-60,2026-05-03 00:00:00,16000.0
official_usgs_streamflow,14211720,14211720::origin=0,0,-59,2026-05-04 00:00:00,16000.0
official_usgs_streamflow,14211720,14211720::origin=0,0,-58,2026-05-05 00:00:00,15100.0
official_usgs_streamflow,14211720,14211720::origin=0,0,-57,2026-05-06 00:00:00,14700.0
official_usgs_streamflow,14211720,14211720::origin=0,0,-56,2026-05-07 00:00:00,15700.0
official_usgs_streamflow,14211720,14211720::origin=0,0,-55,2026-05-08 00:00:00,15100.0
official_usgs_streamflow,14211720,14211720::origin=0,0,-54,2026-05-09 00:00:00,14400.0
official_usgs_streamflow,14211720,14211720::origin=0,0,-53,2026-05-10 00:00:00,14300.0
official_usgs_streamflow,14211720,14211720::origin=0,0,-52,2026-05-11 00:00:00,13100.0
official_usgs_streamflow,14211720,14211720::origin=0,0,-51,2026-05-12 00:00:00,15800.0
official_usgs_streamflow,14211720,14211720::origin=0,0,-50,2026-05-13 00:00:00,13100.0
official_usgs_streamflow,14211720,14211720::origin=0,0,-49,2026-05-14 00:00:00,12600.0
official_usgs_streamflow,14211720,14211720::origin=0,0,-48,2026-05-15 00:00:00,11700.0
official_usgs_streamflow,14211720,14211720::origin=0,0,-47,2026-05-16 00:00:00,12200.0
official_usgs_streamflow,14211720,14211720::origin=0,0,-46,2026-05-17 00:00:00,13200.0
official_usgs_streamflow,14211720,14211720::origin=0,0,-45,2026-05-18 00:00:00,13900.0
official_usgs_streamflow,14211720,14211720::origin=0,0,-44,2026-05-19 00:00:00,14000.0
official_usgs_streamflow,14211720,14211720::origin=0,0,-43,2026-05-20 00:00:00,12000.0
official_usgs_streamflow,14211720,14211720::origin=0,0,-42,2026-05-21 00:00:00,11800.0
official_usgs_streamflow,14211720,14211720::origin=0,0,-41,2026-05-22 00:00:00,11400.0
official_usgs_streamflow,14211720,14211720::origin=0,0,-40,2026-05-23 00:00:00,12300.0
official_usgs_streamflow,14211720,14211720::origin=0,0,-39,2026-05-24 00:00:00,14000.0
official_usgs_streamflow,14211720,14211720::origin=0,0,-38,2026-05-25 00:00:00,12600.0
official_usgs_streamflow,14211720,14211720::origin=0,0,-37,2026-05-26 00:00:00,12100.0
official_usgs_streamflow,14211720,14211720::origin=0,0,-36,2026-05-27 00:00:00,10900.0
official_usgs_streamflow,14211720,14211720::origin=0,0,-35,2026-05-28 00:00:00,11100.0
official_usgs_streamflow,14211720,14211720::origin=0,0,-34,2026-05-29 00:00:00,11200.0
official_usgs_streamflow,14211720,14211720::origin=0,0,-33,2026-05-30 00:00:00,11700.0
official_usgs_streamflow,14211720,14211720::origin=0,0,-32,2026-05-31 00:00:00,9910.0
official_usgs_streamflow,14211720,14211720::origin=0,0,-31,2026-06-01 00:00:00,10000.0
official_usgs_streamflow,14211720,14211720::origin=0,0,-30,2026-06-02 00:00:00,13500.0
official_usgs_streamflow,14211720,14211720::origin=0,0,-29,2026-06-03 00:00:00,13800.0
official_usgs_streamflow,14211720,14211720::origin=0,0,-28,2026-06-04 00:00:00,7420.0
official_usgs_streamflow,14211720,14211720::origin=0,0,-27,2026-06-05 00:00:00,8390.0
official_usgs_streamflow,14211720,14211720::origin=0,0,-26,2026-06-06 00:00:00,9950.0
official_usgs_streamflow,14211720,14211720::origin=0,0,-25,2026-06-07 00:00:00,10800.0
official_usgs_streamflow,14211720,14211720::origin=0,0,-24,2026-06-08 00:00:00,9560.0
official_usgs_streamflow,14211720,14211720::origin=0,0,-23,2026-06-09 00:00:00,13500.0
official_usgs_streamflow,14211720,14211720::origin=0,0,-22,2026-06-10 00:00:00,12900.0
official_usgs_streamflow,14211720,14211720::origin=0,0,-21,2026-06-11 00:00:00,12600.0
official_usgs_streamflow,14211720,14211720::origin=0,0,-20,2026-06-12 00:00:00,9540.0
official_usgs_streamflow,14211720,14211720::origin=0,0,-19,2026-06-13 00:00:00,10400.0
official_usgs_streamflow,14211720,14211720::origin=0,0,-18,2026-06-14 00:00:00,10800.0
official_usgs_streamflow,14211720,14211720::origin=0,0,-17,2026-06-15 00:00:00,11000.0
official_usgs_streamflow,14211720,14211720::origin=0,0,-16,2026-06-16 00:00:00,9670.0
official_usgs_streamflow,14211720,14211720::origin=0,0,-15,2026-06-17 00:00:00,9760.0
official_usgs_streamflow,14211720,14211720::origin=0,0,-14,2026-06-18 00:00:00,8420.0
official_usgs_streamflow,14211720,14211720::origin=0,0,-13,2026-06-19 00:00:00,10500.0
official_usgs_streamflow,14211720,14211720::origin=0,0,-12,2026-06-20 00:00:00,10100.0
official_usgs_streamflow,14211720,14211720::origin=0,0,-11,2026-06-21 00:00:00,7780.0
official_usgs_streamflow,14211720,14211720::origin=0,0,-10,2026-06-22 00:00:00,6830.0
official_usgs_streamflow,14211720,14211720::origin=0,0,-9,2026-06-23 00:00:00,6820.0
official_usgs_streamflow,14211720,14211720::origin=0,0,-8,2026-06-24 00:00:00,8550.0
official_usgs_streamflow,14211720,14211720::origin=0,0,-7,2026-06-25 00:00:00,8840.0
official_usgs_streamflow,14211720,14211720::origin=0,0,-6,2026-06-26 00:00:00,9210.0
official_usgs_streamflow,14211720,14211720::origin=0,0,-5,2026-06-27 00:00:00,8880.0
official_usgs_streamflow,14211720,14211720::origin=0,0,-4,2026-06-28 00:00:00,9370.0
official_usgs_streamflow,14211720,14211720::origin=0,0,-3,2026-06-29 00:00:00,8890.0
official_usgs_streamflow,14211720,14211720::origin=0,0,-2,2026-06-30 00:00:00,8110.0
official_usgs_streamflow,14211720,14211720::origin=0,0,-1,2026-07-01 00:00:00,7790.0
official_usgs_streamflow,14211720,14211720::origin=1,1,-512,2025-01-06 00:00:00,121000.0
official_usgs_streamflow,14211720,14211720::origin=1,1,-511,2025-01-07 00:00:00,121000.0
official_usgs_streamflow,14211720,14211720::origin=1,1,-510,2025-01-08 00:00:00,116000.0
official_usgs_streamflow,14211720,14211720::origin=1,1,-509,2025-01-09 00:00:00,105000.0
official_usgs_streamflow,14211720,14211720::origin=1,1,-508,2025-01-10 00:00:00,93300.0
official_usgs_streamflow,14211720,14211720::origin=1,1,-507,2025-01-11 00:00:00,86500.0
official_usgs_streamflow,14211720,14211720::origin=1,1,-506,2025-01-12 00:00:00,82400.0
official_usgs_streamflow,14211720,14211720::origin=1,1,-505,2025-01-13 00:00:00,78100.0
official_usgs_streamflow,14211720,14211720::origin=1,1,-504,2025-01-14 00:00:00,73400.0
official_usgs_streamflow,14211720,14211720::origin=1,1,-503,2025-01-15 00:00:00,67100.0
official_usgs_streamflow,14211720,14211720::origin=1,1,-502,2025-01-16 00:00:00,62000.0
official_usgs_streamflow,14211720,14211720::origin=1,1,-501,2025-01-17 00:00:00,58500.0
official_usgs_streamflow,14211720,14211720::origin=1,1,-500,2025-01-18 00:00:00,53900.0
official_usgs_streamflow,14211720,14211720::origin=1,1,-499,2025-01-19 00:00:00,50500.0
official_usgs_streamflow,14211720,14211720::origin=1,1,-498,2025-01-20 00:00:00,47900.0
official_usgs_streamflow,14211720,14211720::origin=1,1,-497,2025-01-21 00:00:00,44800.0
official_usgs_streamflow,14211720,14211720::origin=1,1,-496,2025-01-22 00:00:00,41900.0
official_usgs_streamflow,14211720,14211720::origin=1,1,-495,2025-01-23 00:00:00,38200.0
official_usgs_streamflow,14211720,14211720::origin=1,1,-494,2025-01-24 00:00:00,35500.0
official_usgs_streamflow,14211720,14211720::origin=1,1,-493,2025-01-25 00:00:00,33700.0
official_usgs_streamflow,14211720,14211720::origin=1,1,-492,2025-01-26 00:00:00,31100.0
official_usgs_streamflow,14211720,14211720::origin=1,1,-491,2025-01-27 00:00:00,28500.0
official_usgs_streamflow,14211720,14211720::origin=1,1,-490,2025-01-28 00:00:00,25900.0
official_usgs_streamflow,14211720,14211720::origin=1,1,-489,2025-01-29 00:00:00,23400.0
official_usgs_streamflow,14211720,14211720::origin=1,1,-488,2025-01-30 00:00:00,21900.0
official_usgs_streamflow,14211720,14211720::origin=1,1,-487,2025-01-31 00:00:00,20000.0
official_usgs_streamflow,14211720,14211720::origin=1,1,-486,2025-02-01 00:00:00,22600.0
official_usgs_streamflow,14211720,14211720::origin=1,1,-485,2025-02-02 00:00:00,27300.0
official_usgs_streamflow,14211720,14211720::origin=1,1,-484,2025-02-03 00:00:00,29300.0
official_usgs_streamflow,14211720,14211720::origin=1,1,-483,2025-02-04 00:00:00,27700.0
official_usgs_streamflow,14211720,14211720::origin=1,1,-482,2025-02-05 00:00:00,25300.0
official_usgs_streamflow,14211720,14211720::origin=1,1,-481,2025-02-06 00:00:00,24400.0
official_usgs_streamflow,14211720,14211720::origin=1,1,-480,2025-02-07 00:00:00,23600.0
official_usgs_streamflow,14211720,14211720::origin=1,1,-479,2025-02-08 00:00:00,21800.0
official_usgs_streamflow,14211720,14211720::origin=1,1,-478,2025-02-09 00:00:00,20200.0
official_usgs_streamflow,14211720,14211720::origin=1,1,-477,2025-02-10 00:00:00,19400.0
official_usgs_streamflow,14211720,14211720::origin=1,1,-476,2025-02-11 00:00:00,18500.0
official_usgs_streamflow,14211720,14211720::origin=1,1,-475,2025-02-12 00:00:00,18500.0
official_usgs_streamflow,14211720,14211720::origin=1,1,-474,2025-02-13 00:00:00,19300.0
official_usgs_streamflow,14211720,14211720::origin=1,1,-473,2025-02-14 00:00:00,18200.0
official_usgs_streamflow,14211720,14211720::origin=1,1,-472,2025-02-15 00:00:00,20300.0
official_usgs_streamflow,14211720,14211720::origin=1,1,-471,2025-02-16 00:00:00,24400.0
official_usgs_streamflow,14211720,14211720::origin=1,1,-470,2025-02-17 00:00:00,32100.0
official_usgs_streamflow,14211720,14211720::origin=1,1,-469,2025-02-18 00:00:00,49400.0
official_usgs_streamflow,14211720,14211720::origin=1,1,-468,2025-02-19 00:00:00,59800.0
official_usgs_streamflow,14211720,14211720::origin=1,1,-467,2025-02-20 00:00:00,60900.0
official_usgs_streamflow,14211720,14211720::origin=1,1,-466,2025-02-21 00:00:00,57700.0
official_usgs_streamflow,14211720,14211720::origin=1,1,-465,2025-02-22 00:00:00,52600.0
official_usgs_streamflow,14211720,14211720::origin=1,1,-464,2025-02-23 00:00:00,65200.0
official_usgs_streamflow,14211720,14211720::origin=1,1,-463,2025-02-24 00:00:00,110000.0
official_usgs_streamflow,14211720,14211720::origin=1,1,-462,2025-02-25 00:00:00,126000.0
official_usgs_streamflow,14211720,14211720::origin=1,1,-461,2025-02-26 00:00:00,132000.0
official_usgs_streamflow,14211720,14211720::origin=1,1,-460,2025-02-27 00:00:00,120000.0
official_usgs_streamflow,14211720,14211720::origin=1,1,-459,2025-02-28 00:00:00,98000.0
official_usgs_streamflow,14211720,14211720::origin=1,1,-458,2025-03-01 00:00:00,79000.0
official_usgs_streamflow,14211720,14211720::origin=1,1,-457,2025-03-02 00:00:00,67600.0
official_usgs_streamflow,14211720,14211720::origin=1,1,-456,2025-03-03 00:00:00,60200.0
official_usgs_streamflow,14211720,14211720::origin=1,1,-455,2025-03-04 00:00:00,54400.0
official_usgs_streamflow,14211720,14211720::origin=1,1,-454,2025-03-05 00:00:00,48900.0
official_usgs_streamflow,14211720,14211720::origin=1,1,-453,2025-03-06 00:00:00,44600.0
official_usgs_streamflow,14211720,14211720::origin=1,1,-452,2025-03-07 00:00:00,39400.0
official_usgs_streamflow,14211720,14211720::origin=1,1,-451,2025-03-08 00:00:00,35200.0
official_usgs_streamflow,14211720,14211720::origin=1,1,-450,2025-03-09 00:00:00,31200.0
official_usgs_streamflow,14211720,14211720::origin=1,1,-449,2025-03-10 00:00:00,29600.0
official_usgs_streamflow,14211720,14211720::origin=1,1,-448,2025-03-11 00:00:00,28500.0
official_usgs_streamflow,14211720,14211720::origin=1,1,-447,2025-03-12 00:00:00,26900.0
official_usgs_streamflow,14211720,14211720::origin=1,1,-446,2025-03-13 00:00:00,30500.0
official_usgs_streamflow,14211720,14211720::origin=1,1,-445,2025-03-14 00:00:00,37900.0
official_usgs_streamflow,14211720,14211720::origin=1,1,-444,2025-03-15 00:00:00,43000.0
official_usgs_streamflow,14211720,14211720::origin=1,1,-443,2025-03-16 00:00:00,63300.0
official_usgs_streamflow,14211720,14211720::origin=1,1,-442,2025-03-17 00:00:00,86500.0
official_usgs_streamflow,14211720,14211720::origin=1,1,-441,2025-03-18 00:00:00,97200.0
official_usgs_streamflow,14211720,14211720::origin=1,1,-440,2025-03-19 00:00:00,97900.0
official_usgs_streamflow,14211720,14211720::origin=1,1,-439,2025-03-20 00:00:00,85500.0
official_usgs_streamflow,14211720,14211720::origin=1,1,-438,2025-03-21 00:00:00,82600.0
official_usgs_streamflow,14211720,14211720::origin=1,1,-437,2025-03-22 00:00:00,103000.0
official_usgs_streamflow,14211720,14211720::origin=1,1,-436,2025-03-23 00:00:00,108000.0
official_usgs_streamflow,14211720,14211720::origin=1,1,-435,2025-03-24 00:00:00,107000.0
official_usgs_streamflow,14211720,14211720::origin=1,1,-434,2025-03-25 00:00:00,100000.0
official_usgs_streamflow,14211720,14211720::origin=1,1,-433,2025-03-26 00:00:00,90400.0
official_usgs_streamflow,14211720,14211720::origin=1,1,-432,2025-03-27 00:00:00,86000.0
official_usgs_streamflow,14211720,14211720::origin=1,1,-431,2025-03-28 00:00:00,84000.0
official_usgs_streamflow,14211720,14211720::origin=1,1,-430,2025-03-29 00:00:00,85500.0
official_usgs_streamflow,14211720,14211720::origin=1,1,-429,2025-03-30 00:00:00,82000.0
official_usgs_streamflow,14211720,14211720::origin=1,1,-428,2025-03-31 00:00:00,76800.0
official_usgs_streamflow,14211720,14211720::origin=1,1,-427,2025-04-01 00:00:00,75100.0
official_usgs_streamflow,14211720,14211720::origin=1,1,-426,2025-04-02 00:00:00,70600.0
official_usgs_streamflow,14211720,14211720::origin=1,1,-425,2025-04-03 00:00:00,63300.0
official_usgs_streamflow,14211720,14211720::origin=1,1,-424,2025-04-04 00:00:00,56600.0
official_usgs_streamflow,14211720,14211720::origin=1,1,-423,2025-04-05 00:00:00,49000.0
official_usgs_streamflow,14211720,14211720::origin=1,1,-422,2025-04-06 00:00:00,45000.0
official_usgs_streamflow,14211720,14211720::origin=1,1,-421,2025-04-07 00:00:00,47000.0
official_usgs_streamflow,14211720,14211720::origin=1,1,-420,2025-04-08 00:00:00,53800.0
official_usgs_streamflow,14211720,14211720::origin=1,1,-419,2025-04-09 00:00:00,59700.0
official_usgs_streamflow,14211720,14211720::origin=1,1,-418,2025-04-10 00:00:00,59900.0
official_usgs_streamflow,14211720,14211720::origin=1,1,-417,2025-04-11 00:00:00,58600.0
official_usgs_streamflow,14211720,14211720::origin=1,1,-416,2025-04-12 00:00:00,53800.0
official_usgs_streamflow,14211720,14211720::origin=1,1,-415,2025-04-13 00:00:00,48000.0
official_usgs_streamflow,14211720,14211720::origin=1,1,-414,2025-04-14 00:00:00,43500.0
official_usgs_streamflow,14211720,14211720::origin=1,1,-413,2025-04-15 00:00:00,39700.0
official_usgs_streamflow,14211720,14211720::origin=1,1,-412,2025-04-16 00:00:00,36200.0
official_usgs_streamflow,14211720,14211720::origin=1,1,-411,2025-04-17 00:00:00,33500.0
official_usgs_streamflow,14211720,14211720::origin=1,1,-410,2025-04-18 00:00:00,32100.0
official_usgs_streamflow,14211720,14211720::origin=1,1,-409,2025-04-19 00:00:00,28900.0
official_usgs_streamflow,14211720,14211720::origin=1,1,-408,2025-04-20 00:00:00,26200.0
official_usgs_streamflow,14211720,14211720::origin=1,1,-407,2025-04-21 00:00:00,25100.0
official_usgs_streamflow,14211720,14211720::origin=1,1,-406,2025-04-22 00:00:00,25200.0
official_usgs_streamflow,14211720,14211720::origin=1,1,-405,2025-04-23 00:00:00,23700.0
official_usgs_streamflow,14211720,14211720::origin=1,1,-404,2025-04-24 00:00:00,22900.0
official_usgs_streamflow,14211720,14211720::origin=1,1,-403,2025-04-25 00:00:00,22000.0
official_usgs_streamflow,14211720,14211720::origin=1,1,-402,2025-04-26 00:00:00,21000.0
official_usgs_streamflow,14211720,14211720::origin=1,1,-401,2025-04-27 00:00:00,20800.0
official_usgs_streamflow,14211720,14211720::origin=1,1,-400,2025-04-28 00:00:00,20800.0
official_usgs_streamflow,14211720,14211720::origin=1,1,-399,2025-04-29 00:00:00,20300.0
official_usgs_streamflow,14211720,14211720::origin=1,1,-398,2025-04-30 00:00:00,19900.0
official_usgs_streamflow,14211720,14211720::origin=1,1,-397,2025-05-01 00:00:00,19900.0
official_usgs_streamflow,14211720,14211720::origin=1,1,-396,2025-05-02 00:00:00,19600.0
official_usgs_streamflow,14211720,14211720::origin=1,1,-395,2025-05-03 00:00:00,19100.0
official_usgs_streamflow,14211720,14211720::origin=1,1,-394,2025-05-04 00:00:00,17500.0
official_usgs_streamflow,14211720,14211720::origin=1,1,-393,2025-05-05 00:00:00,17900.0
official_usgs_streamflow,14211720,14211720::origin=1,1,-392,2025-05-06 00:00:00,18500.0
official_usgs_streamflow,14211720,14211720::origin=1,1,-391,2025-05-07 00:00:00,18100.0
official_usgs_streamflow,14211720,14211720::origin=1,1,-390,2025-05-08 00:00:00,16100.0
official_usgs_streamflow,14211720,14211720::origin=1,1,-389,2025-05-09 00:00:00,16300.0
official_usgs_streamflow,14211720,14211720::origin=1,1,-388,2025-05-10 00:00:00,16100.0
official_usgs_streamflow,14211720,14211720::origin=1,1,-387,2025-05-11 00:00:00,14800.0
official_usgs_streamflow,14211720,14211720::origin=1,1,-386,2025-05-12 00:00:00,15000.0
official_usgs_streamflow,14211720,14211720::origin=1,1,-385,2025-05-13 00:00:00,15700.0
official_usgs_streamflow,14211720,14211720::origin=1,1,-384,2025-05-14 00:00:00,16700.0
official_usgs_streamflow,14211720,14211720::origin=1,1,-383,2025-05-15 00:00:00,15900.0
official_usgs_streamflow,14211720,14211720::origin=1,1,-382,2025-05-16 00:00:00,16100.0
official_usgs_streamflow,14211720,14211720::origin=1,1,-381,2025-05-17 00:00:00,16300.0
official_usgs_streamflow,14211720,14211720::origin=1,1,-380,2025-05-18 00:00:00,18100.0
official_usgs_streamflow,14211720,14211720::origin=1,1,-379,2025-05-19 00:00:00,17600.0
official_usgs_streamflow,14211720,14211720::origin=1,1,-378,2025-05-20 00:00:00,17900.0
official_usgs_streamflow,14211720,14211720::origin=1,1,-377,2025-05-21 00:00:00,17700.0
official_usgs_streamflow,14211720,14211720::origin=1,1,-376,2025-05-22 00:00:00,18000.0
official_usgs_streamflow,14211720,14211720::origin=1,1,-375,2025-05-23 00:00:00,17900.0
official_usgs_streamflow,14211720,14211720::origin=1,1,-374,2025-05-24 00:00:00,17500.0
official_usgs_streamflow,14211720,14211720::origin=1,1,-373,2025-05-25 00:00:00,16400.0
official_usgs_streamflow,14211720,14211720::origin=1,1,-372,2025-05-26 00:00:00,15300.0
official_usgs_streamflow,14211720,14211720::origin=1,1,-371,2025-05-27 00:00:00,14300.0
official_usgs_streamflow,14211720,14211720::origin=1,1,-370,2025-05-28 00:00:00,15200.0
official_usgs_streamflow,14211720,14211720::origin=1,1,-369,2025-05-29 00:00:00,13500.0
official_usgs_streamflow,14211720,14211720::origin=1,1,-368,2025-05-30 00:00:00,14200.0
official_usgs_streamflow,14211720,14211720::origin=1,1,-367,2025-05-31 00:00:00,13500.0
official_usgs_streamflow,14211720,14211720::origin=1,1,-366,2025-06-01 00:00:00,12600.0
official_usgs_streamflow,14211720,14211720::origin=1,1,-365,2025-06-02 00:00:00,11400.0
official_usgs_streamflow,14211720,14211720::origin=1,1,-364,2025-06-03 00:00:00,12200.0
official_usgs_streamflow,14211720,14211720::origin=1,1,-363,2025-06-04 00:00:00,11700.0
official_usgs_streamflow,14211720,14211720::origin=1,1,-362,2025-06-05 00:00:00,11200.0
official_usgs_streamflow,14211720,14211720::origin=1,1,-361,2025-06-06 00:00:00,12100.0
official_usgs_streamflow,14211720,14211720::origin=1,1,-360,2025-06-07 00:00:00,11600.0
official_usgs_streamflow,14211720,14211720::origin=1,1,-359,2025-06-08 00:00:00,12800.0
official_usgs_streamflow,14211720,14211720::origin=1,1,-358,2025-06-09 00:00:00,12600.0
official_usgs_streamflow,14211720,14211720::origin=1,1,-357,2025-06-10 00:00:00,9440.0
official_usgs_streamflow,14211720,14211720::origin=1,1,-356,2025-06-11 00:00:00,10300.0
official_usgs_streamflow,14211720,14211720::origin=1,1,-355,2025-06-12 00:00:00,8850.0
official_usgs_streamflow,14211720,14211720::origin=1,1,-354,2025-06-13 00:00:00,8960.0
official_usgs_streamflow,14211720,14211720::origin=1,1,-353,2025-06-14 00:00:00,7920.0
official_usgs_streamflow,14211720,14211720::origin=1,1,-352,2025-06-15 00:00:00,8130.0
official_usgs_streamflow,14211720,14211720::origin=1,1,-351,2025-06-16 00:00:00,8000.0
official_usgs_streamflow,14211720,14211720::origin=1,1,-350,2025-06-17 00:00:00,9000.0
official_usgs_streamflow,14211720,14211720::origin=1,1,-349,2025-06-18 00:00:00,7430.0
official_usgs_streamflow,14211720,14211720::origin=1,1,-348,2025-06-19 00:00:00,5540.0
official_usgs_streamflow,14211720,14211720::origin=1,1,-347,2025-06-20 00:00:00,8490.0
official_usgs_streamflow,14211720,14211720::origin=1,1,-346,2025-06-21 00:00:00,9890.0
official_usgs_streamflow,14211720,14211720::origin=1,1,-345,2025-06-22 00:00:00,12100.0
official_usgs_streamflow,14211720,14211720::origin=1,1,-344,2025-06-23 00:00:00,12000.0
official_usgs_streamflow,14211720,14211720::origin=1,1,-343,2025-06-24 00:00:00,11200.0
official_usgs_streamflow,14211720,14211720::origin=1,1,-342,2025-06-25 00:00:00,9780.0
official_usgs_streamflow,14211720,14211720::origin=1,1,-341,2025-06-26 00:00:00,7510.0
official_usgs_streamflow,14211720,14211720::origin=1,1,-340,2025-06-27 00:00:00,6760.0
official_usgs_streamflow,14211720,14211720::origin=1,1,-339,2025-06-28 00:00:00,7220.0
official_usgs_streamflow,14211720,14211720::origin=1,1,-338,2025-06-29 00:00:00,6130.0
official_usgs_streamflow,14211720,14211720::origin=1,1,-337,2025-06-30 00:00:00,5550.0
official_usgs_streamflow,14211720,14211720::origin=1,1,-336,2025-07-01 00:00:00,6450.0
official_usgs_streamflow,14211720,14211720::origin=1,1,-335,2025-07-02 00:00:00,6650.0
official_usgs_streamflow,14211720,14211720::origin=1,1,-334,2025-07-03 00:00:00,6150.0
official_usgs_streamflow,14211720,14211720::origin=1,1,-333,2025-07-04 00:00:00,9410.0
official_usgs_streamflow,14211720,14211720::origin=1,1,-332,2025-07-05 00:00:00,8640.0
official_usgs_streamflow,14211720,14211720::origin=1,1,-331,2025-07-06 00:00:00,6620.0
official_usgs_streamflow,14211720,14211720::origin=1,1,-330,2025-07-07 00:00:00,7890.0
official_usgs_streamflow,14211720,14211720::origin=1,1,-329,2025-07-08 00:00:00,9980.0
official_usgs_streamflow,14211720,14211720::origin=1,1,-328,2025-07-09 00:00:00,6680.0
official_usgs_streamflow,14211720,14211720::origin=1,1,-327,2025-07-10 00:00:00,5850.0
official_usgs_streamflow,14211720,14211720::origin=1,1,-326,2025-07-11 00:00:00,4530.0
official_usgs_streamflow,14211720,14211720::origin=1,1,-325,2025-07-12 00:00:00,5300.0
official_usgs_streamflow,14211720,14211720::origin=1,1,-324,2025-07-13 00:00:00,4860.0
official_usgs_streamflow,14211720,14211720::origin=1,1,-323,2025-07-14 00:00:00,5040.0
official_usgs_streamflow,14211720,14211720::origin=1,1,-322,2025-07-15 00:00:00,5500.0
official_usgs_streamflow,14211720,14211720::origin=1,1,-321,2025-07-16 00:00:00,6140.0
official_usgs_streamflow,14211720,14211720::origin=1,1,-320,2025-07-17 00:00:00,5780.0
official_usgs_streamflow,14211720,14211720::origin=1,1,-319,2025-07-18 00:00:00,5410.0
official_usgs_streamflow,14211720,14211720::origin=1,1,-318,2025-07-19 00:00:00,7150.0
official_usgs_streamflow,14211720,14211720::origin=1,1,-317,2025-07-20 00:00:00,6890.0
official_usgs_streamflow,14211720,14211720::origin=1,1,-316,2025-07-21 00:00:00,9110.0
official_usgs_streamflow,14211720,14211720::origin=1,1,-315,2025-07-22 00:00:00,7560.0
official_usgs_streamflow,14211720,14211720::origin=1,1,-314,2025-07-23 00:00:00,6570.0
official_usgs_streamflow,14211720,14211720::origin=1,1,-313,2025-07-24 00:00:00,5580.0
official_usgs_streamflow,14211720,14211720::origin=1,1,-312,2025-07-25 00:00:00,5390.0
official_usgs_streamflow,14211720,14211720::origin=1,1,-311,2025-07-26 00:00:00,5800.0
official_usgs_streamflow,14211720,14211720::origin=1,1,-310,2025-07-27 00:00:00,6710.0
official_usgs_streamflow,14211720,14211720::origin=1,1,-309,2025-07-28 00:00:00,6020.0
official_usgs_streamflow,14211720,14211720::origin=1,1,-308,2025-07-29 00:00:00,4720.0
official_usgs_streamflow,14211720,14211720::origin=1,1,-307,2025-07-30 00:00:00,5960.0
official_usgs_streamflow,14211720,14211720::origin=1,1,-306,2025-07-31 00:00:00,6730.0
official_usgs_streamflow,14211720,14211720::origin=1,1,-305,2025-08-01 00:00:00,6100.0
official_usgs_streamflow,14211720,14211720::origin=1,1,-304,2025-08-02 00:00:00,6090.0
official_usgs_streamflow,14211720,14211720::origin=1,1,-303,2025-08-03 00:00:00,6150.0
official_usgs_streamflow,14211720,14211720::origin=1,1,-302,2025-08-04 00:00:00,6920.0
official_usgs_streamflow,14211720,14211720::origin=1,1,-301,2025-08-05 00:00:00,8150.0
official_usgs_streamflow,14211720,14211720::origin=1,1,-300,2025-08-06 00:00:00,6730.0
official_usgs_streamflow,14211720,14211720::origin=1,1,-299,2025-08-07 00:00:00,6400.0
official_usgs_streamflow,14211720,14211720::origin=1,1,-298,2025-08-08 00:00:00,5550.0
official_usgs_streamflow,14211720,14211720::origin=1,1,-297,2025-08-09 00:00:00,5000.0
official_usgs_streamflow,14211720,14211720::origin=1,1,-296,2025-08-10 00:00:00,4580.0
official_usgs_streamflow,14211720,14211720::origin=1,1,-295,2025-08-11 00:00:00,5180.0
official_usgs_streamflow,14211720,14211720::origin=1,1,-294,2025-08-12 00:00:00,5890.0
official_usgs_streamflow,14211720,14211720::origin=1,1,-293,2025-08-13 00:00:00,5740.0
official_usgs_streamflow,14211720,14211720::origin=1,1,-292,2025-08-14 00:00:00,6620.0
official_usgs_streamflow,14211720,14211720::origin=1,1,-291,2025-08-15 00:00:00,5980.0
official_usgs_streamflow,14211720,14211720::origin=1,1,-290,2025-08-16 00:00:00,6430.0
official_usgs_streamflow,14211720,14211720::origin=1,1,-289,2025-08-17 00:00:00,7310.0
official_usgs_streamflow,14211720,14211720::origin=1,1,-288,2025-08-18 00:00:00,7640.0
official_usgs_streamflow,14211720,14211720::origin=1,1,-287,2025-08-19 00:00:00,8130.0
official_usgs_streamflow,14211720,14211720::origin=1,1,-286,2025-08-20 00:00:00,7510.0
official_usgs_streamflow,14211720,14211720::origin=1,1,-285,2025-08-21 00:00:00,4810.0
official_usgs_streamflow,14211720,14211720::origin=1,1,-284,2025-08-22 00:00:00,4640.0
official_usgs_streamflow,14211720,14211720::origin=1,1,-283,2025-08-23 00:00:00,4660.0
official_usgs_streamflow,14211720,14211720::origin=1,1,-282,2025-08-24 00:00:00,5720.0
official_usgs_streamflow,14211720,14211720::origin=1,1,-281,2025-08-25 00:00:00,6070.0
official_usgs_streamflow,14211720,14211720::origin=1,1,-280,2025-08-26 00:00:00,5650.0
official_usgs_streamflow,14211720,14211720::origin=1,1,-279,2025-08-27 00:00:00,6920.0
official_usgs_streamflow,14211720,14211720::origin=1,1,-278,2025-08-28 00:00:00,5240.0
official_usgs_streamflow,14211720,14211720::origin=1,1,-277,2025-08-29 00:00:00,7070.0
official_usgs_streamflow,14211720,14211720::origin=1,1,-276,2025-08-30 00:00:00,6760.0
official_usgs_streamflow,14211720,14211720::origin=1,1,-275,2025-08-31 00:00:00,5510.0
official_usgs_streamflow,14211720,14211720::origin=1,1,-274,2025-09-01 00:00:00,5800.0
official_usgs_streamflow,14211720,14211720::origin=1,1,-273,2025-09-02 00:00:00,8040.0
official_usgs_streamflow,14211720,14211720::origin=1,1,-272,2025-09-03 00:00:00,4320.0
official_usgs_streamflow,14211720,14211720::origin=1,1,-271,2025-09-04 00:00:00,5040.0
official_usgs_streamflow,14211720,14211720::origin=1,1,-270,2025-09-05 00:00:00,6220.0
official_usgs_streamflow,14211720,14211720::origin=1,1,-269,2025-09-06 00:00:00,7490.0
official_usgs_streamflow,14211720,14211720::origin=1,1,-268,2025-09-07 00:00:00,7370.0
official_usgs_streamflow,14211720,14211720::origin=1,1,-267,2025-09-08 00:00:00,6380.0
official_usgs_streamflow,14211720,14211720::origin=1,1,-266,2025-09-09 00:00:00,6440.0
official_usgs_streamflow,14211720,14211720::origin=1,1,-265,2025-09-10 00:00:00,6730.0
official_usgs_streamflow,14211720,14211720::origin=1,1,-264,2025-09-11 00:00:00,6360.0
official_usgs_streamflow,14211720,14211720::origin=1,1,-263,2025-09-12 00:00:00,6460.0
official_usgs_streamflow,14211720,14211720::origin=1,1,-262,2025-09-13 00:00:00,7090.0
official_usgs_streamflow,14211720,14211720::origin=1,1,-261,2025-09-14 00:00:00,7320.0
official_usgs_streamflow,14211720,14211720::origin=1,1,-260,2025-09-15 00:00:00,6880.0
official_usgs_streamflow,14211720,14211720::origin=1,1,-259,2025-09-16 00:00:00,8690.0
official_usgs_streamflow,14211720,14211720::origin=1,1,-258,2025-09-17 00:00:00,7500.0
official_usgs_streamflow,14211720,14211720::origin=1,1,-257,2025-09-18 00:00:00,6530.0
official_usgs_streamflow,14211720,14211720::origin=1,1,-256,2025-09-19 00:00:00,7130.0
official_usgs_streamflow,14211720,14211720::origin=1,1,-255,2025-09-20 00:00:00,8170.0
official_usgs_streamflow,14211720,14211720::origin=1,1,-254,2025-09-21 00:00:00,7960.0
official_usgs_streamflow,14211720,14211720::origin=1,1,-253,2025-09-22 00:00:00,7230.0
official_usgs_streamflow,14211720,14211720::origin=1,1,-252,2025-09-23 00:00:00,7580.0
official_usgs_streamflow,14211720,14211720::origin=1,1,-251,2025-09-24 00:00:00,6200.0
official_usgs_streamflow,14211720,14211720::origin=1,1,-250,2025-09-25 00:00:00,7020.0
official_usgs_streamflow,14211720,14211720::origin=1,1,-249,2025-09-26 00:00:00,7170.0
official_usgs_streamflow,14211720,14211720::origin=1,1,-248,2025-09-27 00:00:00,7100.0
official_usgs_streamflow,14211720,14211720::origin=1,1,-247,2025-09-28 00:00:00,7840.0
official_usgs_streamflow,14211720,14211720::origin=1,1,-246,2025-09-29 00:00:00,7800.0
official_usgs_streamflow,14211720,14211720::origin=1,1,-245,2025-09-30 00:00:00,7970.0
official_usgs_streamflow,14211720,14211720::origin=1,1,-244,2025-10-01 00:00:00,8050.0
official_usgs_streamflow,14211720,14211720::origin=1,1,-243,2025-10-02 00:00:00,8530.0
official_usgs_streamflow,14211720,14211720::origin=1,1,-242,2025-10-03 00:00:00,10000.0
official_usgs_streamflow,14211720,14211720::origin=1,1,-241,2025-10-04 00:00:00,9470.0
official_usgs_streamflow,14211720,14211720::origin=1,1,-240,2025-10-05 00:00:00,7000.0
official_usgs_streamflow,14211720,14211720::origin=1,1,-239,2025-10-06 00:00:00,8210.0
official_usgs_streamflow,14211720,14211720::origin=1,1,-238,2025-10-07 00:00:00,7530.0
official_usgs_streamflow,14211720,14211720::origin=1,1,-237,2025-10-08 00:00:00,7770.0
official_usgs_streamflow,14211720,14211720::origin=1,1,-236,2025-10-09 00:00:00,7800.0
official_usgs_streamflow,14211720,14211720::origin=1,1,-235,2025-10-10 00:00:00,8330.0
official_usgs_streamflow,14211720,14211720::origin=1,1,-234,2025-10-11 00:00:00,9270.0
official_usgs_streamflow,14211720,14211720::origin=1,1,-233,2025-10-12 00:00:00,9200.0
official_usgs_streamflow,14211720,14211720::origin=1,1,-232,2025-10-13 00:00:00,9890.0
official_usgs_streamflow,14211720,14211720::origin=1,1,-231,2025-10-14 00:00:00,9960.0
official_usgs_streamflow,14211720,14211720::origin=1,1,-230,2025-10-15 00:00:00,10500.0
official_usgs_streamflow,14211720,14211720::origin=1,1,-229,2025-10-16 00:00:00,11100.0
official_usgs_streamflow,14211720,14211720::origin=1,1,-228,2025-10-17 00:00:00,10100.0
official_usgs_streamflow,14211720,14211720::origin=1,1,-227,2025-10-18 00:00:00,9830.0
official_usgs_streamflow,14211720,14211720::origin=1,1,-226,2025-10-19 00:00:00,8610.0
official_usgs_streamflow,14211720,14211720::origin=1,1,-225,2025-10-20 00:00:00,10700.0
official_usgs_streamflow,14211720,14211720::origin=1,1,-224,2025-10-21 00:00:00,9790.0
official_usgs_streamflow,14211720,14211720::origin=1,1,-223,2025-10-22 00:00:00,10900.0
official_usgs_streamflow,14211720,14211720::origin=1,1,-222,2025-10-23 00:00:00,11800.0
official_usgs_streamflow,14211720,14211720::origin=1,1,-221,2025-10-24 00:00:00,12100.0
official_usgs_streamflow,14211720,14211720::origin=1,1,-220,2025-10-25 00:00:00,12300.0
official_usgs_streamflow,14211720,14211720::origin=1,1,-219,2025-10-26 00:00:00,16600.0
official_usgs_streamflow,14211720,14211720::origin=1,1,-218,2025-10-27 00:00:00,19800.0
official_usgs_streamflow,14211720,14211720::origin=1,1,-217,2025-10-28 00:00:00,19200.0
official_usgs_streamflow,14211720,14211720::origin=1,1,-216,2025-10-29 00:00:00,18600.0
official_usgs_streamflow,14211720,14211720::origin=1,1,-215,2025-10-30 00:00:00,16800.0
official_usgs_streamflow,14211720,14211720::origin=1,1,-214,2025-10-31 00:00:00,17000.0
official_usgs_streamflow,14211720,14211720::origin=1,1,-213,2025-11-01 00:00:00,18300.0
official_usgs_streamflow,14211720,14211720::origin=1,1,-212,2025-11-02 00:00:00,22800.0
official_usgs_streamflow,14211720,14211720::origin=1,1,-211,2025-11-03 00:00:00,23400.0
official_usgs_streamflow,14211720,14211720::origin=1,1,-210,2025-11-04 00:00:00,22800.0
official_usgs_streamflow,14211720,14211720::origin=1,1,-209,2025-11-05 00:00:00,21800.0
official_usgs_streamflow,14211720,14211720::origin=1,1,-208,2025-11-06 00:00:00,25000.0
official_usgs_streamflow,14211720,14211720::origin=1,1,-207,2025-11-07 00:00:00,30500.0
official_usgs_streamflow,14211720,14211720::origin=1,1,-206,2025-11-08 00:00:00,32000.0
official_usgs_streamflow,14211720,14211720::origin=1,1,-205,2025-11-09 00:00:00,28200.0
official_usgs_streamflow,14211720,14211720::origin=1,1,-204,2025-11-10 00:00:00,24400.0
official_usgs_streamflow,14211720,14211720::origin=1,1,-203,2025-11-11 00:00:00,21500.0
official_usgs_streamflow,14211720,14211720::origin=1,1,-202,2025-11-12 00:00:00,18800.0
official_usgs_streamflow,14211720,14211720::origin=1,1,-201,2025-11-13 00:00:00,17700.0
official_usgs_streamflow,14211720,14211720::origin=1,1,-200,2025-11-14 00:00:00,17900.0
official_usgs_streamflow,14211720,14211720::origin=1,1,-199,2025-11-15 00:00:00,16600.0
official_usgs_streamflow,14211720,14211720::origin=1,1,-198,2025-11-16 00:00:00,15300.0
official_usgs_streamflow,14211720,14211720::origin=1,1,-197,2025-11-17 00:00:00,14400.0
official_usgs_streamflow,14211720,14211720::origin=1,1,-196,2025-11-18 00:00:00,14600.0
official_usgs_streamflow,14211720,14211720::origin=1,1,-195,2025-11-19 00:00:00,13300.0
official_usgs_streamflow,14211720,14211720::origin=1,1,-194,2025-11-20 00:00:00,12600.0
official_usgs_streamflow,14211720,14211720::origin=1,1,-193,2025-11-21 00:00:00,11600.0
official_usgs_streamflow,14211720,14211720::origin=1,1,-192,2025-11-22 00:00:00,12100.0
official_usgs_streamflow,14211720,14211720::origin=1,1,-191,2025-11-23 00:00:00,12300.0
official_usgs_streamflow,14211720,14211720::origin=1,1,-190,2025-11-24 00:00:00,12700.0
official_usgs_streamflow,14211720,14211720::origin=1,1,-189,2025-11-25 00:00:00,13200.0
official_usgs_streamflow,14211720,14211720::origin=1,1,-188,2025-11-26 00:00:00,15600.0
official_usgs_streamflow,14211720,14211720::origin=1,1,-187,2025-11-27 00:00:00,19000.0
official_usgs_streamflow,14211720,14211720::origin=1,1,-186,2025-11-28 00:00:00,21500.0
official_usgs_streamflow,14211720,14211720::origin=1,1,-185,2025-11-29 00:00:00,22400.0
official_usgs_streamflow,14211720,14211720::origin=1,1,-184,2025-11-30 00:00:00,22500.0
official_usgs_streamflow,14211720,14211720::origin=1,1,-183,2025-12-01 00:00:00,19300.0
official_usgs_streamflow,14211720,14211720::origin=1,1,-182,2025-12-02 00:00:00,15800.0
official_usgs_streamflow,14211720,14211720::origin=1,1,-181,2025-12-03 00:00:00,13900.0
official_usgs_streamflow,14211720,14211720::origin=1,1,-180,2025-12-04 00:00:00,13300.0
official_usgs_streamflow,14211720,14211720::origin=1,1,-179,2025-12-05 00:00:00,19200.0
official_usgs_streamflow,14211720,14211720::origin=1,1,-178,2025-12-06 00:00:00,32000.0
official_usgs_streamflow,14211720,14211720::origin=1,1,-177,2025-12-07 00:00:00,39300.0
official_usgs_streamflow,14211720,14211720::origin=1,1,-176,2025-12-08 00:00:00,43500.0
official_usgs_streamflow,14211720,14211720::origin=1,1,-175,2025-12-09 00:00:00,75800.0
official_usgs_streamflow,14211720,14211720::origin=1,1,-174,2025-12-10 00:00:00,105000.0
official_usgs_streamflow,14211720,14211720::origin=1,1,-173,2025-12-11 00:00:00,98200.0
official_usgs_streamflow,14211720,14211720::origin=1,1,-172,2025-12-12 00:00:00,83300.0
official_usgs_streamflow,14211720,14211720::origin=1,1,-171,2025-12-13 00:00:00,67000.0
official_usgs_streamflow,14211720,14211720::origin=1,1,-170,2025-12-14 00:00:00,52000.0
official_usgs_streamflow,14211720,14211720::origin=1,1,-169,2025-12-15 00:00:00,43500.0
official_usgs_streamflow,14211720,14211720::origin=1,1,-168,2025-12-16 00:00:00,43400.0
official_usgs_streamflow,14211720,14211720::origin=1,1,-167,2025-12-17 00:00:00,49300.0
official_usgs_streamflow,14211720,14211720::origin=1,1,-166,2025-12-18 00:00:00,63700.0
official_usgs_streamflow,14211720,14211720::origin=1,1,-165,2025-12-19 00:00:00,144000.0
official_usgs_streamflow,14211720,14211720::origin=1,1,-164,2025-12-20 00:00:00,144000.0
official_usgs_streamflow,14211720,14211720::origin=1,1,-163,2025-12-21 00:00:00,144000.0
official_usgs_streamflow,14211720,14211720::origin=1,1,-162,2025-12-22 00:00:00,131000.0
official_usgs_streamflow,14211720,14211720::origin=1,1,-161,2025-12-23 00:00:00,108000.0
official_usgs_streamflow,14211720,14211720::origin=1,1,-160,2025-12-24 00:00:00,89100.0
official_usgs_streamflow,14211720,14211720::origin=1,1,-159,2025-12-25 00:00:00,80100.0
official_usgs_streamflow,14211720,14211720::origin=1,1,-158,2025-12-26 00:00:00,70400.0
official_usgs_streamflow,14211720,14211720::origin=1,1,-157,2025-12-27 00:00:00,62300.0
official_usgs_streamflow,14211720,14211720::origin=1,1,-156,2025-12-28 00:00:00,56900.0
official_usgs_streamflow,14211720,14211720::origin=1,1,-155,2025-12-29 00:00:00,52700.0
official_usgs_streamflow,14211720,14211720::origin=1,1,-154,2025-12-30 00:00:00,47700.0
official_usgs_streamflow,14211720,14211720::origin=1,1,-153,2025-12-31 00:00:00,42700.0
official_usgs_streamflow,14211720,14211720::origin=1,1,-152,2026-01-01 00:00:00,40400.0
official_usgs_streamflow,14211720,14211720::origin=1,1,-151,2026-01-02 00:00:00,39400.0
official_usgs_streamflow,14211720,14211720::origin=1,1,-150,2026-01-03 00:00:00,40800.0
official_usgs_streamflow,14211720,14211720::origin=1,1,-149,2026-01-04 00:00:00,42400.0
official_usgs_streamflow,14211720,14211720::origin=1,1,-148,2026-01-05 00:00:00,50900.0
official_usgs_streamflow,14211720,14211720::origin=1,1,-147,2026-01-06 00:00:00,53700.0
official_usgs_streamflow,14211720,14211720::origin=1,1,-146,2026-01-07 00:00:00,59500.0
official_usgs_streamflow,14211720,14211720::origin=1,1,-145,2026-01-08 00:00:00,67200.0
official_usgs_streamflow,14211720,14211720::origin=1,1,-144,2026-01-09 00:00:00,68800.0
official_usgs_streamflow,14211720,14211720::origin=1,1,-143,2026-01-10 00:00:00,63600.0
official_usgs_streamflow,14211720,14211720::origin=1,1,-142,2026-01-11 00:00:00,57000.0
official_usgs_streamflow,14211720,14211720::origin=1,1,-141,2026-01-12 00:00:00,51900.0
official_usgs_streamflow,14211720,14211720::origin=1,1,-140,2026-01-13 00:00:00,46700.0
official_usgs_streamflow,14211720,14211720::origin=1,1,-139,2026-01-14 00:00:00,40500.0
official_usgs_streamflow,14211720,14211720::origin=1,1,-138,2026-01-15 00:00:00,36600.0
official_usgs_streamflow,14211720,14211720::origin=1,1,-137,2026-01-16 00:00:00,33200.0
official_usgs_streamflow,14211720,14211720::origin=1,1,-136,2026-01-17 00:00:00,30100.0
official_usgs_streamflow,14211720,14211720::origin=1,1,-135,2026-01-18 00:00:00,27700.0
official_usgs_streamflow,14211720,14211720::origin=1,1,-134,2026-01-19 00:00:00,25600.0
official_usgs_streamflow,14211720,14211720::origin=1,1,-133,2026-01-20 00:00:00,23600.0
official_usgs_streamflow,14211720,14211720::origin=1,1,-132,2026-01-21 00:00:00,22000.0
official_usgs_streamflow,14211720,14211720::origin=1,1,-131,2026-01-22 00:00:00,20300.0
official_usgs_streamflow,14211720,14211720::origin=1,1,-130,2026-01-23 00:00:00,19400.0
official_usgs_streamflow,14211720,14211720::origin=1,1,-129,2026-01-24 00:00:00,17300.0
official_usgs_streamflow,14211720,14211720::origin=1,1,-128,2026-01-25 00:00:00,16400.0
official_usgs_streamflow,14211720,14211720::origin=1,1,-127,2026-01-26 00:00:00,15800.0
official_usgs_streamflow,14211720,14211720::origin=1,1,-126,2026-01-27 00:00:00,15700.0
official_usgs_streamflow,14211720,14211720::origin=1,1,-125,2026-01-28 00:00:00,15200.0
official_usgs_streamflow,14211720,14211720::origin=1,1,-124,2026-01-29 00:00:00,15300.0
official_usgs_streamflow,14211720,14211720::origin=1,1,-123,2026-01-30 00:00:00,13900.0
official_usgs_streamflow,14211720,14211720::origin=1,1,-122,2026-01-31 00:00:00,14400.0
official_usgs_streamflow,14211720,14211720::origin=1,1,-121,2026-02-01 00:00:00,15200.0
official_usgs_streamflow,14211720,14211720::origin=1,1,-120,2026-02-02 00:00:00,15700.0
official_usgs_streamflow,14211720,14211720::origin=1,1,-119,2026-02-03 00:00:00,16300.0
official_usgs_streamflow,14211720,14211720::origin=1,1,-118,2026-02-04 00:00:00,15100.0
official_usgs_streamflow,14211720,14211720::origin=1,1,-117,2026-02-05 00:00:00,14500.0
official_usgs_streamflow,14211720,14211720::origin=1,1,-116,2026-02-06 00:00:00,13800.0
official_usgs_streamflow,14211720,14211720::origin=1,1,-115,2026-02-07 00:00:00,13400.0
official_usgs_streamflow,14211720,14211720::origin=1,1,-114,2026-02-08 00:00:00,16200.0
official_usgs_streamflow,14211720,14211720::origin=1,1,-113,2026-02-09 00:00:00,26300.0
official_usgs_streamflow,14211720,14211720::origin=1,1,-112,2026-02-10 00:00:00,40100.0
official_usgs_streamflow,14211720,14211720::origin=1,1,-111,2026-02-11 00:00:00,37900.0
official_usgs_streamflow,14211720,14211720::origin=1,1,-110,2026-02-12 00:00:00,29800.0
official_usgs_streamflow,14211720,14211720::origin=1,1,-109,2026-02-13 00:00:00,24400.0
official_usgs_streamflow,14211720,14211720::origin=1,1,-108,2026-02-14 00:00:00,22000.0
official_usgs_streamflow,14211720,14211720::origin=1,1,-107,2026-02-15 00:00:00,21600.0
official_usgs_streamflow,14211720,14211720::origin=1,1,-106,2026-02-16 00:00:00,22100.0
official_usgs_streamflow,14211720,14211720::origin=1,1,-105,2026-02-17 00:00:00,24800.0
official_usgs_streamflow,14211720,14211720::origin=1,1,-104,2026-02-18 00:00:00,27900.0
official_usgs_streamflow,14211720,14211720::origin=1,1,-103,2026-02-19 00:00:00,27500.0
official_usgs_streamflow,14211720,14211720::origin=1,1,-102,2026-02-20 00:00:00,25700.0
official_usgs_streamflow,14211720,14211720::origin=1,1,-101,2026-02-21 00:00:00,24400.0
official_usgs_streamflow,14211720,14211720::origin=1,1,-100,2026-02-22 00:00:00,25000.0
official_usgs_streamflow,14211720,14211720::origin=1,1,-99,2026-02-23 00:00:00,35100.0
official_usgs_streamflow,14211720,14211720::origin=1,1,-98,2026-02-24 00:00:00,72100.0
official_usgs_streamflow,14211720,14211720::origin=1,1,-97,2026-02-25 00:00:00,96600.0
official_usgs_streamflow,14211720,14211720::origin=1,1,-96,2026-02-26 00:00:00,94700.0
official_usgs_streamflow,14211720,14211720::origin=1,1,-95,2026-02-27 00:00:00,80400.0
official_usgs_streamflow,14211720,14211720::origin=1,1,-94,2026-02-28 00:00:00,62300.0
official_usgs_streamflow,14211720,14211720::origin=1,1,-93,2026-03-01 00:00:00,50100.0
official_usgs_streamflow,14211720,14211720::origin=1,1,-92,2026-03-02 00:00:00,43000.0
official_usgs_streamflow,14211720,14211720::origin=1,1,-91,2026-03-03 00:00:00,38600.0
official_usgs_streamflow,14211720,14211720::origin=1,1,-90,2026-03-04 00:00:00,34800.0
official_usgs_streamflow,14211720,14211720::origin=1,1,-89,2026-03-05 00:00:00,35400.0
official_usgs_streamflow,14211720,14211720::origin=1,1,-88,2026-03-06 00:00:00,38100.0
official_usgs_streamflow,14211720,14211720::origin=1,1,-87,2026-03-07 00:00:00,37100.0
official_usgs_streamflow,14211720,14211720::origin=1,1,-86,2026-03-08 00:00:00,34900.0
official_usgs_streamflow,14211720,14211720::origin=1,1,-85,2026-03-09 00:00:00,34700.0
official_usgs_streamflow,14211720,14211720::origin=1,1,-84,2026-03-10 00:00:00,33600.0
official_usgs_streamflow,14211720,14211720::origin=1,1,-83,2026-03-11 00:00:00,31900.0
official_usgs_streamflow,14211720,14211720::origin=1,1,-82,2026-03-12 00:00:00,57100.0
official_usgs_streamflow,14211720,14211720::origin=1,1,-81,2026-03-13 00:00:00,85100.0
official_usgs_streamflow,14211720,14211720::origin=1,1,-80,2026-03-14 00:00:00,100000.0
official_usgs_streamflow,14211720,14211720::origin=1,1,-79,2026-03-15 00:00:00,97700.0
official_usgs_streamflow,14211720,14211720::origin=1,1,-78,2026-03-16 00:00:00,85900.0
official_usgs_streamflow,14211720,14211720::origin=1,1,-77,2026-03-17 00:00:00,71500.0
official_usgs_streamflow,14211720,14211720::origin=1,1,-76,2026-03-18 00:00:00,58000.0
official_usgs_streamflow,14211720,14211720::origin=1,1,-75,2026-03-19 00:00:00,49200.0
official_usgs_streamflow,14211720,14211720::origin=1,1,-74,2026-03-20 00:00:00,42100.0
official_usgs_streamflow,14211720,14211720::origin=1,1,-73,2026-03-21 00:00:00,37500.0
official_usgs_streamflow,14211720,14211720::origin=1,1,-72,2026-03-22 00:00:00,32600.0
official_usgs_streamflow,14211720,14211720::origin=1,1,-71,2026-03-23 00:00:00,29700.0
official_usgs_streamflow,14211720,14211720::origin=1,1,-70,2026-03-24 00:00:00,25800.0
official_usgs_streamflow,14211720,14211720::origin=1,1,-69,2026-03-25 00:00:00,25600.0
official_usgs_streamflow,14211720,14211720::origin=1,1,-68,2026-03-26 00:00:00,26500.0
official_usgs_streamflow,14211720,14211720::origin=1,1,-67,2026-03-27 00:00:00,25300.0
official_usgs_streamflow,14211720,14211720::origin=1,1,-66,2026-03-28 00:00:00,23000.0
official_usgs_streamflow,14211720,14211720::origin=1,1,-65,2026-03-29 00:00:00,21400.0
official_usgs_streamflow,14211720,14211720::origin=1,1,-64,2026-03-30 00:00:00,21000.0
official_usgs_streamflow,14211720,14211720::origin=1,1,-63,2026-03-31 00:00:00,19900.0
official_usgs_streamflow,14211720,14211720::origin=1,1,-62,2026-04-01 00:00:00,19400.0
official_usgs_streamflow,14211720,14211720::origin=1,1,-61,2026-04-02 00:00:00,21700.0
official_usgs_streamflow,14211720,14211720::origin=1,1,-60,2026-04-03 00:00:00,25900.0
official_usgs_streamflow,14211720,14211720::origin=1,1,-59,2026-04-04 00:00:00,26700.0
official_usgs_streamflow,14211720,14211720::origin=1,1,-58,2026-04-05 00:00:00,25600.0
official_usgs_streamflow,14211720,14211720::origin=1,1,-57,2026-04-06 00:00:00,24500.0
official_usgs_streamflow,14211720,14211720::origin=1,1,-56,2026-04-07 00:00:00,23100.0
official_usgs_streamflow,14211720,14211720::origin=1,1,-55,2026-04-08 00:00:00,22400.0
official_usgs_streamflow,14211720,14211720::origin=1,1,-54,2026-04-09 00:00:00,22400.0
official_usgs_streamflow,14211720,14211720::origin=1,1,-53,2026-04-10 00:00:00,18700.0
official_usgs_streamflow,14211720,14211720::origin=1,1,-52,2026-04-11 00:00:00,20000.0
official_usgs_streamflow,14211720,14211720::origin=1,1,-51,2026-04-12 00:00:00,20200.0
official_usgs_streamflow,14211720,14211720::origin=1,1,-50,2026-04-13 00:00:00,22700.0
official_usgs_streamflow,14211720,14211720::origin=1,1,-49,2026-04-14 00:00:00,23800.0
official_usgs_streamflow,14211720,14211720::origin=1,1,-48,2026-04-15 00:00:00,26300.0
official_usgs_streamflow,14211720,14211720::origin=1,1,-47,2026-04-16 00:00:00,33800.0
official_usgs_streamflow,14211720,14211720::origin=1,1,-46,2026-04-17 00:00:00,37600.0
official_usgs_streamflow,14211720,14211720::origin=1,1,-45,2026-04-18 00:00:00,34600.0
official_usgs_streamflow,14211720,14211720::origin=1,1,-44,2026-04-19 00:00:00,31500.0
official_usgs_streamflow,14211720,14211720::origin=1,1,-43,2026-04-20 00:00:00,28600.0
official_usgs_streamflow,14211720,14211720::origin=1,1,-42,2026-04-21 00:00:00,26800.0
official_usgs_streamflow,14211720,14211720::origin=1,1,-41,2026-04-22 00:00:00,26800.0
official_usgs_streamflow,14211720,14211720::origin=1,1,-40,2026-04-23 00:00:00,26800.0
official_usgs_streamflow,14211720,14211720::origin=1,1,-39,2026-04-24 00:00:00,24600.0
official_usgs_streamflow,14211720,14211720::origin=1,1,-38,2026-04-25 00:00:00,24700.0
official_usgs_streamflow,14211720,14211720::origin=1,1,-37,2026-04-26 00:00:00,23100.0
official_usgs_streamflow,14211720,14211720::origin=1,1,-36,2026-04-27 00:00:00,21200.0
official_usgs_streamflow,14211720,14211720::origin=1,1,-35,2026-04-28 00:00:00,19300.0
official_usgs_streamflow,14211720,14211720::origin=1,1,-34,2026-04-29 00:00:00,18700.0
official_usgs_streamflow,14211720,14211720::origin=1,1,-33,2026-04-30 00:00:00,18000.0
official_usgs_streamflow,14211720,14211720::origin=1,1,-32,2026-05-01 00:00:00,17100.0
official_usgs_streamflow,14211720,14211720::origin=1,1,-31,2026-05-02 00:00:00,17100.0
official_usgs_streamflow,14211720,14211720::origin=1,1,-30,2026-05-03 00:00:00,16000.0
official_usgs_streamflow,14211720,14211720::origin=1,1,-29,2026-05-04 00:00:00,16000.0
official_usgs_streamflow,14211720,14211720::origin=1,1,-28,2026-05-05 00:00:00,15100.0
official_usgs_streamflow,14211720,14211720::origin=1,1,-27,2026-05-06 00:00:00,14700.0
official_usgs_streamflow,14211720,14211720::origin=1,1,-26,2026-05-07 00:00:00,15700.0
official_usgs_streamflow,14211720,14211720::origin=1,1,-25,2026-05-08 00:00:00,15100.0
official_usgs_streamflow,14211720,14211720::origin=1,1,-24,2026-05-09 00:00:00,14400.0
official_usgs_streamflow,14211720,14211720::origin=1,1,-23,2026-05-10 00:00:00,14300.0
official_usgs_streamflow,14211720,14211720::origin=1,1,-22,2026-05-11 00:00:00,13100.0
official_usgs_streamflow,14211720,14211720::origin=1,1,-21,2026-05-12 00:00:00,15800.0
official_usgs_streamflow,14211720,14211720::origin=1,1,-20,2026-05-13 00:00:00,13100.0
official_usgs_streamflow,14211720,14211720::origin=1,1,-19,2026-05-14 00:00:00,12600.0
official_usgs_streamflow,14211720,14211720::origin=1,1,-18,2026-05-15 00:00:00,11700.0
official_usgs_streamflow,14211720,14211720::origin=1,1,-17,2026-05-16 00:00:00,12200.0
official_usgs_streamflow,14211720,14211720::origin=1,1,-16,2026-05-17 00:00:00,13200.0
official_usgs_streamflow,14211720,14211720::origin=1,1,-15,2026-05-18 00:00:00,13900.0
official_usgs_streamflow,14211720,14211720::origin=1,1,-14,2026-05-19 00:00:00,14000.0
official_usgs_streamflow,14211720,14211720::origin=1,1,-13,2026-05-20 00:00:00,12000.0
official_usgs_streamflow,14211720,14211720::origin=1,1,-12,2026-05-21 00:00:00,11800.0
official_usgs_streamflow,14211720,14211720::origin=1,1,-11,2026-05-22 00:00:00,11400.0
official_usgs_streamflow,14211720,14211720::origin=1,1,-10,2026-05-23 00:00:00,12300.0
official_usgs_streamflow,14211720,14211720::origin=1,1,-9,2026-05-24 00:00:00,14000.0
official_usgs_streamflow,14211720,14211720::origin=1,1,-8,2026-05-25 00:00:00,12600.0
official_usgs_streamflow,14211720,14211720::origin=1,1,-7,2026-05-26 00:00:00,12100.0
official_usgs_streamflow,14211720,14211720::origin=1,1,-6,2026-05-27 00:00:00,10900.0
official_usgs_streamflow,14211720,14211720::origin=1,1,-5,2026-05-28 00:00:00,11100.0
official_usgs_streamflow,14211720,14211720::origin=1,1,-4,2026-05-29 00:00:00,11200.0
official_usgs_streamflow,14211720,14211720::origin=1,1,-3,2026-05-30 00:00:00,11700.0
official_usgs_streamflow,14211720,14211720::origin=1,1,-2,2026-05-31 00:00:00,9910.0
official_usgs_streamflow,14211720,14211720::origin=1,1,-1,2026-06-01 00:00:00,10000.0
official_usgs_streamflow,14211720,14211720::origin=2,2,-512,2024-12-07 00:00:00,18500.0
official_usgs_streamflow,14211720,14211720::origin=2,2,-511,2024-12-08 00:00:00,19900.0
official_usgs_streamflow,14211720,14211720::origin=2,2,-510,2024-12-09 00:00:00,22200.0
official_usgs_streamflow,14211720,14211720::origin=2,2,-509,2024-12-10 00:00:00,22600.0
official_usgs_streamflow,14211720,14211720::origin=2,2,-508,2024-12-11 00:00:00,21100.0
official_usgs_streamflow,14211720,14211720::origin=2,2,-507,2024-12-12 00:00:00,20100.0
official_usgs_streamflow,14211720,14211720::origin=2,2,-506,2024-12-13 00:00:00,19600.0
official_usgs_streamflow,14211720,14211720::origin=2,2,-505,2024-12-14 00:00:00,20600.0
official_usgs_streamflow,14211720,14211720::origin=2,2,-504,2024-12-15 00:00:00,27200.0
official_usgs_streamflow,14211720,14211720::origin=2,2,-503,2024-12-16 00:00:00,33400.0
official_usgs_streamflow,14211720,14211720::origin=2,2,-502,2024-12-17 00:00:00,43500.0
official_usgs_streamflow,14211720,14211720::origin=2,2,-501,2024-12-18 00:00:00,68200.0
official_usgs_streamflow,14211720,14211720::origin=2,2,-500,2024-12-19 00:00:00,82800.0
official_usgs_streamflow,14211720,14211720::origin=2,2,-499,2024-12-20 00:00:00,77400.0
official_usgs_streamflow,14211720,14211720::origin=2,2,-498,2024-12-21 00:00:00,63600.0
official_usgs_streamflow,14211720,14211720::origin=2,2,-497,2024-12-22 00:00:00,54000.0
official_usgs_streamflow,14211720,14211720::origin=2,2,-496,2024-12-23 00:00:00,49400.0
official_usgs_streamflow,14211720,14211720::origin=2,2,-495,2024-12-24 00:00:00,50300.0
official_usgs_streamflow,14211720,14211720::origin=2,2,-494,2024-12-25 00:00:00,60000.0
official_usgs_streamflow,14211720,14211720::origin=2,2,-493,2024-12-26 00:00:00,81600.0
official_usgs_streamflow,14211720,14211720::origin=2,2,-492,2024-12-27 00:00:00,108000.0
official_usgs_streamflow,14211720,14211720::origin=2,2,-491,2024-12-28 00:00:00,121000.0
official_usgs_streamflow,14211720,14211720::origin=2,2,-490,2024-12-29 00:00:00,131000.0
official_usgs_streamflow,14211720,14211720::origin=2,2,-489,2024-12-30 00:00:00,131000.0
official_usgs_streamflow,14211720,14211720::origin=2,2,-488,2024-12-31 00:00:00,127000.0
official_usgs_streamflow,14211720,14211720::origin=2,2,-487,2025-01-01 00:00:00,118000.0
official_usgs_streamflow,14211720,14211720::origin=2,2,-486,2025-01-02 00:00:00,104000.0
official_usgs_streamflow,14211720,14211720::origin=2,2,-485,2025-01-03 00:00:00,98400.0
official_usgs_streamflow,14211720,14211720::origin=2,2,-484,2025-01-04 00:00:00,106000.0
official_usgs_streamflow,14211720,14211720::origin=2,2,-483,2025-01-05 00:00:00,115000.0
official_usgs_streamflow,14211720,14211720::origin=2,2,-482,2025-01-06 00:00:00,121000.0
official_usgs_streamflow,14211720,14211720::origin=2,2,-481,2025-01-07 00:00:00,121000.0
official_usgs_streamflow,14211720,14211720::origin=2,2,-480,2025-01-08 00:00:00,116000.0
official_usgs_streamflow,14211720,14211720::origin=2,2,-479,2025-01-09 00:00:00,105000.0
official_usgs_streamflow,14211720,14211720::origin=2,2,-478,2025-01-10 00:00:00,93300.0
official_usgs_streamflow,14211720,14211720::origin=2,2,-477,2025-01-11 00:00:00,86500.0
official_usgs_streamflow,14211720,14211720::origin=2,2,-476,2025-01-12 00:00:00,82400.0
official_usgs_streamflow,14211720,14211720::origin=2,2,-475,2025-01-13 00:00:00,78100.0
official_usgs_streamflow,14211720,14211720::origin=2,2,-474,2025-01-14 00:00:00,73400.0
official_usgs_streamflow,14211720,14211720::origin=2,2,-473,2025-01-15 00:00:00,67100.0
official_usgs_streamflow,14211720,14211720::origin=2,2,-472,2025-01-16 00:00:00,62000.0
official_usgs_streamflow,14211720,14211720::origin=2,2,-471,2025-01-17 00:00:00,58500.0
official_usgs_streamflow,14211720,14211720::origin=2,2,-470,2025-01-18 00:00:00,53900.0
official_usgs_streamflow,14211720,14211720::origin=2,2,-469,2025-01-19 00:00:00,50500.0
official_usgs_streamflow,14211720,14211720::origin=2,2,-468,2025-01-20 00:00:00,47900.0
official_usgs_streamflow,14211720,14211720::origin=2,2,-467,2025-01-21 00:00:00,44800.0
official_usgs_streamflow,14211720,14211720::origin=2,2,-466,2025-01-22 00:00:00,41900.0
official_usgs_streamflow,14211720,14211720::origin=2,2,-465,2025-01-23 00:00:00,38200.0
official_usgs_streamflow,14211720,14211720::origin=2,2,-464,2025-01-24 00:00:00,35500.0
official_usgs_streamflow,14211720,14211720::origin=2,2,-463,2025-01-25 00:00:00,33700.0
official_usgs_streamflow,14211720,14211720::origin=2,2,-462,2025-01-26 00:00:00,31100.0
official_usgs_streamflow,14211720,14211720::origin=2,2,-461,2025-01-27 00:00:00,28500.0
official_usgs_streamflow,14211720,14211720::origin=2,2,-460,2025-01-28 00:00:00,25900.0
official_usgs_streamflow,14211720,14211720::origin=2,2,-459,2025-01-29 00:00:00,23400.0
official_usgs_streamflow,14211720,14211720::origin=2,2,-458,2025-01-30 00:00:00,21900.0
official_usgs_streamflow,14211720,14211720::origin=2,2,-457,2025-01-31 00:00:00,20000.0
official_usgs_streamflow,14211720,14211720::origin=2,2,-456,2025-02-01 00:00:00,22600.0
official_usgs_streamflow,14211720,14211720::origin=2,2,-455,2025-02-02 00:00:00,27300.0
official_usgs_streamflow,14211720,14211720::origin=2,2,-454,2025-02-03 00:00:00,29300.0
official_usgs_streamflow,14211720,14211720::origin=2,2,-453,2025-02-04 00:00:00,27700.0
official_usgs_streamflow,14211720,14211720::origin=2,2,-452,2025-02-05 00:00:00,25300.0
official_usgs_streamflow,14211720,14211720::origin=2,2,-451,2025-02-06 00:00:00,24400.0
official_usgs_streamflow,14211720,14211720::origin=2,2,-450,2025-02-07 00:00:00,23600.0
official_usgs_streamflow,14211720,14211720::origin=2,2,-449,2025-02-08 00:00:00,21800.0
official_usgs_streamflow,14211720,14211720::origin=2,2,-448,2025-02-09 00:00:00,20200.0
official_usgs_streamflow,14211720,14211720::origin=2,2,-447,2025-02-10 00:00:00,19400.0
official_usgs_streamflow,14211720,14211720::origin=2,2,-446,2025-02-11 00:00:00,18500.0
official_usgs_streamflow,14211720,14211720::origin=2,2,-445,2025-02-12 00:00:00,18500.0
official_usgs_streamflow,14211720,14211720::origin=2,2,-444,2025-02-13 00:00:00,19300.0
official_usgs_streamflow,14211720,14211720::origin=2,2,-443,2025-02-14 00:00:00,18200.0
official_usgs_streamflow,14211720,14211720::origin=2,2,-442,2025-02-15 00:00:00,20300.0
official_usgs_streamflow,14211720,14211720::origin=2,2,-441,2025-02-16 00:00:00,24400.0
official_usgs_streamflow,14211720,14211720::origin=2,2,-440,2025-02-17 00:00:00,32100.0
official_usgs_streamflow,14211720,14211720::origin=2,2,-439,2025-02-18 00:00:00,49400.0
official_usgs_streamflow,14211720,14211720::origin=2,2,-438,2025-02-19 00:00:00,59800.0
official_usgs_streamflow,14211720,14211720::origin=2,2,-437,2025-02-20 00:00:00,60900.0
official_usgs_streamflow,14211720,14211720::origin=2,2,-436,2025-02-21 00:00:00,57700.0
official_usgs_streamflow,14211720,14211720::origin=2,2,-435,2025-02-22 00:00:00,52600.0
official_usgs_streamflow,14211720,14211720::origin=2,2,-434,2025-02-23 00:00:00,65200.0
official_usgs_streamflow,14211720,14211720::origin=2,2,-433,2025-02-24 00:00:00,110000.0
official_usgs_streamflow,14211720,14211720::origin=2,2,-432,2025-02-25 00:00:00,126000.0
official_usgs_streamflow,14211720,14211720::origin=2,2,-431,2025-02-26 00:00:00,132000.0
official_usgs_streamflow,14211720,14211720::origin=2,2,-430,2025-02-27 00:00:00,120000.0
official_usgs_streamflow,14211720,14211720::origin=2,2,-429,2025-02-28 00:00:00,98000.0
official_usgs_streamflow,14211720,14211720::origin=2,2,-428,2025-03-01 00:00:00,79000.0
official_usgs_streamflow,14211720,14211720::origin=2,2,-427,2025-03-02 00:00:00,67600.0
official_usgs_streamflow,14211720,14211720::origin=2,2,-426,2025-03-03 00:00:00,60200.0
official_usgs_streamflow,14211720,14211720::origin=2,2,-425,2025-03-04 00:00:00,54400.0
official_usgs_streamflow,14211720,14211720::origin=2,2,-424,2025-03-05 00:00:00,48900.0
official_usgs_streamflow,14211720,14211720::origin=2,2,-423,2025-03-06 00:00:00,44600.0
official_usgs_streamflow,14211720,14211720::origin=2,2,-422,2025-03-07 00:00:00,39400.0
official_usgs_streamflow,14211720,14211720::origin=2,2,-421,2025-03-08 00:00:00,35200.0
official_usgs_streamflow,14211720,14211720::origin=2,2,-420,2025-03-09 00:00:00,31200.0
official_usgs_streamflow,14211720,14211720::origin=2,2,-419,2025-03-10 00:00:00,29600.0
official_usgs_streamflow,14211720,14211720::origin=2,2,-418,2025-03-11 00:00:00,28500.0
official_usgs_streamflow,14211720,14211720::origin=2,2,-417,2025-03-12 00:00:00,26900.0
official_usgs_streamflow,14211720,14211720::origin=2,2,-416,2025-03-13 00:00:00,30500.0
official_usgs_streamflow,14211720,14211720::origin=2,2,-415,2025-03-14 00:00:00,37900.0
official_usgs_streamflow,14211720,14211720::origin=2,2,-414,2025-03-15 00:00:00,43000.0
official_usgs_streamflow,14211720,14211720::origin=2,2,-413,2025-03-16 00:00:00,63300.0
official_usgs_streamflow,14211720,14211720::origin=2,2,-412,2025-03-17 00:00:00,86500.0
official_usgs_streamflow,14211720,14211720::origin=2,2,-411,2025-03-18 00:00:00,97200.0
official_usgs_streamflow,14211720,14211720::origin=2,2,-410,2025-03-19 00:00:00,97900.0
official_usgs_streamflow,14211720,14211720::origin=2,2,-409,2025-03-20 00:00:00,85500.0
official_usgs_streamflow,14211720,14211720::origin=2,2,-408,2025-03-21 00:00:00,82600.0
official_usgs_streamflow,14211720,14211720::origin=2,2,-407,2025-03-22 00:00:00,103000.0
official_usgs_streamflow,14211720,14211720::origin=2,2,-406,2025-03-23 00:00:00,108000.0
official_usgs_streamflow,14211720,14211720::origin=2,2,-405,2025-03-24 00:00:00,107000.0
official_usgs_streamflow,14211720,14211720::origin=2,2,-404,2025-03-25 00:00:00,100000.0
official_usgs_streamflow,14211720,14211720::origin=2,2,-403,2025-03-26 00:00:00,90400.0
official_usgs_streamflow,14211720,14211720::origin=2,2,-402,2025-03-27 00:00:00,86000.0
official_usgs_streamflow,14211720,14211720::origin=2,2,-401,2025-03-28 00:00:00,84000.0
official_usgs_streamflow,14211720,14211720::origin=2,2,-400,2025-03-29 00:00:00,85500.0
official_usgs_streamflow,14211720,14211720::origin=2,2,-399,2025-03-30 00:00:00,82000.0
official_usgs_streamflow,14211720,14211720::origin=2,2,-398,2025-03-31 00:00:00,76800.0
official_usgs_streamflow,14211720,14211720::origin=2,2,-397,2025-04-01 00:00:00,75100.0
official_usgs_streamflow,14211720,14211720::origin=2,2,-396,2025-04-02 00:00:00,70600.0
official_usgs_streamflow,14211720,14211720::origin=2,2,-395,2025-04-03 00:00:00,63300.0
official_usgs_streamflow,14211720,14211720::origin=2,2,-394,2025-04-04 00:00:00,56600.0
official_usgs_streamflow,14211720,14211720::origin=2,2,-393,2025-04-05 00:00:00,49000.0
official_usgs_streamflow,14211720,14211720::origin=2,2,-392,2025-04-06 00:00:00,45000.0
official_usgs_streamflow,14211720,14211720::origin=2,2,-391,2025-04-07 00:00:00,47000.0
official_usgs_streamflow,14211720,14211720::origin=2,2,-390,2025-04-08 00:00:00,53800.0
official_usgs_streamflow,14211720,14211720::origin=2,2,-389,2025-04-09 00:00:00,59700.0
official_usgs_streamflow,14211720,14211720::origin=2,2,-388,2025-04-10 00:00:00,59900.0
official_usgs_streamflow,14211720,14211720::origin=2,2,-387,2025-04-11 00:00:00,58600.0
official_usgs_streamflow,14211720,14211720::origin=2,2,-386,2025-04-12 00:00:00,53800.0
official_usgs_streamflow,14211720,14211720::origin=2,2,-385,2025-04-13 00:00:00,48000.0
official_usgs_streamflow,14211720,14211720::origin=2,2,-384,2025-04-14 00:00:00,43500.0
official_usgs_streamflow,14211720,14211720::origin=2,2,-383,2025-04-15 00:00:00,39700.0
official_usgs_streamflow,14211720,14211720::origin=2,2,-382,2025-04-16 00:00:00,36200.0
official_usgs_streamflow,14211720,14211720::origin=2,2,-381,2025-04-17 00:00:00,33500.0
official_usgs_streamflow,14211720,14211720::origin=2,2,-380,2025-04-18 00:00:00,32100.0
official_usgs_streamflow,14211720,14211720::origin=2,2,-379,2025-04-19 00:00:00,28900.0
official_usgs_streamflow,14211720,14211720::origin=2,2,-378,2025-04-20 00:00:00,26200.0
official_usgs_streamflow,14211720,14211720::origin=2,2,-377,2025-04-21 00:00:00,25100.0
official_usgs_streamflow,14211720,14211720::origin=2,2,-376,2025-04-22 00:00:00,25200.0
official_usgs_streamflow,14211720,14211720::origin=2,2,-375,2025-04-23 00:00:00,23700.0
official_usgs_streamflow,14211720,14211720::origin=2,2,-374,2025-04-24 00:00:00,22900.0
official_usgs_streamflow,14211720,14211720::origin=2,2,-373,2025-04-25 00:00:00,22000.0
official_usgs_streamflow,14211720,14211720::origin=2,2,-372,2025-04-26 00:00:00,21000.0
official_usgs_streamflow,14211720,14211720::origin=2,2,-371,2025-04-27 00:00:00,20800.0
official_usgs_streamflow,14211720,14211720::origin=2,2,-370,2025-04-28 00:00:00,20800.0
official_usgs_streamflow,14211720,14211720::origin=2,2,-369,2025-04-29 00:00:00,20300.0
official_usgs_streamflow,14211720,14211720::origin=2,2,-368,2025-04-30 00:00:00,19900.0
official_usgs_streamflow,14211720,14211720::origin=2,2,-367,2025-05-01 00:00:00,19900.0
official_usgs_streamflow,14211720,14211720::origin=2,2,-366,2025-05-02 00:00:00,19600.0
official_usgs_streamflow,14211720,14211720::origin=2,2,-365,2025-05-03 00:00:00,19100.0
official_usgs_streamflow,14211720,14211720::origin=2,2,-364,2025-05-04 00:00:00,17500.0
official_usgs_streamflow,14211720,14211720::origin=2,2,-363,2025-05-05 00:00:00,17900.0
official_usgs_streamflow,14211720,14211720::origin=2,2,-362,2025-05-06 00:00:00,18500.0
official_usgs_streamflow,14211720,14211720::origin=2,2,-361,2025-05-07 00:00:00,18100.0
official_usgs_streamflow,14211720,14211720::origin=2,2,-360,2025-05-08 00:00:00,16100.0
official_usgs_streamflow,14211720,14211720::origin=2,2,-359,2025-05-09 00:00:00,16300.0
official_usgs_streamflow,14211720,14211720::origin=2,2,-358,2025-05-10 00:00:00,16100.0
official_usgs_streamflow,14211720,14211720::origin=2,2,-357,2025-05-11 00:00:00,14800.0
official_usgs_streamflow,14211720,14211720::origin=2,2,-356,2025-05-12 00:00:00,15000.0
official_usgs_streamflow,14211720,14211720::origin=2,2,-355,2025-05-13 00:00:00,15700.0
official_usgs_streamflow,14211720,14211720::origin=2,2,-354,2025-05-14 00:00:00,16700.0
official_usgs_streamflow,14211720,14211720::origin=2,2,-353,2025-05-15 00:00:00,15900.0
official_usgs_streamflow,14211720,14211720::origin=2,2,-352,2025-05-16 00:00:00,16100.0
official_usgs_streamflow,14211720,14211720::origin=2,2,-351,2025-05-17 00:00:00,16300.0
official_usgs_streamflow,14211720,14211720::origin=2,2,-350,2025-05-18 00:00:00,18100.0
official_usgs_streamflow,14211720,14211720::origin=2,2,-349,2025-05-19 00:00:00,17600.0
official_usgs_streamflow,14211720,14211720::origin=2,2,-348,2025-05-20 00:00:00,17900.0
official_usgs_streamflow,14211720,14211720::origin=2,2,-347,2025-05-21 00:00:00,17700.0
official_usgs_streamflow,14211720,14211720::origin=2,2,-346,2025-05-22 00:00:00,18000.0
official_usgs_streamflow,14211720,14211720::origin=2,2,-345,2025-05-23 00:00:00,17900.0
official_usgs_streamflow,14211720,14211720::origin=2,2,-344,2025-05-24 00:00:00,17500.0
official_usgs_streamflow,14211720,14211720::origin=2,2,-343,2025-05-25 00:00:00,16400.0
official_usgs_streamflow,14211720,14211720::origin=2,2,-342,2025-05-26 00:00:00,15300.0
official_usgs_streamflow,14211720,14211720::origin=2,2,-341,2025-05-27 00:00:00,14300.0
official_usgs_streamflow,14211720,14211720::origin=2,2,-340,2025-05-28 00:00:00,15200.0
official_usgs_streamflow,14211720,14211720::origin=2,2,-339,2025-05-29 00:00:00,13500.0
official_usgs_streamflow,14211720,14211720::origin=2,2,-338,2025-05-30 00:00:00,14200.0
official_usgs_streamflow,14211720,14211720::origin=2,2,-337,2025-05-31 00:00:00,13500.0
official_usgs_streamflow,14211720,14211720::origin=2,2,-336,2025-06-01 00:00:00,12600.0
official_usgs_streamflow,14211720,14211720::origin=2,2,-335,2025-06-02 00:00:00,11400.0
official_usgs_streamflow,14211720,14211720::origin=2,2,-334,2025-06-03 00:00:00,12200.0
official_usgs_streamflow,14211720,14211720::origin=2,2,-333,2025-06-04 00:00:00,11700.0
official_usgs_streamflow,14211720,14211720::origin=2,2,-332,2025-06-05 00:00:00,11200.0
official_usgs_streamflow,14211720,14211720::origin=2,2,-331,2025-06-06 00:00:00,12100.0
official_usgs_streamflow,14211720,14211720::origin=2,2,-330,2025-06-07 00:00:00,11600.0
official_usgs_streamflow,14211720,14211720::origin=2,2,-329,2025-06-08 00:00:00,12800.0
official_usgs_streamflow,14211720,14211720::origin=2,2,-328,2025-06-09 00:00:00,12600.0
official_usgs_streamflow,14211720,14211720::origin=2,2,-327,2025-06-10 00:00:00,9440.0
official_usgs_streamflow,14211720,14211720::origin=2,2,-326,2025-06-11 00:00:00,10300.0
official_usgs_streamflow,14211720,14211720::origin=2,2,-325,2025-06-12 00:00:00,8850.0
official_usgs_streamflow,14211720,14211720::origin=2,2,-324,2025-06-13 00:00:00,8960.0
official_usgs_streamflow,14211720,14211720::origin=2,2,-323,2025-06-14 00:00:00,7920.0
official_usgs_streamflow,14211720,14211720::origin=2,2,-322,2025-06-15 00:00:00,8130.0
official_usgs_streamflow,14211720,14211720::origin=2,2,-321,2025-06-16 00:00:00,8000.0
official_usgs_streamflow,14211720,14211720::origin=2,2,-320,2025-06-17 00:00:00,9000.0
official_usgs_streamflow,14211720,14211720::origin=2,2,-319,2025-06-18 00:00:00,7430.0
official_usgs_streamflow,14211720,14211720::origin=2,2,-318,2025-06-19 00:00:00,5540.0
official_usgs_streamflow,14211720,14211720::origin=2,2,-317,2025-06-20 00:00:00,8490.0
official_usgs_streamflow,14211720,14211720::origin=2,2,-316,2025-06-21 00:00:00,9890.0
official_usgs_streamflow,14211720,14211720::origin=2,2,-315,2025-06-22 00:00:00,12100.0
official_usgs_streamflow,14211720,14211720::origin=2,2,-314,2025-06-23 00:00:00,12000.0
official_usgs_streamflow,14211720,14211720::origin=2,2,-313,2025-06-24 00:00:00,11200.0
official_usgs_streamflow,14211720,14211720::origin=2,2,-312,2025-06-25 00:00:00,9780.0
official_usgs_streamflow,14211720,14211720::origin=2,2,-311,2025-06-26 00:00:00,7510.0
official_usgs_streamflow,14211720,14211720::origin=2,2,-310,2025-06-27 00:00:00,6760.0
official_usgs_streamflow,14211720,14211720::origin=2,2,-309,2025-06-28 00:00:00,7220.0
official_usgs_streamflow,14211720,14211720::origin=2,2,-308,2025-06-29 00:00:00,6130.0
official_usgs_streamflow,14211720,14211720::origin=2,2,-307,2025-06-30 00:00:00,5550.0
official_usgs_streamflow,14211720,14211720::origin=2,2,-306,2025-07-01 00:00:00,6450.0
official_usgs_streamflow,14211720,14211720::origin=2,2,-305,2025-07-02 00:00:00,6650.0
official_usgs_streamflow,14211720,14211720::origin=2,2,-304,2025-07-03 00:00:00,6150.0
official_usgs_streamflow,14211720,14211720::origin=2,2,-303,2025-07-04 00:00:00,9410.0
official_usgs_streamflow,14211720,14211720::origin=2,2,-302,2025-07-05 00:00:00,8640.0
official_usgs_streamflow,14211720,14211720::origin=2,2,-301,2025-07-06 00:00:00,6620.0
official_usgs_streamflow,14211720,14211720::origin=2,2,-300,2025-07-07 00:00:00,7890.0
official_usgs_streamflow,14211720,14211720::origin=2,2,-299,2025-07-08 00:00:00,9980.0
official_usgs_streamflow,14211720,14211720::origin=2,2,-298,2025-07-09 00:00:00,6680.0
official_usgs_streamflow,14211720,14211720::origin=2,2,-297,2025-07-10 00:00:00,5850.0
official_usgs_streamflow,14211720,14211720::origin=2,2,-296,2025-07-11 00:00:00,4530.0
official_usgs_streamflow,14211720,14211720::origin=2,2,-295,2025-07-12 00:00:00,5300.0
official_usgs_streamflow,14211720,14211720::origin=2,2,-294,2025-07-13 00:00:00,4860.0
official_usgs_streamflow,14211720,14211720::origin=2,2,-293,2025-07-14 00:00:00,5040.0
official_usgs_streamflow,14211720,14211720::origin=2,2,-292,2025-07-15 00:00:00,5500.0
official_usgs_streamflow,14211720,14211720::origin=2,2,-291,2025-07-16 00:00:00,6140.0
official_usgs_streamflow,14211720,14211720::origin=2,2,-290,2025-07-17 00:00:00,5780.0
official_usgs_streamflow,14211720,14211720::origin=2,2,-289,2025-07-18 00:00:00,5410.0
official_usgs_streamflow,14211720,14211720::origin=2,2,-288,2025-07-19 00:00:00,7150.0
official_usgs_streamflow,14211720,14211720::origin=2,2,-287,2025-07-20 00:00:00,6890.0
official_usgs_streamflow,14211720,14211720::origin=2,2,-286,2025-07-21 00:00:00,9110.0
official_usgs_streamflow,14211720,14211720::origin=2,2,-285,2025-07-22 00:00:00,7560.0
official_usgs_streamflow,14211720,14211720::origin=2,2,-284,2025-07-23 00:00:00,6570.0
official_usgs_streamflow,14211720,14211720::origin=2,2,-283,2025-07-24 00:00:00,5580.0
official_usgs_streamflow,14211720,14211720::origin=2,2,-282,2025-07-25 00:00:00,5390.0
official_usgs_streamflow,14211720,14211720::origin=2,2,-281,2025-07-26 00:00:00,5800.0
official_usgs_streamflow,14211720,14211720::origin=2,2,-280,2025-07-27 00:00:00,6710.0
official_usgs_streamflow,14211720,14211720::origin=2,2,-279,2025-07-28 00:00:00,6020.0
official_usgs_streamflow,14211720,14211720::origin=2,2,-278,2025-07-29 00:00:00,4720.0
official_usgs_streamflow,14211720,14211720::origin=2,2,-277,2025-07-30 00:00:00,5960.0
official_usgs_streamflow,14211720,14211720::origin=2,2,-276,2025-07-31 00:00:00,6730.0
official_usgs_streamflow,14211720,14211720::origin=2,2,-275,2025-08-01 00:00:00,6100.0
official_usgs_streamflow,14211720,14211720::origin=2,2,-274,2025-08-02 00:00:00,6090.0
official_usgs_streamflow,14211720,14211720::origin=2,2,-273,2025-08-03 00:00:00,6150.0
official_usgs_streamflow,14211720,14211720::origin=2,2,-272,2025-08-04 00:00:00,6920.0
official_usgs_streamflow,14211720,14211720::origin=2,2,-271,2025-08-05 00:00:00,8150.0
official_usgs_streamflow,14211720,14211720::origin=2,2,-270,2025-08-06 00:00:00,6730.0
official_usgs_streamflow,14211720,14211720::origin=2,2,-269,2025-08-07 00:00:00,6400.0
official_usgs_streamflow,14211720,14211720::origin=2,2,-268,2025-08-08 00:00:00,5550.0
official_usgs_streamflow,14211720,14211720::origin=2,2,-267,2025-08-09 00:00:00,5000.0
official_usgs_streamflow,14211720,14211720::origin=2,2,-266,2025-08-10 00:00:00,4580.0
official_usgs_streamflow,14211720,14211720::origin=2,2,-265,2025-08-11 00:00:00,5180.0
official_usgs_streamflow,14211720,14211720::origin=2,2,-264,2025-08-12 00:00:00,5890.0
official_usgs_streamflow,14211720,14211720::origin=2,2,-263,2025-08-13 00:00:00,5740.0
official_usgs_streamflow,14211720,14211720::origin=2,2,-262,2025-08-14 00:00:00,6620.0
official_usgs_streamflow,14211720,14211720::origin=2,2,-261,2025-08-15 00:00:00,5980.0
official_usgs_streamflow,14211720,14211720::origin=2,2,-260,2025-08-16 00:00:00,6430.0
official_usgs_streamflow,14211720,14211720::origin=2,2,-259,2025-08-17 00:00:00,7310.0
official_usgs_streamflow,14211720,14211720::origin=2,2,-258,2025-08-18 00:00:00,7640.0
official_usgs_streamflow,14211720,14211720::origin=2,2,-257,2025-08-19 00:00:00,8130.0
official_usgs_streamflow,14211720,14211720::origin=2,2,-256,2025-08-20 00:00:00,7510.0
official_usgs_streamflow,14211720,14211720::origin=2,2,-255,2025-08-21 00:00:00,4810.0
official_usgs_streamflow,14211720,14211720::origin=2,2,-254,2025-08-22 00:00:00,4640.0
official_usgs_streamflow,14211720,14211720::origin=2,2,-253,2025-08-23 00:00:00,4660.0
official_usgs_streamflow,14211720,14211720::origin=2,2,-252,2025-08-24 00:00:00,5720.0
official_usgs_streamflow,14211720,14211720::origin=2,2,-251,2025-08-25 00:00:00,6070.0
official_usgs_streamflow,14211720,14211720::origin=2,2,-250,2025-08-26 00:00:00,5650.0
official_usgs_streamflow,14211720,14211720::origin=2,2,-249,2025-08-27 00:00:00,6920.0
official_usgs_streamflow,14211720,14211720::origin=2,2,-248,2025-08-28 00:00:00,5240.0
official_usgs_streamflow,14211720,14211720::origin=2,2,-247,2025-08-29 00:00:00,7070.0
official_usgs_streamflow,14211720,14211720::origin=2,2,-246,2025-08-30 00:00:00,6760.0
official_usgs_streamflow,14211720,14211720::origin=2,2,-245,2025-08-31 00:00:00,5510.0
official_usgs_streamflow,14211720,14211720::origin=2,2,-244,2025-09-01 00:00:00,5800.0
official_usgs_streamflow,14211720,14211720::origin=2,2,-243,2025-09-02 00:00:00,8040.0
official_usgs_streamflow,14211720,14211720::origin=2,2,-242,2025-09-03 00:00:00,4320.0
official_usgs_streamflow,14211720,14211720::origin=2,2,-241,2025-09-04 00:00:00,5040.0
official_usgs_streamflow,14211720,14211720::origin=2,2,-240,2025-09-05 00:00:00,6220.0
official_usgs_streamflow,14211720,14211720::origin=2,2,-239,2025-09-06 00:00:00,7490.0
official_usgs_streamflow,14211720,14211720::origin=2,2,-238,2025-09-07 00:00:00,7370.0
official_usgs_streamflow,14211720,14211720::origin=2,2,-237,2025-09-08 00:00:00,6380.0
official_usgs_streamflow,14211720,14211720::origin=2,2,-236,2025-09-09 00:00:00,6440.0
official_usgs_streamflow,14211720,14211720::origin=2,2,-235,2025-09-10 00:00:00,6730.0
official_usgs_streamflow,14211720,14211720::origin=2,2,-234,2025-09-11 00:00:00,6360.0
official_usgs_streamflow,14211720,14211720::origin=2,2,-233,2025-09-12 00:00:00,6460.0
official_usgs_streamflow,14211720,14211720::origin=2,2,-232,2025-09-13 00:00:00,7090.0
official_usgs_streamflow,14211720,14211720::origin=2,2,-231,2025-09-14 00:00:00,7320.0
official_usgs_streamflow,14211720,14211720::origin=2,2,-230,2025-09-15 00:00:00,6880.0
official_usgs_streamflow,14211720,14211720::origin=2,2,-229,2025-09-16 00:00:00,8690.0
official_usgs_streamflow,14211720,14211720::origin=2,2,-228,2025-09-17 00:00:00,7500.0
official_usgs_streamflow,14211720,14211720::origin=2,2,-227,2025-09-18 00:00:00,6530.0
official_usgs_streamflow,14211720,14211720::origin=2,2,-226,2025-09-19 00:00:00,7130.0
official_usgs_streamflow,14211720,14211720::origin=2,2,-225,2025-09-20 00:00:00,8170.0
official_usgs_streamflow,14211720,14211720::origin=2,2,-224,2025-09-21 00:00:00,7960.0
official_usgs_streamflow,14211720,14211720::origin=2,2,-223,2025-09-22 00:00:00,7230.0
official_usgs_streamflow,14211720,14211720::origin=2,2,-222,2025-09-23 00:00:00,7580.0
official_usgs_streamflow,14211720,14211720::origin=2,2,-221,2025-09-24 00:00:00,6200.0
official_usgs_streamflow,14211720,14211720::origin=2,2,-220,2025-09-25 00:00:00,7020.0
official_usgs_streamflow,14211720,14211720::origin=2,2,-219,2025-09-26 00:00:00,7170.0
official_usgs_streamflow,14211720,14211720::origin=2,2,-218,2025-09-27 00:00:00,7100.0
official_usgs_streamflow,14211720,14211720::origin=2,2,-217,2025-09-28 00:00:00,7840.0
official_usgs_streamflow,14211720,14211720::origin=2,2,-216,2025-09-29 00:00:00,7800.0
official_usgs_streamflow,14211720,14211720::origin=2,2,-215,2025-09-30 00:00:00,7970.0
official_usgs_streamflow,14211720,14211720::origin=2,2,-214,2025-10-01 00:00:00,8050.0
official_usgs_streamflow,14211720,14211720::origin=2,2,-213,2025-10-02 00:00:00,8530.0
official_usgs_streamflow,14211720,14211720::origin=2,2,-212,2025-10-03 00:00:00,10000.0
official_usgs_streamflow,14211720,14211720::origin=2,2,-211,2025-10-04 00:00:00,9470.0
official_usgs_streamflow,14211720,14211720::origin=2,2,-210,2025-10-05 00:00:00,7000.0
official_usgs_streamflow,14211720,14211720::origin=2,2,-209,2025-10-06 00:00:00,8210.0
official_usgs_streamflow,14211720,14211720::origin=2,2,-208,2025-10-07 00:00:00,7530.0
official_usgs_streamflow,14211720,14211720::origin=2,2,-207,2025-10-08 00:00:00,7770.0
official_usgs_streamflow,14211720,14211720::origin=2,2,-206,2025-10-09 00:00:00,7800.0
official_usgs_streamflow,14211720,14211720::origin=2,2,-205,2025-10-10 00:00:00,8330.0
official_usgs_streamflow,14211720,14211720::origin=2,2,-204,2025-10-11 00:00:00,9270.0
official_usgs_streamflow,14211720,14211720::origin=2,2,-203,2025-10-12 00:00:00,9200.0
official_usgs_streamflow,14211720,14211720::origin=2,2,-202,2025-10-13 00:00:00,9890.0
official_usgs_streamflow,14211720,14211720::origin=2,2,-201,2025-10-14 00:00:00,9960.0
official_usgs_streamflow,14211720,14211720::origin=2,2,-200,2025-10-15 00:00:00,10500.0
official_usgs_streamflow,14211720,14211720::origin=2,2,-199,2025-10-16 00:00:00,11100.0
official_usgs_streamflow,14211720,14211720::origin=2,2,-198,2025-10-17 00:00:00,10100.0
official_usgs_streamflow,14211720,14211720::origin=2,2,-197,2025-10-18 00:00:00,9830.0
official_usgs_streamflow,14211720,14211720::origin=2,2,-196,2025-10-19 00:00:00,8610.0
official_usgs_streamflow,14211720,14211720::origin=2,2,-195,2025-10-20 00:00:00,10700.0
official_usgs_streamflow,14211720,14211720::origin=2,2,-194,2025-10-21 00:00:00,9790.0
official_usgs_streamflow,14211720,14211720::origin=2,2,-193,2025-10-22 00:00:00,10900.0
official_usgs_streamflow,14211720,14211720::origin=2,2,-192,2025-10-23 00:00:00,11800.0
official_usgs_streamflow,14211720,14211720::origin=2,2,-191,2025-10-24 00:00:00,12100.0
official_usgs_streamflow,14211720,14211720::origin=2,2,-190,2025-10-25 00:00:00,12300.0
official_usgs_streamflow,14211720,14211720::origin=2,2,-189,2025-10-26 00:00:00,16600.0
official_usgs_streamflow,14211720,14211720::origin=2,2,-188,2025-10-27 00:00:00,19800.0
official_usgs_streamflow,14211720,14211720::origin=2,2,-187,2025-10-28 00:00:00,19200.0
official_usgs_streamflow,14211720,14211720::origin=2,2,-186,2025-10-29 00:00:00,18600.0
official_usgs_streamflow,14211720,14211720::origin=2,2,-185,2025-10-30 00:00:00,16800.0
official_usgs_streamflow,14211720,14211720::origin=2,2,-184,2025-10-31 00:00:00,17000.0
official_usgs_streamflow,14211720,14211720::origin=2,2,-183,2025-11-01 00:00:00,18300.0
official_usgs_streamflow,14211720,14211720::origin=2,2,-182,2025-11-02 00:00:00,22800.0
official_usgs_streamflow,14211720,14211720::origin=2,2,-181,2025-11-03 00:00:00,23400.0
official_usgs_streamflow,14211720,14211720::origin=2,2,-180,2025-11-04 00:00:00,22800.0
official_usgs_streamflow,14211720,14211720::origin=2,2,-179,2025-11-05 00:00:00,21800.0
official_usgs_streamflow,14211720,14211720::origin=2,2,-178,2025-11-06 00:00:00,25000.0
official_usgs_streamflow,14211720,14211720::origin=2,2,-177,2025-11-07 00:00:00,30500.0
official_usgs_streamflow,14211720,14211720::origin=2,2,-176,2025-11-08 00:00:00,32000.0
official_usgs_streamflow,14211720,14211720::origin=2,2,-175,2025-11-09 00:00:00,28200.0
official_usgs_streamflow,14211720,14211720::origin=2,2,-174,2025-11-10 00:00:00,24400.0
official_usgs_streamflow,14211720,14211720::origin=2,2,-173,2025-11-11 00:00:00,21500.0
official_usgs_streamflow,14211720,14211720::origin=2,2,-172,2025-11-12 00:00:00,18800.0
official_usgs_streamflow,14211720,14211720::origin=2,2,-171,2025-11-13 00:00:00,17700.0
official_usgs_streamflow,14211720,14211720::origin=2,2,-170,2025-11-14 00:00:00,17900.0
official_usgs_streamflow,14211720,14211720::origin=2,2,-169,2025-11-15 00:00:00,16600.0
official_usgs_streamflow,14211720,14211720::origin=2,2,-168,2025-11-16 00:00:00,15300.0
official_usgs_streamflow,14211720,14211720::origin=2,2,-167,2025-11-17 00:00:00,14400.0
official_usgs_streamflow,14211720,14211720::origin=2,2,-166,2025-11-18 00:00:00,14600.0
official_usgs_streamflow,14211720,14211720::origin=2,2,-165,2025-11-19 00:00:00,13300.0
official_usgs_streamflow,14211720,14211720::origin=2,2,-164,2025-11-20 00:00:00,12600.0
official_usgs_streamflow,14211720,14211720::origin=2,2,-163,2025-11-21 00:00:00,11600.0
official_usgs_streamflow,14211720,14211720::origin=2,2,-162,2025-11-22 00:00:00,12100.0
official_usgs_streamflow,14211720,14211720::origin=2,2,-161,2025-11-23 00:00:00,12300.0
official_usgs_streamflow,14211720,14211720::origin=2,2,-160,2025-11-24 00:00:00,12700.0
official_usgs_streamflow,14211720,14211720::origin=2,2,-159,2025-11-25 00:00:00,13200.0
official_usgs_streamflow,14211720,14211720::origin=2,2,-158,2025-11-26 00:00:00,15600.0
official_usgs_streamflow,14211720,14211720::origin=2,2,-157,2025-11-27 00:00:00,19000.0
official_usgs_streamflow,14211720,14211720::origin=2,2,-156,2025-11-28 00:00:00,21500.0
official_usgs_streamflow,14211720,14211720::origin=2,2,-155,2025-11-29 00:00:00,22400.0
official_usgs_streamflow,14211720,14211720::origin=2,2,-154,2025-11-30 00:00:00,22500.0
official_usgs_streamflow,14211720,14211720::origin=2,2,-153,2025-12-01 00:00:00,19300.0
official_usgs_streamflow,14211720,14211720::origin=2,2,-152,2025-12-02 00:00:00,15800.0
official_usgs_streamflow,14211720,14211720::origin=2,2,-151,2025-12-03 00:00:00,13900.0
official_usgs_streamflow,14211720,14211720::origin=2,2,-150,2025-12-04 00:00:00,13300.0
official_usgs_streamflow,14211720,14211720::origin=2,2,-149,2025-12-05 00:00:00,19200.0
official_usgs_streamflow,14211720,14211720::origin=2,2,-148,2025-12-06 00:00:00,32000.0
official_usgs_streamflow,14211720,14211720::origin=2,2,-147,2025-12-07 00:00:00,39300.0
official_usgs_streamflow,14211720,14211720::origin=2,2,-146,2025-12-08 00:00:00,43500.0
official_usgs_streamflow,14211720,14211720::origin=2,2,-145,2025-12-09 00:00:00,75800.0
official_usgs_streamflow,14211720,14211720::origin=2,2,-144,2025-12-10 00:00:00,105000.0
official_usgs_streamflow,14211720,14211720::origin=2,2,-143,2025-12-11 00:00:00,98200.0
official_usgs_streamflow,14211720,14211720::origin=2,2,-142,2025-12-12 00:00:00,83300.0
official_usgs_streamflow,14211720,14211720::origin=2,2,-141,2025-12-13 00:00:00,67000.0
official_usgs_streamflow,14211720,14211720::origin=2,2,-140,2025-12-14 00:00:00,52000.0
official_usgs_streamflow,14211720,14211720::origin=2,2,-139,2025-12-15 00:00:00,43500.0
official_usgs_streamflow,14211720,14211720::origin=2,2,-138,2025-12-16 00:00:00,43400.0
official_usgs_streamflow,14211720,14211720::origin=2,2,-137,2025-12-17 00:00:00,49300.0
official_usgs_streamflow,14211720,14211720::origin=2,2,-136,2025-12-18 00:00:00,63700.0
official_usgs_streamflow,14211720,14211720::origin=2,2,-135,2025-12-19 00:00:00,144000.0
official_usgs_streamflow,14211720,14211720::origin=2,2,-134,2025-12-20 00:00:00,144000.0
official_usgs_streamflow,14211720,14211720::origin=2,2,-133,2025-12-21 00:00:00,144000.0
official_usgs_streamflow,14211720,14211720::origin=2,2,-132,2025-12-22 00:00:00,131000.0
official_usgs_streamflow,14211720,14211720::origin=2,2,-131,2025-12-23 00:00:00,108000.0
official_usgs_streamflow,14211720,14211720::origin=2,2,-130,2025-12-24 00:00:00,89100.0
official_usgs_streamflow,14211720,14211720::origin=2,2,-129,2025-12-25 00:00:00,80100.0
official_usgs_streamflow,14211720,14211720::origin=2,2,-128,2025-12-26 00:00:00,70400.0
official_usgs_streamflow,14211720,14211720::origin=2,2,-127,2025-12-27 00:00:00,62300.0
official_usgs_streamflow,14211720,14211720::origin=2,2,-126,2025-12-28 00:00:00,56900.0
official_usgs_streamflow,14211720,14211720::origin=2,2,-125,2025-12-29 00:00:00,52700.0
official_usgs_streamflow,14211720,14211720::origin=2,2,-124,2025-12-30 00:00:00,47700.0
official_usgs_streamflow,14211720,14211720::origin=2,2,-123,2025-12-31 00:00:00,42700.0
official_usgs_streamflow,14211720,14211720::origin=2,2,-122,2026-01-01 00:00:00,40400.0
official_usgs_streamflow,14211720,14211720::origin=2,2,-121,2026-01-02 00:00:00,39400.0
official_usgs_streamflow,14211720,14211720::origin=2,2,-120,2026-01-03 00:00:00,40800.0
official_usgs_streamflow,14211720,14211720::origin=2,2,-119,2026-01-04 00:00:00,42400.0
official_usgs_streamflow,14211720,14211720::origin=2,2,-118,2026-01-05 00:00:00,50900.0
official_usgs_streamflow,14211720,14211720::origin=2,2,-117,2026-01-06 00:00:00,53700.0
official_usgs_streamflow,14211720,14211720::origin=2,2,-116,2026-01-07 00:00:00,59500.0
official_usgs_streamflow,14211720,14211720::origin=2,2,-115,2026-01-08 00:00:00,67200.0
official_usgs_streamflow,14211720,14211720::origin=2,2,-114,2026-01-09 00:00:00,68800.0
official_usgs_streamflow,14211720,14211720::origin=2,2,-113,2026-01-10 00:00:00,63600.0
official_usgs_streamflow,14211720,14211720::origin=2,2,-112,2026-01-11 00:00:00,57000.0
official_usgs_streamflow,14211720,14211720::origin=2,2,-111,2026-01-12 00:00:00,51900.0
official_usgs_streamflow,14211720,14211720::origin=2,2,-110,2026-01-13 00:00:00,46700.0
official_usgs_streamflow,14211720,14211720::origin=2,2,-109,2026-01-14 00:00:00,40500.0
official_usgs_streamflow,14211720,14211720::origin=2,2,-108,2026-01-15 00:00:00,36600.0
official_usgs_streamflow,14211720,14211720::origin=2,2,-107,2026-01-16 00:00:00,33200.0
official_usgs_streamflow,14211720,14211720::origin=2,2,-106,2026-01-17 00:00:00,30100.0
official_usgs_streamflow,14211720,14211720::origin=2,2,-105,2026-01-18 00:00:00,27700.0
official_usgs_streamflow,14211720,14211720::origin=2,2,-104,2026-01-19 00:00:00,25600.0
official_usgs_streamflow,14211720,14211720::origin=2,2,-103,2026-01-20 00:00:00,23600.0
official_usgs_streamflow,14211720,14211720::origin=2,2,-102,2026-01-21 00:00:00,22000.0
official_usgs_streamflow,14211720,14211720::origin=2,2,-101,2026-01-22 00:00:00,20300.0
official_usgs_streamflow,14211720,14211720::origin=2,2,-100,2026-01-23 00:00:00,19400.0
official_usgs_streamflow,14211720,14211720::origin=2,2,-99,2026-01-24 00:00:00,17300.0
official_usgs_streamflow,14211720,14211720::origin=2,2,-98,2026-01-25 00:00:00,16400.0
official_usgs_streamflow,14211720,14211720::origin=2,2,-97,2026-01-26 00:00:00,15800.0
official_usgs_streamflow,14211720,14211720::origin=2,2,-96,2026-01-27 00:00:00,15700.0
official_usgs_streamflow,14211720,14211720::origin=2,2,-95,2026-01-28 00:00:00,15200.0
official_usgs_streamflow,14211720,14211720::origin=2,2,-94,2026-01-29 00:00:00,15300.0
official_usgs_streamflow,14211720,14211720::origin=2,2,-93,2026-01-30 00:00:00,13900.0
official_usgs_streamflow,14211720,14211720::origin=2,2,-92,2026-01-31 00:00:00,14400.0
official_usgs_streamflow,14211720,14211720::origin=2,2,-91,2026-02-01 00:00:00,15200.0
official_usgs_streamflow,14211720,14211720::origin=2,2,-90,2026-02-02 00:00:00,15700.0
official_usgs_streamflow,14211720,14211720::origin=2,2,-89,2026-02-03 00:00:00,16300.0
official_usgs_streamflow,14211720,14211720::origin=2,2,-88,2026-02-04 00:00:00,15100.0
official_usgs_streamflow,14211720,14211720::origin=2,2,-87,2026-02-05 00:00:00,14500.0
official_usgs_streamflow,14211720,14211720::origin=2,2,-86,2026-02-06 00:00:00,13800.0
official_usgs_streamflow,14211720,14211720::origin=2,2,-85,2026-02-07 00:00:00,13400.0
official_usgs_streamflow,14211720,14211720::origin=2,2,-84,2026-02-08 00:00:00,16200.0
official_usgs_streamflow,14211720,14211720::origin=2,2,-83,2026-02-09 00:00:00,26300.0
official_usgs_streamflow,14211720,14211720::origin=2,2,-82,2026-02-10 00:00:00,40100.0
official_usgs_streamflow,14211720,14211720::origin=2,2,-81,2026-02-11 00:00:00,37900.0
official_usgs_streamflow,14211720,14211720::origin=2,2,-80,2026-02-12 00:00:00,29800.0
official_usgs_streamflow,14211720,14211720::origin=2,2,-79,2026-02-13 00:00:00,24400.0
official_usgs_streamflow,14211720,14211720::origin=2,2,-78,2026-02-14 00:00:00,22000.0
official_usgs_streamflow,14211720,14211720::origin=2,2,-77,2026-02-15 00:00:00,21600.0
official_usgs_streamflow,14211720,14211720::origin=2,2,-76,2026-02-16 00:00:00,22100.0
official_usgs_streamflow,14211720,14211720::origin=2,2,-75,2026-02-17 00:00:00,24800.0
official_usgs_streamflow,14211720,14211720::origin=2,2,-74,2026-02-18 00:00:00,27900.0
official_usgs_streamflow,14211720,14211720::origin=2,2,-73,2026-02-19 00:00:00,27500.0
official_usgs_streamflow,14211720,14211720::origin=2,2,-72,2026-02-20 00:00:00,25700.0
official_usgs_streamflow,14211720,14211720::origin=2,2,-71,2026-02-21 00:00:00,24400.0
official_usgs_streamflow,14211720,14211720::origin=2,2,-70,2026-02-22 00:00:00,25000.0
official_usgs_streamflow,14211720,14211720::origin=2,2,-69,2026-02-23 00:00:00,35100.0
official_usgs_streamflow,14211720,14211720::origin=2,2,-68,2026-02-24 00:00:00,72100.0
official_usgs_streamflow,14211720,14211720::origin=2,2,-67,2026-02-25 00:00:00,96600.0
official_usgs_streamflow,14211720,14211720::origin=2,2,-66,2026-02-26 00:00:00,94700.0
official_usgs_streamflow,14211720,14211720::origin=2,2,-65,2026-02-27 00:00:00,80400.0
official_usgs_streamflow,14211720,14211720::origin=2,2,-64,2026-02-28 00:00:00,62300.0
official_usgs_streamflow,14211720,14211720::origin=2,2,-63,2026-03-01 00:00:00,50100.0
official_usgs_streamflow,14211720,14211720::origin=2,2,-62,2026-03-02 00:00:00,43000.0
official_usgs_streamflow,14211720,14211720::origin=2,2,-61,2026-03-03 00:00:00,38600.0
official_usgs_streamflow,14211720,14211720::origin=2,2,-60,2026-03-04 00:00:00,34800.0
official_usgs_streamflow,14211720,14211720::origin=2,2,-59,2026-03-05 00:00:00,35400.0
official_usgs_streamflow,14211720,14211720::origin=2,2,-58,2026-03-06 00:00:00,38100.0
official_usgs_streamflow,14211720,14211720::origin=2,2,-57,2026-03-07 00:00:00,37100.0
official_usgs_streamflow,14211720,14211720::origin=2,2,-56,2026-03-08 00:00:00,34900.0
official_usgs_streamflow,14211720,14211720::origin=2,2,-55,2026-03-09 00:00:00,34700.0
official_usgs_streamflow,14211720,14211720::origin=2,2,-54,2026-03-10 00:00:00,33600.0
official_usgs_streamflow,14211720,14211720::origin=2,2,-53,2026-03-11 00:00:00,31900.0
official_usgs_streamflow,14211720,14211720::origin=2,2,-52,2026-03-12 00:00:00,57100.0
official_usgs_streamflow,14211720,14211720::origin=2,2,-51,2026-03-13 00:00:00,85100.0
official_usgs_streamflow,14211720,14211720::origin=2,2,-50,2026-03-14 00:00:00,100000.0
official_usgs_streamflow,14211720,14211720::origin=2,2,-49,2026-03-15 00:00:00,97700.0
official_usgs_streamflow,14211720,14211720::origin=2,2,-48,2026-03-16 00:00:00,85900.0
official_usgs_streamflow,14211720,14211720::origin=2,2,-47,2026-03-17 00:00:00,71500.0
official_usgs_streamflow,14211720,14211720::origin=2,2,-46,2026-03-18 00:00:00,58000.0
official_usgs_streamflow,14211720,14211720::origin=2,2,-45,2026-03-19 00:00:00,49200.0
official_usgs_streamflow,14211720,14211720::origin=2,2,-44,2026-03-20 00:00:00,42100.0
official_usgs_streamflow,14211720,14211720::origin=2,2,-43,2026-03-21 00:00:00,37500.0
official_usgs_streamflow,14211720,14211720::origin=2,2,-42,2026-03-22 00:00:00,32600.0
official_usgs_streamflow,14211720,14211720::origin=2,2,-41,2026-03-23 00:00:00,29700.0
official_usgs_streamflow,14211720,14211720::origin=2,2,-40,2026-03-24 00:00:00,25800.0
official_usgs_streamflow,14211720,14211720::origin=2,2,-39,2026-03-25 00:00:00,25600.0
official_usgs_streamflow,14211720,14211720::origin=2,2,-38,2026-03-26 00:00:00,26500.0
official_usgs_streamflow,14211720,14211720::origin=2,2,-37,2026-03-27 00:00:00,25300.0
official_usgs_streamflow,14211720,14211720::origin=2,2,-36,2026-03-28 00:00:00,23000.0
official_usgs_streamflow,14211720,14211720::origin=2,2,-35,2026-03-29 00:00:00,21400.0
official_usgs_streamflow,14211720,14211720::origin=2,2,-34,2026-03-30 00:00:00,21000.0
official_usgs_streamflow,14211720,14211720::origin=2,2,-33,2026-03-31 00:00:00,19900.0
official_usgs_streamflow,14211720,14211720::origin=2,2,-32,2026-04-01 00:00:00,19400.0
official_usgs_streamflow,14211720,14211720::origin=2,2,-31,2026-04-02 00:00:00,21700.0
official_usgs_streamflow,14211720,14211720::origin=2,2,-30,2026-04-03 00:00:00,25900.0
official_usgs_streamflow,14211720,14211720::origin=2,2,-29,2026-04-04 00:00:00,26700.0
official_usgs_streamflow,14211720,14211720::origin=2,2,-28,2026-04-05 00:00:00,25600.0
official_usgs_streamflow,14211720,14211720::origin=2,2,-27,2026-04-06 00:00:00,24500.0
official_usgs_streamflow,14211720,14211720::origin=2,2,-26,2026-04-07 00:00:00,23100.0
official_usgs_streamflow,14211720,14211720::origin=2,2,-25,2026-04-08 00:00:00,22400.0
official_usgs_streamflow,14211720,14211720::origin=2,2,-24,2026-04-09 00:00:00,22400.0
official_usgs_streamflow,14211720,14211720::origin=2,2,-23,2026-04-10 00:00:00,18700.0
official_usgs_streamflow,14211720,14211720::origin=2,2,-22,2026-04-11 00:00:00,20000.0
official_usgs_streamflow,14211720,14211720::origin=2,2,-21,2026-04-12 00:00:00,20200.0
official_usgs_streamflow,14211720,14211720::origin=2,2,-20,2026-04-13 00:00:00,22700.0
official_usgs_streamflow,14211720,14211720::origin=2,2,-19,2026-04-14 00:00:00,23800.0
official_usgs_streamflow,14211720,14211720::origin=2,2,-18,2026-04-15 00:00:00,26300.0
official_usgs_streamflow,14211720,14211720::origin=2,2,-17,2026-04-16 00:00:00,33800.0
official_usgs_streamflow,14211720,14211720::origin=2,2,-16,2026-04-17 00:00:00,37600.0
official_usgs_streamflow,14211720,14211720::origin=2,2,-15,2026-04-18 00:00:00,34600.0
official_usgs_streamflow,14211720,14211720::origin=2,2,-14,2026-04-19 00:00:00,31500.0
official_usgs_streamflow,14211720,14211720::origin=2,2,-13,2026-04-20 00:00:00,28600.0
official_usgs_streamflow,14211720,14211720::origin=2,2,-12,2026-04-21 00:00:00,26800.0
official_usgs_streamflow,14211720,14211720::origin=2,2,-11,2026-04-22 00:00:00,26800.0
official_usgs_streamflow,14211720,14211720::origin=2,2,-10,2026-04-23 00:00:00,26800.0
official_usgs_streamflow,14211720,14211720::origin=2,2,-9,2026-04-24 00:00:00,24600.0
official_usgs_streamflow,14211720,14211720::origin=2,2,-8,2026-04-25 00:00:00,24700.0
official_usgs_streamflow,14211720,14211720::origin=2,2,-7,2026-04-26 00:00:00,23100.0
official_usgs_streamflow,14211720,14211720::origin=2,2,-6,2026-04-27 00:00:00,21200.0
official_usgs_streamflow,14211720,14211720::origin=2,2,-5,2026-04-28 00:00:00,19300.0
official_usgs_streamflow,14211720,14211720::origin=2,2,-4,2026-04-29 00:00:00,18700.0
official_usgs_streamflow,14211720,14211720::origin=2,2,-3,2026-04-30 00:00:00,18000.0
official_usgs_streamflow,14211720,14211720::origin=2,2,-2,2026-05-01 00:00:00,17100.0
official_usgs_streamflow,14211720,14211720::origin=2,2,-1,2026-05-02 00:00:00,17100.0
official_bls_macro,CES0000000001,CES0000000001::origin=0,0,-24,2024-02-01 00:00:00,157238.0
official_bls_macro,CES0000000001,CES0000000001::origin=0,0,-23,2024-03-01 00:00:00,157466.0
official_bls_macro,CES0000000001,CES0000000001::origin=0,0,-22,2024-04-01 00:00:00,157530.0
official_bls_macro,CES0000000001,CES0000000001::origin=0,0,-21,2024-05-01 00:00:00,157608.0
official_bls_macro,CES0000000001,CES0000000001::origin=0,0,-20,2024-06-01 00:00:00,157695.0
official_bls_macro,CES0000000001,CES0000000001::origin=0,0,-19,2024-07-01 00:00:00,157748.0
official_bls_macro,CES0000000001,CES0000000001::origin=0,0,-18,2024-08-01 00:00:00,157757.0
official_bls_macro,CES0000000001,CES0000000001::origin=0,0,-17,2024-09-01 00:00:00,157912.0
official_bls_macro,CES0000000001,CES0000000001::origin=0,0,-16,2024-10-01 00:00:00,157945.0
official_bls_macro,CES0000000001,CES0000000001::origin=0,0,-15,2024-11-01 00:00:00,158079.0
official_bls_macro,CES0000000001,CES0000000001::origin=0,0,-14,2024-12-01 00:00:00,158316.0
official_bls_macro,CES0000000001,CES0000000001::origin=0,0,-13,2025-01-01 00:00:00,158268.0
official_bls_macro,CES0000000001,CES0000000001::origin=0,0,-12,2025-02-01 00:00:00,158310.0
official_bls_macro,CES0000000001,CES0000000001::origin=0,0,-11,2025-03-01 00:00:00,158377.0
official_bls_macro,CES0000000001,CES0000000001::origin=0,0,-10,2025-04-01 00:00:00,158485.0
official_bls_macro,CES0000000001,CES0000000001::origin=0,0,-9,2025-05-01 00:00:00,158498.0
official_bls_macro,CES0000000001,CES0000000001::origin=0,0,-8,2025-06-01 00:00:00,158478.0
official_bls_macro,CES0000000001,CES0000000001::origin=0,0,-7,2025-07-01 00:00:00,158542.0
official_bls_macro,CES0000000001,CES0000000001::origin=0,0,-6,2025-08-01 00:00:00,158472.0
official_bls_macro,CES0000000001,CES0000000001::origin=0,0,-5,2025-09-01 00:00:00,158548.0
official_bls_macro,CES0000000001,CES0000000001::origin=0,0,-4,2025-10-01 00:00:00,158408.0
official_bls_macro,CES0000000001,CES0000000001::origin=0,0,-3,2025-11-01 00:00:00,158449.0
official_bls_macro,CES0000000001,CES0000000001::origin=0,0,-2,2025-12-01 00:00:00,158432.0
official_bls_macro,CES0000000001,CES0000000001::origin=0,0,-1,2026-01-01 00:00:00,158592.0
official_bls_macro,CES0000000001,CES0000000001::origin=1,1,-24,2023-08-01 00:00:00,156261.0
official_bls_macro,CES0000000001,CES0000000001::origin=1,1,-23,2023-09-01 00:00:00,156417.0
official_bls_macro,CES0000000001,CES0000000001::origin=1,1,-22,2023-10-01 00:00:00,156576.0
official_bls_macro,CES0000000001,CES0000000001::origin=1,1,-21,2023-11-01 00:00:00,156703.0
official_bls_macro,CES0000000001,CES0000000001::origin=1,1,-20,2023-12-01 00:00:00,156857.0
official_bls_macro,CES0000000001,CES0000000001::origin=1,1,-19,2024-01-01 00:00:00,157032.0
official_bls_macro,CES0000000001,CES0000000001::origin=1,1,-18,2024-02-01 00:00:00,157238.0
official_bls_macro,CES0000000001,CES0000000001::origin=1,1,-17,2024-03-01 00:00:00,157466.0
official_bls_macro,CES0000000001,CES0000000001::origin=1,1,-16,2024-04-01 00:00:00,157530.0
official_bls_macro,CES0000000001,CES0000000001::origin=1,1,-15,2024-05-01 00:00:00,157608.0
official_bls_macro,CES0000000001,CES0000000001::origin=1,1,-14,2024-06-01 00:00:00,157695.0
official_bls_macro,CES0000000001,CES0000000001::origin=1,1,-13,2024-07-01 00:00:00,157748.0
official_bls_macro,CES0000000001,CES0000000001::origin=1,1,-12,2024-08-01 00:00:00,157757.0
official_bls_macro,CES0000000001,CES0000000001::origin=1,1,-11,2024-09-01 00:00:00,157912.0
official_bls_macro,CES0000000001,CES0000000001::origin=1,1,-10,2024-10-01 00:00:00,157945.0
official_bls_macro,CES0000000001,CES0000000001::origin=1,1,-9,2024-11-01 00:00:00,158079.0
official_bls_macro,CES0000000001,CES0000000001::origin=1,1,-8,2024-12-01 00:00:00,158316.0
official_bls_macro,CES0000000001,CES0000000001::origin=1,1,-7,2025-01-01 00:00:00,158268.0
official_bls_macro,CES0000000001,CES0000000001::origin=1,1,-6,2025-02-01 00:00:00,158310.0
official_bls_macro,CES0000000001,CES0000000001::origin=1,1,-5,2025-03-01 00:00:00,158377.0
official_bls_macro,CES0000000001,CES0000000001::origin=1,1,-4,2025-04-01 00:00:00,158485.0
official_bls_macro,CES0000000001,CES0000000001::origin=1,1,-3,2025-05-01 00:00:00,158498.0
official_bls_macro,CES0000000001,CES0000000001::origin=1,1,-2,2025-06-01 00:00:00,158478.0
official_bls_macro,CES0000000001,CES0000000001::origin=1,1,-1,2025-07-01 00:00:00,158542.0
official_bls_macro,CES0000000001,CES0000000001::origin=2,2,-24,2023-02-01 00:00:00,155066.0
official_bls_macro,CES0000000001,CES0000000001::origin=2,2,-23,2023-03-01 00:00:00,155134.0
official_bls_macro,CES0000000001,CES0000000001::origin=2,2,-22,2023-04-01 00:00:00,155375.0
official_bls_macro,CES0000000001,CES0000000001::origin=2,2,-21,2023-05-01 00:00:00,155655.0
official_bls_macro,CES0000000001,CES0000000001::origin=2,2,-20,2023-06-01 00:00:00,155880.0
official_bls_macro,CES0000000001,CES0000000001::origin=2,2,-19,2023-07-01 00:00:00,156043.0
official_bls_macro,CES0000000001,CES0000000001::origin=2,2,-18,2023-08-01 00:00:00,156261.0
official_bls_macro,CES0000000001,CES0000000001::origin=2,2,-17,2023-09-01 00:00:00,156417.0
official_bls_macro,CES0000000001,CES0000000001::origin=2,2,-16,2023-10-01 00:00:00,156576.0
official_bls_macro,CES0000000001,CES0000000001::origin=2,2,-15,2023-11-01 00:00:00,156703.0
official_bls_macro,CES0000000001,CES0000000001::origin=2,2,-14,2023-12-01 00:00:00,156857.0
official_bls_macro,CES0000000001,CES0000000001::origin=2,2,-13,2024-01-01 00:00:00,157032.0
official_bls_macro,CES0000000001,CES0000000001::origin=2,2,-12,2024-02-01 00:00:00,157238.0
official_bls_macro,CES0000000001,CES0000000001::origin=2,2,-11,2024-03-01 00:00:00,157466.0
official_bls_macro,CES0000000001,CES0000000001::origin=2,2,-10,2024-04-01 00:00:00,157530.0
official_bls_macro,CES0000000001,CES0000000001::origin=2,2,-9,2024-05-01 00:00:00,157608.0
official_bls_macro,CES0000000001,CES0000000001::origin=2,2,-8,2024-06-01 00:00:00,157695.0
official_bls_macro,CES0000000001,CES0000000001::origin=2,2,-7,2024-07-01 00:00:00,157748.0
official_bls_macro,CES0000000001,CES0000000001::origin=2,2,-6,2024-08-01 00:00:00,157757.0
official_bls_macro,CES0000000001,CES0000000001::origin=2,2,-5,2024-09-01 00:00:00,157912.0
official_bls_macro,CES0000000001,CES0000000001::origin=2,2,-4,2024-10-01 00:00:00,157945.0
official_bls_macro,CES0000000001,CES0000000001::origin=2,2,-3,2024-11-01 00:00:00,158079.0
official_bls_macro,CES0000000001,CES0000000001::origin=2,2,-2,2024-12-01 00:00:00,158316.0
official_bls_macro,CES0000000001,CES0000000001::origin=2,2,-1,2025-01-01 00:00:00,158268.0
official_bls_macro,CUUR0000SA0,CUUR0000SA0::origin=0,0,-24,2024-02-01 00:00:00,310.32598876953125
official_bls_macro,CUUR0000SA0,CUUR0000SA0::origin=0,0,-23,2024-03-01 00:00:00,312.3320007324219
official_bls_macro,CUUR0000SA0,CUUR0000SA0::origin=0,0,-22,2024-04-01 00:00:00,313.5480041503906
official_bls_macro,CUUR0000SA0,CUUR0000SA0::origin=0,0,-21,2024-05-01 00:00:00,314.0690002441406
official_bls_macro,CUUR0000SA0,CUUR0000SA0::origin=0,0,-20,2024-06-01 00:00:00,314.17498779296875
official_bls_macro,CUUR0000SA0,CUUR0000SA0::origin=0,0,-19,2024-07-01 00:00:00,314.5400085449219
official_bls_macro,CUUR0000SA0,CUUR0000SA0::origin=0,0,-18,2024-08-01 00:00:00,314.7959899902344
official_bls_macro,CUUR0000SA0,CUUR0000SA0::origin=0,0,-17,2024-09-01 00:00:00,315.3009948730469
official_bls_macro,CUUR0000SA0,CUUR0000SA0::origin=0,0,-16,2024-10-01 00:00:00,315.66400146484375
official_bls_macro,CUUR0000SA0,CUUR0000SA0::origin=0,0,-15,2024-11-01 00:00:00,315.4930114746094
official_bls_macro,CUUR0000SA0,CUUR0000SA0::origin=0,0,-14,2024-12-01 00:00:00,315.6050109863281
official_bls_macro,CUUR0000SA0,CUUR0000SA0::origin=0,0,-13,2025-01-01 00:00:00,317.6709899902344
official_bls_macro,CUUR0000SA0,CUUR0000SA0::origin=0,0,-12,2025-02-01 00:00:00,319.0820007324219
official_bls_macro,CUUR0000SA0,CUUR0000SA0::origin=0,0,-11,2025-03-01 00:00:00,319.79901123046875
official_bls_macro,CUUR0000SA0,CUUR0000SA0::origin=0,0,-10,2025-04-01 00:00:00,320.7950134277344
official_bls_macro,CUUR0000SA0,CUUR0000SA0::origin=0,0,-9,2025-05-01 00:00:00,321.4649963378906
official_bls_macro,CUUR0000SA0,CUUR0000SA0::origin=0,0,-8,2025-06-01 00:00:00,322.5610046386719
official_bls_macro,CUUR0000SA0,CUUR0000SA0::origin=0,0,-7,2025-07-01 00:00:00,323.0480041503906
official_bls_macro,CUUR0000SA0,CUUR0000SA0::origin=0,0,-6,2025-08-01 00:00:00,323.97601318359375
official_bls_macro,CUUR0000SA0,CUUR0000SA0::origin=0,0,-5,2025-09-01 00:00:00,324.79998779296875
official_bls_macro,CUUR0000SA0,CUUR0000SA0::origin=0,0,-4,2025-10-01 00:00:00,324.79998779296875
official_bls_macro,CUUR0000SA0,CUUR0000SA0::origin=0,0,-3,2025-11-01 00:00:00,324.12200927734375
official_bls_macro,CUUR0000SA0,CUUR0000SA0::origin=0,0,-2,2025-12-01 00:00:00,324.0539855957031
official_bls_macro,CUUR0000SA0,CUUR0000SA0::origin=0,0,-1,2026-01-01 00:00:00,325.25201416015625
official_bls_macro,CUUR0000SA0,CUUR0000SA0::origin=2,2,-24,2023-02-01 00:00:00,300.8399963378906
official_bls_macro,CUUR0000SA0,CUUR0000SA0::origin=2,2,-23,2023-03-01 00:00:00,301.83599853515625
official_bls_macro,CUUR0000SA0,CUUR0000SA0::origin=2,2,-22,2023-04-01 00:00:00,303.3630065917969
official_bls_macro,CUUR0000SA0,CUUR0000SA0::origin=2,2,-21,2023-05-01 00:00:00,304.12701416015625
official_bls_macro,CUUR0000SA0,CUUR0000SA0::origin=2,2,-20,2023-06-01 00:00:00,305.1090087890625
official_bls_macro,CUUR0000SA0,CUUR0000SA0::origin=2,2,-19,2023-07-01 00:00:00,305.6910095214844
official_bls_macro,CUUR0000SA0,CUUR0000SA0::origin=2,2,-18,2023-08-01 00:00:00,307.0260009765625
official_bls_macro,CUUR0000SA0,CUUR0000SA0::origin=2,2,-17,2023-09-01 00:00:00,307.78900146484375
official_bls_macro,CUUR0000SA0,CUUR0000SA0::origin=2,2,-16,2023-10-01 00:00:00,307.6709899902344
official_bls_macro,CUUR0000SA0,CUUR0000SA0::origin=2,2,-15,2023-11-01 00:00:00,307.0509948730469
official_bls_macro,CUUR0000SA0,CUUR0000SA0::origin=2,2,-14,2023-12-01 00:00:00,306.7460021972656
official_bls_macro,CUUR0000SA0,CUUR0000SA0::origin=2,2,-13,2024-01-01 00:00:00,308.4169921875
official_bls_macro,CUUR0000SA0,CUUR0000SA0::origin=2,2,-12,2024-02-01 00:00:00,310.32598876953125
official_bls_macro,CUUR0000SA0,CUUR0000SA0::origin=2,2,-11,2024-03-01 00:00:00,312.3320007324219
official_bls_macro,CUUR0000SA0,CUUR0000SA0::origin=2,2,-10,2024-04-01 00:00:00,313.5480041503906
official_bls_macro,CUUR0000SA0,CUUR0000SA0::origin=2,2,-9,2024-05-01 00:00:00,314.0690002441406
official_bls_macro,CUUR0000SA0,CUUR0000SA0::origin=2,2,-8,2024-06-01 00:00:00,314.17498779296875
official_bls_macro,CUUR0000SA0,CUUR0000SA0::origin=2,2,-7,2024-07-01 00:00:00,314.5400085449219
official_bls_macro,CUUR0000SA0,CUUR0000SA0::origin=2,2,-6,2024-08-01 00:00:00,314.7959899902344
official_bls_macro,CUUR0000SA0,CUUR0000SA0::origin=2,2,-5,2024-09-01 00:00:00,315.3009948730469
official_bls_macro,CUUR0000SA0,CUUR0000SA0::origin=2,2,-4,2024-10-01 00:00:00,315.66400146484375
official_bls_macro,CUUR0000SA0,CUUR0000SA0::origin=2,2,-3,2024-11-01 00:00:00,315.4930114746094
official_bls_macro,CUUR0000SA0,CUUR0000SA0::origin=2,2,-2,2024-12-01 00:00:00,315.6050109863281
official_bls_macro,CUUR0000SA0,CUUR0000SA0::origin=2,2,-1,2025-01-01 00:00:00,317.6709899902344
official_bls_macro,LNS14000000,LNS14000000::origin=0,0,-24,2024-02-01 00:00:00,3.9000000953674316
official_bls_macro,LNS14000000,LNS14000000::origin=0,0,-23,2024-03-01 00:00:00,3.9000000953674316
official_bls_macro,LNS14000000,LNS14000000::origin=0,0,-22,2024-04-01 00:00:00,3.9000000953674316
official_bls_macro,LNS14000000,LNS14000000::origin=0,0,-21,2024-05-01 00:00:00,3.9000000953674316
official_bls_macro,LNS14000000,LNS14000000::origin=0,0,-20,2024-06-01 00:00:00,4.099999904632568
official_bls_macro,LNS14000000,LNS14000000::origin=0,0,-19,2024-07-01 00:00:00,4.199999809265137
official_bls_macro,LNS14000000,LNS14000000::origin=0,0,-18,2024-08-01 00:00:00,4.199999809265137
official_bls_macro,LNS14000000,LNS14000000::origin=0,0,-17,2024-09-01 00:00:00,4.099999904632568
official_bls_macro,LNS14000000,LNS14000000::origin=0,0,-16,2024-10-01 00:00:00,4.099999904632568
official_bls_macro,LNS14000000,LNS14000000::origin=0,0,-15,2024-11-01 00:00:00,4.199999809265137
official_bls_macro,LNS14000000,LNS14000000::origin=0,0,-14,2024-12-01 00:00:00,4.099999904632568
official_bls_macro,LNS14000000,LNS14000000::origin=0,0,-13,2025-01-01 00:00:00,4.0
official_bls_macro,LNS14000000,LNS14000000::origin=0,0,-12,2025-02-01 00:00:00,4.199999809265137
official_bls_macro,LNS14000000,LNS14000000::origin=0,0,-11,2025-03-01 00:00:00,4.199999809265137
official_bls_macro,LNS14000000,LNS14000000::origin=0,0,-10,2025-04-01 00:00:00,4.199999809265137
official_bls_macro,LNS14000000,LNS14000000::origin=0,0,-9,2025-05-01 00:00:00,4.300000190734863
official_bls_macro,LNS14000000,LNS14000000::origin=0,0,-8,2025-06-01 00:00:00,4.099999904632568
official_bls_macro,LNS14000000,LNS14000000::origin=0,0,-7,2025-07-01 00:00:00,4.300000190734863
official_bls_macro,LNS14000000,LNS14000000::origin=0,0,-6,2025-08-01 00:00:00,4.300000190734863
official_bls_macro,LNS14000000,LNS14000000::origin=0,0,-5,2025-09-01 00:00:00,4.400000095367432
official_bls_macro,LNS14000000,LNS14000000::origin=0,0,-4,2025-10-01 00:00:00,4.400000095367432
official_bls_macro,LNS14000000,LNS14000000::origin=0,0,-3,2025-11-01 00:00:00,4.5
official_bls_macro,LNS14000000,LNS14000000::origin=0,0,-2,2025-12-01 00:00:00,4.400000095367432
official_bls_macro,LNS14000000,LNS14000000::origin=0,0,-1,2026-01-01 00:00:00,4.300000190734863
official_bls_macro,LNS14000000,LNS14000000::origin=2,2,-24,2023-02-01 00:00:00,3.5999999046325684
official_bls_macro,LNS14000000,LNS14000000::origin=2,2,-23,2023-03-01 00:00:00,3.5
official_bls_macro,LNS14000000,LNS14000000::origin=2,2,-22,2023-04-01 00:00:00,3.4000000953674316
official_bls_macro,LNS14000000,LNS14000000::origin=2,2,-21,2023-05-01 00:00:00,3.5999999046325684
official_bls_macro,LNS14000000,LNS14000000::origin=2,2,-20,2023-06-01 00:00:00,3.5999999046325684
official_bls_macro,LNS14000000,LNS14000000::origin=2,2,-19,2023-07-01 00:00:00,3.5
official_bls_macro,LNS14000000,LNS14000000::origin=2,2,-18,2023-08-01 00:00:00,3.700000047683716
official_bls_macro,LNS14000000,LNS14000000::origin=2,2,-17,2023-09-01 00:00:00,3.700000047683716
official_bls_macro,LNS14000000,LNS14000000::origin=2,2,-16,2023-10-01 00:00:00,3.9000000953674316
official_bls_macro,LNS14000000,LNS14000000::origin=2,2,-15,2023-11-01 00:00:00,3.700000047683716
official_bls_macro,LNS14000000,LNS14000000::origin=2,2,-14,2023-12-01 00:00:00,3.799999952316284
official_bls_macro,LNS14000000,LNS14000000::origin=2,2,-13,2024-01-01 00:00:00,3.700000047683716
official_bls_macro,LNS14000000,LNS14000000::origin=2,2,-12,2024-02-01 00:00:00,3.9000000953674316
official_bls_macro,LNS14000000,LNS14000000::origin=2,2,-11,2024-03-01 00:00:00,3.9000000953674316
official_bls_macro,LNS14000000,LNS14000000::origin=2,2,-10,2024-04-01 00:00:00,3.9000000953674316
official_bls_macro,LNS14000000,LNS14000000::origin=2,2,-9,2024-05-01 00:00:00,3.9000000953674316
official_bls_macro,LNS14000000,LNS14000000::origin=2,2,-8,2024-06-01 00:00:00,4.099999904632568
official_bls_macro,LNS14000000,LNS14000000::origin=2,2,-7,2024-07-01 00:00:00,4.199999809265137
official_bls_macro,LNS14000000,LNS14000000::origin=2,2,-6,2024-08-01 00:00:00,4.199999809265137
official_bls_macro,LNS14000000,LNS14000000::origin=2,2,-5,2024-09-01 00:00:00,4.099999904632568
official_bls_macro,LNS14000000,LNS14000000::origin=2,2,-4,2024-10-01 00:00:00,4.099999904632568
official_bls_macro,LNS14000000,LNS14000000::origin=2,2,-3,2024-11-01 00:00:00,4.199999809265137
official_bls_macro,LNS14000000,LNS14000000::origin=2,2,-2,2024-12-01 00:00:00,4.099999904632568
official_bls_macro,LNS14000000,LNS14000000::origin=2,2,-1,2025-01-01 00:00:00,4.0
