dataset,series_id,item_id,origin,cutoff_timestamp,model,repetition,seed,diagnostic_model,forecast_distribution,mae,rmse,smape,mase,wql,wql_loss_sum,wql_abs_target_sum,rain_occurrence_error,positive_mae,actual_zero_fraction,predicted_zero_fraction,metric_notes,duration_seconds,error_type,error
external_national_illness,OT,OT::origin=0,0,2020-01-21 00:00:00,chronos_t5_tiny,0,372023628,False,chronos_samples,81324.9296875,106280.9453125,0.05514049530029297,0.8120780645976143,0.0418198561219492,1522065.781207843,36395768.0,,,0.0,0.0,,5.689760802000819,,
external_national_illness,OT,OT::origin=0,0,2020-01-21 00:00:00,chronos_t5_tiny,1,3939783221,False,chronos_samples,85224.0234375,106073.390625,0.05715148523449898,0.8510128477981873,0.04339476318421562,1579385.7332676528,36395768.0,,,0.0,0.0,,0.8863946610017592,,
external_national_illness,OT,OT::origin=0,0,2020-01-21 00:00:00,chronos_t5_tiny,2,2603033126,False,chronos_samples,89044.3828125,120919.125,0.060965877026319504,0.8891614211721672,0.04526076687198023,1647300.3705746783,36395768.0,,,0.0,0.0,,0.9312867709995771,,
external_national_illness,OT,OT::origin=0,0,2020-01-21 00:00:00,timesfm_2_5_200m,0,585681541,False,timesfm_quantiles,73466.2421875,89384.1953125,0.0480426661670208,0.7336043695105052,0.03628584311205008,1320651.1275905727,36395768.0,,,0.0,0.0,,4.223343845000272,,
external_national_illness,OT,OT::origin=0,0,2020-01-21 00:00:00,moirai_2_0_small,0,1559354554,False,moirai_quantiles_no_mean,113146.2734375,174124.25,0.08092520385980606,1.1298332147673578,0.06419518052753699,2336432.897198354,36395768.0,,,0.0,0.0,,2.3661287239992816,,
external_national_illness,OT,OT::origin=0,0,2020-01-21 00:00:00,seasonal_naive,0,3165361988,False,degenerate,153627.328125,246659.078125,0.11638595908880234,1.5340607581518562,0.10130452571359677,3687056.0152221024,36395768.0,,,0.0,0.0,"{""wql_distribution"": ""Repeated point forecasts form a degenerate distribution; calibration is not measured.""}",0.003425049999350449,,
external_national_illness,OT,OT::origin=0,0,2020-01-21 00:00:00,arima_2_1_2,0,2784362378,False,gaussian,47429.57421875,61136.21484375,0.03153282776474953,0.47361266691843895,0.03636175622004402,1323414.0434572792,36395768.0,,,0.0,0.0,,0.3166465779995633,,
external_national_illness,OT,OT::origin=0,0,2020-01-21 00:00:00,auto_arima,0,2008663975,False,gaussian,75801.640625,96013.453125,0.04966409504413605,0.7569247197459976,0.04559172470526084,1659345.835092542,36395768.0,,,0.0,0.0,,0.29541217400037567,,
external_national_illness,OT,OT::origin=0,0,2020-01-21 00:00:00,prophet,0,3162063843,False,samples,58865.27734375,78065.6171875,0.03876170888543129,0.5878050024882082,0.03191111718718479,1161429.6177655903,36395768.0,,,0.0,0.0,,0.1927991699994891,,
external_national_illness,OT,OT::origin=0,0,2020-01-21 00:00:00,prophet,1,1718118313,False,samples,58130.09765625,77243.9140625,0.03829029202461243,0.5804637935864532,0.03204810024381213,1166415.22131453,36395768.0,,,0.0,0.0,,0.07361266199950478,,
external_national_illness,OT,OT::origin=0,0,2020-01-21 00:00:00,prophet,2,2921536647,False,samples,60197.53515625,79269.5546875,0.03963832929730415,0.6011083935895268,0.0321945968212116,1171747.0767583547,36395768.0,,,0.0,0.0,,0.08072595199882926,,
external_national_illness,OT,OT::origin=0,0,2020-01-21 00:00:00,deepar,0,541056097,False,samples,136791.453125,158505.9375,0.0869494304060936,1.3659444764859057,0.0720494849883869,2622296.340156812,36395768.0,,,0.0,0.0,,8.683385732001625,,
external_national_illness,OT,OT::origin=0,0,2020-01-21 00:00:00,deepar,1,3859888243,False,samples,131735.1875,149471.5,0.08429964631795883,1.3154546399914935,0.06782272533416375,2468460.1763899466,36395768.0,,,0.0,0.0,,8.29315171000053,,
external_national_illness,OT,OT::origin=0,0,2020-01-21 00:00:00,deepar,2,2584620371,False,samples,96943.03125,117121.8984375,0.06313122063875198,0.9680341501214538,0.050159621664121995,1825597.953055158,36395768.0,,,0.0,0.0,,7.795127183999284,,
external_national_illness,OT,OT::origin=1,1,2019-08-06 00:00:00,chronos_t5_tiny,0,3038286998,False,chronos_samples,401797.125,428281.96875,0.37172529101371765,4.461790423509795,0.2742281221822753,8463203.07780214,30861908.0,,,0.0,0.0,,1.0253956799988373,,
external_national_illness,OT,OT::origin=1,1,2019-08-06 00:00:00,chronos_t5_tiny,1,1069573657,False,chronos_samples,411184.21875,437658.40625,0.3815174996852875,4.566030206206943,0.2890623755345724,8921016.440009424,30861908.0,,,0.0,0.0,,0.8597103910014994,,
external_national_illness,OT,OT::origin=1,1,2019-08-06 00:00:00,chronos_t5_tiny,2,991003362,False,chronos_samples,394386.25,422301.125,0.3650132119655609,4.37949573037373,0.2684057382036088,8283513.19911186,30861908.0,,,0.0,0.0,,1.0615172809993965,,
external_national_illness,OT,OT::origin=1,1,2019-08-06 00:00:00,timesfm_2_5_200m,0,2007115553,False,timesfm_quantiles,46386.46484375,55120.28515625,0.03767446056008339,0.5151024528120193,0.0376543384510538,1162084.729077285,30861908.0,,,0.0,0.0,,0.45739708699875337,,
external_national_illness,OT,OT::origin=1,1,2019-08-06 00:00:00,moirai_2_0_small,0,3925541993,False,moirai_quantiles_no_mean,468648.5,491152.0,0.4368925094604492,5.204147215568629,0.31029140701002,9576184.856333792,30861908.0,,,0.0,0.0,,0.01898955999968166,,
external_national_illness,OT,OT::origin=1,1,2019-08-06 00:00:00,seasonal_naive,0,3708014919,False,degenerate,211810.578125,230283.5625,0.17848868668079376,2.3520686193964138,0.1647161289771455,5083454.018608798,30861908.0,,,0.0,0.0,"{""wql_distribution"": ""Repeated point forecasts form a degenerate distribution; calibration is not measured.""}",0.00045180500092101283,,
external_national_illness,OT,OT::origin=1,1,2019-08-06 00:00:00,arima_2_1_2,0,773030777,False,gaussian,403717.53125,439121.375,0.35938337445259094,4.483115738407204,0.2685502385128009,8287972.754360118,30861908.0,,,0.0,0.0,,0.19294718299897795,,
external_national_illness,OT,OT::origin=1,1,2019-08-06 00:00:00,auto_arima,0,1213555603,False,gaussian,502206.5,536444.6875,0.4713406562805176,5.576794887032534,0.33224952789419004,10253854.362913927,30861908.0,,,0.0,0.0,,0.3957247579983232,,
external_national_illness,OT,OT::origin=1,1,2019-08-06 00:00:00,prophet,0,3872902615,False,samples,142356.484375,176438.03125,0.11774720996618271,1.5808097151240112,0.08875012762086948,2738998.2736235326,30861908.0,,,0.0,0.0,,0.11027720600031898,,
external_national_illness,OT,OT::origin=1,1,2019-08-06 00:00:00,prophet,1,4029931215,False,samples,143503.234375,175912.40625,0.11863959580659866,1.5935438982472974,0.08913935125173278,2751010.457510662,30861908.0,,,0.0,0.0,,0.10117765799986955,,
external_national_illness,OT,OT::origin=1,1,2019-08-06 00:00:00,prophet,2,1046015920,False,samples,142637.359375,176142.390625,0.11784572154283524,1.5839287155031287,0.08850308674380257,2731374.1208032547,30861908.0,,,0.0,0.0,,0.09481611000046541,,
external_national_illness,OT,OT::origin=1,1,2019-08-06 00:00:00,deepar,0,80718976,False,samples,253109.765625,270298.0,0.21884596347808838,2.8106789673082746,0.17752309498434884,5478701.425282235,30861908.0,,,0.0,0.0,,8.214675558001545,,
external_national_illness,OT,OT::origin=1,1,2019-08-06 00:00:00,deepar,1,542516471,False,samples,154637.171875,182714.21875,0.13392184674739838,1.7171816562662394,0.10674917417323025,3294483.1924102083,30861908.0,,,0.0,0.0,,7.98000321499967,,
external_national_illness,OT,OT::origin=1,1,2019-08-06 00:00:00,deepar,2,1338065576,False,samples,169803.203125,194015.625,0.14655816555023193,1.8855941430253227,0.11630011672478857,3589243.502749686,30861908.0,,,0.0,0.0,,8.611647006000567,,
external_national_illness,OT,OT::origin=2,2,2019-02-19 00:00:00,chronos_t5_tiny,0,3260937668,False,chronos_samples,204993.171875,326836.65625,0.18100635707378387,2.6856921128093765,0.14569562150944976,4444030.284406949,30502154.0,,,0.0,0.0,,1.535336286000529,,
external_national_illness,OT,OT::origin=2,2,2019-02-19 00:00:00,chronos_t5_tiny,1,1765876439,False,chronos_samples,214594.171875,339654.53125,0.1873270720243454,2.8114783999292525,0.1550647789433863,4729809.767307126,30502154.0,,,0.0,0.0,,1.232101079000131,,
external_national_illness,OT,OT::origin=2,2,2019-02-19 00:00:00,chronos_t5_tiny,2,362740768,False,chronos_samples,204515.734375,325213.46875,0.18068993091583252,2.6794370257916915,0.14675912585851256,4476469.457841733,30502154.0,,,0.0,0.0,,1.164707259998977,,
external_national_illness,OT,OT::origin=2,2,2019-02-19 00:00:00,timesfm_2_5_200m,0,3141052184,False,timesfm_quantiles,208337.171875,263697.21875,0.18350155651569366,2.729503105844359,0.13923156621123148,4246862.674236179,30502154.0,,,0.0,0.0,,0.48233933499977866,,
external_national_illness,OT,OT::origin=2,2,2019-02-19 00:00:00,moirai_2_0_small,0,2196872355,False,moirai_quantiles_no_mean,215882.265625,321484.125,0.18878619372844696,2.8283541972706563,0.15548904587501133,4742750.822592661,30502154.0,,,0.0,0.0,,0.03028167099910206,,
external_national_illness,OT,OT::origin=2,2,2019-02-19 00:00:00,seasonal_naive,0,1905591225,False,degenerate,294842.375,317884.84375,0.25171443819999695,3.8628400829972014,0.2319907310726603,7076217.005750869,30502154.0,,,0.0,0.0,"{""wql_distribution"": ""Repeated point forecasts form a degenerate distribution; calibration is not measured.""}",0.0006177870000101393,,
external_national_illness,OT,OT::origin=2,2,2019-02-19 00:00:00,arima_2_1_2,0,3569051263,False,gaussian,226162.265625,347655.96875,0.1952003687620163,2.963036317007384,0.15217845613015332,4641770.704364181,30502154.0,,,0.0,0.0,,0.07317197600059444,,
external_national_illness,OT,OT::origin=2,2,2019-02-19 00:00:00,auto_arima,0,3255795179,False,gaussian,226557.125,351121.15625,0.19534610211849213,2.968209517165256,0.15491894187990984,4725361.422738059,30502154.0,,,0.0,0.0,,0.3423863340012758,,
external_national_illness,OT,OT::origin=2,2,2019-02-19 00:00:00,prophet,0,1755304560,False,samples,231907.0,352832.9375,0.19926144182682037,3.038300227800132,0.17016887289712612,5190517.167114567,30502154.0,,,0.0,0.0,,0.0988635659996362,,
external_national_illness,OT,OT::origin=2,2,2019-02-19 00:00:00,prophet,1,1007988319,False,samples,231623.328125,352825.8125,0.19907034933567047,3.034583736609987,0.16986102925143826,5181127.272825874,30502154.0,,,0.0,0.0,,0.07965159600098559,,
external_national_illness,OT,OT::origin=2,2,2019-02-19 00:00:00,prophet,2,1148114853,False,samples,231490.296875,353131.0625,0.19893944263458252,3.0328408445145367,0.16972733440523904,5177049.2920381,30502154.0,,,0.0,0.0,,0.09003442600078415,,
external_national_illness,OT,OT::origin=2,2,2019-02-19 00:00:00,deepar,0,1272577949,False,samples,207776.125,295038.40625,0.1831940859556198,2.7221526211754226,0.14534536969239054,4433346.849544229,30502154.0,,,0.0,0.0,,8.895013454000946,,
external_national_illness,OT,OT::origin=2,2,2019-02-19 00:00:00,deepar,1,1682189242,False,samples,218332.75,313371.96875,0.1905473917722702,2.860458908360805,0.15117617189884663,4611198.876389093,30502154.0,,,0.0,0.0,,10.478628843000479,,
external_national_illness,OT,OT::origin=2,2,2019-02-19 00:00:00,deepar,2,1256364661,False,samples,218658.140625,353019.0,0.18978416919708252,2.8647219724772897,0.16062283647200837,4899342.493986016,30502154.0,,,0.0,0.0,,8.319906356000502,,
external_traffic,0,0::origin=0,0,2018-07-01 02:00:00,chronos_t5_tiny,0,745737531,False,chronos_samples,0.002338015241548419,0.0038382417988032103,0.08466339111328125,0.18049315255820494,0.06365717089201345,0.05048650219803094,0.7930999994277954,,,0.0,0.0,,1.0313759410000785,,
external_traffic,0,0::origin=0,0,2018-07-01 02:00:00,chronos_t5_tiny,1,2375259374,False,chronos_samples,0.002430226420983672,0.0038857616018503904,0.08925196528434753,0.1876117915566216,0.06021562848579996,0.04775701491763229,0.7930999994277954,,,0.0,0.0,,0.936645851999856,,
external_traffic,0,0::origin=0,0,2018-07-01 02:00:00,chronos_t5_tiny,2,1335592338,False,chronos_samples,0.0021101683378219604,0.003519322955980897,0.07445607334375381,0.16290352986311155,0.061100442783834835,0.048458761136897455,0.7930999994277954,,,0.0,0.0,,1.1232302589996834,,
external_traffic,0,0::origin=0,0,2018-07-01 02:00:00,timesfm_2_5_200m,0,4228014919,False,timesfm_quantiles,0.0037443533074110746,0.0048960130661726,0.23675870895385742,0.2890614743378568,0.08417059826504253,0.06675570143584243,0.7930999994277954,,,0.0,0.0,,0.4306043510005111,,
external_traffic,0,0::origin=0,0,2018-07-01 02:00:00,moirai_2_0_small,0,1209236145,False,moirai_quantiles_no_mean,0.003365845186635852,0.004064526408910751,0.19309832155704498,0.25984091034257845,0.07512522899971293,0.059581819076685326,0.7930999994277954,,,0.0,0.0,,0.018333193000216852,,
external_traffic,0,0::origin=0,0,2018-07-01 02:00:00,seasonal_naive,0,3873709282,False,degenerate,0.0072833336889743805,0.011854183860123158,0.24212028086185455,0.5622683014614308,0.22040095021441436,0.1747999934889376,0.7930999994277954,,,0.0,0.0,"{""wql_distribution"": ""Repeated point forecasts form a degenerate distribution; calibration is not measured.""}",0.0005195770008867839,,
external_traffic,0,0::origin=0,0,2018-07-01 02:00:00,arima_2_1_2,0,1534091145,False,gaussian,0.018974998965859413,0.021010464057326317,0.6771469116210938,1.4648567392864522,0.5252152333650983,0.41654820128132897,0.7930999994277954,,,0.0,0.0,,0.21124119500018423,,
external_traffic,0,0::origin=0,0,2018-07-01 02:00:00,auto_arima,0,2184464568,False,gaussian,0.019752083346247673,0.023029088973999023,0.67856764793396,1.5248471136550668,0.5438733811668898,0.4313459782922534,0.7930999994277954,,,0.0,0.0,,0.876337917001365,,
external_traffic,0,0::origin=0,0,2018-07-01 02:00:00,prophet,0,483562853,False,samples,0.03326495364308357,0.03528350219130516,1.3123853206634521,2.568031313930319,0.683788459884286,0.5423126271429604,0.7930999994277954,,,0.0,0.0,,0.08255466100126796,,
external_traffic,0,0::origin=0,0,2018-07-01 02:00:00,prophet,1,1759367266,False,samples,0.03399740159511566,0.03586262837052345,1.3165243864059448,2.6245757870362847,0.709408303823406,0.5626317253564166,0.7930999994277954,,,0.0,0.0,,0.07049311100126943,,
external_traffic,0,0::origin=0,0,2018-07-01 02:00:00,prophet,2,2297391570,False,samples,0.034178171306848526,0.03597141057252884,1.3390779495239258,2.638531083211383,0.6962938234968024,0.5522306310168914,0.7930999994277954,,,0.0,0.0,,0.07534622799903445,,
external_traffic,0,0::origin=0,0,2018-07-01 02:00:00,deepar,0,3972681069,False,samples,0.004117119591683149,0.00547424890100956,0.17069868743419647,0.317838772543627,0.10449200490780192,0.08287260903258689,0.7930999994277954,,,0.0,0.0,,10.117497976998493,,
external_traffic,0,0::origin=0,0,2018-07-01 02:00:00,deepar,1,3969802323,False,samples,0.005226857494562864,0.006356468889862299,0.20145291090011597,0.4035097677726556,0.1282931048002522,0.1017492613436701,0.7930999994277954,,,0.0,0.0,,10.717142319999766,,
external_traffic,0,0::origin=0,0,2018-07-01 02:00:00,deepar,2,1485713712,False,samples,0.003952799830585718,0.005142375826835632,0.16150309145450592,0.30515340113071693,0.09466633645869608,0.07507987139122335,0.7930999994277954,,,0.0,0.0,,11.382323920001,,
external_traffic,0,0::origin=1,1,2018-06-30 02:00:00,chronos_t5_tiny,0,1770928434,False,chronos_samples,0.003973495680838823,0.005470212083309889,0.12522204220294952,0.2866108623587412,0.08404252906314193,0.07699136299068324,0.916100025177002,,,0.0,0.0,,1.0623360689987749,,
external_traffic,0,0::origin=1,1,2018-06-30 02:00:00,chronos_t5_tiny,1,3119969013,False,chronos_samples,0.004030115902423859,0.0054990267381072044,0.126581609249115,0.29069491625961374,0.08590256182092551,0.07869533904691883,0.916100025177002,,,0.0,0.0,,1.0657740560000093,,
external_traffic,0,0::origin=1,1,2018-06-30 02:00:00,chronos_t5_tiny,2,3903563860,False,chronos_samples,0.003977240528911352,0.005606892053037882,0.13113509118556976,0.2868809807184127,0.08329258679375749,0.07630434085881886,0.916100025177002,,,0.0,0.0,,1.1700128949996724,,
external_traffic,0,0::origin=1,1,2018-06-30 02:00:00,timesfm_2_5_200m,0,4262728991,False,timesfm_quantiles,0.003917270805686712,0.005240250378847122,0.15881875157356262,0.28255532505664527,0.07743403607875626,0.07093732240130549,0.916100025177002,,,0.0,0.0,,0.45353608500045084,,
external_traffic,0,0::origin=1,1,2018-06-30 02:00:00,moirai_2_0_small,0,3708826216,False,moirai_quantiles_no_mean,0.0031505508814007044,0.004534976556897163,0.13266205787658691,0.2272513115788072,0.06792373689278826,0.06222493707759938,0.916100025177002,,,0.0,0.0,,0.01565573700099776,,
external_traffic,0,0::origin=1,1,2018-06-30 02:00:00,seasonal_naive,0,1880858218,False,degenerate,0.004729166626930237,0.0062025864608585835,0.1604192852973938,0.3411179057571083,0.12389476872528782,0.113500000748535,0.916100025177002,,,0.0,0.0,"{""wql_distribution"": ""Repeated point forecasts form a degenerate distribution; calibration is not measured.""}",0.0011615190014708787,,
external_traffic,0,0::origin=1,1,2018-06-30 02:00:00,arima_2_1_2,0,59723179,False,gaussian,0.017883988097310066,0.0206296369433403,0.5917426943778992,1.289983848655256,0.4596536487097651,0.4210887191557166,0.916100025177002,,,0.0,0.0,,0.192698326000027,,
external_traffic,0,0::origin=1,1,2018-06-30 02:00:00,auto_arima,0,63883931,False,gaussian,0.01813921332359314,0.021711403504014015,0.5847115516662598,1.3083934124439989,0.46686617558473126,0.4276961152074629,0.916100025177002,,,0.0,0.0,,1.1301924609997513,,
external_traffic,0,0::origin=1,1,2018-06-30 02:00:00,prophet,0,1850878323,False,samples,0.02572614513337612,0.027696771547198296,1.071647047996521,1.8556438043708925,0.47782003665896955,0.437730947613358,0.916100025177002,,,0.0,0.0,,0.09962220700072066,,
external_traffic,0,0::origin=1,1,2018-06-30 02:00:00,prophet,1,190478297,False,samples,0.02611681818962097,0.028339818120002747,1.0480766296386719,1.8838233094073806,0.49730693165146334,0.4555828926066032,0.916100025177002,,,0.0,0.0,,0.09584122200067213,,
external_traffic,0,0::origin=1,1,2018-06-30 02:00:00,prophet,2,3705783594,False,samples,0.026479056105017662,0.02857225015759468,1.0807815790176392,1.909951768993113,0.48886543445928626,0.4478496368163181,0.916100025177002,,,0.0,0.0,,0.08248749199992744,,
external_traffic,0,0::origin=1,1,2018-06-30 02:00:00,deepar,0,1267956562,False,samples,0.00431098835542798,0.006259159184992313,0.1301831603050232,0.31095443141563184,0.09542342928425385,0.08741740596978081,0.916100025177002,,,0.0,0.0,,12.603199135000978,,
external_traffic,0,0::origin=1,1,2018-06-30 02:00:00,deepar,1,635700050,False,samples,0.0053834468126297,0.007556817959994078,0.17157256603240967,0.3883115667825491,0.11371760934074557,0.10417670478012549,0.916100025177002,,,0.0,0.0,,14.011910426001123,,
external_traffic,0,0::origin=1,1,2018-06-30 02:00:00,deepar,2,1427453374,False,samples,0.005414882209151983,0.007283414714038372,0.1769060343503952,0.3905790226525247,0.1188494173076398,0.10887795418780083,0.916100025177002,,,0.0,0.0,,11.542574999999488,,
external_traffic,0,0::origin=2,2,2018-06-29 02:00:00,chronos_t5_tiny,0,296410753,False,chronos_samples,0.0016355584375560284,0.0022270488552749157,0.05554458871483803,0.1008061021137299,0.034378560704575394,0.032604627680395834,0.9484000205993652,,,0.0,0.0,,0.9577715049999824,,
external_traffic,0,0::origin=2,2,2018-06-29 02:00:00,chronos_t5_tiny,1,2882304725,False,chronos_samples,0.0017103968420997262,0.002351807663217187,0.06262891739606857,0.10541869661187188,0.03482998248481363,0.03303275610607278,0.9484000205993652,,,0.0,0.0,,1.0396400560002803,,
external_traffic,0,0::origin=2,2,2018-06-29 02:00:00,chronos_t5_tiny,2,531640261,False,chronos_samples,0.0015982679324224591,0.0021975317504256964,0.055994581431150436,0.0985077369914269,0.033576803379063845,0.03184424101636499,0.9484000205993652,,,0.0,0.0,,1.0058565260005707,,
external_traffic,0,0::origin=2,2,2018-06-29 02:00:00,timesfm_2_5_200m,0,2319335432,False,timesfm_quantiles,0.005700958427041769,0.008658545091748238,0.17916513979434967,0.35137319715781457,0.1149607416333525,0.10902876973318981,0.9484000205993652,,,0.0,0.0,,0.41897550499925273,,
external_traffic,0,0::origin=2,2,2018-06-29 02:00:00,moirai_2_0_small,0,4181685340,False,moirai_quantiles_no_mean,0.001954104984179139,0.002537036081776023,0.09170597791671753,0.12043941815399843,0.05070996186353092,0.04809332887596575,0.9484000205993652,,,0.0,0.0,,0.014071472000068752,,
external_traffic,0,0::origin=2,2,2018-06-29 02:00:00,seasonal_naive,0,3135820210,False,degenerate,0.0015458333073183894,0.0021651594433933496,0.05005428194999695,0.0952759783142901,0.039118513412647375,0.037099998926371315,0.9484000205993652,,,0.0,0.0,"{""wql_distribution"": ""Repeated point forecasts form a degenerate distribution; calibration is not measured.""}",0.0005714250000892207,,
external_traffic,0,0::origin=2,2,2018-06-29 02:00:00,arima_2_1_2,0,2505372842,False,gaussian,0.019259806722402573,0.02145390212535858,0.6225222945213318,1.1870600270635125,0.48928490368133776,0.46403781273033917,0.9484000205993652,,,0.0,0.0,,0.25150740000026417,,
external_traffic,0,0::origin=2,2,2018-06-29 02:00:00,auto_arima,0,24639956,False,gaussian,0.0183987095952034,0.022670993581414223,0.5870629549026489,1.133987117566015,0.49608046623672797,0.4704827243978555,0.9484000205993652,,,0.0,0.0,,0.9850487080002495,,
external_traffic,0,0::origin=2,2,2018-06-29 02:00:00,prophet,0,3990192680,False,samples,0.020921682938933372,0.029586264863610268,0.7918327450752258,1.2894882006690453,0.48798688639173615,0.46280677310614265,0.9484000205993652,,,0.0,0.0,,0.06192088299940224,,
external_traffic,0,0::origin=2,2,2018-06-29 02:00:00,prophet,1,4237091201,False,samples,0.02204177714884281,0.028424281626939774,0.8043307662010193,1.358524151148351,0.48478344556107456,0.45976862975635435,0.9484000205993652,,,0.0,0.0,,0.07584647899966512,,
external_traffic,0,0::origin=2,2,2018-06-29 02:00:00,prophet,2,4123872005,False,samples,0.021280473098158836,0.028698906302452087,0.7356759905815125,1.3116018938259397,0.4833856544230748,0.4584429646122818,0.9484000205993652,,,0.0,0.0,,0.07808169800046016,,
external_traffic,0,0::origin=2,2,2018-06-29 02:00:00,deepar,0,1695452450,False,samples,0.01174547802656889,0.016201598569750786,0.2846929132938385,0.7239214632343665,0.2736564399255575,0.2595357732625477,0.9484000205993652,,,0.0,0.0,,10.082695127000989,,
external_traffic,0,0::origin=2,2,2018-06-29 02:00:00,deepar,1,1649196646,False,samples,0.015864254906773567,0.021384069696068764,0.4360240399837494,0.9777783926082882,0.3867932334017468,0.36683471052591177,0.9484000205993652,,,0.0,0.0,,10.247373441998207,,
external_traffic,0,0::origin=2,2,2018-06-29 02:00:00,deepar,2,4191034927,False,samples,0.012586216442286968,0.017942998558282852,0.316642701625824,0.7757395827461671,0.29000398420387036,0.2750397845928486,0.9484000205993652,,,0.0,0.0,,11.319531260000076,,
external_traffic,215,215::origin=0,0,2018-07-01 02:00:00,chronos_t5_tiny,0,497850594,False,chronos_samples,0.007104902062565088,0.00858867447823286,0.3066635727882385,1.3120382224539804,0.2152237108237301,0.12551846339052225,0.5831999778747559,,,0.0,0.0,,1.3252084970008582,,
external_traffic,215,215::origin=0,0,2018-07-01 02:00:00,chronos_t5_tiny,1,3834266029,False,chronos_samples,0.007196258287876844,0.008599629625678062,0.31831803917884827,1.328908667452749,0.2351901625456388,0.13716289759297678,0.5831999778747559,,,0.0,0.0,,1.1064042130019516,,
external_traffic,215,215::origin=0,0,2018-07-01 02:00:00,chronos_t5_tiny,2,1060516551,False,chronos_samples,0.006857999134808779,0.00822233222424984,0.31355607509613037,1.2664434942509126,0.22973410974471484,0.13398092772019443,0.5831999778747559,,,0.0,0.0,,1.11105368599965,,
external_traffic,215,215::origin=0,0,2018-07-01 02:00:00,timesfm_2_5_200m,0,3785672084,False,timesfm_quantiles,0.008500691503286362,0.010380501858890057,0.35616567730903625,1.5697939354247528,0.2907439038606396,0.16956183829874516,0.5831999778747559,,,0.0,0.0,,0.4270203549967846,,
external_traffic,215,215::origin=0,0,2018-07-01 02:00:00,moirai_2_0_small,0,2787446552,False,moirai_quantiles_no_mean,0.007944614626467228,0.00954886619001627,0.3867856562137604,1.4671051002255058,0.2811398322308316,0.16396074393673357,0.5831999778747559,,,0.0,0.0,,0.015445873999851756,,
external_traffic,215,215::origin=0,0,2018-07-01 02:00:00,seasonal_naive,0,1466461599,False,degenerate,0.00572916679084301,0.006931299809366465,0.27866411209106445,1.0579858450133528,0.23576819216000708,0.13750000445128732,0.5831999778747559,,,0.0,0.0,"{""wql_distribution"": ""Repeated point forecasts form a degenerate distribution; calibration is not measured.""}",0.0005485610017785802,,
external_traffic,215,215::origin=0,0,2018-07-01 02:00:00,arima_2_1_2,0,3161787900,False,gaussian,0.030711526051163673,0.03605644404888153,1.8558568954467773,5.671393594758472,0.8704276936107791,0.5076334116553811,0.5831999778747559,,,0.0,0.0,,0.05803300899788155,,
external_traffic,215,215::origin=0,0,2018-07-01 02:00:00,auto_arima,0,1465843224,False,gaussian,0.006418690551072359,0.00736175337806344,0.4296290874481201,1.1853178646167986,0.2047537210285799,0.11941236557364172,0.5831999778747559,,,0.0,0.0,,1.1479333709976345,,
external_traffic,215,215::origin=0,0,2018-07-01 02:00:00,prophet,0,450649249,False,samples,0.008500148542225361,0.009581808932125568,0.8239975571632385,1.5696936686428797,0.26399778106448446,0.153963500075792,0.5831999778747559,,,0.0,0.0,,0.0794992410010309,,
external_traffic,215,215::origin=0,0,2018-07-01 02:00:00,prophet,1,2602044407,False,samples,0.008580834604799747,0.009563608095049858,0.8410740494728088,1.5845936907944431,0.2621869841373332,0.15290744334794168,0.5831999778747559,,,0.0,0.0,,0.06721877900054096,,
external_traffic,215,215::origin=0,0,2018-07-01 02:00:00,prophet,2,1050401005,False,samples,0.00860823318362236,0.009707405231893063,0.8298315405845642,1.5896532936347965,0.2646557767681919,0.15434724315563583,0.5831999778747559,,,0.0,0.0,,0.07639773000119021,,
external_traffic,215,215::origin=0,0,2018-07-01 02:00:00,deepar,0,2258300410,False,samples,0.008463498204946518,0.01131705567240715,0.32827523350715637,1.5629255748743482,0.3302732496230725,0.19261535187279957,0.5831999778747559,,,0.0,0.0,,11.630085324999527,,
external_traffic,215,215::origin=0,0,2018-07-01 02:00:00,deepar,1,2995377591,False,samples,0.007992907427251339,0.010313622653484344,0.3532218933105469,1.476023168333996,0.31054360681707127,0.18110902462486284,0.5831999778747559,,,0.0,0.0,,11.788737432001653,,
external_traffic,215,215::origin=0,0,2018-07-01 02:00:00,deepar,2,1675601204,False,samples,0.011380061507225037,0.013620831072330475,0.5892794132232666,2.101517450891635,0.44726712678531194,0.26084617844529956,0.5831999778747559,,,0.0,0.0,,12.773212940999656,,
external_traffic,215,215::origin=1,1,2018-06-30 02:00:00,chronos_t5_tiny,0,2005841045,False,chronos_samples,0.0026070044841617346,0.004008377902209759,0.12811532616615295,0.47343635758151925,0.11159918042474343,0.05034238937431002,0.4510999917984009,,,0.0,0.0,,1.627779180998914,,
external_traffic,215,215::origin=1,1,2018-06-30 02:00:00,chronos_t5_tiny,1,1327914561,False,chronos_samples,0.002534177154302597,0.0037468676455318928,0.1266610473394394,0.4602107931490958,0.10466788086257199,0.04721568019866223,0.4510999917984009,,,0.0,0.0,,1.1561515139983385,,
external_traffic,215,215::origin=1,1,2018-06-30 02:00:00,chronos_t5_tiny,2,3157201858,False,chronos_samples,0.0026070037856698036,0.003934220876544714,0.1285577416419983,0.4734362307342209,0.10332311650863993,0.04660905700963269,0.4510999917984009,,,0.0,0.0,,1.0426361120007641,,
external_traffic,215,215::origin=1,1,2018-06-30 02:00:00,timesfm_2_5_200m,0,4194262274,False,timesfm_quantiles,0.001742713968269527,0.0024150870740413666,0.11290112137794495,0.31647975999138117,0.07910217396549225,0.035682990027069234,0.4510999917984009,,,0.0,0.0,,0.5158525570004713,,
external_traffic,215,215::origin=1,1,2018-06-30 02:00:00,moirai_2_0_small,0,174221186,False,moirai_quantiles_no_mean,0.0012403979199007154,0.0018258698983117938,0.09792090207338333,0.22525832875132704,0.06849755221575639,0.030899245242738245,0.4510999917984009,,,0.0,0.0,,0.027972022002359154,,
external_traffic,215,215::origin=1,1,2018-06-30 02:00:00,seasonal_naive,0,2101507749,False,degenerate,0.0022249999456107616,0.003377129090949893,0.13579897582530975,0.404063696962819,0.11837730112889869,0.05339999956836303,0.4510999917984009,,,0.0,0.0,"{""wql_distribution"": ""Repeated point forecasts form a degenerate distribution; calibration is not measured.""}",0.000561575001484016,,
external_traffic,215,215::origin=1,1,2018-06-30 02:00:00,arima_2_1_2,0,3988232756,False,gaussian,0.01948838122189045,0.02360805682837963,1.6545124053955078,3.539122497450792,0.7825135823648601,0.3529918705869257,0.4510999917984009,,,0.0,0.0,,0.09238618499875884,,
external_traffic,215,215::origin=1,1,2018-06-30 02:00:00,auto_arima,0,3159190873,False,gaussian,0.00613095099106431,0.00789282564073801,0.48081445693969727,1.113390914114062,0.2859374287904134,0.1289863717822113,0.4510999917984009,,,0.0,0.0,,1.624496784999792,,
external_traffic,215,215::origin=1,1,2018-06-30 02:00:00,prophet,0,3692838354,False,samples,0.004965214058756828,0.006210300140082836,0.4587719142436981,0.901691145094536,0.20568256649432734,0.0927834040586651,0.4510999917984009,,,0.0,0.0,,0.10045545399771072,,
external_traffic,215,215::origin=1,1,2018-06-30 02:00:00,prophet,1,1920456830,False,samples,0.0050118970684707165,0.006226750090718269,0.5056435465812683,0.9101688574322623,0.20471175654853335,0.09234547170007963,0.4510999917984009,,,0.0,0.0,,0.08763472999999067,,
external_traffic,215,215::origin=1,1,2018-06-30 02:00:00,prophet,2,1776527486,False,samples,0.00503565976396203,0.006215398199856281,0.5041045546531677,0.9144842025220288,0.20372638306096832,0.09190096972792068,0.4510999917984009,,,0.0,0.0,,0.09057623500120826,,
external_traffic,215,215::origin=1,1,2018-06-30 02:00:00,deepar,0,1236937189,False,samples,0.0036784738767892122,0.004733986221253872,0.20182155072689056,0.6680169843458594,0.16516556671696253,0.07450618579140003,0.4510999917984009,,,0.0,0.0,,9.777124987998832,,
external_traffic,215,215::origin=1,1,2018-06-30 02:00:00,deepar,1,3504146729,False,samples,0.004321209620684385,0.00583270750939846,0.30846235156059265,0.7847388662320822,0.21199514230512953,0.09563100695514476,0.4510999917984009,,,0.0,0.0,,9.817663465000805,,
external_traffic,215,215::origin=1,1,2018-06-30 02:00:00,deepar,2,931395821,False,samples,0.005228428635746241,0.007363533601164818,0.2509306073188782,0.9494913507901149,0.2581083293665192,0.11643266526033574,0.4510999917984009,,,0.0,0.0,,10.994313604001945,,
external_traffic,215,215::origin=2,2,2018-06-29 02:00:00,chronos_t5_tiny,0,1387112832,False,chronos_samples,0.0058748978190124035,0.007731953635811806,0.2271273136138916,1.0881918402562893,0.2658629737876605,0.12301480045630808,0.4627000093460083,,,0.0,0.0,,1.0563029719996848,,
external_traffic,215,215::origin=2,2,2018-06-29 02:00:00,chronos_t5_tiny,1,3393464178,False,chronos_samples,0.005660635884851217,0.007589970249682665,0.21363981068134308,1.0485046668594713,0.2550099814066172,0.11799312078016716,0.4627000093460083,,,0.0,0.0,,0.9966561119981634,,
external_traffic,215,215::origin=2,2,2018-06-29 02:00:00,chronos_t5_tiny,2,2604629750,False,chronos_samples,0.005800819490104914,0.00769865931943059,0.22632066905498505,1.0744705066194598,0.2573349444399157,0.11906888119740354,0.4627000093460083,,,0.0,0.0,,1.159634329000255,,
external_traffic,215,215::origin=2,2,2018-06-29 02:00:00,timesfm_2_5_200m,0,2227031755,False,timesfm_quantiles,0.0046983505599200726,0.006275202613323927,0.17470137774944305,0.870263092138011,0.1847620817255918,0.08548941694121928,0.4627000093460083,,,0.0,0.0,,0.44662911699924734,,
external_traffic,215,215::origin=2,2,2018-06-29 02:00:00,moirai_2_0_small,0,2260401838,False,moirai_quantiles_no_mean,0.005494194105267525,0.007321347016841173,0.23105795681476593,1.0176750946693702,0.23654674336184658,0.10945018036429424,0.4627000093460083,,,0.0,0.0,,0.012597183998877881,,
external_traffic,215,215::origin=2,2,2018-06-29 02:00:00,seasonal_naive,0,441833770,False,degenerate,0.004433333408087492,0.00578006636351347,0.17976950109004974,0.8211746635326849,0.22995461234996534,0.10640000128348667,0.4627000093460083,,,0.0,0.0,"{""wql_distribution"": ""Repeated point forecasts form a degenerate distribution; calibration is not measured.""}",0.0005402790011430625,,
external_traffic,215,215::origin=2,2,2018-06-29 02:00:00,arima_2_1_2,0,3586700811,False,gaussian,0.025287844240665436,0.02978411316871643,1.8354488611221313,4.684000744882748,0.9239401202647035,0.42750710228163036,0.4627000093460083,,,0.0,0.0,,0.029045578001387184,,
external_traffic,215,215::origin=2,2,2018-06-29 02:00:00,auto_arima,0,2853144148,False,gaussian,0.005338600371032953,0.00617241719737649,0.3531282842159271,0.9888548773302491,0.23115056769660516,0.10695336983355433,0.4627000093460083,,,0.0,0.0,,1.226632306999818,,
external_traffic,215,215::origin=2,2,2018-06-29 02:00:00,prophet,0,709755468,False,samples,0.0059104436077177525,0.007464917842298746,0.2932724058628082,1.094775893020485,0.24490248615768048,0.11331638263401943,0.4627000093460083,,,0.0,0.0,,0.09440643899870338,,
external_traffic,215,215::origin=2,2,2018-06-29 02:00:00,prophet,1,2259988126,False,samples,0.00559009425342083,0.007291738409548998,0.23891979455947876,1.0354384263756806,0.24118169344445842,0.11159477181083702,0.4627000093460083,,,0.0,0.0,,0.08706601900121314,,
external_traffic,215,215::origin=2,2,2018-06-29 02:00:00,prophet,2,4139629431,False,samples,0.00569880148395896,0.007389301434159279,0.2716304659843445,1.05557398020023,0.23871560945501727,0.11045371472587456,0.4627000093460083,,,0.0,0.0,,0.10929581700111157,,
external_traffic,215,215::origin=2,2,2018-06-29 02:00:00,deepar,0,1662300775,False,samples,0.0030692461878061295,0.005074267741292715,0.1419638842344284,0.5685083826478892,0.13745533626282544,0.06360058537346805,0.4627000093460083,,,0.0,0.0,,13.363640849998774,,
external_traffic,215,215::origin=2,2,2018-06-29 02:00:00,deepar,1,767014514,False,samples,0.003315602196380496,0.004545234143733978,0.1560184508562088,0.6141402568672436,0.14785459732239037,0.06841232356292032,0.4627000093460083,,,0.0,0.0,,13.465736143996764,,
external_traffic,215,215::origin=2,2,2018-06-29 02:00:00,deepar,2,2105322873,False,samples,0.004026025999337435,0.006371377967298031,0.1859474629163742,0.7457301856315776,0.18865678098931282,0.08729149432694289,0.4627000093460083,,,0.0,0.0,,14.993976143003238,,
external_traffic,430,430::origin=0,0,2018-07-01 02:00:00,chronos_t5_tiny,0,231717101,False,chronos_samples,0.004620840307325125,0.006002697162330151,0.19635625183582306,0.1894996406007353,0.14815168489068495,0.08216492449688925,0.5546000003814697,,,0.0,0.0,,1.470651870000438,,
external_traffic,430,430::origin=0,0,2018-07-01 02:00:00,chronos_t5_tiny,1,834931832,False,chronos_samples,0.004811031743884087,0.0061908806674182415,0.20872783660888672,0.19729934941476357,0.15085037991276648,0.08366162075716514,0.5546000003814697,,,0.0,0.0,,1.3364492380023876,,
external_traffic,430,430::origin=0,0,2018-07-01 02:00:00,chronos_t5_tiny,2,4272864051,False,chronos_samples,0.004599707666784525,0.005843296647071838,0.21310389041900635,0.1886329956788063,0.14353716517758439,0.07960571186224338,0.5546000003814697,,,0.0,0.0,,1.3915064989996608,,
external_traffic,430,430::origin=0,0,2018-07-01 02:00:00,timesfm_2_5_200m,0,989875928,False,timesfm_quantiles,0.010452947579324245,0.013307400979101658,0.5153369903564453,0.4286730719432539,0.3476260000252315,0.19279337974660216,0.5546000003814697,,,0.0,0.0,,0.6127734159999818,,
external_traffic,430,430::origin=0,0,2018-07-01 02:00:00,moirai_2_0_small,0,2264595169,False,moirai_quantiles_no_mean,0.00802591536194086,0.009930245578289032,0.47742578387260437,0.3291410166606958,0.3025480797538296,0.16779316514688683,0.5546000003814697,,,0.0,0.0,,0.025249454000004334,,
external_traffic,430,430::origin=0,0,2018-07-01 02:00:00,seasonal_naive,0,4218468779,False,degenerate,0.004508333746343851,0.005835880991071463,0.23967675864696503,0.1848857713792911,0.1950955818898405,0.1082000097905286,0.5546000003814697,,,0.0,0.0,"{""wql_distribution"": ""Repeated point forecasts form a degenerate distribution; calibration is not measured.""}",0.0007628730018041097,,
external_traffic,430,430::origin=0,0,2018-07-01 02:00:00,arima_2_1_2,0,342355300,False,gaussian,0.013629578985273838,0.015752708539366722,0.698677122592926,0.5589460244177618,0.9511656240718326,0.5275164554730792,0.5546000003814697,,,0.0,0.0,,0.35392821800269303,,
external_traffic,430,430::origin=0,0,2018-07-01 02:00:00,auto_arima,0,4294780842,False,gaussian,0.01883465051651001,0.023385103791952133,0.7656762003898621,0.77240485849752,1.0062078146436337,0.5580428543851971,0.5546000003814697,,,0.0,0.0,,0.7937217190010415,,
external_traffic,430,430::origin=0,0,2018-07-01 02:00:00,prophet,0,4145512354,False,samples,0.06017585098743439,0.063130684196949,1.747658371925354,2.4677983605893687,1.7976352526361699,0.9969685117977632,0.5546000003814697,,,0.0,0.0,,0.07059286900039297,,
external_traffic,430,430::origin=0,0,2018-07-01 02:00:00,prophet,1,2981636201,False,samples,0.060284290462732315,0.06401083618402481,1.69814932346344,2.472245439525058,1.8076106560595981,1.0025008705402019,0.5546000003814697,,,0.0,0.0,,0.06993146300010267,,
external_traffic,430,430::origin=0,0,2018-07-01 02:00:00,prophet,2,1395375423,False,samples,0.06137232109904289,0.0652591735124588,1.7118390798568726,2.5168653356544697,1.8138545622970814,1.005963740941892,0.5546000003814697,,,0.0,0.0,,0.08306801599974278,,
external_traffic,430,430::origin=0,0,2018-07-01 02:00:00,deepar,0,4070575463,False,samples,0.003137512831017375,0.004337414167821407,0.15671353042125702,0.1286687083549444,0.11250319144389687,0.062394270017701765,0.5546000003814697,,,0.0,0.0,,12.43810674999986,,
external_traffic,430,430::origin=0,0,2018-07-01 02:00:00,deepar,1,4161854629,False,samples,0.0065712821669876575,0.008639550767838955,0.25858306884765625,0.26948683055680533,0.2680901248000399,0.1486827833163704,0.5546000003814697,,,0.0,0.0,,12.024695428000996,,
external_traffic,430,430::origin=0,0,2018-07-01 02:00:00,deepar,2,1387745122,False,samples,0.0031138521153479815,0.004076947923749685,0.14350105822086334,0.12769838763024882,0.10287377586506231,0.05705379613400679,0.5546000003814697,,,0.0,0.0,,11.033260146003158,,
external_traffic,430,430::origin=1,1,2018-06-30 02:00:00,chronos_t5_tiny,0,1999138049,False,chronos_samples,0.004549846518784761,0.00637346226722002,0.2047349214553833,0.17700577673787463,0.17889393246685106,0.08053805220110238,0.45020002126693726,,,0.0,0.0,,0.8209372099991015,,
external_traffic,430,430::origin=1,1,2018-06-30 02:00:00,chronos_t5_tiny,1,2017932719,False,chronos_samples,0.0041854847222566605,0.005736981052905321,0.203230082988739,0.1628307617034576,0.16203145250738105,0.07294656336473568,0.45020002126693726,,,0.0,0.0,,0.8246078759984812,,
external_traffic,430,430::origin=1,1,2018-06-30 02:00:00,chronos_t5_tiny,2,3246295384,False,chronos_samples,0.004542462062090635,0.0062108756974339485,0.20963197946548462,0.1767184941916317,0.18157211555039357,0.08174377028226998,0.45020002126693726,,,0.0,0.0,,0.843523532999825,,
external_traffic,430,430::origin=1,1,2018-06-30 02:00:00,timesfm_2_5_200m,0,484810790,False,timesfm_quantiles,0.003126945113763213,0.004494925960898399,0.21682460606098175,0.12164967464137508,0.1459163775901379,0.06569155629427453,0.45020002126693726,,,0.0,0.0,,0.41226371800075867,,
external_traffic,430,430::origin=1,1,2018-06-30 02:00:00,moirai_2_0_small,0,3145434945,False,moirai_quantiles_no_mean,0.002057557227090001,0.0028144880197942257,0.2708573043346405,0.08004654962756168,0.0912999078526746,0.041103220456943514,0.45020002126693726,,,0.0,0.0,,0.013032064998697024,,
external_traffic,430,430::origin=1,1,2018-06-30 02:00:00,seasonal_naive,0,560674887,False,degenerate,0.0028208333533257246,0.004106651525944471,0.15394669771194458,0.10974080041866657,0.15037760623011218,0.06770000152286762,0.45020002126693726,,,0.0,0.0,"{""wql_distribution"": ""Repeated point forecasts form a degenerate distribution; calibration is not measured.""}",0.0004302640008972958,,
external_traffic,430,430::origin=1,1,2018-06-30 02:00:00,arima_2_1_2,0,1741706378,False,gaussian,0.0178475771099329,0.020719587802886963,0.8317238688468933,0.6943364432601935,1.2588951684909913,0.5667546316274888,0.45020002126693726,,,0.0,0.0,,0.16516030599814258,,
external_traffic,430,430::origin=1,1,2018-06-30 02:00:00,auto_arima,0,2050406208,False,gaussian,0.024953216314315796,0.028051290661096573,0.9505907893180847,0.9707719628756603,1.3492429605612286,0.6074292095389305,0.45020002126693726,,,0.0,0.0,,0.8621955310009071,,
external_traffic,430,430::origin=1,1,2018-06-30 02:00:00,prophet,0,3765000098,False,samples,0.03656545281410217,0.045778483152389526,1.6182523965835571,1.422530705246948,1.513615745392201,0.68142984076554,0.45020002126693726,,,0.0,0.0,,0.0727969870022207,,
external_traffic,430,430::origin=1,1,2018-06-30 02:00:00,prophet,1,1577482099,False,samples,0.037409085780382156,0.04673963040113449,1.607845664024353,1.4553511328946813,1.5589496844456523,0.7018391810915178,0.45020002126693726,,,0.0,0.0,,0.07267499900262919,,
external_traffic,430,430::origin=1,1,2018-06-30 02:00:00,prophet,2,149895386,False,samples,0.036852773278951645,0.04537413269281387,1.6713358163833618,1.433708528903943,1.5420399871512127,0.6942264350099436,0.45020002126693726,,,0.0,0.0,,0.08159752000210574,,
external_traffic,430,430::origin=1,1,2018-06-30 02:00:00,deepar,0,1565885319,False,samples,0.007044350262731314,0.010899965651333332,0.3602205216884613,0.27405115419177806,0.35684106675832383,0.16064985584351396,0.45020002126693726,,,0.0,0.0,,9.205679512000643,,
external_traffic,430,430::origin=1,1,2018-06-30 02:00:00,deepar,1,3808807865,False,samples,0.0056587024591863155,0.009613473899662495,0.2997879981994629,0.22014435431644472,0.2888674133341025,0.13004811562633808,0.45020002126693726,,,0.0,0.0,,11.824435198999709,,
external_traffic,430,430::origin=1,1,2018-06-30 02:00:00,deepar,2,4213524942,False,samples,0.005452731158584356,0.008847902528941631,0.25809192657470703,0.21213131258014944,0.25922888645794984,0.11670485019637347,0.45020002126693726,,,0.0,0.0,,10.675146098001278,,
external_traffic,430,430::origin=2,2,2018-06-29 02:00:00,chronos_t5_tiny,0,2276037401,False,chronos_samples,0.006197184324264526,0.008817741647362709,0.21431128680706024,0.23105448477601642,0.25679665413739877,0.12488021075189375,0.486299991607666,,,0.0,0.0,,1.14564498099935,,
external_traffic,430,430::origin=2,2,2018-06-29 02:00:00,chronos_t5_tiny,1,1170510368,False,chronos_samples,0.006114667747169733,0.008816435001790524,0.1992708444595337,0.227977954498957,0.2574788010710434,0.1252119388000003,0.486299991607666,,,0.0,0.0,,1.0410967399984656,,
external_traffic,430,430::origin=2,2,2018-06-29 02:00:00,chronos_t5_tiny,2,508373894,False,chronos_samples,0.005967659875750542,0.00845180545002222,0.21143215894699097,0.22249694470297818,0.24915388383885528,0.12116353161985272,0.486299991607666,,,0.0,0.0,,1.0125001430023985,,
external_traffic,430,430::origin=2,2,2018-06-29 02:00:00,timesfm_2_5_200m,0,1674329683,False,timesfm_quantiles,0.007233865559101105,0.012810773216187954,0.31515663862228394,0.26970588451803673,0.30459813578153144,0.14812607087426946,0.486299991607666,,,0.0,0.0,,0.4313834399981715,,
external_traffic,430,430::origin=2,2,2018-06-29 02:00:00,moirai_2_0_small,0,810955574,False,moirai_quantiles_no_mean,0.004631081596016884,0.0064484234899282455,0.40070512890815735,0.17266424817053716,0.17510913485504392,0.08515557081043351,0.486299991607666,,,0.0,0.0,,0.011080388001573738,,
external_traffic,430,430::origin=2,2,2018-06-29 02:00:00,seasonal_naive,0,1111827455,False,degenerate,0.005283333361148834,0.007657784968614578,0.16359230875968933,0.19698266241339504,0.2607444001238137,0.12679999959195654,0.486299991607666,,,0.0,0.0,"{""wql_distribution"": ""Repeated point forecasts form a degenerate distribution; calibration is not measured.""}",0.00056660600239411,,
external_traffic,430,430::origin=2,2,2018-06-29 02:00:00,arima_2_1_2,0,2616915950,False,gaussian,0.022407136857509613,0.02536177448928356,0.8851507306098938,0.8354228615802876,1.2330846733637608,0.5996490663083385,0.486299991607666,,,0.0,0.0,,0.23579502999928081,,
external_traffic,430,430::origin=2,2,2018-06-29 02:00:00,auto_arima,0,164909918,False,gaussian,0.025682365521788597,0.029041040688753128,0.9337335228919983,0.9575357812469835,1.2733668674969711,0.6192382969772571,0.486299991607666,,,0.0,0.0,,0.813849346999632,,
external_traffic,430,430::origin=2,2,2018-06-29 02:00:00,prophet,0,2835776865,False,samples,0.03051699511706829,0.05436708778142929,1.0198478698730469,1.1377890691549242,1.5473979949849093,0.7524996319748806,0.486299991607666,,,0.0,0.0,,0.09056095000050846,,
external_traffic,430,430::origin=2,2,2018-06-29 02:00:00,prophet,1,1047245349,False,samples,0.030068734660744667,0.053389132022857666,0.9770691394805908,1.1210762229070261,1.5238805669694164,0.7410631069283126,0.486299991607666,,,0.0,0.0,,0.09011038500102586,,
external_traffic,430,430::origin=2,2,2018-06-29 02:00:00,prophet,2,551071833,False,samples,0.031001796945929527,0.053966522216796875,0.9010631442070007,1.1558643160613968,1.5452229265408037,0.751441896208766,0.486299991607666,,,0.0,0.0,,0.10146720299962908,,
external_traffic,430,430::origin=2,2,2018-06-29 02:00:00,deepar,0,2374034801,False,samples,0.005077462177723646,0.00820111483335495,0.19530797004699707,0.18930700557835636,0.21042603875257002,0.1023301808794092,0.486299991607666,,,0.0,0.0,,11.743865732001723,,
external_traffic,430,430::origin=2,2,2018-06-29 02:00:00,deepar,1,57024952,False,samples,0.004745490849018097,0.006246904376894236,0.22604911029338837,0.1769298581028255,0.1997541074269993,0.09714042076534658,0.486299991607666,,,0.0,0.0,,11.406603159997758,,
external_traffic,430,430::origin=2,2,2018-06-29 02:00:00,deepar,2,2317210906,False,samples,0.0057594082318246365,0.008263474330306053,0.24283485114574432,0.21473253529164943,0.25136769937805686,0.12224011009798735,0.486299991607666,,,0.0,0.0,,11.975056934999884,,
external_traffic,645,645::origin=0,0,2018-07-01 02:00:00,chronos_t5_tiny,0,4150243764,False,chronos_samples,0.02842378057539463,0.032064251601696014,0.6852162480354309,1.7537779737159154,1.0528446614777596,0.6447620657690325,0.6123999953269958,,,0.0,0.0,,1.27775293400191,,
external_traffic,645,645::origin=0,0,2018-07-01 02:00:00,chronos_t5_tiny,1,3266449980,False,chronos_samples,0.02879447676241398,0.032585036009550095,0.6881411671638489,1.7766503289964015,1.0630020129786277,0.6509824277806988,0.6123999953269958,,,0.0,0.0,,1.1290733630012255,,
external_traffic,645,645::origin=0,0,2018-07-01 02:00:00,chronos_t5_tiny,2,2356508219,False,chronos_samples,0.0285587627440691,0.03229872137308121,0.6854324340820312,1.7621065193728789,1.0369951421105172,0.6350558201825982,0.6123999953269958,,,0.0,0.0,,1.1039460339998186,,
external_traffic,645,645::origin=0,0,2018-07-01 02:00:00,timesfm_2_5_200m,0,2189168741,False,timesfm_quantiles,0.026685116812586784,0.03011734038591385,0.6605368852615356,1.646500540904953,0.9709614235248891,0.5946167712293353,0.6123999953269958,,,0.0,0.0,,0.4428857599996263,,
external_traffic,645,645::origin=0,0,2018-07-01 02:00:00,moirai_2_0_small,0,4087396161,False,moirai_quantiles_no_mean,0.02519099973142147,0.028613150119781494,0.6362663507461548,1.5543119025867704,0.9007536843504929,0.5516215520870161,0.6123999953269958,,,0.0,0.0,,0.016225592997216154,,
external_traffic,645,645::origin=0,0,2018-07-01 02:00:00,seasonal_naive,0,1137990241,False,degenerate,0.03146666660904884,0.03534930571913719,0.7279284596443176,1.9415273298649065,1.2331809225278794,0.7551999911934137,0.6123999953269958,,,0.0,0.0,"{""wql_distribution"": ""Repeated point forecasts form a degenerate distribution; calibration is not measured.""}",0.0005161349981790408,,
external_traffic,645,645::origin=0,0,2018-07-01 02:00:00,arima_2_1_2,0,610028110,False,gaussian,0.0367518812417984,0.03789249435067177,0.8561754822731018,2.2676307834393095,0.958091388010778,0.5867351615406354,0.6123999953269958,,,0.0,0.0,,0.16999235500043142,,
external_traffic,645,645::origin=0,0,2018-07-01 02:00:00,auto_arima,0,2647599924,False,gaussian,0.04127052426338196,0.042384158819913864,0.910388171672821,2.546435940315537,1.075642155023304,0.6587232507097911,0.6123999953269958,,,0.0,0.0,,0.9987956350014429,,
external_traffic,645,645::origin=0,0,2018-07-01 02:00:00,prophet,0,2360866050,False,samples,0.029053762555122375,0.034774940460920334,0.8063971996307373,1.79264854256772,0.847020632710225,0.5187154315136109,0.6123999953269958,,,0.0,0.0,,0.06918146799944225,,
external_traffic,645,645::origin=0,0,2018-07-01 02:00:00,prophet,1,960025170,False,samples,0.028350641950964928,0.034102268517017365,0.7930987477302551,1.7492652415614978,0.8254110225863472,0.5054817063747299,0.6123999953269958,,,0.0,0.0,,0.05778458200074965,,
external_traffic,645,645::origin=0,0,2018-07-01 02:00:00,prophet,2,643110407,False,samples,0.029753761366009712,0.03528201952576637,0.8345935940742493,1.8358392255560438,0.852293738591791,0.5219446815308406,0.6123999953269958,,,0.0,0.0,,0.07265387500228826,,
external_traffic,645,645::origin=0,0,2018-07-01 02:00:00,deepar,0,3083568152,False,samples,0.023688269779086113,0.027131997048854828,0.6122443079948425,1.461591840811092,0.8837578899647054,0.5412133276845813,0.6123999953269958,,,0.0,0.0,,11.099027067997667,,
external_traffic,645,645::origin=0,0,2018-07-01 02:00:00,deepar,1,3915226887,False,samples,0.02463347278535366,0.027233224362134933,0.6453138589859009,1.519911887600261,0.8819683225996823,0.5401173966386038,0.6123999953269958,,,0.0,0.0,,11.22815128000002,,
external_traffic,645,645::origin=0,0,2018-07-01 02:00:00,deepar,2,2765298415,False,samples,0.025994405150413513,0.029624992981553078,0.6463490128517151,1.6038828850271556,0.9749242863710508,0.5970436284178062,0.6123999953269958,,,0.0,0.0,,11.680762421001418,,
external_traffic,645,645::origin=1,1,2018-06-30 02:00:00,chronos_t5_tiny,0,2092911973,False,chronos_samples,0.004587836097925901,0.007290061097592115,0.07529658824205399,0.2722453415479706,0.07033982984801744,0.09545114863419064,1.3569999933242798,,,0.0,0.0,,0.8739814159998787,,
external_traffic,645,645::origin=1,1,2018-06-30 02:00:00,chronos_t5_tiny,1,2594972505,False,chronos_samples,0.004382182378321886,0.007126896642148495,0.07129918038845062,0.2600417087373919,0.06854956717296001,0.093021762196089,1.3569999933242798,,,0.0,0.0,,1.0154309690005903,,
external_traffic,645,645::origin=1,1,2018-06-30 02:00:00,chronos_t5_tiny,2,2187808385,False,chronos_samples,0.0043687233701348305,0.007136765401810408,0.07180079817771912,0.259243041957984,0.06913401911932546,0.09381486348340527,1.3569999933242798,,,0.0,0.0,,0.9164372569975967,,
external_traffic,645,645::origin=1,1,2018-06-30 02:00:00,timesfm_2_5_200m,0,4008327643,False,timesfm_quantiles,0.00322197494097054,0.00419343076646328,0.05311906337738037,0.19119420344159258,0.04882390128687437,0.06625403372035381,1.3569999933242798,,,0.0,0.0,,0.44861342199874343,,
external_traffic,645,645::origin=1,1,2018-06-30 02:00:00,moirai_2_0_small,0,2287147748,False,moirai_quantiles_no_mean,0.004648673813790083,0.00543140759691596,0.07932745665311813,0.2758554933452264,0.06055535976262391,0.08217362279363001,1.3569999933242798,,,0.0,0.0,,0.011401816998841241,,
external_traffic,645,645::origin=1,1,2018-06-30 02:00:00,seasonal_naive,0,2893251523,False,degenerate,0.005308333784341812,0.008462613448500633,0.08988825231790543,0.3150001685592276,0.09388356538661767,0.12739999760289977,1.3569999933242798,,,0.0,0.0,"{""wql_distribution"": ""Repeated point forecasts form a degenerate distribution; calibration is not measured.""}",0.0005148899981577415,,
external_traffic,645,645::origin=1,1,2018-06-30 02:00:00,arima_2_1_2,0,966128200,False,gaussian,0.013020032085478306,0.017226463183760643,0.2601512372493744,0.7726176363796131,0.25421896810684436,0.34497513802389307,1.3569999933242798,,,0.0,0.0,,0.19500961400262895,,
external_traffic,645,645::origin=1,1,2018-06-30 02:00:00,auto_arima,0,3185824963,False,gaussian,0.013750187121331692,0.018594911321997643,0.2705930173397064,0.8159455371319398,0.2612831183786863,0.3545611898956243,1.3569999933242798,,,0.0,0.0,,0.8999606870020216,,
external_traffic,645,645::origin=1,1,2018-06-30 02:00:00,prophet,0,1012745631,False,samples,0.013360905461013317,0.015928516164422035,0.39101651310920715,0.7928452963409384,0.21308633579560982,0.28915815625213775,1.3569999933242798,,,0.0,0.0,,0.06347521700081415,,
external_traffic,645,645::origin=1,1,2018-06-30 02:00:00,prophet,1,181055181,False,samples,0.0126096336171031,0.015084854327142239,0.35922420024871826,0.7482643097112773,0.20813266033659047,0.2824360186873179,1.3569999933242798,,,0.0,0.0,,0.06637039999986882,,
external_traffic,645,645::origin=1,1,2018-06-30 02:00:00,prophet,2,613544060,False,samples,0.012612476944923401,0.015150909312069416,0.32462939620018005,0.7484330347348066,0.20397889929385243,0.2767993649800517,1.3569999933242798,,,0.0,0.0,,0.0690621520006971,,
external_traffic,645,645::origin=1,1,2018-06-30 02:00:00,deepar,0,3389394063,False,samples,0.02375318668782711,0.026679810136556625,0.4882430136203766,1.4095303939919965,0.3995036705689371,0.5421264782950729,1.3569999933242798,,,0.0,0.0,,9.585384288999194,,
external_traffic,645,645::origin=1,1,2018-06-30 02:00:00,deepar,1,314146145,False,samples,0.0286893118172884,0.03199411928653717,0.6278010010719299,1.702443445615885,0.4802494792840643,0.6516985401824641,1.3569999933242798,,,0.0,0.0,,10.653689364000456,,
external_traffic,645,645::origin=1,1,2018-06-30 02:00:00,deepar,2,2807119777,False,samples,0.019094429910182953,0.02150946483016014,0.37210991978645325,1.1330765706542254,0.3156585311976438,0.4283486247279546,1.3569999933242798,,,0.0,0.0,,10.681035258003249,,
external_traffic,645,645::origin=2,2,2018-06-29 02:00:00,chronos_t5_tiny,0,461833097,False,chronos_samples,0.007323984522372484,0.00905277207493782,0.10835053771734238,0.41516871467018396,0.10624377669801588,0.14808257810972011,1.3938000202178955,,,0.0,0.0,,0.9940042529997299,,
external_traffic,645,645::origin=2,2,2018-06-29 02:00:00,chronos_t5_tiny,1,1556411014,False,chronos_samples,0.007235793862491846,0.00884400773793459,0.1086968407034874,0.41016952293285636,0.10799917704844969,0.15052925515364526,1.3938000202178955,,,0.0,0.0,,1.0691316470001766,,
external_traffic,645,645::origin=2,2,2018-06-29 02:00:00,chronos_t5_tiny,2,4167209841,False,chronos_samples,0.007214611861854792,0.008846326731145382,0.10716857761144638,0.408968796203879,0.10583208995491106,0.14750876911885716,1.3938000202178955,,,0.0,0.0,,1.0962916720018256,,
external_traffic,645,645::origin=2,2,2018-06-29 02:00:00,timesfm_2_5_200m,0,2044235933,False,timesfm_quantiles,0.010128055699169636,0.012137816287577152,0.14536736905574799,0.5741208018514758,0.13540190800440569,0.1887231821140823,1.3938000202178955,,,0.0,0.0,,0.4621600499995111,,
external_traffic,645,645::origin=2,2,2018-06-29 02:00:00,moirai_2_0_small,0,4234701808,False,moirai_quantiles_no_mean,0.008232868276536465,0.009874466806650162,0.12338169664144516,0.4666898639637434,0.12007688397898027,0.1673631633176046,1.3938000202178955,,,0.0,0.0,,0.01273619100174983,,
external_traffic,645,645::origin=2,2,2018-06-29 02:00:00,seasonal_naive,0,1043874536,False,degenerate,0.00764999957755208,0.009943422861397266,0.10815715044736862,0.4336492632033746,0.1317262009350748,0.18359998152653384,1.3938000202178955,,,0.0,0.0,"{""wql_distribution"": ""Repeated point forecasts form a degenerate distribution; calibration is not measured.""}",0.00046083000052021816,,
external_traffic,645,645::origin=2,2,2018-06-29 02:00:00,arima_2_1_2,0,174182316,False,gaussian,0.014223826117813587,0.018901357427239418,0.2769435942173004,0.8062943864758385,0.266026176788031,0.370787290585647,1.3938000202178955,,,0.0,0.0,,0.1889313259998744,,
external_traffic,645,645::origin=2,2,2018-06-29 02:00:00,auto_arima,0,3123865199,False,gaussian,0.015178869478404522,0.02059968374669552,0.2895967662334442,0.8604321475892919,0.2747271411242784,0.38291469485342383,1.3938000202178955,,,0.0,0.0,,0.8835815569982515,,
external_traffic,645,645::origin=2,2,2018-06-29 02:00:00,prophet,0,2760167976,False,samples,0.013503826223313808,0.017532000318169594,0.19984011352062225,0.7654803419009176,0.221183409303136,0.308285440358574,1.3938000202178955,,,0.0,0.0,,0.08235894500103313,,
external_traffic,645,645::origin=2,2,2018-06-29 02:00:00,prophet,1,1372399096,False,samples,0.014101781882345676,0.017879875376820564,0.19348084926605225,0.7993761648142088,0.22450116655885763,0.3129097304886769,1.3938000202178955,,,0.0,0.0,,0.05796791299871984,,
external_traffic,645,645::origin=2,2,2018-06-29 02:00:00,prophet,2,3231113598,False,samples,0.014972087927162647,0.019088950008153915,0.20729704201221466,0.8487104910805495,0.23560061611154462,0.3283801434996195,1.3938000202178955,,,0.0,0.0,,0.06348757999876398,,
external_traffic,645,645::origin=2,2,2018-06-29 02:00:00,deepar,0,4071148616,False,samples,0.008551451377570629,0.011412140913307667,0.14400382339954376,0.48474912339663334,0.12776613979749485,0.17808044823291078,1.3938000202178955,,,0.0,0.0,,11.09914698799912,,
external_traffic,645,645::origin=2,2,2018-06-29 02:00:00,deepar,1,1778272856,False,samples,0.011942178010940552,0.013909820467233658,0.21240003407001495,0.6769564681655901,0.18208156689243366,0.2537852916159801,1.3938000202178955,,,0.0,0.0,,11.619130167000549,,
external_traffic,645,645::origin=2,2,2018-06-29 02:00:00,deepar,2,1835389724,False,samples,0.0072046383284032345,0.009386736899614334,0.11364307254552841,0.40840343467817475,0.09711346227625303,0.1353567456840713,1.3938000202178955,,,0.0,0.0,,11.287997277999239,,
external_traffic,OT,OT::origin=0,0,2018-07-01 02:00:00,chronos_t5_tiny,0,698788905,False,chronos_samples,0.0014899274101480842,0.0017895759083330631,0.07039549946784973,0.23466452767305565,0.05168370756718255,0.04413788791356962,0.8540000319480896,,,0.0,0.0,,1.1904623640002683,,
external_traffic,OT,OT::origin=0,0,2018-07-01 02:00:00,chronos_t5_tiny,1,668439127,False,chronos_samples,0.0014624563045799732,0.0019485153025016189,0.06730478256940842,0.23033781083511476,0.05221236715850749,0.04458936322145078,0.8540000319480896,,,0.0,0.0,,1.2014390680014913,,
external_traffic,OT,OT::origin=0,0,2018-07-01 02:00:00,chronos_t5_tiny,2,3665332077,False,chronos_samples,0.001720729866065085,0.0021464296150952578,0.06997929513454437,0.2710160632811972,0.051686047379754296,0.04413988611358064,0.8540000319480896,,,0.0,0.0,,1.1723276250013441,,
external_traffic,OT,OT::origin=0,0,2018-07-01 02:00:00,timesfm_2_5_200m,0,1298375458,False,timesfm_quantiles,0.0019498082110658288,0.0023691707756370306,0.06856618076562881,0.3070960503084726,0.04162428469482387,0.035547140459195964,0.8540000319480896,,,0.0,0.0,,0.4444239740005287,,
external_traffic,OT,OT::origin=0,0,2018-07-01 02:00:00,moirai_2_0_small,0,3128273042,False,moirai_quantiles_no_mean,0.0023544912692159414,0.003083780175074935,0.07349248975515366,0.3708338928713162,0.04930920437637768,0.04211006211276142,0.8540000319480896,,,0.0,0.0,,0.018470820999937132,,
external_traffic,OT,OT::origin=0,0,2018-07-01 02:00:00,seasonal_naive,0,646646109,False,degenerate,0.004829166457056999,0.006133751943707466,0.17473675310611725,0.7605968304101554,0.13571427801963182,0.11589999776457748,0.8540000319480896,,,0.0,0.0,"{""wql_distribution"": ""Repeated point forecasts form a degenerate distribution; calibration is not measured.""}",0.0008204699988709763,,
external_traffic,OT,OT::origin=0,0,2018-07-01 02:00:00,arima_2_1_2,0,3332836913,False,gaussian,0.032628562301397324,0.039733901619911194,1.3918458223342896,5.139019598510014,0.6678678715769181,0.5703591836637907,0.8540000319480896,,,0.0,0.0,,0.047842440002568765,,
external_traffic,OT,OT::origin=0,0,2018-07-01 02:00:00,auto_arima,0,2381411422,False,gaussian,0.007030561566352844,0.007663278840482235,0.30716171860694885,1.107317979391058,0.16789563255307502,0.1433828755642708,0.8540000319480896,,,0.0,0.0,,1.2024183429966797,,
external_traffic,OT,OT::origin=0,0,2018-07-01 02:00:00,prophet,0,463901301,False,samples,0.006408488843590021,0.008599763736128807,0.39894556999206543,1.0093411244978918,0.14390508208710476,0.12289494469987991,0.8540000319480896,,,0.0,0.0,,0.08441462400151067,,
external_traffic,OT,OT::origin=0,0,2018-07-01 02:00:00,prophet,1,576023627,False,samples,0.006264414172619581,0.008485964499413967,0.4094485342502594,0.9866492709333152,0.14294614438937617,0.12207601187538347,0.8540000319480896,,,0.0,0.0,,0.0884150519996183,,
external_traffic,OT,OT::origin=0,0,2018-07-01 02:00:00,prophet,2,401933494,False,samples,0.0065714772790670395,0.00864091794937849,0.4083591401576996,1.0350119081661937,0.14819101014222502,0.12655512739587985,0.8540000319480896,,,0.0,0.0,,0.07568148399877828,,
external_traffic,OT,OT::origin=0,0,2018-07-01 02:00:00,deepar,0,2876917890,False,samples,0.007220706436783075,0.010409294627606869,0.17630434036254883,1.1372659190725822,0.18343101211269214,0.15665009020450948,0.8540000319480896,,,0.0,0.0,,11.508508848997735,,
external_traffic,OT,OT::origin=0,0,2018-07-01 02:00:00,deepar,1,2528877690,False,samples,0.002865009242668748,0.003267942927777767,0.09649968147277832,0.4512408028274203,0.05957485606433514,0.050876928982245044,0.8540000319480896,,,0.0,0.0,,11.67270286600251,,
external_traffic,OT,OT::origin=0,0,2018-07-01 02:00:00,deepar,2,515730247,False,samples,0.0026201072614639997,0.004154416732490063,0.08270446211099625,0.4126685828963192,0.05827134291969104,0.049763728715074236,0.8540000319480896,,,0.0,0.0,,11.102853174001211,,
external_traffic,OT,OT::origin=1,1,2018-06-30 02:00:00,chronos_t5_tiny,0,101910268,False,chronos_samples,0.002553296508267522,0.0033852839842438698,0.06189921870827675,0.38775399149187023,0.05002164712562613,0.047395510174487156,0.9474999904632568,,,0.0,0.0,,1.0869239079984254,,
external_traffic,OT,OT::origin=1,1,2018-06-30 02:00:00,chronos_t5_tiny,1,1858940871,False,chronos_samples,0.0025031587574630976,0.0033903399016708136,0.061112452298402786,0.3801398687545029,0.04796184386104092,0.04544384660093649,0.9474999904632568,,,0.0,0.0,,1.0539826829990488,,
external_traffic,OT,OT::origin=1,1,2018-06-30 02:00:00,chronos_t5_tiny,2,4046242650,False,chronos_samples,0.002700912533327937,0.0034831080120056868,0.06533721089363098,0.4101715613824028,0.05025983507271358,0.04762119325208098,0.9474999904632568,,,0.0,0.0,,1.0339352000009967,,
external_traffic,OT,OT::origin=1,1,2018-06-30 02:00:00,timesfm_2_5_200m,0,1634770668,False,timesfm_quantiles,0.0026601499412208796,0.003664508694782853,0.07853281497955322,0.40398118837171343,0.05063284408788857,0.04797461929040199,0.9474999904632568,,,0.0,0.0,,0.4610215419997985,,
external_traffic,OT,OT::origin=1,1,2018-06-30 02:00:00,moirai_2_0_small,0,896514193,False,moirai_quantiles_no_mean,0.0019008159870281816,0.002666998188942671,0.06171500310301781,0.2886656460286484,0.03994961755353225,0.037852262250982566,0.9474999904632568,,,0.0,0.0,,0.01602740100133815,,
external_traffic,OT,OT::origin=1,1,2018-06-30 02:00:00,seasonal_naive,0,2473922030,False,degenerate,0.0027333342004567385,0.00342320604249835,0.09098005294799805,0.41509524760502003,0.06923484977170738,0.06560001949841776,0.9474999904632568,,,0.0,0.0,"{""wql_distribution"": ""Repeated point forecasts form a degenerate distribution; calibration is not measured.""}",0.0006769040010112803,,
external_traffic,OT,OT::origin=1,1,2018-06-30 02:00:00,arima_2_1_2,0,1161627701,False,gaussian,0.039123501628637314,0.04711686447262764,1.6361093521118164,5.941454064783194,0.7060506614137911,0.6689829949561433,0.9474999904632568,,,0.0,0.0,,0.05763595000098576,,
external_traffic,OT,OT::origin=1,1,2018-06-30 02:00:00,auto_arima,0,198360031,False,gaussian,0.006708247121423483,0.008772636763751507,0.21337568759918213,1.0187416889590906,0.1570071483235101,0.14876427153918897,0.9474999904632568,,,0.0,0.0,,1.0044206860002305,,
external_traffic,OT,OT::origin=1,1,2018-06-30 02:00:00,prophet,0,97891490,False,samples,0.003692936385050416,0.0044989981688559055,0.171020045876503,0.560824337867627,0.07741618573696583,0.07335183524747685,0.9474999904632568,,,0.0,0.0,,0.07519409400265431,,
external_traffic,OT,OT::origin=1,1,2018-06-30 02:00:00,prophet,1,1430871780,False,samples,0.003476465120911598,0.004234740510582924,0.17241965234279633,0.5279501313501586,0.07474144665729687,0.0708175199949988,0.9474999904632568,,,0.0,0.0,,0.08996320799997193,,
external_traffic,OT,OT::origin=1,1,2018-06-30 02:00:00,prophet,2,3963198562,False,samples,0.003207039088010788,0.004112155642360449,0.15240523219108582,0.4870339982920378,0.07220163549252591,0.06841104894059985,0.9474999904632568,,,0.0,0.0,,0.08227291400180547,,
external_traffic,OT,OT::origin=1,1,2018-06-30 02:00:00,deepar,0,3113221208,False,samples,0.007025586441159248,0.009225882589817047,0.16444361209869385,1.066934128609725,0.1468452149252648,0.1391358397412633,0.9474999904632568,,,0.0,0.0,,11.884666106001532,,
external_traffic,OT,OT::origin=1,1,2018-06-30 02:00:00,deepar,1,2395094785,False,samples,0.004956729710102081,0.006471605971455574,0.12909825146198273,0.7527491318047288,0.10398412510693968,0.09852495754715544,0.9474999904632568,,,0.0,0.0,,12.477877854998951,,
external_traffic,OT,OT::origin=1,1,2018-06-30 02:00:00,deepar,2,3641111751,False,samples,0.005359327886253595,0.006486520636826754,0.13374251127243042,0.8138893281213802,0.10483427253595111,0.09933047222803615,0.9474999904632568,,,0.0,0.0,,10.511278329999186,,
external_traffic,OT,OT::origin=2,2,2018-06-29 02:00:00,chronos_t5_tiny,0,3363926806,False,chronos_samples,0.0023138681426644325,0.00291933910921216,0.07700324058532715,0.34777860956698187,0.046256549790564254,0.04304172099175791,0.9305000305175781,,,0.0,0.0,,1.0387746850028634,,
external_traffic,OT,OT::origin=2,2,2018-06-29 02:00:00,chronos_t5_tiny,1,2407779934,False,chronos_samples,0.002266352530568838,0.0028647708240896463,0.0770639106631279,0.34063692625208847,0.045607676407153595,0.04243794428869225,0.9305000305175781,,,0.0,0.0,,0.9914533849987492,,
external_traffic,OT,OT::origin=2,2,2018-06-29 02:00:00,chronos_t5_tiny,2,287681004,False,chronos_samples,0.0022247752640396357,0.002848323667421937,0.07272159308195114,0.3343877871259188,0.04456819478573209,0.041470706608237075,0.9305000305175781,,,0.0,0.0,,1.2670371230015007,,
external_traffic,OT,OT::origin=2,2,2018-06-29 02:00:00,timesfm_2_5_200m,0,339180077,False,timesfm_quantiles,0.00210673944093287,0.002770109800621867,0.06520151346921921,0.31664678724686113,0.042866374344923915,0.03988716263612963,0.9305000305175781,,,0.0,0.0,,0.46610369799964246,,
external_traffic,OT,OT::origin=2,2,2018-06-29 02:00:00,moirai_2_0_small,0,920196754,False,moirai_quantiles_no_mean,0.001891091000288725,0.002296847989782691,0.08185362815856934,0.2842344326015579,0.03893079559215129,0.036225106486570374,0.9305000305175781,,,0.0,0.0,,0.024691930000699358,,
external_traffic,OT,OT::origin=2,2,2018-06-29 02:00:00,seasonal_naive,0,3599718086,False,degenerate,0.002241667127236724,0.0027251916471868753,0.07519953697919846,0.3369266650279735,0.05781838839262843,0.05380001216381794,0.9305000305175781,,,0.0,0.0,"{""wql_distribution"": ""Repeated point forecasts form a degenerate distribution; calibration is not measured.""}",0.000568093000765657,,
external_traffic,OT,OT::origin=2,2,2018-06-29 02:00:00,arima_2_1_2,0,393873342,False,gaussian,0.03969829902052879,0.0478254035115242,1.6897931098937988,5.966726876508979,0.7301727531067075,0.6794257690488954,0.9305000305175781,,,0.0,0.0,,0.06411248600124964,,
external_traffic,OT,OT::origin=2,2,2018-06-29 02:00:00,auto_arima,0,4004173970,False,gaussian,0.007547365501523018,0.01015384215861559,0.24983428418636322,1.1343828248531895,0.17176422421714999,0.1598266158758862,0.9305000305175781,,,0.0,0.0,,1.1831599220022326,,
external_traffic,OT,OT::origin=2,2,2018-06-29 02:00:00,prophet,0,1662753223,False,samples,0.00513436971232295,0.0059034270234405994,0.3732782304286957,0.7717051488933782,0.09716355890395999,0.09041069452533126,0.9305000305175781,,,0.0,0.0,,0.08236199000020861,,
external_traffic,OT,OT::origin=2,2,2018-06-29 02:00:00,prophet,1,1505783401,False,samples,0.004817789886146784,0.005739560350775719,0.34542909264564514,0.7241226225884334,0.09417368070027475,0.08762861276555832,0.9305000305175781,,,0.0,0.0,,0.07760928499919828,,
external_traffic,OT,OT::origin=2,2,2018-06-29 02:00:00,prophet,2,1455271917,False,samples,0.005122471135109663,0.005922871176153421,0.36305201053619385,0.7699167709980426,0.09621579561440005,0.0895288007554723,0.9305000305175781,,,0.0,0.0,,0.07855018500049482,,
external_traffic,OT,OT::origin=2,2,2018-06-29 02:00:00,deepar,0,1013586509,False,samples,0.005073709413409233,0.007761187851428986,0.12922252714633942,0.7625877951327453,0.11432062405688624,0.10637534417372123,0.9305000305175781,,,0.0,0.0,,10.880324591002136,,
external_traffic,OT,OT::origin=2,2,2018-06-29 02:00:00,deepar,1,1528082788,False,samples,0.003935657441616058,0.005562970880419016,0.11871418356895447,0.5915365044099137,0.08175719266817605,0.07607507027276933,0.9305000305175781,,,0.0,0.0,,11.963061358997948,,
external_traffic,OT,OT::origin=2,2,2018-06-29 02:00:00,deepar,2,356479467,False,samples,0.004743536934256554,0.007130785845220089,0.17359085381031036,0.7129622682499653,0.10375293020175322,0.09654210471901953,0.9305000305175781,,,0.0,0.0,,14.72504084600223,,
external_psm,feature_0,feature_0::origin=0,0,2000-04-01 01:00:00,chronos_t5_tiny,0,849184619,False,chronos_samples,0.013455617241561413,0.022583581507205963,0.01820310950279236,0.37249722119723755,0.02426001887593582,0.4389530507331657,18.09368133544922,,,0.0,0.0,,0.8932222439980251,,
external_psm,feature_0,feature_0::origin=0,0,2000-04-01 01:00:00,chronos_t5_tiny,1,3162826428,False,chronos_samples,0.017755137756466866,0.023854462429881096,0.023738229647278786,0.4915225632184074,0.02500784894327284,0.45248404966462924,18.09368133544922,,,0.0,0.0,,0.9928093739981705,,
external_psm,feature_0,feature_0::origin=0,0,2000-04-01 01:00:00,chronos_t5_tiny,2,2994745529,False,chronos_samples,0.020617960020899773,0.025242090225219727,0.027413735166192055,0.5707752142962776,0.026093354377548433,0.4721248390803102,18.09368133544922,,,0.0,0.0,,1.276240744999086,,
external_psm,feature_0,feature_0::origin=0,0,2000-04-01 01:00:00,timesfm_2_5_200m,0,2753803143,False,timesfm_quantiles,0.024063291028141975,0.029962768778204918,0.03191971406340599,0.6661536873356515,0.025591148824066136,0.46303809183070865,18.09368133544922,,,0.0,0.0,,0.4511132869993162,,
external_psm,feature_0,feature_0::origin=0,0,2000-04-01 01:00:00,moirai_2_0_small,0,633103848,False,moirai_quantiles_no_mean,0.028870806097984314,0.02959679253399372,0.03765038028359413,0.7992420453225876,0.028174792050942796,0.5097857090623067,18.09368133544922,,,0.0,0.0,,0.01500999400013825,,
external_psm,feature_0,feature_0::origin=0,0,2000-04-01 01:00:00,seasonal_naive,0,353866551,False,degenerate,0.12541095912456512,0.12919223308563232,0.1539003700017929,3.471801623286955,0.1663488456788503,3.0098630042329364,18.09368133544922,,,0.0,0.0,"{""wql_distribution"": ""Repeated point forecasts form a degenerate distribution; calibration is not measured.""}",0.0007215469995571766,,
external_psm,feature_0,feature_0::origin=0,0,2000-04-01 01:00:00,arima_2_1_2,0,1170241226,False,gaussian,0.01894325762987137,0.025184446945786476,0.025368748232722282,0.5244137597608735,0.02562794711034972,0.4637039082964145,18.09368133544922,,,0.0,0.0,,0.0789071180006431,,
external_psm,feature_0,feature_0::origin=0,0,2000-04-01 01:00:00,auto_arima,0,99371838,False,gaussian,0.036664437502622604,0.03838594630360603,0.04784195497632027,1.0149962533344086,0.034812904794769284,0.6298936057178876,18.09368133544922,,,0.0,0.0,,1.0321675570012303,,
external_psm,feature_0,feature_0::origin=0,0,2000-04-01 01:00:00,prophet,0,3564536512,False,samples,0.15996655821800232,0.16063474118709564,0.1922551840543747,4.428418061465116,0.19840973415312865,3.5899625036179055,18.09368133544922,,,0.0,0.0,,0.12133761899895035,,
external_psm,feature_0,feature_0::origin=0,0,2000-04-01 01:00:00,prophet,1,4179776058,False,samples,0.15927615761756897,0.15991899371147156,0.19148851931095123,4.409305426157687,0.19793549922898612,3.5813818480223296,18.09368133544922,,,0.0,0.0,,0.11667611800294253,,
external_psm,feature_0,feature_0::origin=0,0,2000-04-01 01:00:00,prophet,2,2203203845,False,samples,0.16077153384685516,0.16130387783050537,0.1931130290031433,4.450702523002341,0.19926156476917994,3.605375255336517,18.09368133544922,,,0.0,0.0,,0.12086208999971859,,
external_psm,feature_0,feature_0::origin=0,0,2000-04-01 01:00:00,deepar,0,3874934281,False,samples,0.14140790700912476,0.14314891397953033,0.1720103770494461,3.9146515147233747,0.1787978220719289,3.2351108160418303,18.09368133544922,,,0.0,0.0,,13.171282046998385,,
external_psm,feature_0,feature_0::origin=0,0,2000-04-01 01:00:00,deepar,1,3225693870,False,samples,0.1647787094116211,0.1661546677350998,0.19755150377750397,4.561634763116475,0.20994796769341495,3.7987316244698377,18.09368133544922,,,0.0,0.0,,12.130713385999115,,
external_psm,feature_0,feature_0::origin=0,0,2000-04-01 01:00:00,deepar,2,497839383,False,samples,0.15663376450538635,0.15855492651462555,0.18872962892055511,4.3361550032578355,0.19724620347938285,3.5689099503831283,18.09368133544922,,,0.0,0.0,,11.934779925999464,,
external_psm,feature_0,feature_0::origin=1,1,2000-03-31 01:00:00,chronos_t5_tiny,0,885974257,False,chronos_samples,0.01191345602273941,0.025691257789731026,0.013982713222503662,0.329778565342992,0.010483645895605785,0.220833627272888,21.06458282470703,,,0.0,0.0,,1.253604166002333,,
external_psm,feature_0,feature_0::origin=1,1,2000-03-31 01:00:00,chronos_t5_tiny,1,387253840,False,chronos_samples,0.010878262110054493,0.02656475082039833,0.012802680023014545,0.3011231724221281,0.009528091426254187,0.20070527100971228,21.06458282470703,,,0.0,0.0,,1.3571622939998633,,
external_psm,feature_0,feature_0::origin=1,1,2000-03-31 01:00:00,chronos_t5_tiny,2,1813469010,False,chronos_samples,0.01191345602273941,0.025691257789731026,0.013982713222503662,0.329778565342992,0.009936949460554694,0.2093176949367822,21.06458282470703,,,0.0,0.0,,1.0956147120014066,,
external_psm,feature_0,feature_0::origin=1,1,2000-03-31 01:00:00,timesfm_2_5_200m,0,3691667742,False,timesfm_quantiles,0.009276715107262135,0.028993332758545876,0.01094239205121994,0.25679045554281676,0.00931082524611269,0.19612864956311396,21.06458282470703,,,0.0,0.0,,0.476402694999706,,
external_psm,feature_0,feature_0::origin=1,1,2000-03-31 01:00:00,moirai_2_0_small,0,4123088919,False,moirai_quantiles_no_mean,0.006501475814729929,0.02680257521569729,0.00782670546323061,0.17996854671737716,0.00808568992036857,0.17032168502250253,21.06458282470703,,,0.0,0.0,,0.01539838700045948,,
external_psm,feature_0,feature_0::origin=1,1,2000-03-31 01:00:00,seasonal_naive,0,233612373,False,degenerate,0.022525357082486153,0.031515419483184814,0.026261067017912865,0.6235285485859197,0.02566433861365387,0.5406085863686387,21.06458282470703,,,0.0,0.0,"{""wql_distribution"": ""Repeated point forecasts form a degenerate distribution; calibration is not measured.""}",0.0005447010007628705,,
external_psm,feature_0,feature_0::origin=1,1,2000-03-31 01:00:00,arima_2_1_2,0,367014977,False,gaussian,0.01134839653968811,0.02565215341746807,0.013337574899196625,0.31413704995917463,0.016660956491828745,0.3509560979609669,21.06458282470703,,,0.0,0.0,,0.036282659999415046,,
external_psm,feature_0,feature_0::origin=1,1,2000-03-31 01:00:00,auto_arima,0,2831492372,False,gaussian,0.017827479168772697,0.026711590588092804,0.020770033821463585,0.49348572678980485,0.016921109712105423,0.3564361170165992,21.06458282470703,,,0.0,0.0,,1.0013893409995944,,
external_psm,feature_0,feature_0::origin=1,1,2000-03-31 01:00:00,prophet,0,268388940,False,samples,0.017763569951057434,0.031779926270246506,0.020467005670070648,0.49171664399048076,0.016810119484447578,0.3540981541733675,21.06458282470703,,,0.0,0.0,,0.11310404300093069,,
external_psm,feature_0,feature_0::origin=1,1,2000-03-31 01:00:00,prophet,1,1025897415,False,samples,0.018037237226963043,0.03329663723707199,0.02076277695596218,0.4992920781430235,0.017253542172597006,0.3634386681142453,21.06458282470703,,,0.0,0.0,,0.1186135669995565,,
external_psm,feature_0,feature_0::origin=1,1,2000-03-31 01:00:00,prophet,2,3039261723,False,samples,0.01720169372856617,0.03180998936295509,0.019838972017169,0.4761632450271712,0.016871125406427784,0.35538321846971715,21.06458282470703,,,0.0,0.0,,0.10569227899759426,,
external_psm,feature_0,feature_0::origin=1,1,2000-03-31 01:00:00,deepar,0,2208081445,False,samples,0.041812408715486526,0.04856400936841965,0.046966832131147385,1.1574169689642522,0.0390176099742393,0.8218896769244789,21.06458282470703,,,0.0,0.0,,12.194209697998303,,
external_psm,feature_0,feature_0::origin=1,1,2000-03-31 01:00:00,deepar,1,2502541764,False,samples,0.04880259558558464,0.05571412667632103,0.05453338101506233,1.3509136162092141,0.04765793994475418,1.003894623221188,21.06458282470703,,,0.0,0.0,,11.747620547001134,,
external_psm,feature_0,feature_0::origin=1,1,2000-03-31 01:00:00,deepar,2,1801940805,False,samples,0.013465270400047302,0.02907697856426239,0.01567460596561432,0.37273462427756393,0.012941213728596117,0.2726012684382486,21.06458282470703,,,0.0,0.0,,11.877774189000775,,
external_psm,feature_0,feature_0::origin=2,2,2000-03-30 01:00:00,chronos_t5_tiny,0,1553119229,False,chronos_samples,0.015917330980300903,0.018410464748740196,0.018484126776456833,0.3983584867998259,0.012817311611000073,0.26615210340347656,20.76504898071289,,,0.0,0.0,,1.1320868850016268,,
external_psm,feature_0,feature_0::origin=2,2,2000-03-30 01:00:00,chronos_t5_tiny,1,3536788184,False,chronos_samples,0.018636122345924377,0.02135804295539856,0.021687308326363564,0.46640090017142527,0.014089666787200306,0.29257262095813796,20.76504898071289,,,0.0,0.0,,1.3823079089997918,,
external_psm,feature_0,feature_0::origin=2,2,2000-03-30 01:00:00,chronos_t5_tiny,2,2208333343,False,chronos_samples,0.01993078552186489,0.022974681109189987,0.023214297369122505,0.4988020649346254,0.015798837683968107,0.32806363834593033,20.76504898071289,,,0.0,0.0,,1.149297749001562,,
external_psm,feature_0,feature_0::origin=2,2,2000-03-30 01:00:00,timesfm_2_5_200m,0,613695452,False,timesfm_quantiles,0.010671491734683514,0.013451870530843735,0.012331146746873856,0.26707236939323925,0.010309217049620576,0.21407139698817168,20.76504898071289,,,0.0,0.0,,0.4762928629970702,,
external_psm,feature_0,feature_0::origin=2,2,2000-03-30 01:00:00,moirai_2_0_small,0,708491109,False,moirai_quantiles_no_mean,0.010043310932815075,0.012883813120424747,0.01159616094082594,0.2513510682543292,0.0088476184804385,0.183721231108966,20.76504898071289,,,0.0,0.0,,0.01983526700132643,,
external_psm,feature_0,feature_0::origin=2,2,2000-03-30 01:00:00,seasonal_naive,0,1010260706,False,degenerate,0.021028675138950348,0.022381583228707314,0.02452697791159153,0.5262786341582387,0.024304696141597793,0.5046882058416218,20.76504898071289,,,0.0,0.0,"{""wql_distribution"": ""Repeated point forecasts form a degenerate distribution; calibration is not measured.""}",0.000680697998177493,,
external_psm,feature_0,feature_0::origin=2,2,2000-03-30 01:00:00,arima_2_1_2,0,2197610911,False,gaussian,0.017903955653309822,0.021304037421941757,0.02081945538520813,0.4480771739062538,0.01772279494242097,0.3680147050545022,20.76504898071289,,,0.0,0.0,,0.06826080099926912,,
external_psm,feature_0,feature_0::origin=2,2,2000-03-30 01:00:00,auto_arima,0,2071338433,False,gaussian,0.017768777906894684,0.02116413041949272,0.02065996266901493,0.4446941191354767,0.016295275975247905,0.33837220378025673,20.76504898071289,,,0.0,0.0,,1.484818875000201,,
external_psm,feature_0,feature_0::origin=2,2,2000-03-30 01:00:00,prophet,0,1054641678,False,samples,0.038479048758745193,0.04311798885464668,0.045448169112205505,0.9630041403298559,0.03466039270817481,0.7197247522759939,20.76504898071289,,,0.0,0.0,,0.16383020299690543,,
external_psm,feature_0,feature_0::origin=2,2,2000-03-30 01:00:00,prophet,1,911539556,False,samples,0.03775747865438461,0.042625706642866135,0.04457959160208702,0.9449456118461038,0.03367059242720546,0.6991715009605419,20.76504898071289,,,0.0,0.0,,0.17440906200135942,,
external_psm,feature_0,feature_0::origin=2,2,2000-03-30 01:00:00,prophet,2,1490914404,False,samples,0.037812236696481705,0.04295574873685837,0.044651925563812256,0.9463160256935581,0.03423035515553289,0.7107950014318385,20.76504898071289,,,0.0,0.0,,0.15442590400198242,,
external_psm,feature_0,feature_0::origin=2,2,2000-03-30 01:00:00,deepar,0,3630032297,False,samples,0.01980460435152054,0.023412613198161125,0.02307751215994358,0.495644164898293,0.017821172801262823,0.37005752611197085,20.76504898071289,,,0.0,0.0,,14.066587961999176,,
external_psm,feature_0,feature_0::origin=2,2,2000-03-30 01:00:00,deepar,1,1431475857,False,samples,0.02929830551147461,0.03027549386024475,0.03334439545869827,0.7332403066691392,0.025844861079888856,0.5366698062236124,20.76504898071289,,,0.0,0.0,,13.418252128001768,,
external_psm,feature_0,feature_0::origin=2,2,2000-03-30 01:00:00,deepar,2,2322094354,False,samples,0.017438173294067383,0.021589385345578194,0.020289720967411995,0.4364201721114489,0.016509292548242783,0.34281626840117974,20.76504898071289,,,0.0,0.0,,11.391357385000447,,
external_psm,feature_6,feature_6::origin=0,0,2000-04-01 01:00:00,chronos_t5_tiny,0,3327297838,False,chronos_samples,0.01245961245149374,0.015615379437804222,0.0226274523884058,0.392287420583127,0.017805281626121664,0.2324759408275218,13.056571960449219,,,0.0,0.0,,1.23502171400105,,
external_psm,feature_6,feature_6::origin=0,0,2000-04-01 01:00:00,chronos_t5_tiny,1,2281957577,False,chronos_samples,0.012257460504770279,0.015223272144794464,0.02214680053293705,0.38592272296073044,0.01802077484881166,0.23528954359656284,13.056571960449219,,,0.0,0.0,,1.1811995809985092,,
external_psm,feature_6,feature_6::origin=0,0,2000-04-01 01:00:00,chronos_t5_tiny,2,2849670631,False,chronos_samples,0.011587675660848618,0.015382871963083744,0.020875586196780205,0.3648347340854263,0.01888350371285038,0.24655382509224097,13.056571960449219,,,0.0,0.0,,1.166215868001018,,
external_psm,feature_6,feature_6::origin=0,0,2000-04-01 01:00:00,timesfm_2_5_200m,0,1686332225,False,timesfm_quantiles,0.008904259651899338,0.011044954881072044,0.016450390219688416,0.2803481299795353,0.013513591012868333,0.17644117350359523,13.056571960449219,,,0.0,0.0,,0.4698022949996812,,
external_psm,feature_6,feature_6::origin=0,0,2000-04-01 01:00:00,moirai_2_0_small,0,197585870,False,moirai_quantiles_no_mean,0.011286613531410694,0.014577195979654789,0.020503981038928032,0.3553558769658931,0.018502698417383917,0.241581813349063,13.056571960449219,,,0.0,0.0,,0.012458068998967065,,
external_psm,feature_6,feature_6::origin=0,0,2000-04-01 01:00:00,seasonal_naive,0,1192228122,False,degenerate,0.011608275584876537,0.015047862194478512,0.021583477035164833,0.36548331694404906,0.02133780655541788,0.2785986067689586,13.056571960449219,,,0.0,0.0,"{""wql_distribution"": ""Repeated point forecasts form a degenerate distribution; calibration is not measured.""}",0.0005475690013554413,,
external_psm,feature_6,feature_6::origin=0,0,2000-04-01 01:00:00,arima_2_1_2,0,3195867998,False,gaussian,0.03454909101128578,0.040946103632450104,0.06417138129472733,1.0877684879102443,0.0607585735747207,0.7932986880925891,13.056571960449219,,,0.0,0.0,,0.048326393000024837,,
external_psm,feature_6,feature_6::origin=0,0,2000-04-01 01:00:00,auto_arima,0,959729723,False,gaussian,0.03991815075278282,0.05621756240725517,0.07198251038789749,1.2568118353777715,0.06085204016590161,0.7945190413662405,13.056571960449219,,,0.0,0.0,,0.878186996000295,,
external_psm,feature_6,feature_6::origin=0,0,2000-04-01 01:00:00,prophet,0,3348630592,False,samples,0.05095672607421875,0.05387718603014946,0.10062587261199951,1.6043582985295621,0.07352054907135126,0.9599263395218358,13.056571960449219,,,0.0,0.0,,0.094150961998821,,
external_psm,feature_6,feature_6::origin=0,0,2000-04-01 01:00:00,prophet,1,2330721715,False,samples,0.05114476755261421,0.054295506328344345,0.1010267361998558,1.6102787319948542,0.07445515448804176,0.9721290823994807,13.056571960449219,,,0.0,0.0,,0.09775845499825664,,
external_psm,feature_6,feature_6::origin=0,0,2000-04-01 01:00:00,prophet,2,3211423089,False,samples,0.05149222910404205,0.054865505546331406,0.1019008532166481,1.621218461965757,0.07554424262724496,0.9863488400602591,13.056571960449219,,,0.0,0.0,,0.09640102100092918,,
external_psm,feature_6,feature_6::origin=0,0,2000-04-01 01:00:00,deepar,0,2782017903,False,samples,0.053161635994911194,0.057362399995326996,0.09201630204916,1.6737792719967497,0.08030754070639952,1.0485411841998102,13.056571960449219,,,0.0,0.0,,11.934484394001629,,
external_psm,feature_6,feature_6::origin=0,0,2000-04-01 01:00:00,deepar,1,1482315131,False,samples,0.03012852370738983,0.03344510868191719,0.05407958850264549,0.9485881601183032,0.04320543764421357,0.5641149056843761,13.056571960449219,,,0.0,0.0,,10.894902462998289,,
external_psm,feature_6,feature_6::origin=0,0,2000-04-01 01:00:00,deepar,2,3540788627,False,samples,0.023973233997821808,0.02832168899476528,0.042711690068244934,0.7547905815412245,0.03360328630677348,0.4387437257719658,13.056571960449219,,,0.0,0.0,,11.134229300998413,,
external_psm,feature_6,feature_6::origin=1,1,2000-03-31 01:00:00,chronos_t5_tiny,0,771364338,False,chronos_samples,0.02205774188041687,0.026930375024676323,0.03908200562000275,0.7008957874021573,0.03291689212242735,0.42857233133512934,13.019829750061035,,,0.0,0.0,,1.167594383998221,,
external_psm,feature_6,feature_6::origin=1,1,2000-03-31 01:00:00,chronos_t5_tiny,1,616989709,False,chronos_samples,0.022242015227675438,0.026783062145113945,0.03947547450661659,0.7067511652338606,0.03370986936630059,0.43889676004603156,13.019829750061035,,,0.0,0.0,,1.0330418960002135,,
external_psm,feature_6,feature_6::origin=1,1,2000-03-31 01:00:00,chronos_t5_tiny,2,3151453792,False,chronos_samples,0.021689200773835182,0.026878638193011284,0.03841635212302208,0.6891852092981963,0.03234851626066441,0.42117217438093163,13.019829750061035,,,0.0,0.0,,1.015073605998623,,
external_psm,feature_6,feature_6::origin=1,1,2000-03-31 01:00:00,timesfm_2_5_200m,0,1897780917,False,timesfm_quantiles,0.016154911369085312,0.020988132804632187,0.028827637434005737,0.5133303937380702,0.023625068143100426,0.30759436505675813,13.019829750061035,,,0.0,0.0,,0.45413647100212984,,
external_psm,feature_6,feature_6::origin=1,1,2000-03-31 01:00:00,moirai_2_0_small,0,1245634887,False,moirai_quantiles_no_mean,0.0179433710873127,0.022551005706191063,0.03190218284726143,0.570159596348194,0.02551168681313624,0.33215781894391105,13.019829750061035,,,0.0,0.0,,0.014799585998844123,,
external_psm,feature_6,feature_6::origin=1,1,2000-03-31 01:00:00,seasonal_naive,0,963909726,False,degenerate,0.016877371817827225,0.020828917622566223,0.030140705406665802,0.5362869360638031,0.031110769471016746,0.40505692190603443,13.019829750061035,,,0.0,0.0,"{""wql_distribution"": ""Repeated point forecasts form a degenerate distribution; calibration is not measured.""}",0.0005032230001233984,,
external_psm,feature_6,feature_6::origin=1,1,2000-03-31 01:00:00,arima_2_1_2,0,3030921075,False,gaussian,0.03396845981478691,0.041144780814647675,0.06343227624893188,1.0793648106772413,0.06299990675339129,0.8202480601988751,13.019829750061035,,,0.0,0.0,,0.17452841300109867,,
external_psm,feature_6,feature_6::origin=1,1,2000-03-31 01:00:00,auto_arima,0,406236920,False,gaussian,0.041077621281147,0.054162170737981796,0.07402046769857407,1.3052619741651006,0.06026013019588149,0.7845766358668891,13.019829750061035,,,0.0,0.0,,0.9172197490006511,,
external_psm,feature_6,feature_6::origin=1,1,2000-03-31 01:00:00,prophet,0,2315331138,False,samples,0.06596046686172485,0.07150227576494217,0.13375285267829895,2.095926845508486,0.10210759734848043,1.3294235336649989,13.019829750061035,,,0.0,0.0,,0.103745518001233,,
external_psm,feature_6,feature_6::origin=1,1,2000-03-31 01:00:00,prophet,1,1147501802,False,samples,0.06562281399965286,0.07152941077947617,0.13325287401676178,2.0851977568323394,0.10162772398116048,1.3231756641209045,13.019829750061035,,,0.0,0.0,,0.09531647100084228,,
external_psm,feature_6,feature_6::origin=1,1,2000-03-31 01:00:00,prophet,2,4097625074,False,samples,0.06565921753644943,0.07159867882728577,0.13329409062862396,2.0863544974327866,0.1017957950983563,1.3253639214526967,13.019829750061035,,,0.0,0.0,,0.11548987900096108,,
external_psm,feature_6,feature_6::origin=1,1,2000-03-31 01:00:00,deepar,0,3821860552,False,samples,0.03275507315993309,0.0360318198800087,0.05853860452771187,1.040808842460382,0.046926066566056863,0.6109693975300916,13.019829750061035,,,0.0,0.0,,12.394058432000747,,
external_psm,feature_6,feature_6::origin=1,1,2000-03-31 01:00:00,deepar,1,4220015117,False,samples,0.0660090520977974,0.07111749798059464,0.11312061548233032,2.097470665699954,0.10496554432489053,1.3666335167325598,13.019829750061035,,,0.0,0.0,,11.952761783002643,,
external_psm,feature_6,feature_6::origin=1,1,2000-03-31 01:00:00,deepar,2,2789228061,False,samples,0.04493818059563637,0.048939526081085205,0.07978224754333496,1.4279331784620393,0.06678901684501581,0.8695816284960645,13.019829750061035,,,0.0,0.0,,11.67536655799995,,
external_psm,feature_6,feature_6::origin=2,2,2000-03-30 01:00:00,chronos_t5_tiny,0,3061122898,False,chronos_samples,0.012908142991364002,0.014863010495901108,0.02350928820669651,0.41156402974138245,0.01692318725410148,0.22620339341245282,13.366477012634277,,,0.0,0.0,,1.0745257349990425,,
external_psm,feature_6,feature_6::origin=2,2,2000-03-30 01:00:00,chronos_t5_tiny,1,2244059885,False,chronos_samples,0.011986717581748962,0.014004938304424286,0.02177748829126358,0.38218524497420214,0.01640971210437644,0.21934003962709417,13.366477012634277,,,0.0,0.0,,1.0508921450018534,,
external_psm,feature_6,feature_6::origin=2,2,2000-03-30 01:00:00,chronos_t5_tiny,2,1720964575,False,chronos_samples,0.013368486426770687,0.015113430097699165,0.02436705492436886,0.42624164831655026,0.017174237299686403,0.2295590480757845,13.366477012634277,,,0.0,0.0,,1.1742268790003436,,
external_psm,feature_6,feature_6::origin=2,2,2000-03-30 01:00:00,timesfm_2_5_200m,0,3528925494,False,timesfm_quantiles,0.018008284270763397,0.020598651841282845,0.03308826684951782,0.5741772498307719,0.023552538547287977,0.31481446508150746,13.366477012634277,,,0.0,0.0,,0.4918791449999844,,
external_psm,feature_6,feature_6::origin=2,2,2000-03-30 01:00:00,moirai_2_0_small,0,2149041067,False,moirai_quantiles_no_mean,0.013391737826168537,0.015389105305075645,0.024492895230650902,0.42698299737347567,0.017921348043479276,0.23954528665858404,13.366477012634277,,,0.0,0.0,,0.011408288999518845,,
external_psm,feature_6,feature_6::origin=2,2,2000-03-30 01:00:00,seasonal_naive,0,2192989404,False,degenerate,0.014943969435989857,0.017422402277588844,0.027339758351445198,0.47647444605493383,0.026832446200430012,0.3586552753307937,13.366477012634277,,,0.0,0.0,"{""wql_distribution"": ""Repeated point forecasts form a degenerate distribution; calibration is not measured.""}",0.0005984380004520062,,
external_psm,feature_6,feature_6::origin=2,2,2000-03-30 01:00:00,arima_2_1_2,0,2603828636,False,gaussian,0.018463028594851494,0.02137516811490059,0.033481698483228683,0.5886763459942504,0.03054362304907838,0.4082606353680726,13.366477012634277,,,0.0,0.0,,0.3073788000001514,,
external_psm,feature_6,feature_6::origin=2,2,2000-03-30 01:00:00,auto_arima,0,1494801622,False,gaussian,0.046464741230010986,0.05262332409620285,0.08307360857725143,1.4814846840717506,0.05954183885777203,0.7958646203823841,13.366477012634277,,,0.0,0.0,,0.9845982139995613,,
external_psm,feature_6,feature_6::origin=2,2,2000-03-30 01:00:00,prophet,0,227972608,False,samples,0.031948309391736984,0.04136676713824272,0.06273280829191208,1.018641873233409,0.04658380907238671,0.6226614131270011,13.366477012634277,,,0.0,0.0,,0.0939264689986885,,
external_psm,feature_6,feature_6::origin=2,2,2000-03-30 01:00:00,prophet,1,2077046846,False,samples,0.032713066786527634,0.04290822148323059,0.0645713210105896,1.0430254453231464,0.04836704329933755,0.6464969724296822,13.366477012634277,,,0.0,0.0,,0.10189678199822083,,
external_psm,feature_6,feature_6::origin=2,2,2000-03-30 01:00:00,prophet,2,705993668,False,samples,0.03174600005149841,0.04129697009921074,0.062388110905885696,1.0121914297127095,0.046381636514727244,0.6199590782824603,13.366477012634277,,,0.0,0.0,,0.09689642200100934,,
external_psm,feature_6,feature_6::origin=2,2,2000-03-30 01:00:00,deepar,0,416243346,False,samples,0.028572631999850273,0.03383889049291611,0.052628640085458755,0.9110115664231058,0.04085230551236647,0.546051402544159,13.366477012634277,,,0.0,0.0,,12.715156531998218,,
external_psm,feature_6,feature_6::origin=2,2,2000-03-30 01:00:00,deepar,1,718287646,False,samples,0.03237456828355789,0.03757888823747635,0.05922694131731987,1.0322327381121357,0.044949667999217985,0.6008187040370898,13.366477012634277,,,0.0,0.0,,11.966033292999782,,
external_psm,feature_6,feature_6::origin=2,2,2000-03-30 01:00:00,deepar,2,68591759,False,samples,0.03355627879500389,0.03845458850264549,0.061302412301301956,1.0699104691694883,0.04589833861226792,0.6134990879789834,13.366477012634277,,,0.0,0.0,,12.075330798001232,,
external_psm,feature_12,feature_12::origin=0,0,2000-04-01 01:00:00,chronos_t5_tiny,0,3816332723,False,chronos_samples,0.003977552056312561,0.005149180069565773,0.02412184327840805,0.7036219727825873,0.020461036384869954,0.08002915289894331,3.911295175552368,,,0.0,0.0,,1.130085285003588,,
external_psm,feature_12,feature_12::origin=0,0,2000-04-01 01:00:00,chronos_t5_tiny,1,607149741,False,chronos_samples,0.0036727183032780886,0.004943509586155415,0.02224144898355007,0.6496974172659766,0.019522493514219225,0.07635823469691805,3.911295175552368,,,0.0,0.0,,1.0621749029996863,,
external_psm,feature_12,feature_12::origin=0,0,2000-04-01 01:00:00,chronos_t5_tiny,2,925162044,False,chronos_samples,0.0040149930864572525,0.005244615487754345,0.02431548945605755,0.7102452252555777,0.020346740460756543,0.07958210780237324,3.911295175552368,,,0.0,0.0,,1.140123040000617,,
external_psm,feature_12,feature_12::origin=0,0,2000-04-01 01:00:00,timesfm_2_5_200m,0,2291940495,False,timesfm_quantiles,0.003113415790721774,0.004250292666256428,0.018874214962124825,0.5507577851265131,0.015655592287907773,0.06123364258610854,3.911295175552368,,,0.0,0.0,,0.3819156719982857,,
external_psm,feature_12,feature_12::origin=0,0,2000-04-01 01:00:00,moirai_2_0_small,0,4036148831,False,moirai_quantiles_no_mean,0.0037881031166762114,0.005120911635458469,0.022848591208457947,0.6701087880998265,0.01892041365321631,0.07400332264128012,3.911295175552368,,,0.0,0.0,,0.01799450600083219,,
external_psm,feature_12,feature_12::origin=0,0,2000-04-01 01:00:00,seasonal_naive,0,2084732373,False,degenerate,0.003443259745836258,0.004260795656591654,0.02090959995985031,0.6091066014643745,0.021128099498775373,0.08263823363815052,3.911295175552368,,,0.0,0.0,"{""wql_distribution"": ""Repeated point forecasts form a degenerate distribution; calibration is not measured.""}",0.0005794040007458534,,
external_psm,feature_12,feature_12::origin=0,0,2000-04-01 01:00:00,arima_2_1_2,0,2914204991,False,gaussian,0.0033469274640083313,0.00413268618285656,0.02050027623772621,0.5920655900023518,0.022360252061932998,0.08745754601397343,3.911295175552368,,,0.0,0.0,,0.040292468998814,,
external_psm,feature_12,feature_12::origin=0,0,2000-04-01 01:00:00,auto_arima,0,2219780096,False,gaussian,0.006556564476341009,0.007639522198587656,0.039705242961645126,1.159844740233557,0.02891567254117515,0.11309773050815045,3.911295175552368,,,0.0,0.0,,1.0870649040007265,,
external_psm,feature_12,feature_12::origin=0,0,2000-04-01 01:00:00,prophet,0,3431224901,False,samples,0.0035899654030799866,0.00433151051402092,0.022155120968818665,0.6350585745641042,0.01641455470387358,0.06420216862210117,3.911295175552368,,,0.0,0.0,,0.11074300199834397,,
external_psm,feature_12,feature_12::origin=0,0,2000-04-01 01:00:00,prophet,1,1464648660,False,samples,0.0032748121302574873,0.004038562532514334,0.0201897993683815,0.5793085141216946,0.01591161473248653,0.06223502193842255,3.911295175552368,,,0.0,0.0,,0.10650549799902365,,
external_psm,feature_12,feature_12::origin=0,0,2000-04-01 01:00:00,prophet,2,341453868,False,samples,0.0035655528772622347,0.004179331008344889,0.02202138863503933,0.6307400416239176,0.01619573383187467,0.06334629560114166,3.911295175552368,,,0.0,0.0,,0.10570176100009121,,
external_psm,feature_12,feature_12::origin=0,0,2000-04-01 01:00:00,deepar,0,2880031406,False,samples,0.011327438987791538,0.011967800557613373,0.0673268735408783,2.0038040619770494,0.05767582628026224,0.2255871810759862,3.911295175552368,,,0.0,0.0,,12.468495118999272,,
external_psm,feature_12,feature_12::origin=0,0,2000-04-01 01:00:00,deepar,1,2906721711,False,samples,0.005571361631155014,0.006402068771421909,0.03386862948536873,0.9855640872825463,0.02618602728480412,0.10242128218593703,3.911295175552368,,,0.0,0.0,,12.151318657997763,,
external_psm,feature_12,feature_12::origin=0,0,2000-04-01 01:00:00,deepar,2,1263445780,False,samples,0.009420037269592285,0.010122853331267834,0.05631622299551964,1.6663880480952713,0.046360846122563304,0.18133095377370756,3.911295175552368,,,0.0,0.0,,12.005743581998104,,
external_psm,feature_12,feature_12::origin=1,1,2000-03-31 01:00:00,chronos_t5_tiny,0,3547831093,False,chronos_samples,0.0022251736372709274,0.0027185524813830853,0.013566683046519756,0.3916509951048994,0.010403534978416083,0.041239887839498196,3.96402645111084,,,0.0,0.0,,1.1498104860002059,,
external_psm,feature_12,feature_12::origin=1,1,2000-03-31 01:00:00,chronos_t5_tiny,1,1823859674,False,chronos_samples,0.0022748534101992846,0.0026208057533949614,0.013852340169250965,0.40039509137589413,0.010649451273344587,0.04221470653735396,3.96402645111084,,,0.0,0.0,,1.1088809100001527,,
external_psm,feature_12,feature_12::origin=1,1,2000-03-31 01:00:00,chronos_t5_tiny,2,4282772845,False,chronos_samples,0.0023661900777369738,0.002779294503852725,0.014475040137767792,0.4164711836554046,0.011036719081557528,0.04374984637277378,3.96402645111084,,,0.0,0.0,,1.0871716090005066,,
external_psm,feature_12,feature_12::origin=1,1,2000-03-31 01:00:00,timesfm_2_5_200m,0,999268831,False,timesfm_quantiles,0.002875586273148656,0.0033810194581747055,0.017633233219385147,0.5061295921022705,0.012904255197955843,0.05115280893658151,3.96402645111084,,,0.0,0.0,,0.4384401210008946,,
external_psm,feature_12,feature_12::origin=1,1,2000-03-31 01:00:00,moirai_2_0_small,0,1139415990,False,moirai_quantiles_no_mean,0.004464785102754831,0.0051736910827457905,0.02733016200363636,0.7858431805654876,0.018935567206994252,0.07506108927531223,3.96402645111084,,,0.0,0.0,,0.01765585500106681,,
external_psm,feature_12,feature_12::origin=1,1,2000-03-31 01:00:00,seasonal_naive,0,2663631068,False,degenerate,0.0029032255988568068,0.0035108020529150963,0.017769871279597282,0.5109943672534367,0.017577433858894986,0.06967741275931101,3.96402645111084,,,0.0,0.0,"{""wql_distribution"": ""Repeated point forecasts form a degenerate distribution; calibration is not measured.""}",0.0007829719979781657,,
external_psm,feature_12,feature_12::origin=1,1,2000-03-31 01:00:00,arima_2_1_2,0,234149942,False,gaussian,0.005316050257533789,0.0064065055921673775,0.03242374584078789,0.9356736654242797,0.027149757918947987,0.1076223585319658,3.96402645111084,,,0.0,0.0,,0.05992271699869889,,
external_psm,feature_12,feature_12::origin=1,1,2000-03-31 01:00:00,auto_arima,0,2127743430,False,gaussian,0.004370369482785463,0.00563162611797452,0.026303008198738098,0.7692251643823547,0.02179599569367435,0.08639990345802308,3.96402645111084,,,0.0,0.0,,0.9228713439988496,,
external_psm,feature_12,feature_12::origin=1,1,2000-03-31 01:00:00,prophet,0,868131494,False,samples,0.0072756074368953705,0.008026990108191967,0.04542071744799614,1.2805737246408586,0.03429549509649935,0.13594824971646555,3.96402645111084,,,0.0,0.0,,0.12585579199731,,
external_psm,feature_12,feature_12::origin=1,1,2000-03-31 01:00:00,prophet,1,1831739495,False,samples,0.007261564489454031,0.007997049018740654,0.04529823735356331,1.2781020369273768,0.034222326268899914,0.13565820654846458,3.96402645111084,,,0.0,0.0,,0.12020843500067713,,
external_psm,feature_12,feature_12::origin=1,1,2000-03-31 01:00:00,prophet,2,1880458905,False,samples,0.007327968720346689,0.008085012435913086,0.045719876885414124,1.2897897913896226,0.03437200158010368,0.13625152344115457,3.96402645111084,,,0.0,0.0,,0.135678080998332,,
external_psm,feature_12,feature_12::origin=1,1,2000-03-31 01:00:00,deepar,0,3527939251,False,samples,0.009036206640303135,0.009859283454716206,0.05595703050494194,1.59045535295335,0.045261613784281306,0.1794182342608541,3.96402645111084,,,0.0,0.0,,11.804039401002228,,
external_psm,feature_12,feature_12::origin=1,1,2000-03-31 01:00:00,deepar,1,2840123300,False,samples,0.0036015871446579695,0.00434260256588459,0.021854450926184654,0.6339124127375066,0.016996855631861905,0.06737598531041283,3.96402645111084,,,0.0,0.0,,11.900222816999303,,
external_psm,feature_12,feature_12::origin=1,1,2000-03-31 01:00:00,deepar,2,1379325527,False,samples,0.003561611520126462,0.004380072467029095,0.021450327709317207,0.6268763357026795,0.01638448239360774,0.06494852159602092,3.96402645111084,,,0.0,0.0,,12.912453695000295,,
external_psm,feature_12,feature_12::origin=2,2,2000-03-30 01:00:00,chronos_t5_tiny,0,3206788421,False,chronos_samples,0.0034095607697963715,0.004119698889553547,0.020676596090197563,0.5994049973120011,0.015580739321517075,0.06098016132076313,3.9138169288635254,,,0.0,0.0,,1.2354937030031579,,
external_psm,feature_12,feature_12::origin=2,2,2000-03-30 01:00:00,chronos_t5_tiny,1,23191587,False,chronos_samples,0.0030914638191461563,0.0037775493692606688,0.01878041960299015,0.543483160241816,0.014950792529195437,0.058514664900691425,3.9138169288635254,,,0.0,0.0,,1.0895143110028584,,
external_psm,feature_12,feature_12::origin=2,2,2000-03-30 01:00:00,chronos_t5_tiny,2,188792800,False,chronos_samples,0.0033504206221550703,0.004171167500317097,0.020323101431131363,0.5890080862635195,0.016601962654544312,0.06497704248971556,3.9138169288635254,,,0.0,0.0,,1.0879193719993054,,
external_psm,feature_12,feature_12::origin=2,2,2000-03-30 01:00:00,timesfm_2_5_200m,0,1363734243,False,timesfm_quantiles,0.0027158937882632017,0.003596598282456398,0.016395745798945427,0.4774574846339545,0.013877209559054358,0.05431285769761369,3.9138169288635254,,,0.0,0.0,,0.49250677000236465,,
external_psm,feature_12,feature_12::origin=2,2,2000-03-30 01:00:00,moirai_2_0_small,0,1692929675,False,moirai_quantiles_no_mean,0.002491176826879382,0.0031716155353933573,0.01512963604182005,0.4379519650880237,0.012887305297593294,0.050438553641153225,3.9138169288635254,,,0.0,0.0,,0.02030980700146756,,
external_psm,feature_12,feature_12::origin=2,2,2000-03-30 01:00:00,seasonal_naive,0,1661781573,False,degenerate,0.004447608720511198,0.005329851992428303,0.026964716613292694,0.7818951100032934,0.027273274935877535,0.10674260514958678,3.9138169288635254,,,0.0,0.0,"{""wql_distribution"": ""Repeated point forecasts form a degenerate distribution; calibration is not measured.""}",0.0005785370012745261,,
external_psm,feature_12,feature_12::origin=2,2,2000-03-30 01:00:00,arima_2_1_2,0,1324235292,False,gaussian,0.004438508301973343,0.00502769136801362,0.027239695191383362,0.7802952451768492,0.020220098849367887,0.07913776517994993,3.9138169288635254,,,0.0,0.0,,0.1474374600002193,,
external_psm,feature_12,feature_12::origin=2,2,2000-03-30 01:00:00,auto_arima,0,2167625225,False,gaussian,0.005994187202304602,0.008180678822100163,0.036377277225255966,1.0537855185668394,0.030070417362971908,0.11769010853319115,3.9138169288635254,,,0.0,0.0,,1.1539142089968664,,
external_psm,feature_12,feature_12::origin=2,2,2000-03-30 01:00:00,prophet,0,2421212648,False,samples,0.0025439325254410505,0.0030790078453719616,0.015609518624842167,0.44722648209756743,0.012111400055609189,0.047401802569881885,3.9138169288635254,,,0.0,0.0,,0.10081228900162387,,
external_psm,feature_12,feature_12::origin=2,2,2000-03-30 01:00:00,prophet,1,720823731,False,samples,0.002372315851971507,0.0030030785128474236,0.014568314887583256,0.4170560587952575,0.0119791802227091,0.04688431834954601,3.9138169288635254,,,0.0,0.0,,0.11008115199729218,,
external_psm,feature_12,feature_12::origin=2,2,2000-03-30 01:00:00,prophet,2,4089220818,False,samples,0.0024363305419683456,0.003033570945262909,0.014925126917660236,0.42830992041444055,0.011996730957460837,0.04695300871233135,3.9138169288635254,,,0.0,0.0,,0.10280838399921777,,
external_psm,feature_12,feature_12::origin=2,2,2000-03-30 01:00:00,deepar,0,4031683278,False,samples,0.009731621481478214,0.010406448505818844,0.058077726513147354,1.7108310840563887,0.04804891815566846,0.1880546692912332,3.9138169288635254,,,0.0,0.0,,13.107231756999681,,
external_psm,feature_12,feature_12::origin=2,2,2000-03-30 01:00:00,deepar,1,3177577199,False,samples,0.011161166243255138,0.011863009072840214,0.06648724526166916,1.9621468199954368,0.057677403546255744,0.22573879841222885,3.9138169288635254,,,0.0,0.0,,11.848366689999239,,
external_psm,feature_12,feature_12::origin=2,2,2000-03-30 01:00:00,deepar,2,81147727,False,samples,0.012312103062868118,0.013005129061639309,0.07285714894533157,2.1644829353618755,0.06390882369470245,0.25012743608008087,3.9138169288635254,,,0.0,0.0,,11.855188458001066,,
external_psm,feature_18,feature_18::origin=0,0,2000-04-01 01:00:00,chronos_t5_tiny,0,2056580795,False,chronos_samples,0.011571955867111683,0.014178285375237465,0.026845162734389305,0.23662468831026573,0.01939760788843363,0.20204963464564007,10.416213989257812,,,0.0,0.0,,1.2478212570022151,,
external_psm,feature_18,feature_18::origin=0,0,2000-04-01 01:00:00,chronos_t5_tiny,1,1363699659,False,chronos_samples,0.011606461368501186,0.014183982275426388,0.02693418227136135,0.2373302607826328,0.020496246220829364,0.2134932866126754,10.416213989257812,,,0.0,0.0,,1.1159521209992818,,
external_psm,feature_18,feature_18::origin=0,0,2000-04-01 01:00:00,chronos_t5_tiny,2,189951315,False,chronos_samples,0.011503131128847599,0.013615096919238567,0.026705995202064514,0.23521735212381695,0.01985531955470517,0.2068172573069042,10.416213989257812,,,0.0,0.0,,1.0682868370022334,,
external_psm,feature_18,feature_18::origin=0,0,2000-04-01 01:00:00,timesfm_2_5_200m,0,468889594,False,timesfm_quantiles,0.010962627828121185,0.013320798054337502,0.025609977543354034,0.22416507828750304,0.021588056666304405,0.2248658178484503,10.416213989257812,,,0.0,0.0,,0.4520219059995725,,
external_psm,feature_18,feature_18::origin=0,0,2000-04-01 01:00:00,moirai_2_0_small,0,3581286774,False,moirai_quantiles_no_mean,0.01554360706359148,0.018374953418970108,0.036342278122901917,0.31783747007649055,0.028056916206930696,0.29224684309006577,10.416213989257812,,,0.0,0.0,,0.028168785000161733,,
external_psm,feature_18,feature_18::origin=0,0,2000-04-01 01:00:00,seasonal_naive,0,1687592609,False,degenerate,0.019834326580166817,0.022845884785056114,0.04642035439610481,0.405574597654201,0.04570027608065071,0.4760238550242182,10.416213989257812,,,0.0,0.0,"{""wql_distribution"": ""Repeated point forecasts form a degenerate distribution; calibration is not measured.""}",0.0006880729997646995,,
external_psm,feature_18,feature_18::origin=0,0,2000-04-01 01:00:00,arima_2_1_2,0,2110628589,False,gaussian,0.020542742684483528,0.022997135296463966,0.047456298023462296,0.42006037186582995,0.06472936348235582,0.6742349014206686,10.416213989257812,,,0.0,0.0,,0.14175828799852752,,
external_psm,feature_18,feature_18::origin=0,0,2000-04-01 01:00:00,auto_arima,0,1039247144,False,gaussian,0.028932152315974236,0.03949793800711632,0.06564734131097794,0.591607987666936,0.0659128281911277,0.6865621230759711,10.416213989257812,,,0.0,0.0,,0.7503730629978236,,
external_psm,feature_18,feature_18::origin=0,0,2000-04-01 01:00:00,prophet,0,4138090791,False,samples,0.09100118279457092,0.09394358843564987,0.2393215149641037,1.8608026820971144,0.16678179968499957,1.7372349150324866,10.416213989257812,,,0.0,0.0,,0.09132570200017653,,
external_psm,feature_18,feature_18::origin=0,0,2000-04-01 01:00:00,prophet,1,1319273552,False,samples,0.09132262319326401,0.09384492039680481,0.23978351056575775,1.8673755324453645,0.16333828558420058,1.7013665352835379,10.416213989257812,,,0.0,0.0,,0.09499928800141788,,
external_psm,feature_18,feature_18::origin=0,0,2000-04-01 01:00:00,prophet,2,819065165,False,samples,0.09125671535730362,0.09384351223707199,0.23964029550552368,1.8660278414136648,0.16582367650778554,1.7272548989905578,10.416213989257812,,,0.0,0.0,,0.09261824200075353,,
external_psm,feature_18,feature_18::origin=0,0,2000-04-01 01:00:00,deepar,0,3307502772,False,samples,0.04521382972598076,0.04861579090356827,0.09818794578313828,0.9245376053178798,0.08742014104612779,0.9105868961075674,10.416213989257812,,,0.0,0.0,,12.212119048002933,,
external_psm,feature_18,feature_18::origin=0,0,2000-04-01 01:00:00,deepar,1,2777456540,False,samples,0.013255414552986622,0.015718596056103706,0.029982177540659904,0.2710482456935513,0.022914180771725117,0.23867901030682553,10.416213989257812,,,0.0,0.0,,11.840807225999015,,
external_psm,feature_18,feature_18::origin=0,0,2000-04-01 01:00:00,deepar,2,2019141492,False,samples,0.017642062157392502,0.022740591317415237,0.03938233479857445,0.36074692187581653,0.03279970360232404,0.3416487315060375,10.416213989257812,,,0.0,0.0,,12.285440253999695,,
external_psm,feature_18,feature_18::origin=1,1,2000-03-31 01:00:00,chronos_t5_tiny,0,3765904874,False,chronos_samples,0.013732846826314926,0.01804875023663044,0.03186999633908272,0.28260248776276675,0.025723342898464212,0.25655139889882755,9.973485946655273,,,0.0,0.0,,1.1215066069999011,,
external_psm,feature_18,feature_18::origin=1,1,2000-03-31 01:00:00,chronos_t5_tiny,1,438887210,False,chronos_samples,0.01365182176232338,0.0181139949709177,0.03169542923569679,0.2809351069971653,0.02541788045468123,0.253504873508527,9.973485946655273,,,0.0,0.0,,1.102485422998143,,
external_psm,feature_18,feature_18::origin=1,1,2000-03-31 01:00:00,chronos_t5_tiny,2,1913115415,False,chronos_samples,0.012215626426041126,0.016060881316661835,0.028447911143302917,0.2513802462985872,0.02274030941258076,0.22680015634896686,9.973485946655273,,,0.0,0.0,,1.0829869389999658,,
external_psm,feature_18,feature_18::origin=1,1,2000-03-31 01:00:00,timesfm_2_5_200m,0,412958809,False,timesfm_quantiles,0.010584388859570026,0.015655171126127243,0.02472112514078617,0.21781169345246787,0.021337542857362887,0.21280968382406337,9.973485946655273,,,0.0,0.0,,0.41724991699811653,,
external_psm,feature_18,feature_18::origin=1,1,2000-03-31 01:00:00,moirai_2_0_small,0,722000019,False,moirai_quantiles_no_mean,0.007915198802947998,0.011975805275142193,0.018751511350274086,0.16288355219718237,0.017838805048405623,0.17791507145539662,9.973485946655273,,,0.0,0.0,,0.018913178002549103,,
external_psm,feature_18,feature_18::origin=1,1,2000-03-31 01:00:00,seasonal_naive,0,1198037585,False,degenerate,0.012382455170154572,0.01656395010650158,0.028868703171610832,0.25481334496436825,0.029796895955836695,0.2971789230694866,9.973485946655273,,,0.0,0.0,"{""wql_distribution"": ""Repeated point forecasts form a degenerate distribution; calibration is not measured.""}",0.00046602700240327977,,
external_psm,feature_18,feature_18::origin=1,1,2000-03-31 01:00:00,arima_2_1_2,0,1403133482,False,gaussian,0.029728760942816734,0.03518640249967575,0.07313784211874008,0.6117756869206283,0.07620316876152086,0.7600112327336285,9.973485946655273,,,0.0,0.0,,0.15261184700284502,,
external_psm,feature_18,feature_18::origin=1,1,2000-03-31 01:00:00,auto_arima,0,1423377447,False,gaussian,0.02774178422987461,0.030881116166710854,0.06632275134325027,0.57088652757108,0.06408076320524805,0.6391085912784857,9.973485946655273,,,0.0,0.0,,0.842755675999797,,
external_psm,feature_18,feature_18::origin=1,1,2000-03-31 01:00:00,prophet,0,3478445267,False,samples,0.14723007380962372,0.1516122668981552,0.44374266266822815,3.0297858600131504,0.31238396636689447,3.1155570985206555,9.973485946655273,,,0.0,0.0,,0.10871554599725641,,
external_psm,feature_18,feature_18::origin=1,1,2000-03-31 01:00:00,prophet,1,2467835751,False,samples,0.147662952542305,0.15216919779777527,0.44586703181266785,3.0386938896666167,0.31480790110837786,3.1397321776004494,9.973485946655273,,,0.0,0.0,,0.10039574699840159,,
external_psm,feature_18,feature_18::origin=1,1,2000-03-31 01:00:00,prophet,2,3711280925,False,samples,0.1485406756401062,0.15295302867889404,0.44883373379707336,3.0567561846985654,0.31579488581001963,3.149575855651838,9.973485946655273,,,0.0,0.0,,0.10241964099986944,,
external_psm,feature_18,feature_18::origin=1,1,2000-03-31 01:00:00,deepar,0,3321474242,False,samples,0.014463690109550953,0.016939954832196236,0.03428786247968674,0.2976422047726034,0.02637890989253204,0.2630896871012541,9.973485946655273,,,0.0,0.0,,12.029714617001446,,
external_psm,feature_18,feature_18::origin=1,1,2000-03-31 01:00:00,deepar,1,1674604666,False,samples,0.03273175656795502,0.03469111770391464,0.07586194574832916,0.6735730727895648,0.06314771753210252,0.6298028733697814,9.973485946655273,,,0.0,0.0,,12.22817803900034,,
external_psm,feature_18,feature_18::origin=1,1,2000-03-31 01:00:00,deepar,2,3873364072,False,samples,0.055432673543691635,0.05980589985847473,0.14516228437423706,1.1407257100378085,0.11552991929909122,1.152236026547704,9.973485946655273,,,0.0,0.0,,12.483749391998572,,
external_psm,feature_18,feature_18::origin=2,2,2000-03-30 01:00:00,chronos_t5_tiny,0,3320477253,False,chronos_samples,0.01146658230572939,0.012496099807322025,0.027476772665977478,0.23626719316205883,0.01954183535690596,0.1988904726332372,10.1776762008667,,,0.0,0.0,,1.2588471950002713,,
external_psm,feature_18,feature_18::origin=2,2,2000-03-30 01:00:00,chronos_t5_tiny,1,3758801059,False,chronos_samples,0.010575596243143082,0.011785872280597687,0.025291671976447105,0.21790856017613436,0.017886979580792047,0.1820478863848158,10.1776762008667,,,0.0,0.0,,1.1234517920020153,,
external_psm,feature_18,feature_18::origin=2,2,2000-03-30 01:00:00,chronos_t5_tiny,2,1446880602,False,chronos_samples,0.01081859041005373,0.01206193957477808,0.0258634090423584,0.22291541821281766,0.018298285119582276,0.1862340209782458,10.1776762008667,,,0.0,0.0,,1.0557666960012284,,
external_psm,feature_18,feature_18::origin=2,2,2000-03-30 01:00:00,timesfm_2_5_200m,0,1894372981,False,timesfm_quantiles,0.01947619765996933,0.02304997481405735,0.04836098477244377,0.40130410543437905,0.035945797941507096,0.36584469223043997,10.1776762008667,,,0.0,0.0,,0.4688368700008141,,
external_psm,feature_18,feature_18::origin=2,2,2000-03-30 01:00:00,moirai_2_0_small,0,2652618756,False,moirai_quantiles_no_mean,0.013542025350034237,0.016086377203464508,0.03307658061385155,0.27903138301142766,0.025583355934220373,0.2603791128300165,10.1776762008667,,,0.0,0.0,,0.012088371000572806,,
external_psm,feature_18,feature_18::origin=2,2,2000-03-30 01:00:00,seasonal_naive,0,3109955201,False,degenerate,0.012403938919305801,0.014075996354222298,0.029910415410995483,0.25558128433384014,0.02924975498529008,0.29769453519496897,10.1776762008667,,,0.0,0.0,"{""wql_distribution"": ""Repeated point forecasts form a degenerate distribution; calibration is not measured.""}",0.0005206069981795736,,
external_psm,feature_18,feature_18::origin=2,2,2000-03-30 01:00:00,arima_2_1_2,0,175635339,False,gaussian,0.050642210990190506,0.05727875605225563,0.1249198392033577,1.0434750937247104,0.09663970598578989,0.9835676356703288,10.1776762008667,,,0.0,0.0,,0.12226909799937857,,
external_psm,feature_18,feature_18::origin=2,2,2000-03-30 01:00:00,auto_arima,0,3442446093,False,gaussian,0.037671517580747604,0.04025109484791756,0.08973326534032822,0.7762159188890264,0.07245857943994666,0.7374599595145542,10.1776762008667,,,0.0,0.0,,0.9196621650007728,,
external_psm,feature_18,feature_18::origin=2,2,2000-03-30 01:00:00,prophet,0,170595874,False,samples,0.07212125509977341,0.08853814005851746,0.20308522880077362,1.4860475471609478,0.1413773625580445,1.4388930182483124,10.1776762008667,,,0.0,0.0,,0.11544896200211952,,
external_psm,feature_18,feature_18::origin=2,2,2000-03-30 01:00:00,prophet,1,461768321,False,samples,0.07296454906463623,0.09017515182495117,0.20654107630252838,1.5034234916905649,0.14378260832571582,1.463372830855176,10.1776762008667,,,0.0,0.0,,0.11199123899859842,,
external_psm,feature_18,feature_18::origin=2,2,2000-03-30 01:00:00,prophet,2,2801023894,False,samples,0.07259688526391983,0.09049239009618759,0.20619706809520721,1.495847834715674,0.14287178763621433,1.4541027928003798,10.1776762008667,,,0.0,0.0,,0.09778326800005743,,
external_psm,feature_18,feature_18::origin=2,2,2000-03-30 01:00:00,deepar,0,2616918590,False,samples,0.043254557996988297,0.048369236290454865,0.0955667793750763,0.891253621779488,0.08201689079832833,0.8347413575472292,10.1776762008667,,,0.0,0.0,,12.343564986000274,,
external_psm,feature_18,feature_18::origin=2,2,2000-03-30 01:00:00,deepar,1,2842629614,False,samples,0.014867018908262253,0.017891662195324898,0.03483768180012703,0.306332674766332,0.02657825868750712,0.27050491090431983,10.1776762008667,,,0.0,0.0,,11.94773010499921,,
external_psm,feature_18,feature_18::origin=2,2,2000-03-30 01:00:00,deepar,2,2504448766,False,samples,0.04618008807301521,0.052938830107450485,0.10398463159799576,0.9515337262731082,0.0884688863871511,0.9004076794996876,10.1776762008667,,,0.0,0.0,,11.506426207000914,,
external_psm,feature_24,feature_24::origin=0,0,2000-04-01 01:00:00,chronos_t5_tiny,0,1654514316,False,chronos_samples,0.03754520043730736,0.05234549567103386,0.18216174840927124,1.21221604575322,0.13789593728194938,0.7516916933240382,5.4511518478393555,,,0.0,0.0,,1.0867791599994234,,
external_psm,feature_24,feature_24::origin=0,0,2000-04-01 01:00:00,chronos_t5_tiny,1,2873827143,False,chronos_samples,0.039158474653959274,0.05254731699824333,0.1882116049528122,1.2643035794152366,0.1424730926528594,0.7766424622820222,5.4511518478393555,,,0.0,0.0,,1.1209547530015698,,
external_psm,feature_24,feature_24::origin=0,0,2000-04-01 01:00:00,chronos_t5_tiny,2,3312309370,False,chronos_samples,0.04199923202395439,0.056220829486846924,0.1987096518278122,1.3560226706942913,0.1541197530777799,0.840130176778485,5.4511518478393555,,,0.0,0.0,,1.059255216998281,,
external_psm,feature_24,feature_24::origin=0,0,2000-04-01 01:00:00,timesfm_2_5_200m,0,2724195875,False,timesfm_quantiles,0.040074460208415985,0.055390480905771255,0.19176101684570312,1.2938778625155407,0.14181930389051675,0.7730785604620815,5.4511518478393555,,,0.0,0.0,,0.4584040580011788,,
external_psm,feature_24,feature_24::origin=0,0,2000-04-01 01:00:00,moirai_2_0_small,0,3057226142,False,moirai_quantiles_no_mean,0.04116082191467285,0.055355388671159744,0.19548296928405762,1.328953053924237,0.14436914422764616,0.7869781273275197,5.4511518478393555,,,0.0,0.0,,0.014485818999673938,,
external_psm,feature_24,feature_24::origin=0,0,2000-04-01 01:00:00,seasonal_naive,0,4236084533,False,degenerate,0.04246031865477562,0.06460025161504745,0.19798070192337036,1.3709097030140973,0.18694171189906192,1.0190476582568238,5.4511518478393555,,,0.0,0.0,"{""wql_distribution"": ""Repeated point forecasts form a degenerate distribution; calibration is not measured.""}",0.000528633998328587,,
external_psm,feature_24,feature_24::origin=0,0,2000-04-01 01:00:00,arima_2_1_2,0,2221140129,False,gaussian,0.04218621924519539,0.06302482634782791,0.1990625113248825,1.3620598980175982,0.1550389210774065,0.8451407011181244,5.4511518478393555,,,0.0,0.0,,0.03238558399971225,,
external_psm,feature_24,feature_24::origin=0,0,2000-04-01 01:00:00,auto_arima,0,1398982318,False,gaussian,0.03704014793038368,0.05343405902385712,0.1812286227941513,1.195909494031301,0.1369995004403108,0.746805079978269,5.4511518478393555,,,0.0,0.0,,0.8746252009987074,,
external_psm,feature_24,feature_24::origin=0,0,2000-04-01 01:00:00,prophet,0,4215564291,False,samples,0.03838600590825081,0.04795406758785248,0.18829400837421417,1.239363001192615,0.1345089333468723,0.7332286205647036,5.4511518478393555,,,0.0,0.0,,0.09468028199989931,,
external_psm,feature_24,feature_24::origin=0,0,2000-04-01 01:00:00,prophet,1,1063209303,False,samples,0.03862246870994568,0.04768474027514458,0.18961350619792938,1.2469976388853057,0.13599957684347405,0.7413543446156741,5.4511518478393555,,,0.0,0.0,,0.10151779800071381,,
external_psm,feature_24,feature_24::origin=0,0,2000-04-01 01:00:00,prophet,2,3503161816,False,samples,0.03916731849312782,0.04827829822897911,0.1915215253829956,1.2645891190746688,0.13665795521123666,0.7449432650716806,5.4511518478393555,,,0.0,0.0,,0.086531044998992,,
external_psm,feature_24,feature_24::origin=0,0,2000-04-01 01:00:00,deepar,0,3963539906,False,samples,0.06054893508553505,0.07399552315473557,0.2633727490901947,1.9549340477357602,0.2369397072863987,1.2915943232007683,5.4511518478393555,,,0.0,0.0,,11.924223930000153,,
external_psm,feature_24,feature_24::origin=0,0,2000-04-01 01:00:00,deepar,1,502361274,False,samples,0.07285004109144211,0.08790134638547897,0.3044700622558594,2.352097943711521,0.28401647131212154,1.5482169124098848,5.4511518478393555,,,0.0,0.0,,12.763917943997512,,
external_psm,feature_24,feature_24::origin=0,0,2000-04-01 01:00:00,deepar,2,1948679074,False,samples,0.048576999455690384,0.06539425998926163,0.22293978929519653,1.5683980244841238,0.18384419440432806,1.0021626200416907,5.4511518478393555,,,0.0,0.0,,12.490803816999687,,
external_psm,feature_24,feature_24::origin=1,1,2000-03-31 01:00:00,chronos_t5_tiny,0,507939595,False,chronos_samples,0.024187317118048668,0.03166048601269722,0.09325835108757019,0.7786174805180244,0.07353169167966882,0.46536184521517043,6.3287248611450195,,,0.0,0.0,,1.1820236099993053,,
external_psm,feature_24,feature_24::origin=1,1,2000-03-31 01:00:00,chronos_t5_tiny,1,3808103839,False,chronos_samples,0.025022907182574272,0.031311098486185074,0.09616553783416748,0.8055160831043086,0.07155178340992942,0.4528315505256841,6.3287248611450195,,,0.0,0.0,,1.1529456110001775,,
external_psm,feature_24,feature_24::origin=1,1,2000-03-31 01:00:00,chronos_t5_tiny,2,4123217011,False,chronos_samples,0.023217203095555305,0.03039693832397461,0.0888235867023468,0.7473883974278066,0.07082862095362072,0.4482548543097965,6.3287248611450195,,,0.0,0.0,,1.100067860999843,,
external_psm,feature_24,feature_24::origin=1,1,2000-03-31 01:00:00,timesfm_2_5_200m,0,2537479434,False,timesfm_quantiles,0.029644295573234558,0.03914613276720047,0.1167881116271019,0.9542838760624658,0.08956598693143272,0.5668384882059482,6.3287248611450195,,,0.0,0.0,,0.4758831979997922,,
external_psm,feature_24,feature_24::origin=1,1,2000-03-31 01:00:00,moirai_2_0_small,0,1797725950,False,moirai_quantiles_no_mean,0.0315399207174778,0.04112229123711586,0.12567804753780365,1.015306223709114,0.09588941550838528,0.6068577278485827,6.3287248611450195,,,0.0,0.0,,0.011582317998545477,,
external_psm,feature_24,feature_24::origin=1,1,2000-03-31 01:00:00,seasonal_naive,0,2544864904,False,degenerate,0.028030594810843468,0.03598489239811897,0.11193298548460007,0.9023369976306536,0.10629855035864848,0.6727342783584545,6.3287248611450195,,,0.0,0.0,"{""wql_distribution"": ""Repeated point forecasts form a degenerate distribution; calibration is not measured.""}",0.0005940549999650102,,
external_psm,feature_24,feature_24::origin=1,1,2000-03-31 01:00:00,arima_2_1_2,0,3512954441,False,gaussian,0.03569742664694786,0.04469276964664459,0.1406586915254593,1.1491411081753695,0.10439773772172749,0.660704558166794,6.3287248611450195,,,0.0,0.0,,0.23747481600003084,,
external_psm,feature_24,feature_24::origin=1,1,2000-03-31 01:00:00,auto_arima,0,1363588133,False,gaussian,0.029643027111887932,0.038756273686885834,0.11438807100057602,0.9542430428368119,0.08988638808483669,0.5688662189510354,6.3287248611450195,,,0.0,0.0,,0.9177860879972286,,
external_psm,feature_24,feature_24::origin=1,1,2000-03-31 01:00:00,prophet,0,682233639,False,samples,0.06200861930847168,0.07079974561929703,0.27052390575408936,1.9961285784910834,0.19551871262859497,1.2373841374316576,6.3287248611450195,,,0.0,0.0,,0.09339506900141714,,
external_psm,feature_24,feature_24::origin=1,1,2000-03-31 01:00:00,prophet,1,955418086,False,samples,0.06305752694606781,0.0714971199631691,0.2760410010814667,2.0298941184265478,0.19866519240825403,1.257297342238276,6.3287248611450195,,,0.0,0.0,,0.10257576500225696,,
external_psm,feature_24,feature_24::origin=1,1,2000-03-31 01:00:00,prophet,2,2492519090,False,samples,0.06311705708503723,0.07166513055562973,0.27614685893058777,2.0318104618801454,0.20018837252850155,1.2669371301332883,6.3287248611450195,,,0.0,0.0,,0.1002785259988741,,
external_psm,feature_24,feature_24::origin=1,1,2000-03-31 01:00:00,deepar,0,2040226735,False,samples,0.026277979835867882,0.031225809827446938,0.09716527909040451,0.8459183113632391,0.0778594664681829,0.4927511411126761,6.3287248611450195,,,0.0,0.0,,12.584498026000801,,
external_psm,feature_24,feature_24::origin=1,1,2000-03-31 01:00:00,deepar,1,2039385730,False,samples,0.05396314337849617,0.06313537061214447,0.18493437767028809,1.7371354802655898,0.1750542589669058,1.107870240773175,6.3287248611450195,,,0.0,0.0,,12.499463342999661,,
external_psm,feature_24,feature_24::origin=1,1,2000-03-31 01:00:00,deepar,2,757611570,False,samples,0.026593074202537537,0.03216978535056114,0.09740740060806274,0.8560615604348228,0.07891565882129917,0.49943549191599435,6.3287248611450195,,,0.0,0.0,,12.28146364299755,,
external_psm,feature_24,feature_24::origin=2,2,2000-03-30 01:00:00,chronos_t5_tiny,0,939584127,False,chronos_samples,0.024305909872055054,0.032794058322906494,0.10141221433877945,0.7835983742589926,0.08335951377092034,0.4789202715310259,5.745238304138184,,,0.0,0.0,,1.1718397959994036,,
external_psm,feature_24,feature_24::origin=2,2,2000-03-30 01:00:00,chronos_t5_tiny,1,553794829,False,chronos_samples,0.025860680267214775,0.03375014290213585,0.106791652739048,0.8337226263609018,0.08446805816705955,0.4852891232575626,5.745238304138184,,,0.0,0.0,,1.134641543001635,,
external_psm,feature_24,feature_24::origin=2,2,2000-03-30 01:00:00,chronos_t5_tiny,2,1795544325,False,chronos_samples,0.024632155895233154,0.03316489979624748,0.10217118263244629,0.7941162217584907,0.08519787972361874,0.48948212201949226,5.745238304138184,,,0.0,0.0,,1.1373620929989556,,
external_psm,feature_24,feature_24::origin=2,2,2000-03-30 01:00:00,timesfm_2_5_200m,0,3566134059,False,timesfm_quantiles,0.029269421473145485,0.03544269874691963,0.11777746677398682,0.9436170545595324,0.09523608572209939,0.547154007626793,5.745238304138184,,,0.0,0.0,,0.4591454010005691,,
external_psm,feature_24,feature_24::origin=2,2,2000-03-30 01:00:00,moirai_2_0_small,0,4007998854,False,moirai_quantiles_no_mean,0.025693640112876892,0.03151804953813553,0.10471835732460022,0.8283374178225608,0.08223613373054987,0.47246618549298525,5.745238304138184,,,0.0,0.0,,0.018880005001847167,,
external_psm,feature_24,feature_24::origin=2,2,2000-03-30 01:00:00,seasonal_naive,0,3489030865,False,degenerate,0.02845301665365696,0.03469870612025261,0.126169815659523,0.917296974683653,0.11885885216009455,0.6828724302160727,5.745238304138184,,,0.0,0.0,"{""wql_distribution"": ""Repeated point forecasts form a degenerate distribution; calibration is not measured.""}",0.0006660610015387647,,
external_psm,feature_24,feature_24::origin=2,2,2000-03-30 01:00:00,arima_2_1_2,0,3068956806,False,gaussian,0.021708348765969276,0.02743351459503174,0.09035859256982803,0.6998555861682907,0.10144954148468609,0.5828517916750742,5.745238304138184,,,0.0,0.0,,0.05162349700185587,,
external_psm,feature_24,feature_24::origin=2,2,2000-03-30 01:00:00,auto_arima,0,3190063406,False,gaussian,0.02365126460790634,0.029956432059407234,0.09873286634683609,0.7624932616586592,0.08138796997487031,0.4675932825956733,5.745238304138184,,,0.0,0.0,,0.7014727390014741,,
external_psm,feature_24,feature_24::origin=2,2,2000-03-30 01:00:00,prophet,0,3334477895,False,samples,0.033619869500398636,0.0492902547121048,0.15310831367969513,1.083871174623279,0.11861196079289403,0.6814539804762713,5.745238304138184,,,0.0,0.0,,0.08632250200025737,,
external_psm,feature_24,feature_24::origin=2,2,2000-03-30 01:00:00,prophet,1,1638779859,False,samples,0.033530812710523605,0.04959545657038689,0.15297456085681915,1.0810000722399433,0.1198921239884061,0.6888088231026751,5.745238304138184,,,0.0,0.0,,0.08977423499891302,,
external_psm,feature_24,feature_24::origin=2,2,2000-03-30 01:00:00,prophet,2,445237289,False,samples,0.03366054594516754,0.04907262697815895,0.1531396508216858,1.0851825427703399,0.11842827660624648,0.6803986710512793,5.745238304138184,,,0.0,0.0,,0.11343313999896054,,
external_psm,feature_24,feature_24::origin=2,2,2000-03-30 01:00:00,deepar,0,4065425332,False,samples,0.03218773379921913,0.038275714963674545,0.1299220472574234,1.0377005431567006,0.10684277014674419,0.6138371755673063,5.745238304138184,,,0.0,0.0,,12.092286872000841,,
external_psm,feature_24,feature_24::origin=2,2,2000-03-30 01:00:00,deepar,1,3609414425,False,samples,0.05494425818324089,0.06020144000649452,0.20863382518291473,1.7713482693669553,0.19555917452124605,1.1235340601851067,5.745238304138184,,,0.0,0.0,,12.255226342000242,,
external_psm,feature_24,feature_24::origin=2,2,2000-03-30 01:00:00,deepar,2,3358368249,False,samples,0.07377640157938004,0.07817638665437698,0.27160409092903137,2.3784778533531554,0.26042968211791195,1.4962305852383588,5.745238304138184,,,0.0,0.0,,12.296343684996828,,
official_elexon_demand,GB_NATIONAL_DEMAND,GB_NATIONAL_DEMAND::origin=0,0,2026-07-02 00:00:00,chronos_t5_tiny,0,1251761499,False,chronos_samples,25826.6875,33604.625,0.049767956137657166,0.6209972237662441,0.040429496139798564,635102.2650385434,15708884.0,,,0.0,0.0,,1.2831179789973248,,
official_elexon_demand,GB_NATIONAL_DEMAND,GB_NATIONAL_DEMAND::origin=0,0,2026-07-02 00:00:00,chronos_t5_tiny,1,3536113309,False,chronos_samples,26671.619140625,32749.9921875,0.05148126929998398,0.6413134258769632,0.04013886193653031,630536.72605297,15708884.0,,,0.0,0.0,,1.2564082719982252,,
official_elexon_demand,GB_NATIONAL_DEMAND,GB_NATIONAL_DEMAND::origin=0,0,2026-07-02 00:00:00,chronos_t5_tiny,2,236857033,False,chronos_samples,25127.064453125,33735.5390625,0.04865569993853569,0.6041749359760559,0.04095512158427544,643359.254173279,15708884.0,,,0.0,0.0,,1.3007946319994517,,
official_elexon_demand,GB_NATIONAL_DEMAND,GB_NATIONAL_DEMAND::origin=0,0,2026-07-02 00:00:00,timesfm_2_5_200m,0,3975048462,False,timesfm_quantiles,23932.6875,29110.044921875,0.04566640406847,0.575456395434571,0.03517292868987748,552527.4567295574,15708884.0,,,0.0,0.0,,0.488286796000466,,
official_elexon_demand,GB_NATIONAL_DEMAND,GB_NATIONAL_DEMAND::origin=0,0,2026-07-02 00:00:00,moirai_2_0_small,0,488327757,False,moirai_quantiles_no_mean,23268.548828125,28872.2578125,0.04443960636854172,0.5594873219159413,0.03508784449982286,551190.8790577552,15708884.0,,,0.0,0.0,,0.0162695260005421,,
official_elexon_demand,GB_NATIONAL_DEMAND,GB_NATIONAL_DEMAND::origin=0,0,2026-07-02 00:00:00,seasonal_naive,0,2908935860,False,degenerate,35602.0,49536.05078125,0.06511851400136948,0.8560425397382386,0.06799082581465224,1068059.9957865775,15708884.0,,,0.0,0.0,"{""wql_distribution"": ""Repeated point forecasts form a degenerate distribution; calibration is not measured.""}",0.0026055189991893712,,
official_elexon_demand,GB_NATIONAL_DEMAND,GB_NATIONAL_DEMAND::origin=0,0,2026-07-02 00:00:00,arima_2_1_2,0,635069939,False,gaussian,40220.3984375,50065.03515625,0.07718589901924133,0.9670909507252791,0.061706738998041646,969344.0049385125,15708884.0,,,0.0,0.0,,0.09056109099765308,,
official_elexon_demand,GB_NATIONAL_DEMAND,GB_NATIONAL_DEMAND::origin=0,0,2026-07-02 00:00:00,auto_arima,0,279190088,False,gaussian,40354.68359375,50284.6484375,0.07742985337972641,0.970319808828908,0.06207993686003526,975206.5268616182,15708884.0,,,0.0,0.0,,0.4635181609992287,,
official_elexon_demand,GB_NATIONAL_DEMAND,GB_NATIONAL_DEMAND::origin=0,0,2026-07-02 00:00:00,prophet,0,261946048,False,samples,64220.58203125,69411.84375,0.1291404366493225,1.5441702754198963,0.09525312330537979,1496320.2646419075,15708884.0,,,0.0,0.0,,0.08931466499780072,,
official_elexon_demand,GB_NATIONAL_DEMAND,GB_NATIONAL_DEMAND::origin=0,0,2026-07-02 00:00:00,prophet,1,3739380454,False,samples,64959.078125,70360.1640625,0.1308305859565735,1.5619272573782277,0.09609932458099316,1509613.14232117,15708884.0,,,0.0,0.0,,0.10912782100058394,,
official_elexon_demand,GB_NATIONAL_DEMAND,GB_NATIONAL_DEMAND::origin=0,0,2026-07-02 00:00:00,prophet,2,1324585262,False,samples,63326.41015625,68468.859375,0.12725089490413666,1.5226701023162081,0.09418947860298395,1479611.5933947568,15708884.0,,,0.0,0.0,,0.10070753499894636,,
official_elexon_demand,GB_NATIONAL_DEMAND,GB_NATIONAL_DEMAND::origin=0,0,2026-07-02 00:00:00,deepar,0,1235761228,False,samples,22360.07421875,28177.5078125,0.04280002787709236,0.5376432425974458,0.034038870899413626,534712.6744498643,15708884.0,,,0.0,0.0,,12.573706168001081,,
official_elexon_demand,GB_NATIONAL_DEMAND,GB_NATIONAL_DEMAND::origin=0,0,2026-07-02 00:00:00,deepar,1,2834167326,False,samples,45637.80078125,54950.99609375,0.08911805599927902,1.0973512411900743,0.07084774686935466,1112939.0372320556,15708884.0,,,0.0,0.0,,12.060444827002357,,
official_elexon_demand,GB_NATIONAL_DEMAND,GB_NATIONAL_DEMAND::origin=0,0,2026-07-02 00:00:00,deepar,2,429297729,False,samples,29092.28125,37667.19140625,0.05534549057483673,0.6995177329371705,0.04544343169236197,713865.5970172379,15708884.0,,,0.0,0.0,,11.752453429002344,,
official_elexon_demand,GB_NATIONAL_DEMAND,GB_NATIONAL_DEMAND::origin=1,1,2026-06-02 00:00:00,chronos_t5_tiny,0,2386658003,False,chronos_samples,26180.083984375,31761.15625,0.048674989491701126,0.6148843334028149,0.037555932196038824,606055.5133356111,16137411.0,,,0.0,0.0,,1.4092799610007205,,
official_elexon_demand,GB_NATIONAL_DEMAND,GB_NATIONAL_DEMAND::origin=1,1,2026-06-02 00:00:00,chronos_t5_tiny,1,3400724569,False,chronos_samples,27887.146484375,33805.53125,0.05179964378476143,0.654977634402762,0.04020890693563371,648867.6570810718,16137411.0,,,0.0,0.0,,1.3389355359977344,,
official_elexon_demand,GB_NATIONAL_DEMAND,GB_NATIONAL_DEMAND::origin=1,1,2026-06-02 00:00:00,chronos_t5_tiny,2,3659324643,False,chronos_samples,27542.56640625,33884.96875,0.0512734018266201,0.6468845781784873,0.04006729221692442,646582.3621616105,16137411.0,,,0.0,0.0,,1.2735373249997792,,
official_elexon_demand,GB_NATIONAL_DEMAND,GB_NATIONAL_DEMAND::origin=1,1,2026-06-02 00:00:00,timesfm_2_5_200m,0,1815645371,False,timesfm_quantiles,23366.552734375,29783.03515625,0.043641503900289536,0.5488037093606327,0.03389331225725208,546950.3100466146,16137411.0,,,0.0,0.0,,0.5099547750032798,,
official_elexon_demand,GB_NATIONAL_DEMAND,GB_NATIONAL_DEMAND::origin=1,1,2026-06-02 00:00:00,moirai_2_0_small,0,1207364783,False,moirai_quantiles_no_mean,24883.5,32436.955078125,0.04634017497301102,0.5844318268558913,0.03695487553865295,596356.015021089,16137411.0,,,0.0,0.0,,0.017241752000700217,,
official_elexon_demand,GB_NATIONAL_DEMAND,GB_NATIONAL_DEMAND::origin=1,1,2026-06-02 00:00:00,seasonal_naive,0,425014093,False,degenerate,31400.900390625,39764.76953125,0.05825929716229439,0.7375041927467133,0.058375349163385576,942027.0017180592,16137411.0,,,0.0,0.0,"{""wql_distribution"": ""Repeated point forecasts form a degenerate distribution; calibration is not measured.""}",0.0007925489990157075,,
official_elexon_demand,GB_NATIONAL_DEMAND,GB_NATIONAL_DEMAND::origin=1,1,2026-06-02 00:00:00,arima_2_1_2,0,2767038493,False,gaussian,39001.234375,47972.10546875,0.0731363520026207,0.9160111180266457,0.05648384805935032,911503.0709952886,16137411.0,,,0.0,0.0,,0.13115459899927373,,
official_elexon_demand,GB_NATIONAL_DEMAND,GB_NATIONAL_DEMAND::origin=1,1,2026-06-02 00:00:00,auto_arima,0,144266153,False,gaussian,39259.75,48196.8671875,0.07364728301763535,0.922082802435573,0.056459870610518076,911116.1370487511,16137411.0,,,0.0,0.0,,0.47734923499956494,,
official_elexon_demand,GB_NATIONAL_DEMAND,GB_NATIONAL_DEMAND::origin=1,1,2026-06-02 00:00:00,prophet,0,495197308,False,samples,77192.96875,88298.7890625,0.15361428260803223,1.8130097352459353,0.11973661698322152,1932239.000007826,16137411.0,,,0.0,0.0,,0.08223887699932675,,
official_elexon_demand,GB_NATIONAL_DEMAND,GB_NATIONAL_DEMAND::origin=1,1,2026-06-02 00:00:00,prophet,1,1047670403,False,samples,75978.015625,86062.6953125,0.15094663202762604,1.7844744699340611,0.11658038134065024,1881305.528230804,16137411.0,,,0.0,0.0,,0.07539912200081744,,
official_elexon_demand,GB_NATIONAL_DEMAND,GB_NATIONAL_DEMAND::origin=1,1,2026-06-02 00:00:00,prophet,2,1835719951,False,samples,75814.203125,86961.109375,0.15065892040729523,1.7806270514183045,0.11701185461843867,1888268.3898499932,16137411.0,,,0.0,0.0,,0.07540981399870361,,
official_elexon_demand,GB_NATIONAL_DEMAND,GB_NATIONAL_DEMAND::origin=1,1,2026-06-02 00:00:00,deepar,0,2504583014,False,samples,69074.1484375,78942.4140625,0.13541831076145172,1.6223252661339096,0.10939263718127262,1765313.946568078,16137411.0,,,0.0,0.0,,13.039309480998782,,
official_elexon_demand,GB_NATIONAL_DEMAND,GB_NATIONAL_DEMAND::origin=1,1,2026-06-02 00:00:00,deepar,1,4088511039,False,samples,33984.81640625,43343.53125,0.06341954320669174,0.7981919077970042,0.04988571164807626,805026.2318924939,16137411.0,,,0.0,0.0,,13.052319710997836,,
official_elexon_demand,GB_NATIONAL_DEMAND,GB_NATIONAL_DEMAND::origin=1,1,2026-06-02 00:00:00,deepar,2,1207045815,False,samples,46606.80078125,55791.42578125,0.08839548379182816,1.0946409357403308,0.06949275153830296,1121433.0930944772,16137411.0,,,0.0,0.0,,12.21742366900071,,
official_elexon_demand,GB_NATIONAL_DEMAND,GB_NATIONAL_DEMAND::origin=2,2,2026-05-03 00:00:00,chronos_t5_tiny,0,879771713,False,chronos_samples,36661.6484375,43466.96484375,0.06846404820680618,0.7970141506926395,0.050476083489265314,824485.1305521867,16334174.0,,,0.0,0.0,,1.3418540399979975,,
official_elexon_demand,GB_NATIONAL_DEMAND,GB_NATIONAL_DEMAND::origin=2,2,2026-05-03 00:00:00,chronos_t5_tiny,1,3477187363,False,chronos_samples,40285.20703125,46637.4375,0.0753055065870285,0.8757893176087186,0.05427178914435395,886484.8471751886,16334174.0,,,0.0,0.0,,1.3875969869986875,,
official_elexon_demand,GB_NATIONAL_DEMAND,GB_NATIONAL_DEMAND::origin=2,2,2026-05-03 00:00:00,chronos_t5_tiny,2,3417962233,False,chronos_samples,39812.56640625,46659.68359375,0.07449793815612793,0.8655142404539254,0.054769688803597644,894617.6268438158,16334174.0,,,0.0,0.0,,1.2949408300009964,,
official_elexon_demand,GB_NATIONAL_DEMAND,GB_NATIONAL_DEMAND::origin=2,2,2026-05-03 00:00:00,timesfm_2_5_200m,0,3278370873,False,timesfm_quantiles,29138.119140625,33874.421875,0.054273977875709534,0.633454693649062,0.04146000770816726,677214.9799465452,16334174.0,,,0.0,0.0,,0.5107829319968005,,
official_elexon_demand,GB_NATIONAL_DEMAND,GB_NATIONAL_DEMAND::origin=2,2,2026-05-03 00:00:00,moirai_2_0_small,0,1938132004,False,moirai_quantiles_no_mean,30886.005859375,36030.87109375,0.05709118768572807,0.6714532700367656,0.04217539737136904,688900.2791830846,16334174.0,,,0.0,0.0,,0.020600981999450596,,
official_elexon_demand,GB_NATIONAL_DEMAND,GB_NATIONAL_DEMAND::origin=2,2,2026-05-03 00:00:00,seasonal_naive,0,1658616409,False,degenerate,36549.5,43410.796875,0.06805116683244705,0.7945760745156245,0.06712827966487211,1096485.000366683,16334174.0,,,0.0,0.0,"{""wql_distribution"": ""Repeated point forecasts form a degenerate distribution; calibration is not measured.""}",0.000807897999038687,,
official_elexon_demand,GB_NATIONAL_DEMAND,GB_NATIONAL_DEMAND::origin=2,2,2026-05-03 00:00:00,arima_2_1_2,0,801664646,False,gaussian,42679.9921875,47521.6015625,0.07947102189064026,0.9278512880532229,0.058967636010905045,963187.6269707889,16334174.0,,,0.0,0.0,,0.24106809200020507,,
official_elexon_demand,GB_NATIONAL_DEMAND,GB_NATIONAL_DEMAND::origin=2,2,2026-05-03 00:00:00,auto_arima,0,3993405487,False,gaussian,42856.234375,47824.9765625,0.07980486005544662,0.9316827447217901,0.058457126864592715,954848.8817463318,16334174.0,,,0.0,0.0,,0.5464970440007164,,
official_elexon_demand,GB_NATIONAL_DEMAND,GB_NATIONAL_DEMAND::origin=2,2,2026-05-03 00:00:00,prophet,0,3555128214,False,samples,39571.56640625,45486.859375,0.07447122037410736,0.8602749667577527,0.052586066003404625,858949.9520750957,16334174.0,,,0.0,0.0,,0.07956491100048879,,
official_elexon_demand,GB_NATIONAL_DEMAND,GB_NATIONAL_DEMAND::origin=2,2,2026-05-03 00:00:00,prophet,1,139062566,False,samples,37033.171875,43087.96484375,0.06938337534666061,0.8050909680105044,0.05036352730060614,822646.618181851,16334174.0,,,0.0,0.0,,0.07562974199754535,,
official_elexon_demand,GB_NATIONAL_DEMAND,GB_NATIONAL_DEMAND::origin=2,2,2026-05-03 00:00:00,prophet,2,605758520,False,samples,39097.4609375,44947.6796875,0.07353319227695465,0.8499680443028418,0.05254431359180847,858267.9609191646,16334174.0,,,0.0,0.0,,0.07172950300082448,,
official_elexon_demand,GB_NATIONAL_DEMAND,GB_NATIONAL_DEMAND::origin=2,2,2026-05-03 00:00:00,deepar,0,921947891,False,samples,45654.2421875,51560.171875,0.08572554588317871,0.9925106647787074,0.06469128788684261,1056678.7526277795,16334174.0,,,0.0,0.0,,12.425172037001175,,
official_elexon_demand,GB_NATIONAL_DEMAND,GB_NATIONAL_DEMAND::origin=2,2,2026-05-03 00:00:00,deepar,1,3879847425,False,samples,29899.302734375,35228.64453125,0.05528206750750542,0.6500026155606496,0.04133937982590874,675244.6231284831,16334174.0,,,0.0,0.0,,12.283353703001922,,
official_elexon_demand,GB_NATIONAL_DEMAND,GB_NATIONAL_DEMAND::origin=2,2,2026-05-03 00:00:00,deepar,2,2332503597,False,samples,35629.29296875,41256.5625,0.0658140480518341,0.7745710268232538,0.05121621175709159,836574.5144611797,16334174.0,,,0.0,0.0,,12.233677424999769,,
official_usgs_streamflow,01646500,01646500::origin=0,0,2026-07-02 00:00:00,chronos_t5_tiny,0,95744707,False,chronos_samples,971.219482421875,1616.672607421875,0.2891350984573364,0.08383840755297726,0.27415429619684506,26362.67712228862,96160.0,,,0.0,0.0,,1.4660667400021339,,
official_usgs_streamflow,01646500,01646500::origin=0,0,2026-07-02 00:00:00,chronos_t5_tiny,1,547346567,False,chronos_samples,976.0755004882812,1588.80029296875,0.2920471131801605,0.08425759274139705,0.2610918703015136,25106.59424819355,96160.0,,,0.0,0.0,,1.3084152999981598,,
official_usgs_streamflow,01646500,01646500::origin=0,0,2026-07-02 00:00:00,chronos_t5_tiny,2,2546253694,False,chronos_samples,1080.3302001953125,1662.842041015625,0.3355913460254669,0.09325715273946827,0.28861167531140647,27752.898697944845,96160.0,,,0.0,0.0,,1.3766079919987533,,
official_usgs_streamflow,01646500,01646500::origin=0,0,2026-07-02 00:00:00,timesfm_2_5_200m,0,3365095385,False,timesfm_quantiles,932.0914306640625,1466.7803955078125,0.2762483060359955,0.08046076366362154,0.24393345125905472,23456.640673070702,96160.0,,,0.0,0.0,,0.4642154440007289,,
official_usgs_streamflow,01646500,01646500::origin=0,0,2026-07-02 00:00:00,moirai_2_0_small,0,3030401609,False,moirai_quantiles_no_mean,1074.2366943359375,1615.5421142578125,0.33407601714134216,0.09273114411123236,0.27684791322295677,26621.695335519522,96160.0,,,0.0,0.0,,0.023485755002184305,,
official_usgs_streamflow,01646500,01646500::origin=0,0,2026-07-02 00:00:00,seasonal_naive,0,4070753678,False,degenerate,6569.66650390625,7668.611328125,0.965572714805603,0.5671121593114676,2.049604815124114,197089.9990223348,96160.0,,,0.0,0.0,"{""wql_distribution"": ""Repeated point forecasts form a degenerate distribution; calibration is not measured.""}",0.0007727509982942138,,
official_usgs_streamflow,01646500,01646500::origin=0,0,2026-07-02 00:00:00,arima_2_1_2,0,180334044,False,gaussian,1478.12255859375,1640.962158203125,0.4128461182117462,0.12759571211608262,0.909325583655504,87440.74812431326,96160.0,,,0.0,0.0,,0.08273475800160668,,
official_usgs_streamflow,01646500,01646500::origin=0,0,2026-07-02 00:00:00,auto_arima,0,690133760,False,gaussian,4279.05615234375,4540.8212890625,0.8205344676971436,0.3693802071882633,1.0982285441976578,105605.65681004677,96160.0,,,0.0,0.0,,0.4370800210017478,,
official_usgs_streamflow,01646500,01646500::origin=0,0,2026-07-02 00:00:00,prophet,0,821240836,False,samples,6327.94775390625,6571.28125,1.009757399559021,0.5462463144200927,1.3342425639251454,128300.76494704197,96160.0,,,0.0,0.0,,0.09293510499992408,,
official_usgs_streamflow,01646500,01646500::origin=0,0,2026-07-02 00:00:00,prophet,1,1146826720,False,samples,6245.44677734375,6491.92626953125,1.0027889013290405,0.5391245972163587,1.3367496135590984,128541.8428398429,96160.0,,,0.0,0.0,,0.07326713399743312,,
official_usgs_streamflow,01646500,01646500::origin=0,0,2026-07-02 00:00:00,prophet,2,1145251104,False,samples,6211.08740234375,6501.86181640625,0.9979712963104248,0.5361585989670935,1.3224458421397718,127166.39218016044,96160.0,,,0.0,0.0,,0.07482535000235657,,
official_usgs_streamflow,01646500,01646500::origin=0,0,2026-07-02 00:00:00,deepar,0,2711037129,False,samples,2271.3203125,2710.525390625,0.8818359971046448,0.19606678149400528,0.649977426124147,62501.829296097974,96160.0,,,0.0,0.0,,12.119574885997281,,
official_usgs_streamflow,01646500,01646500::origin=0,0,2026-07-02 00:00:00,deepar,1,1633196513,False,samples,1637.7020263671875,2181.682373046875,0.5926294922828674,0.14137106227989366,0.4861511805277071,46748.297519544314,96160.0,,,0.0,0.0,,11.85651610199784,,
official_usgs_streamflow,01646500,01646500::origin=0,0,2026-07-02 00:00:00,deepar,2,906935276,False,samples,2454.49609375,2950.30859375,0.5162813067436218,0.21187903205139444,0.6033789768350654,58020.922412459884,96160.0,,,0.0,0.0,,11.993066525999893,,
official_usgs_streamflow,01646500,01646500::origin=1,1,2026-06-02 00:00:00,chronos_t5_tiny,0,1765856179,False,chronos_samples,5299.69091796875,5406.08349609375,0.859505295753479,0.6005023768874542,1.0374599996677807,127306.71655923338,122710.0,,,0.0,0.0,,1.4328322020010091,,
official_usgs_streamflow,01646500,01646500::origin=1,1,2026-06-02 00:00:00,chronos_t5_tiny,1,1720360321,False,chronos_samples,5757.302734375,5876.42626953125,0.9010090231895447,0.6523538881731467,1.0759691058399956,132032.16897762587,122710.0,,,0.0,0.0,,1.366918399999122,,
official_usgs_streamflow,01646500,01646500::origin=1,1,2026-06-02 00:00:00,chronos_t5_tiny,2,3621689226,False,chronos_samples,5004.94189453125,5100.82763671875,0.8367933034896851,0.567104676549995,0.9502420902307859,116604.20689221974,122710.0,,,0.0,0.0,,1.321311190000415,,
official_usgs_streamflow,01646500,01646500::origin=1,1,2026-06-02 00:00:00,timesfm_2_5_200m,0,1072562039,False,timesfm_quantiles,3062.350341796875,3175.93505859375,0.6193153858184814,0.3469916807555936,0.5623125879114909,69001.37766261904,122710.0,,,0.0,0.0,,0.4794919720006874,,
official_usgs_streamflow,01646500,01646500::origin=1,1,2026-06-02 00:00:00,moirai_2_0_small,0,1724473629,False,moirai_quantiles_no_mean,3900.571533203125,3995.296875,0.7132527232170105,0.4419696380719819,0.764024183743215,93753.40758712991,122710.0,,,0.0,0.0,,0.021978389002470067,,
official_usgs_streamflow,01646500,01646500::origin=1,1,2026-06-02 00:00:00,seasonal_naive,0,444376745,False,degenerate,15677.3330078125,18260.267578125,1.2664039134979248,1.7763820343801906,3.8327764457981854,470319.9976638953,122710.0,,,0.0,0.0,"{""wql_distribution"": ""Repeated point forecasts form a degenerate distribution; calibration is not measured.""}",0.0008084909968602005,,
official_usgs_streamflow,01646500,01646500::origin=1,1,2026-06-02 00:00:00,arima_2_1_2,0,4077629806,False,gaussian,9528.2529296875,9818.40234375,1.1247024536132812,1.079636269440257,1.534391986700004,188285.2406879575,122710.0,,,0.0,0.0,,0.07626021499891067,,
official_usgs_streamflow,01646500,01646500::origin=1,1,2026-06-02 00:00:00,auto_arima,0,1749242002,False,gaussian,4929.3466796875,5061.4462890625,0.8311213254928589,0.5585390626495548,0.9134908840671011,112094.46638387398,122710.0,,,0.0,0.0,,0.3694090099997993,,
official_usgs_streamflow,01646500,01646500::origin=1,1,2026-06-02 00:00:00,prophet,0,3703099625,False,samples,7707.6845703125,8139.39794921875,1.0200260877609253,0.873349592724061,1.2704400935597668,155895.703880719,122710.0,,,0.0,0.0,,0.06566073700014385,,
official_usgs_streamflow,01646500,01646500::origin=1,1,2026-06-02 00:00:00,prophet,1,3922296256,False,samples,7527.55712890625,7921.7470703125,1.0119248628616333,0.8529395427076788,1.2642650401840714,155137.9630809874,122710.0,,,0.0,0.0,,0.06272729699776391,,
official_usgs_streamflow,01646500,01646500::origin=1,1,2026-06-02 00:00:00,prophet,2,2813913920,False,samples,7568.62744140625,8012.841796875,1.0115994215011597,0.8575931764115124,1.2732834226645133,156244.60879516244,122710.0,,,0.0,0.0,,0.05643015800160356,,
official_usgs_streamflow,01646500,01646500::origin=1,1,2026-06-02 00:00:00,deepar,0,1087032023,False,samples,12523.23046875,13077.4130859375,1.234771728515625,1.4189940091215911,2.7477921940181105,337181.58012796234,122710.0,,,0.0,0.0,,12.362471884000115,,
official_usgs_streamflow,01646500,01646500::origin=1,1,2026-06-02 00:00:00,deepar,1,1640449776,False,samples,8800.31640625,9677.173828125,1.0596762895584106,0.9971545512960319,2.001653594688533,245622.91260422993,122710.0,,,0.0,0.0,,12.51938598400011,,
official_usgs_streamflow,01646500,01646500::origin=1,1,2026-06-02 00:00:00,deepar,2,4052713939,False,samples,10085.064453125,10651.4140625,1.1371785402297974,1.1427279946895286,2.213784416007642,271653.4856882978,122710.0,,,0.0,0.0,,12.229630091998843,,
official_usgs_streamflow,01646500,01646500::origin=2,2,2026-05-03 00:00:00,chronos_t5_tiny,0,1214448871,False,chronos_samples,7962.3466796875,14248.98828125,0.6231927275657654,1.6885977075005658,0.7162004463690513,226770.5473338327,316630.0,,,0.0,0.0,,1.5112283599992224,,
official_usgs_streamflow,01646500,01646500::origin=2,2,2026-05-03 00:00:00,chronos_t5_tiny,1,245063571,False,chronos_samples,7847.3359375,14083.6611328125,0.6057618260383606,1.6642070493933039,0.7107655190376356,225049.68629288656,316630.0,,,0.0,0.0,,1.412555896997219,,
official_usgs_streamflow,01646500,01646500::origin=2,2,2026-05-03 00:00:00,chronos_t5_tiny,2,2395418144,False,chronos_samples,7889.8740234375,14066.796875,0.6196048855781555,1.6732282233367552,0.7158580794404636,226662.14369323401,316630.0,,,0.0,0.0,,1.3793602330006252,,
official_usgs_streamflow,01646500,01646500::origin=2,2,2026-05-03 00:00:00,timesfm_2_5_200m,0,3010917203,False,timesfm_quantiles,7863.41650390625,14219.3076171875,0.596238911151886,1.6676173012526174,0.7016266801780089,222156.05574476294,316630.0,,,0.0,0.0,,0.4965737309976248,,
official_usgs_streamflow,01646500,01646500::origin=2,2,2026-05-03 00:00:00,moirai_2_0_small,0,3058823128,False,moirai_quantiles_no_mean,7857.56591796875,14147.0068359375,0.6018512845039368,1.666376550705194,0.7088971282198074,224458.09770823762,316630.0,,,0.0,0.0,,0.015073971000674646,,
official_usgs_streamflow,01646500,01646500::origin=2,2,2026-05-03 00:00:00,seasonal_naive,0,1311996484,False,degenerate,23144.0,37810.42578125,1.095175862312317,4.908214489340335,2.192843373539732,694319.9973638853,316630.0,,,0.0,0.0,"{""wql_distribution"": ""Repeated point forecasts form a degenerate distribution; calibration is not measured.""}",0.0006684270010737237,,
official_usgs_streamflow,01646500,01646500::origin=2,2,2026-05-03 00:00:00,arima_2_1_2,0,1674246167,False,gaussian,8219.416015625,13181.609375,0.7547886371612549,1.7431151392069923,0.702622515647722,222471.36712953824,316630.0,,,0.0,0.0,,0.0849019480010611,,
official_usgs_streamflow,01646500,01646500::origin=2,2,2026-05-03 00:00:00,auto_arima,0,922519028,False,gaussian,8853.20703125,12196.1806640625,0.8760079145431519,1.8775250184890677,0.6741410806345753,213453.29036132558,316630.0,,,0.0,0.0,,0.3670071080014168,,
official_usgs_streamflow,01646500,01646500::origin=2,2,2026-05-03 00:00:00,prophet,0,529391452,False,samples,9676.7509765625,12120.2685546875,0.9677199721336365,2.052176346046591,0.6961624662313899,220425.921682845,316630.0,,,0.0,0.0,,0.07261915699928068,,
official_usgs_streamflow,01646500,01646500::origin=2,2,2026-05-03 00:00:00,prophet,1,2021773879,False,samples,9409.654296875,11839.5888671875,0.9471274018287659,1.995532386778665,0.6793720455849213,215109.5707935536,316630.0,,,0.0,0.0,,0.08022822799830465,,
official_usgs_streamflow,01646500,01646500::origin=2,2,2026-05-03 00:00:00,prophet,2,1953887035,False,samples,9340.9326171875,11769.5263671875,0.9432207345962524,1.9809583829775073,0.67271415621713,213001.48328302987,316630.0,,,0.0,0.0,,0.0733330949988158,,
official_usgs_streamflow,01646500,01646500::origin=2,2,2026-05-03 00:00:00,deepar,0,837257200,False,samples,8856.275390625,15364.19140625,0.8606858849525452,1.8781757342660674,0.8271635955138377,261904.80924754642,316630.0,,,0.0,0.0,,12.422208346000843,,
official_usgs_streamflow,01646500,01646500::origin=2,2,2026-05-03 00:00:00,deepar,1,902335229,False,samples,8115.07568359375,14550.44921875,0.6659474968910217,1.7209873855992166,0.7581955087663611,240067.44394069293,316630.0,,,0.0,0.0,,12.265851539999858,,
official_usgs_streamflow,01646500,01646500::origin=2,2,2026-05-03 00:00:00,deepar,2,2693623668,False,samples,8830.19140625,14950.619140625,0.9809645414352417,1.8726440288543365,0.821824164410476,260214.185177289,316630.0,,,0.0,0.0,,12.27840216000186,,
official_usgs_streamflow,02087500,02087500::origin=1,1,2026-06-02 00:00:00,chronos_t5_tiny,0,1747173533,False,chronos_samples,67.62470245361328,127.1653823852539,0.21971727907657623,0.08321960047553924,0.21693283636976612,1748.478661140315,8060.0,,,0.0,0.0,,1.4342009850006434,,
official_usgs_streamflow,02087500,02087500::origin=1,1,2026-06-02 00:00:00,chronos_t5_tiny,1,2327874540,False,chronos_samples,67.72345733642578,127.20256805419922,0.2200501710176468,0.08334112917133353,0.21930623555719897,1767.6082585910237,8060.0,,,0.0,0.0,,1.3329641900018032,,
official_usgs_streamflow,02087500,02087500::origin=1,1,2026-06-02 00:00:00,chronos_t5_tiny,2,1428560756,False,chronos_samples,67.52594757080078,128.00535583496094,0.21892878413200378,0.08309807177974493,0.22004485663835732,1773.56154450516,8060.0,,,0.0,0.0,,1.3587429609979154,,
official_usgs_streamflow,02087500,02087500::origin=1,1,2026-06-02 00:00:00,timesfm_2_5_200m,0,3532406574,False,timesfm_quantiles,69.18673706054688,121.92561340332031,0.22783689200878143,0.08514185508371509,0.22194501023349208,1788.8767824819463,8060.0,,,0.0,0.0,,0.46369582599800196,,
official_usgs_streamflow,02087500,02087500::origin=1,1,2026-06-02 00:00:00,moirai_2_0_small,0,3392334106,False,moirai_quantiles_no_mean,70.52464294433594,123.92433166503906,0.23285546898841858,0.08678829475861306,0.2255911704242648,1818.2648336195743,8060.0,,,0.0,0.0,,0.024162391000572825,,
official_usgs_streamflow,02087500,02087500::origin=1,1,2026-06-02 00:00:00,seasonal_naive,0,2429244375,False,degenerate,615.4000244140625,789.0587768554688,0.9430909752845764,0.7573171090771871,2.2905707086409492,18461.99991164605,8060.0,,,0.0,0.0,"{""wql_distribution"": ""Repeated point forecasts form a degenerate distribution; calibration is not measured.""}",0.0005898589988646563,,
official_usgs_streamflow,02087500,02087500::origin=1,1,2026-06-02 00:00:00,arima_2_1_2,0,289135576,False,gaussian,67.65162658691406,133.14056396484375,0.21811780333518982,0.0832527335694405,1.2909673282256293,10405.196665498572,8060.0,,,0.0,0.0,,0.06172767200041562,,
official_usgs_streamflow,02087500,02087500::origin=1,1,2026-06-02 00:00:00,auto_arima,0,1387371490,False,gaussian,69.08129119873047,129.5061798095703,0.22529658675193787,0.0850120924056733,1.1882290875124297,9577.126445350184,8060.0,,,0.0,0.0,,0.6442716050005401,,
official_usgs_streamflow,02087500,02087500::origin=1,1,2026-06-02 00:00:00,prophet,0,4169511088,False,samples,171.87864685058594,226.38902282714844,0.8893559575080872,0.21151549363183625,0.8897886499352798,7171.696518478356,8060.0,,,0.0,0.0,,0.07072781700117048,,
official_usgs_streamflow,02087500,02087500::origin=1,1,2026-06-02 00:00:00,prophet,1,2548181777,False,samples,164.3976593017578,225.98878479003906,0.846718430519104,0.20230931937320637,0.892368323437871,7192.48868690924,8060.0,,,0.0,0.0,,0.06579532300020219,,
official_usgs_streamflow,02087500,02087500::origin=1,1,2026-06-02 00:00:00,prophet,2,1073605639,False,samples,142.96900939941406,195.29624938964844,0.7421813607215881,0.17593901948424964,0.877912267055619,7075.972872468289,8060.0,,,0.0,0.0,,0.06356931299887947,,
official_usgs_streamflow,02087500,02087500::origin=1,1,2026-06-02 00:00:00,deepar,0,1058206638,False,samples,79.86294555664062,152.77391052246094,0.2729005217552185,0.09828009855691809,0.2852265421959468,2298.9259300993313,8060.0,,,0.0,0.0,,12.567859913000575,,
official_usgs_streamflow,02087500,02087500::origin=1,1,2026-06-02 00:00:00,deepar,1,946298684,False,samples,75.96804809570312,137.25738525390625,0.25326159596443176,0.09348700078595566,0.25769675753599636,2077.0358657401307,8060.0,,,0.0,0.0,,12.714981609999086,,
official_usgs_streamflow,02087500,02087500::origin=1,1,2026-06-02 00:00:00,deepar,2,1209771356,False,samples,80.31038665771484,137.51626586914062,0.271096795797348,0.09883072382130685,0.27563647279691345,2221.629970743122,8060.0,,,0.0,0.0,,12.484891102998517,,
official_usgs_streamflow,02087500,02087500::origin=2,2,2026-05-03 00:00:00,chronos_t5_tiny,0,4249966501,False,chronos_samples,36.67687225341797,57.67654037475586,0.12805838882923126,0.05193123068989682,0.10814827614661995,880.2188195573398,8139.0,,,0.0,0.0,,1.3801278270002513,,
official_usgs_streamflow,02087500,02087500::origin=2,2,2026-05-03 00:00:00,chronos_t5_tiny,1,290271425,False,chronos_samples,37.17517852783203,56.758487701416016,0.13008339703083038,0.052636788620573645,0.107994387655708,878.9663211298074,8139.0,,,0.0,0.0,,1.3151369520019216,,
official_usgs_streamflow,02087500,02087500::origin=2,2,2026-05-03 00:00:00,chronos_t5_tiny,2,1234843152,False,chronos_samples,36.682674407958984,56.631690979003906,0.12809011340141296,0.051939446031267426,0.10938790688130524,890.3081741069434,8139.0,,,0.0,0.0,,1.2766611369988823,,
official_usgs_streamflow,02087500,02087500::origin=2,2,2026-05-03 00:00:00,timesfm_2_5_200m,0,3210088276,False,timesfm_quantiles,41.30276107788086,53.65860366821289,0.14603310823440552,0.058481083088136994,0.1464783014999784,1192.1868959083242,8139.0,,,0.0,0.0,,0.47344801100189216,,
official_usgs_streamflow,02087500,02087500::origin=2,2,2026-05-03 00:00:00,moirai_2_0_small,0,2706353892,False,moirai_quantiles_no_mean,39.43932342529297,54.66925048828125,0.13899224996566772,0.05584261899163096,0.1272030379438972,1035.3055258253794,8139.0,,,0.0,0.0,,0.012152120998507598,,
official_usgs_streamflow,02087500,02087500::origin=2,2,2026-05-03 00:00:00,seasonal_naive,0,2059132501,False,degenerate,685.4666748046875,943.972412109375,0.907602846622467,0.9705606239692744,2.526600306932759,20563.999898125727,8139.0,,,0.0,0.0,"{""wql_distribution"": ""Repeated point forecasts form a degenerate distribution; calibration is not measured.""}",0.0006491450003522914,,
official_usgs_streamflow,02087500,02087500::origin=2,2,2026-05-03 00:00:00,arima_2_1_2,0,780114568,False,gaussian,36.70943069458008,58.11429214477539,0.1282019168138504,0.051977330583781185,1.2638717706220883,10286.652341093177,8139.0,,,0.0,0.0,,0.05684877399835386,,
official_usgs_streamflow,02087500,02087500::origin=2,2,2026-05-03 00:00:00,auto_arima,0,649711917,False,gaussian,38.26428985595703,54.76826477050781,0.13450497388839722,0.05417887463153573,1.1662178711992257,9491.847253690497,8139.0,,,0.0,0.0,,0.6274213029973907,,
official_usgs_streamflow,02087500,02087500::origin=2,2,2026-05-03 00:00:00,prophet,0,2693948590,False,samples,186.53956604003906,208.24020385742188,1.1012357473373413,0.26412364636452185,0.8832450103171208,7188.731138971046,8139.0,,,0.0,0.0,,0.07575494399861782,,
official_usgs_streamflow,02087500,02087500::origin=2,2,2026-05-03 00:00:00,prophet,1,3909243577,False,samples,183.41424560546875,204.259521484375,1.051358699798584,0.25969846704862765,0.8693331191968658,7075.502257143291,8139.0,,,0.0,0.0,,0.11177662300178781,,
official_usgs_streamflow,02087500,02087500::origin=2,2,2026-05-03 00:00:00,prophet,2,1850236612,False,samples,184.07395935058594,204.62123107910156,1.0610387325286865,0.2606325637854012,0.8675995390212414,7061.392648093884,8139.0,,,0.0,0.0,,0.07676304500273545,,
official_usgs_streamflow,02087500,02087500::origin=2,2,2026-05-03 00:00:00,deepar,0,2736616931,False,samples,37.97747802734375,56.06637954711914,0.133234903216362,0.05377277426579586,0.11882695228927877,967.1325646824399,8139.0,,,0.0,0.0,,12.205482741002925,,
official_usgs_streamflow,02087500,02087500::origin=2,2,2026-05-03 00:00:00,deepar,1,3551953833,False,samples,46.19338607788086,65.41132354736328,0.1640494465827942,0.06540577866571881,0.14830307764048892,1207.0387489159393,8139.0,,,0.0,0.0,,12.641387902000133,,
official_usgs_streamflow,02087500,02087500::origin=2,2,2026-05-03 00:00:00,deepar,2,1294343803,False,samples,45.48609924316406,59.3447265625,0.16110211610794067,0.06440432261123799,0.14429244104076214,1174.396177630763,8139.0,,,0.0,0.0,,12.483316608999303,,
official_usgs_streamflow,08158000,08158000::origin=0,0,2026-07-02 00:00:00,chronos_t5_tiny,0,1078997784,False,chronos_samples,2492.17822265625,4687.892578125,0.8312518000602722,9.392125577823625,0.8321314263501335,73466.80330388741,88287.5,,,0.0,0.0,,1.4918120090005687,,
official_usgs_streamflow,08158000,08158000::origin=0,0,2026-07-02 00:00:00,chronos_t5_tiny,1,1691451887,False,chronos_samples,2497.1533203125,4686.982421875,0.8395456671714783,9.410874935925163,0.8305903804498452,73330.74821396571,88287.5,,,0.0,0.0,,1.3498992079985328,,
official_usgs_streamflow,08158000,08158000::origin=0,0,2026-07-02 00:00:00,chronos_t5_tiny,2,3301480446,False,chronos_samples,2488.93359375,4673.14306640625,0.8332450985908508,9.379897735583492,0.829069037194051,73196.43262126978,88287.5,,,0.0,0.0,,1.2824763270000403,,
official_usgs_streamflow,08158000,08158000::origin=0,0,2026-07-02 00:00:00,timesfm_2_5_200m,0,3320167699,False,timesfm_quantiles,2498.03564453125,4691.99560546875,0.8385354280471802,9.414200099345468,0.8217868551431828,72553.50697345375,88287.5,,,0.0,0.0,,0.47756559000117704,,
official_usgs_streamflow,08158000,08158000::origin=0,0,2026-07-02 00:00:00,moirai_2_0_small,0,2498174170,False,moirai_quantiles_no_mean,2462.262939453125,4653.1640625,0.8047277927398682,9.279385608432335,0.8125192650360525,71735.29461187049,88287.5,,,0.0,0.0,,0.015292681997379987,,
official_usgs_streamflow,08158000,08158000::origin=0,0,2026-07-02 00:00:00,seasonal_naive,0,4030060149,False,degenerate,2841.716552734375,4861.18798828125,1.234011173248291,10.709410136572991,0.9656123499775164,85251.50034863998,88287.5,,,0.0,0.0,"{""wql_distribution"": ""Repeated point forecasts form a degenerate distribution; calibration is not measured.""}",0.0005048959974374156,,
official_usgs_streamflow,08158000,08158000::origin=0,0,2026-07-02 00:00:00,arima_2_1_2,0,3423072054,False,gaussian,2460.960693359375,4636.66845703125,0.8077691197395325,9.27447791012467,0.8085877238752678,71388.1886716377,88287.5,,,0.0,0.0,,0.07685159299944644,,
official_usgs_streamflow,08158000,08158000::origin=0,0,2026-07-02 00:00:00,auto_arima,0,3719872401,False,gaussian,2465.1279296875,4641.5849609375,0.8118156790733337,9.290182728724883,0.8091670690164231,71439.33760578746,88287.5,,,0.0,0.0,,0.535698659998161,,
official_usgs_streamflow,08158000,08158000::origin=0,0,2026-07-02 00:00:00,prophet,0,3405567499,False,samples,2416.58837890625,4552.05908203125,0.7815268039703369,9.107254576843857,0.7977388183481755,70430.36592491454,88287.5,,,0.0,0.0,,0.8681166649985244,,
official_usgs_streamflow,08158000,08158000::origin=0,0,2026-07-02 00:00:00,prophet,1,1230098913,False,samples,2425.441650390625,4561.40087890625,0.7865902781486511,9.140619380692913,0.8013954479422696,70753.20061020313,88287.5,,,0.0,0.0,,0.06302952400073991,,
official_usgs_streamflow,08158000,08158000::origin=0,0,2026-07-02 00:00:00,prophet,2,3593252276,False,samples,2417.241455078125,4542.55322265625,0.7815475463867188,9.109715786625072,0.7988667669454003,70529.94968669202,88287.5,,,0.0,0.0,,0.055087913999159355,,
official_usgs_streamflow,08158000,08158000::origin=0,0,2026-07-02 00:00:00,deepar,0,714202481,False,samples,2486.42626953125,4474.6181640625,0.8816742300987244,9.37044853018047,0.8109005355005863,71592.381028008,88287.5,,,0.0,0.0,,12.363396843000373,,
official_usgs_streamflow,08158000,08158000::origin=0,0,2026-07-02 00:00:00,deepar,1,4099852769,False,samples,2409.243896484375,4569.18115234375,0.773891806602478,9.079575857648226,0.8023282682341277,70835.55698172055,88287.5,,,0.0,0.0,,12.405270601000666,,
official_usgs_streamflow,08158000,08158000::origin=0,0,2026-07-02 00:00:00,deepar,2,1180533675,False,samples,2481.4794921875,4482.88037109375,0.8637849688529968,9.351805901175986,0.8205292549594198,72442.47659722978,88287.5,,,0.0,0.0,,12.378523900999426,,
official_usgs_streamflow,08158000,08158000::origin=1,1,2026-06-02 00:00:00,chronos_t5_tiny,0,3796991264,False,chronos_samples,307.4481201171875,638.5404052734375,0.3482307493686676,1.4168693988466978,0.34228289103214504,8287.353357670296,24212.0,,,0.0,0.0,,1.4890944159997161,,
official_usgs_streamflow,08158000,08158000::origin=1,1,2026-06-02 00:00:00,chronos_t5_tiny,1,3734243558,False,chronos_samples,313.5954895019531,631.2367553710938,0.3590709865093231,1.4451994454293915,0.3399163239370821,8230.054035164632,24212.0,,,0.0,0.0,,1.3531613189989002,,
official_usgs_streamflow,08158000,08158000::origin=1,1,2026-06-02 00:00:00,chronos_t5_tiny,2,2633077537,False,chronos_samples,308.56207275390625,630.2987670898438,0.3513488173484802,1.4220030305050402,0.33713149736825454,8162.627814280178,24212.0,,,0.0,0.0,,1.3420337050010858,,
official_usgs_streamflow,08158000,08158000::origin=1,1,2026-06-02 00:00:00,timesfm_2_5_200m,0,3202739202,False,timesfm_quantiles,369.0639953613281,685.31494140625,0.4623638689517975,1.7008251052055547,0.37755232848966364,9141.296977391736,24212.0,,,0.0,0.0,,0.466946791002556,,
official_usgs_streamflow,08158000,08158000::origin=1,1,2026-06-02 00:00:00,moirai_2_0_small,0,781471661,False,moirai_quantiles_no_mean,304.9170227050781,627.42236328125,0.34520819783210754,1.4052048797488061,0.3152319070200561,7632.394932769598,24212.0,,,0.0,0.0,,0.019155427002260694,,
official_usgs_streamflow,08158000,08158000::origin=1,1,2026-06-02 00:00:00,seasonal_naive,0,1463064940,False,degenerate,382.26666259765625,668.1788940429688,0.4836263656616211,1.7616693711687978,0.47364943170213997,11468.000040372213,24212.0,,,0.0,0.0,"{""wql_distribution"": ""Repeated point forecasts form a degenerate distribution; calibration is not measured.""}",0.0006569559991476126,,
official_usgs_streamflow,08158000,08158000::origin=1,1,2026-06-02 00:00:00,arima_2_1_2,0,3902199936,False,gaussian,314.6963195800781,643.6211547851562,0.3599635064601898,1.4502726020010783,0.32975753836808525,7984.0895189680805,24212.0,,,0.0,0.0,,0.1309000869987358,,
official_usgs_streamflow,08158000,08158000::origin=1,1,2026-06-02 00:00:00,auto_arima,0,4291797948,False,gaussian,310.6463928222656,639.856689453125,0.35350003838539124,1.4316085838619277,0.327633828235136,7932.670249229112,24212.0,,,0.0,0.0,,0.6374343530005717,,
official_usgs_streamflow,08158000,08158000::origin=1,1,2026-06-02 00:00:00,prophet,0,2866409282,False,samples,317.8849182128906,652.9537353515625,0.364141047000885,1.4649672042198671,0.32596829346728473,7892.344321429898,24212.0,,,0.0,0.0,,0.10776122599781957,,
official_usgs_streamflow,08158000,08158000::origin=1,1,2026-06-02 00:00:00,prophet,1,2501297058,False,samples,320.6485290527344,651.5173950195312,0.36976930499076843,1.4777032574694466,0.3265123219082149,7905.516338041699,24212.0,,,0.0,0.0,,0.10222603600050206,,
official_usgs_streamflow,08158000,08158000::origin=1,1,2026-06-02 00:00:00,prophet,2,204953634,False,samples,316.8409423828125,656.2626953125,0.362904816865921,1.460156059477107,0.32494831048869444,7867.64849355227,24212.0,,,0.0,0.0,,0.10683022600278491,,
official_usgs_streamflow,08158000,08158000::origin=1,1,2026-06-02 00:00:00,deepar,0,971111539,False,samples,622.9033203125,834.4617919921875,0.5910549759864807,2.8706392891730186,0.6675902266849805,16163.694568496747,24212.0,,,0.0,0.0,,12.884224733999872,,
official_usgs_streamflow,08158000,08158000::origin=1,1,2026-06-02 00:00:00,deepar,1,3035047744,False,samples,483.4716796875,720.3827514648438,0.5025625824928284,2.228070960060284,0.4401409320409188,10656.692246574727,24212.0,,,0.0,0.0,,12.331776866001746,,
official_usgs_streamflow,08158000,08158000::origin=1,1,2026-06-02 00:00:00,deepar,2,2782517720,False,samples,330.1979064941406,613.1376953125,0.3899005651473999,1.5217113999476257,0.3537665611946026,8565.395979643718,24212.0,,,0.0,0.0,,13.041118793997157,,
official_usgs_streamflow,08158000,08158000::origin=2,2,2026-05-03 00:00:00,chronos_t5_tiny,0,2356513611,False,chronos_samples,258.0849609375,311.3672180175781,0.6947011351585388,1.0992043990386395,0.48848435401579665,6751.342256852326,13821.0,,,0.0,0.0,,1.46554783800093,,
official_usgs_streamflow,08158000,08158000::origin=2,2,2026-05-03 00:00:00,chronos_t5_tiny,1,90575419,False,chronos_samples,254.1911163330078,306.443359375,0.6802305579185486,1.0826202048148343,0.4854696899031934,6709.6765841520355,13821.0,,,0.0,0.0,,1.3061211419990286,,
official_usgs_streamflow,08158000,08158000::origin=2,2,2026-05-03 00:00:00,chronos_t5_tiny,2,3209320894,False,chronos_samples,270.09503173828125,322.76861572265625,0.7431111931800842,1.150356246899241,0.49983218559243453,6908.180637073037,13821.0,,,0.0,0.0,,1.4190970319978078,,
official_usgs_streamflow,08158000,08158000::origin=2,2,2026-05-03 00:00:00,timesfm_2_5_200m,0,421920259,False,timesfm_quantiles,213.14712524414062,267.4709777832031,0.5296854376792908,0.9078105785774065,0.31944365896676935,4415.030810579719,13821.0,,,0.0,0.0,,0.44974410199938575,,
official_usgs_streamflow,08158000,08158000::origin=2,2,2026-05-03 00:00:00,moirai_2_0_small,0,3877137221,False,moirai_quantiles_no_mean,148.69345092773438,193.17872619628906,0.3465094268321991,0.6332972474424141,0.23180284344685945,3203.7470992790445,13821.0,,,0.0,0.0,,0.01352388799932669,,
official_usgs_streamflow,08158000,08158000::origin=2,2,2026-05-03 00:00:00,seasonal_naive,0,479544477,False,degenerate,140.46665954589844,210.016357421875,0.3148173987865448,0.5982586878764534,0.3048983433217402,4214.000003049771,13821.0,,,0.0,0.0,"{""wql_distribution"": ""Repeated point forecasts form a degenerate distribution; calibration is not measured.""}",0.00059009500182583,,
official_usgs_streamflow,08158000,08158000::origin=2,2,2026-05-03 00:00:00,arima_2_1_2,0,3172002223,False,gaussian,144.47584533691406,185.47903442382812,0.3252660036087036,0.6153341293978786,0.2830184191304252,3911.5975708016067,13821.0,,,0.0,0.0,,0.07978499000091688,,
official_usgs_streamflow,08158000,08158000::origin=2,2,2026-05-03 00:00:00,auto_arima,0,372651824,False,gaussian,145.65850830078125,186.27261352539062,0.32813674211502075,0.6203711851323184,0.2843438875555555,3929.9168699053325,13821.0,,,0.0,0.0,,0.5341841250010475,,
official_usgs_streamflow,08158000,08158000::origin=2,2,2026-05-03 00:00:00,prophet,0,1784657365,False,samples,179.3599090576172,222.33580017089844,0.38002586364746094,0.7639081344807511,0.3081901984438109,4259.49673269191,13821.0,,,0.0,0.0,,0.09404361799897742,,
official_usgs_streamflow,08158000,08158000::origin=2,2,2026-05-03 00:00:00,prophet,1,1725571979,False,samples,186.431640625,225.3764190673828,0.3911753296852112,0.7940272023235692,0.3140785958502194,4340.880273245883,13821.0,,,0.0,0.0,,0.09264373100086232,,
official_usgs_streamflow,08158000,08158000::origin=2,2,2026-05-03 00:00:00,prophet,2,3461418365,False,samples,180.80862426757812,224.37811279296875,0.382357656955719,0.7700783279161172,0.3157956873132227,4364.612194356051,13821.0,,,0.0,0.0,,0.10002694500144571,,
official_usgs_streamflow,08158000,08158000::origin=2,2,2026-05-03 00:00:00,deepar,0,3108285217,False,samples,210.6363067626953,273.72967529296875,0.5282118320465088,0.8971168027372073,0.41946429348126624,5797.416000204581,13821.0,,,0.0,0.0,,12.622451938001177,,
official_usgs_streamflow,08158000,08158000::origin=2,2,2026-05-03 00:00:00,deepar,1,3200962430,False,samples,101.08549499511719,142.69229125976562,0.2260291576385498,0.4305311722698147,0.18545868412056757,2563.2244732303643,13821.0,,,0.0,0.0,,13.222338669002056,,
official_usgs_streamflow,08158000,08158000::origin=2,2,2026-05-03 00:00:00,deepar,2,1291769996,False,samples,201.5398712158203,262.0189514160156,0.48848992586135864,0.8583743594256118,0.3893176266155816,5380.7589174539535,13821.0,,,0.0,0.0,,12.804460663999635,,
official_usgs_streamflow,09380000,09380000::origin=0,0,2026-07-02 00:00:00,chronos_t5_tiny,0,3661793832,False,chronos_samples,440.6266784667969,459.73345947265625,0.05475848913192749,0.17955845730742334,0.03776248539407996,8863.98819655239,234730.0,,,0.0,0.0,,1.3286992739995185,,
official_usgs_streamflow,09380000,09380000::origin=0,0,2026-07-02 00:00:00,chronos_t5_tiny,1,822539492,False,chronos_samples,541.972900390625,556.8594360351562,0.06694094836711884,0.2208577524973981,0.04186673281936079,9827.37819468856,234730.0,,,0.0,0.0,,1.4880506619992957,,
official_usgs_streamflow,09380000,09380000::origin=0,0,2026-07-02 00:00:00,chronos_t5_tiny,2,1821964684,False,chronos_samples,427.8128967285156,449.0263366699219,0.05318732559680939,0.17433675151056657,0.036131856247387045,8481.23061694916,234730.0,,,0.0,0.0,,1.6857382729976962,,
official_usgs_streamflow,09380000,09380000::origin=0,0,2026-07-02 00:00:00,timesfm_2_5_200m,0,3971854081,False,timesfm_quantiles,250.99884033203125,267.7281799316406,0.03156135976314545,0.10228378525057452,0.024487574273577326,5747.968309236806,234730.0,,,0.0,0.0,,0.5068809069998679,,
official_usgs_streamflow,09380000,09380000::origin=0,0,2026-07-02 00:00:00,moirai_2_0_small,0,1962745843,False,moirai_quantiles_no_mean,343.4721984863281,349.53851318359375,0.04299164190888405,0.13996732631531192,0.030115023647007626,7068.8995006621,234730.0,,,0.0,0.0,,0.016736575002141763,,
official_usgs_streamflow,09380000,09380000::origin=0,0,2026-07-02 00:00:00,seasonal_naive,0,1130506117,False,degenerate,3665.666748046875,3677.00732421875,0.37921297550201416,1.493784871521379,0.46849571615802454,109969.9994537731,234730.0,,,0.0,0.0,"{""wql_distribution"": ""Repeated point forecasts form a degenerate distribution; calibration is not measured.""}",0.0006270640005823225,,
official_usgs_streamflow,09380000,09380000::origin=0,0,2026-07-02 00:00:00,arima_2_1_2,0,2106237623,False,gaussian,488.0821838378906,494.8998107910156,0.060542430728673935,0.19889690809035712,0.04517835169561958,10604.714493512784,234730.0,,,0.0,0.0,,0.13370318400120595,,
official_usgs_streamflow,09380000,09380000::origin=0,0,2026-07-02 00:00:00,auto_arima,0,2668884861,False,gaussian,460.47064208984375,467.7115478515625,0.057218555361032486,0.18764501145665746,0.04431459259529078,10401.964319892606,234730.0,,,0.0,0.0,,0.6141973939993477,,
official_usgs_streamflow,09380000,09380000::origin=0,0,2026-07-02 00:00:00,prophet,0,1180401520,False,samples,77.77584838867188,108.83758544921875,0.010034102015197277,0.03169420290446239,0.020888592590553964,4903.179338780732,234730.0,,,0.0,0.0,,0.11344565900071757,,
official_usgs_streamflow,09380000,09380000::origin=0,0,2026-07-02 00:00:00,prophet,1,1843409655,False,samples,81.62340545654297,109.2893295288086,0.010512679815292358,0.03326210935514106,0.020761319625829656,4873.304555770995,234730.0,,,0.0,0.0,,0.11288392300048145,,
official_usgs_streamflow,09380000,09380000::origin=0,0,2026-07-02 00:00:00,prophet,2,1170122442,False,samples,80.5205078125,107.98602294921875,0.010379998944699764,0.03281267084129204,0.02090749059024147,4907.6152662473805,234730.0,,,0.0,0.0,,0.12289048499951605,,
official_usgs_streamflow,09380000,09380000::origin=0,0,2026-07-02 00:00:00,deepar,0,1006978469,False,samples,197.0703582763672,221.8626708984375,0.024808699265122414,0.08030755113660727,0.019156325246540536,4496.56422512046,234730.0,,,0.0,0.0,,13.257488232000469,,
official_usgs_streamflow,09380000,09380000::origin=0,0,2026-07-02 00:00:00,deepar,1,698604700,False,samples,463.9130554199219,478.7388000488281,0.057504553347826004,0.18904781899685028,0.04455638884278205,10458.72115306623,234730.0,,,0.0,0.0,,12.17643816099735,,
official_usgs_streamflow,09380000,09380000::origin=0,0,2026-07-02 00:00:00,deepar,2,3677121160,False,samples,266.1905517578125,308.1822509765625,0.033971380442380905,0.10847451404839603,0.025975525516993447,6097.235104603872,234730.0,,,0.0,0.0,,12.505336884998542,,
official_usgs_streamflow,09380000,09380000::origin=2,2,2026-05-03 00:00:00,chronos_t5_tiny,0,2420506289,False,chronos_samples,285.88580322265625,356.7099304199219,0.037535540759563446,0.13767474198071852,0.026610389388018917,6015.2785211616765,226050.0,,,0.0,0.0,,1.6443608080007834,,
official_usgs_streamflow,09380000,09380000::origin=2,2,2026-05-03 00:00:00,chronos_t5_tiny,1,681353734,False,chronos_samples,287.29681396484375,361.4349365234375,0.037724994122982025,0.13835424595633702,0.027274094663224974,6165.309098622005,226050.0,,,0.0,0.0,,1.4651503579989367,,
official_usgs_streamflow,09380000,09380000::origin=2,2,2026-05-03 00:00:00,chronos_t5_tiny,2,4097394879,False,chronos_samples,270.42730712890625,333.8546447753906,0.03568572923541069,0.13023035531609134,0.025767995140483026,5824.855301506188,226050.0,,,0.0,0.0,,1.456395913999586,,
official_usgs_streamflow,09380000,09380000::origin=2,2,2026-05-03 00:00:00,timesfm_2_5_200m,0,2682285494,False,timesfm_quantiles,265.6960754394531,334.7324523925781,0.03487750142812729,0.12795192422663582,0.033895654427892094,7662.112683425007,226050.0,,,0.0,0.0,,0.4750072309980169,,
official_usgs_streamflow,09380000,09380000::origin=2,2,2026-05-03 00:00:00,moirai_2_0_small,0,505945480,False,moirai_quantiles_no_mean,207.06451416015625,240.4237060546875,0.027544783428311348,0.099716576475677,0.020601297985905532,4656.923409713945,226050.0,,,0.0,0.0,,0.020087109001906356,,
official_usgs_streamflow,09380000,09380000::origin=2,2,2026-05-03 00:00:00,seasonal_naive,0,4018959510,False,degenerate,2425.0,2481.70556640625,0.27624931931495667,1.1678133210526074,0.3218314516197604,72749.99963864684,226050.0,,,0.0,0.0,"{""wql_distribution"": ""Repeated point forecasts form a degenerate distribution; calibration is not measured.""}",0.0006037319981260225,,
official_usgs_streamflow,09380000,09380000::origin=2,2,2026-05-03 00:00:00,arima_2_1_2,0,851570922,False,gaussian,234.55258178710938,274.4297180175781,0.031253084540367126,0.11295407401990414,0.03665697196916764,8286.308513630345,226050.0,,,0.0,0.0,,0.35784656800024095,,
official_usgs_streamflow,09380000,09380000::origin=2,2,2026-05-03 00:00:00,auto_arima,0,2830886236,False,gaussian,253.8692169189453,297.44384765625,0.033878546208143234,0.12225643436005704,0.0381955621383826,8634.106821381387,226050.0,,,0.0,0.0,,0.6854372359994159,,
official_usgs_streamflow,09380000,09380000::origin=2,2,2026-05-03 00:00:00,prophet,0,3949255517,False,samples,153.4968719482422,213.6689453125,0.02049032226204872,0.07391987290765506,0.0254870733511193,5761.352931020518,226050.0,,,0.0,0.0,,0.13669278900124482,,
official_usgs_streamflow,09380000,09380000::origin=2,2,2026-05-03 00:00:00,prophet,1,3174517695,False,samples,166.77491760253906,236.72682189941406,0.022371670231223106,0.08031421459533859,0.026160074371898642,5913.484811767688,226050.0,,,0.0,0.0,,0.12514747000022908,,
official_usgs_streamflow,09380000,09380000::origin=2,2,2026-05-03 00:00:00,prophet,2,2546998272,False,samples,158.51930236816406,224.8802947998047,0.021302836015820503,0.07633853729876625,0.0255330635954986,5771.749025762459,226050.0,,,0.0,0.0,,0.12079621800148743,,
official_usgs_streamflow,09380000,09380000::origin=2,2,2026-05-03 00:00:00,deepar,0,536808630,False,samples,196.21014404296875,233.7996368408203,0.026057744398713112,0.094489410284136,0.02108206375613405,4765.600512074102,226050.0,,,0.0,0.0,,12.877960179001093,,
official_usgs_streamflow,09380000,09380000::origin=2,2,2026-05-03 00:00:00,deepar,1,3803012035,False,samples,404.5216064453125,521.1188354492188,0.05222950130701065,0.19480648274657164,0.042306070768093354,9563.287297127503,226050.0,,,0.0,0.0,,12.7874271590008,,
official_usgs_streamflow,09380000,09380000::origin=2,2,2026-05-03 00:00:00,deepar,2,2762305535,False,samples,304.7955627441406,351.3180847167969,0.04108982905745506,0.1467811622145704,0.02996406434835477,6773.376745945596,226050.0,,,0.0,0.0,,13.156588804999046,,
official_usgs_streamflow,14211720,14211720::origin=0,0,2026-07-02 00:00:00,chronos_t5_tiny,0,3848223271,False,chronos_samples,1178.572509765625,1350.103515625,0.16868117451667786,0.07286521063628582,0.13064435576739913,26550.852422608525,203230.0,,,0.0,0.0,,1.4071051200007787,,
official_usgs_streamflow,14211720,14211720::origin=0,0,2026-07-02 00:00:00,chronos_t5_tiny,1,2628145737,False,chronos_samples,1243.9635009765625,1419.13427734375,0.1774633526802063,0.07690800673819727,0.14469730605804104,29406.833510175682,203230.0,,,0.0,0.0,,1.3742591549998906,,
official_usgs_streamflow,14211720,14211720::origin=0,0,2026-07-02 00:00:00,chronos_t5_tiny,2,399592959,False,chronos_samples,988.6065063476562,1192.69091796875,0.14279207587242126,0.06112056808091488,0.1248275295710128,25368.69883471693,203230.0,,,0.0,0.0,,1.4277928139999858,,
official_usgs_streamflow,14211720,14211720::origin=0,0,2026-07-02 00:00:00,timesfm_2_5_200m,0,651130811,False,timesfm_quantiles,1405.4366455078125,1583.81494140625,0.19785137474536896,0.08689107913372832,0.16318184303054484,33163.445959097626,203230.0,,,0.0,0.0,,0.46608415299851913,,
official_usgs_streamflow,14211720,14211720::origin=0,0,2026-07-02 00:00:00,moirai_2_0_small,0,301697194,False,moirai_quantiles_no_mean,1088.630126953125,1283.6541748046875,0.15702186524868011,0.06730452547312554,0.12866708351906192,26149.011383578953,203230.0,,,0.0,0.0,,0.014975916001276346,,
official_usgs_streamflow,14211720,14211720::origin=0,0,2026-07-02 00:00:00,seasonal_naive,0,1075733638,False,degenerate,1671.0,2107.89990234375,0.2437874972820282,0.10330952568836581,0.24666633884154077,50130.00004276633,203230.0,,,0.0,0.0,"{""wql_distribution"": ""Repeated point forecasts form a degenerate distribution; calibration is not measured.""}",0.0005055619985796511,,
official_usgs_streamflow,14211720,14211720::origin=0,0,2026-07-02 00:00:00,arima_2_1_2,0,2639571579,False,gaussian,1922.24853515625,2113.32080078125,0.25923869013786316,0.1188429589599929,0.8925713186986018,181397.26909911685,203230.0,,,0.0,0.0,,0.07913793300031102,,
official_usgs_streamflow,14211720,14211720::origin=0,0,2026-07-02 00:00:00,auto_arima,0,186357008,False,gaussian,1311.7520751953125,1514.283447265625,0.186086043715477,0.08109903333881345,1.4330167848348048,291232.0011819774,203230.0,,,0.0,0.0,,0.33317526999962865,,
official_usgs_streamflow,14211720,14211720::origin=0,0,2026-07-02 00:00:00,prophet,0,2345248063,False,samples,2826.547119140625,3363.3388671875,0.3388945758342743,0.1747511922287461,0.7962080097721433,161813.3538259927,203230.0,,,0.0,0.0,,0.0705018820008263,,
official_usgs_streamflow,14211720,14211720::origin=0,0,2026-07-02 00:00:00,prophet,1,2119871194,False,samples,2369.43212890625,2858.986083984375,0.29182499647140503,0.14649007144708528,0.7886526522943292,160277.87852577653,203230.0,,,0.0,0.0,,0.06043120399772306,,
official_usgs_streamflow,14211720,14211720::origin=0,0,2026-07-02 00:00:00,prophet,2,90525760,False,samples,2653.8935546875,3279.45751953125,0.3185111880302429,0.16407689070148218,0.8003340634548929,162651.89171593788,203230.0,,,0.0,0.0,,0.055965976000152295,,
official_usgs_streamflow,14211720,14211720::origin=0,0,2026-07-02 00:00:00,deepar,0,607599623,False,samples,1117.4163818359375,1452.47509765625,0.16855759918689728,0.06908423483176575,0.1364890938128869,27738.678535593004,203230.0,,,0.0,0.0,,12.117673425000248,,
official_usgs_streamflow,14211720,14211720::origin=0,0,2026-07-02 00:00:00,deepar,1,31488853,False,samples,1933.4659423828125,2162.093994140625,0.25951188802719116,0.1195364748307466,0.22692554616826974,46118.07874777746,203230.0,,,0.0,0.0,,12.551286660000187,,
official_usgs_streamflow,14211720,14211720::origin=0,0,2026-07-02 00:00:00,deepar,2,3693312485,False,samples,876.1924438476562,1185.7735595703125,0.12749871611595154,0.0541705719842199,0.10821315334915185,21992.159155148132,203230.0,,,0.0,0.0,,11.931373950003035,,
official_usgs_streamflow,14211720,14211720::origin=1,1,2026-06-02 00:00:00,chronos_t5_tiny,0,3768500454,False,chronos_samples,1460.0028076171875,1923.38623046875,0.1476498693227768,0.07055031513615254,0.1323597033672099,38871.397684882206,293680.0,,,0.0,0.0,,1.3691856149998785,,
official_usgs_streamflow,14211720,14211720::origin=1,1,2026-06-02 00:00:00,chronos_t5_tiny,1,2736842753,False,chronos_samples,1458.190673828125,1835.594482421875,0.14771099388599396,0.07046274913338856,0.13684037605576638,40187.28164005747,293680.0,,,0.0,0.0,,1.3620161729995743,,
official_usgs_streamflow,14211720,14211720::origin=1,1,2026-06-02 00:00:00,chronos_t5_tiny,2,2883574907,False,chronos_samples,1429.102783203125,1862.8980712890625,0.14485526084899902,0.06905716289784636,0.13411647883152733,39387.327503242945,293680.0,,,0.0,0.0,,1.4196985550006502,,
official_usgs_streamflow,14211720,14211720::origin=1,1,2026-06-02 00:00:00,timesfm_2_5_200m,0,3827069770,False,timesfm_quantiles,1330.500244140625,1761.8302001953125,0.13407808542251587,0.06429248698914897,0.12306408108755597,36141.459333793435,293680.0,,,0.0,0.0,,0.4733523900031287,,
official_usgs_streamflow,14211720,14211720::origin=1,1,2026-06-02 00:00:00,moirai_2_0_small,0,2882708735,False,moirai_quantiles_no_mean,1297.13232421875,1746.2642822265625,0.13056446611881256,0.06268008100359593,0.12751347957059256,37448.15868029162,293680.0,,,0.0,0.0,,0.015673645000788383,,
official_usgs_streamflow,14211720,14211720::origin=1,1,2026-06-02 00:00:00,seasonal_naive,0,1332295483,False,degenerate,2343.0,2661.9208984375,0.25199761986732483,0.11321854143128941,0.23934214129928297,70290.00005677342,293680.0,,,0.0,0.0,"{""wql_distribution"": ""Repeated point forecasts form a degenerate distribution; calibration is not measured.""}",0.0016010149993235245,,
official_usgs_streamflow,14211720,14211720::origin=1,1,2026-06-02 00:00:00,arima_2_1_2,0,2805763428,False,gaussian,1776.433837890625,2105.93408203125,0.1784348338842392,0.08584090826938291,0.7960471560016423,233783.12877456233,293680.0,,,0.0,0.0,,0.0597055479993287,,
official_usgs_streamflow,14211720,14211720::origin=1,1,2026-06-02 00:00:00,auto_arima,0,1925098691,False,gaussian,1696.600341796875,2028.16357421875,0.17094774544239044,0.08198319081949179,0.9993612756823244,293492.419442385,293680.0,,,0.0,0.0,,0.4377837450010702,,
official_usgs_streamflow,14211720,14211720::origin=1,1,2026-06-02 00:00:00,prophet,0,1090217418,False,samples,15400.5771484375,15564.0078125,0.8869748711585999,0.744187316238216,1.0547789057617543,309767.469044112,293680.0,,,0.0,0.0,,0.07145527000102447,,
official_usgs_streamflow,14211720,14211720::origin=1,1,2026-06-02 00:00:00,prophet,1,530639096,False,samples,14662.482421875,14850.74609375,0.8626371622085571,0.7085210727983813,1.0139388722966383,297773.56801607675,293680.0,,,0.0,0.0,,0.056942373998026596,,
official_usgs_streamflow,14211720,14211720::origin=1,1,2026-06-02 00:00:00,prophet,2,2707653132,False,samples,15524.26171875,15783.099609375,0.8881612420082092,0.7501640070825766,1.0668771503622214,313320.4815183772,293680.0,,,0.0,0.0,,0.07062358299663174,,
official_usgs_streamflow,14211720,14211720::origin=1,1,2026-06-02 00:00:00,deepar,0,1065546728,False,samples,1553.7952880859375,2069.782958984375,0.153829887509346,0.0750825591975672,0.13022891571028036,38245.62796579514,293680.0,,,0.0,0.0,,13.40483271300036,,
official_usgs_streamflow,14211720,14211720::origin=1,1,2026-06-02 00:00:00,deepar,1,1652778530,False,samples,1418.650146484375,1813.81494140625,0.1410326510667801,0.06855207016058301,0.11286224832019696,33145.385086675444,293680.0,,,0.0,0.0,,12.320640981997713,,
official_usgs_streamflow,14211720,14211720::origin=1,1,2026-06-02 00:00:00,deepar,2,4108541883,False,samples,2879.158447265625,3405.630859375,0.26834362745285034,0.13912681175799832,0.2364737247071445,69447.6034719942,293680.0,,,0.0,0.0,,12.796220466996601,,
official_usgs_streamflow,14211720,14211720::origin=2,2,2026-05-03 00:00:00,chronos_t5_tiny,0,3242520290,False,chronos_samples,3127.0166015625,3559.31884765625,0.22160109877586365,0.10270151459528246,0.1753694653852628,68729.04717913835,391910.0,,,0.0,0.0,,1.5276496459991904,,
official_usgs_streamflow,14211720,14211720::origin=2,2,2026-05-03 00:00:00,chronos_t5_tiny,1,524424188,False,chronos_samples,3150.96142578125,3561.321533203125,0.22295446693897247,0.10348794141270154,0.16964444115870564,66485.35293450832,391910.0,,,0.0,0.0,,1.4678402379977342,,
official_usgs_streamflow,14211720,14211720::origin=2,2,2026-05-03 00:00:00,chronos_t5_tiny,2,251345765,False,chronos_samples,3007.292724609375,3349.17236328125,0.21434512734413147,0.09876938852656852,0.15696175387637468,61514.880961689996,391910.0,,,0.0,0.0,,1.428449726998224,,
official_usgs_streamflow,14211720,14211720::origin=2,2,2026-05-03 00:00:00,timesfm_2_5_200m,0,2225608398,False,timesfm_quantiles,969.9854736328125,1121.8570556640625,0.0729888305068016,0.03185751467636433,0.10455038741707832,40974.342332627166,391910.0,,,0.0,0.0,,0.4912117460007721,,
official_usgs_streamflow,14211720,14211720::origin=2,2,2026-05-03 00:00:00,moirai_2_0_small,0,2795646744,False,moirai_quantiles_no_mean,3593.5537109375,3958.435546875,0.24962547421455383,0.11802412840033097,0.23904696003222015,93684.8941062274,391910.0,,,0.0,0.0,,0.029208593001385452,,
official_usgs_streamflow,14211720,14211720::origin=2,2,2026-05-03 00:00:00,seasonal_naive,0,3702114781,False,degenerate,3316.333251953125,3600.63916015625,0.22859659790992737,0.10891929633763313,0.2538593031914856,99489.99951377511,391910.0,,,0.0,0.0,"{""wql_distribution"": ""Repeated point forecasts form a degenerate distribution; calibration is not measured.""}",0.0006174640002427623,,
official_usgs_streamflow,14211720,14211720::origin=2,2,2026-05-03 00:00:00,arima_2_1_2,0,554616456,False,gaussian,5033.5771484375,5338.42919921875,0.33032453060150146,0.16531923646277505,0.6515143485542222,255334.9883418852,391910.0,,,0.0,0.0,,0.05236209600116126,,
official_usgs_streamflow,14211720,14211720::origin=2,2,2026-05-03 00:00:00,auto_arima,0,1154511219,False,gaussian,4310.361328125,4653.87109375,0.29075270891189575,0.14156644919319367,0.8338335066938233,326787.6896083763,391910.0,,,0.0,0.0,,0.3699209250007698,,
official_usgs_streamflow,14211720,14211720::origin=2,2,2026-05-03 00:00:00,prophet,0,3309251189,False,samples,29204.60546875,29433.099609375,1.0552284717559814,0.9591753408982807,1.5172207201649857,594613.9724398595,391910.0,,,0.0,0.0,,0.06863874400005443,,
official_usgs_streamflow,14211720,14211720::origin=2,2,2026-05-03 00:00:00,prophet,1,2064267229,False,samples,29347.13671875,29477.86328125,1.0596197843551636,0.9638565361451638,1.559728821308458,611273.3223589978,391910.0,,,0.0,0.0,,0.054111534998810384,,
official_usgs_streamflow,14211720,14211720::origin=2,2,2026-05-03 00:00:00,prophet,2,2889218111,False,samples,28100.291015625,28316.958984375,1.0364161729812622,0.9229060205279546,1.471704605913238,576775.7521034571,391910.0,,,0.0,0.0,,0.06706188299722271,,
official_usgs_streamflow,14211720,14211720::origin=2,2,2026-05-03 00:00:00,deepar,0,4186471781,False,samples,2805.031494140625,3705.510986328125,0.18645444512367249,0.09212646418051083,0.17132699891419773,67144.76414446323,391910.0,,,0.0,0.0,,12.124430823001603,,
official_usgs_streamflow,14211720,14211720::origin=2,2,2026-05-03 00:00:00,deepar,1,66453547,False,samples,1270.0352783203125,1571.95703125,0.10525460541248322,0.04171213757156325,0.07915733692026554,31022.55191242127,391910.0,,,0.0,0.0,,12.933117125998251,,
official_usgs_streamflow,14211720,14211720::origin=2,2,2026-05-03 00:00:00,deepar,2,1800753710,False,samples,1808.196044921875,2437.5068359375,0.12754574418067932,0.059387107956473145,0.10662257119327415,41786.45187635607,391910.0,,,0.0,0.0,,12.703981015001773,,
official_bls_macro,CES0000000001,CES0000000001::origin=0,0,2026-02-01 00:00:00,chronos_t5_tiny,0,468389120,False,chronos_samples,462.4114685058594,489.0380554199219,0.0029166219756007195,0.13800072911618033,0.002868263419549972,2731.9750149066354,952484.0,,,0.0,0.0,,0.20865525000044727,,
official_bls_macro,CES0000000001,CES0000000001::origin=0,0,2026-02-01 00:00:00,chronos_t5_tiny,1,1530902384,False,chronos_samples,462.4114685058594,489.0380554199219,0.0029166219756007195,0.13800072911618033,0.0028955265638340565,2757.9427236269175,952484.0,,,0.0,0.0,,0.21051401399745373,,
official_bls_macro,CES0000000001,CES0000000001::origin=0,0,2026-02-01 00:00:00,chronos_t5_tiny,2,2956486363,False,chronos_samples,462.4114685058594,489.0380554199219,0.0029166219756007195,0.13800072911618033,0.0031111539114049773,2963.324322150658,952484.0,,,0.0,0.0,,0.22595695099880686,,
official_bls_macro,CES0000000001,CES0000000001::origin=0,0,2026-02-01 00:00:00,timesfm_2_5_200m,0,2638634879,False,timesfm_quantiles,123.6640625,144.3218536376953,0.0007792313117533922,0.036905941899779346,0.0010783008089043857,1027.064267668485,952484.0,,,0.0,0.0,,0.4288980960009212,,
official_bls_macro,CES0000000001,CES0000000001::origin=0,0,2026-02-01 00:00:00,moirai_2_0_small,0,2100807618,False,moirai_quantiles_no_mean,292.4088439941406,318.797607421875,0.0018407474271953106,0.08726564200839995,0.0014471415423513263,1378.3791648249608,952484.0,,,0.0,0.0,,0.009855878997768741,,
official_bls_macro,CES0000000001,CES0000000001::origin=0,0,2026-02-01 00:00:00,seasonal_naive,0,3362219921,False,degenerate,299.0,311.557373046875,0.0018848938634619117,0.0892326873705449,0.001883496215065969,1794.0000089108944,952484.0,,,0.0,0.0,"{""wql_distribution"": ""Repeated point forecasts form a degenerate distribution; calibration is not measured.""}",0.0004749809995701071,,
official_bls_macro,CES0000000001,CES0000000001::origin=0,0,2026-02-01 00:00:00,arima_2_1_2,0,351476787,False,gaussian,232.9739532470703,248.52479553222656,0.001468207687139511,0.06952806667416646,0.004201385952018575,4001.752897122461,952484.0,,,0.0,0.0,,0.0314569499969366,,
official_bls_macro,CES0000000001,CES0000000001::origin=0,0,2026-02-01 00:00:00,auto_arima,0,1854100527,False,gaussian,228.1328125,242.44525146484375,0.0014376757899299264,0.06808329075844695,0.004238596770584274,4037.1956064331916,952484.0,,,0.0,0.0,,0.2551660240023921,,
official_bls_macro,CES0000000001,CES0000000001::origin=0,0,2026-02-01 00:00:00,prophet,0,554040096,False,samples,1216.2578125,1299.3182373046875,0.007630056235939264,0.3629764319223924,0.005323868271934888,5070.89934712563,952484.0,,,0.0,0.0,,0.07485151899891207,,
official_bls_macro,CES0000000001,CES0000000001::origin=0,0,2026-02-01 00:00:00,prophet,1,2520137125,False,samples,1368.2838134765625,1420.558837890625,0.008581063710153103,0.40834662796699356,0.005678772155657017,5408.939617908818,952484.0,,,0.0,0.0,,0.07114039000225603,,
official_bls_macro,CES0000000001,CES0000000001::origin=0,0,2026-02-01 00:00:00,prophet,2,489462679,False,samples,1266.765625,1343.4302978515625,0.007945816032588482,0.37804983607818704,0.005451846499130896,5192.796560878192,952484.0,,,0.0,0.0,,0.0747455370001262,,
official_bls_macro,CES0000000001,CES0000000001::origin=0,0,2026-02-01 00:00:00,deepar,0,2489211268,False,samples,634.1510620117188,649.1249389648438,0.003987032920122147,0.1892541921812399,0.0026464588988362025,2520.7097577991017,952484.0,,,0.0,0.0,,6.720422318001511,,
official_bls_macro,CES0000000001,CES0000000001::origin=0,0,2026-02-01 00:00:00,deepar,1,925851498,False,samples,2131.7734375,2133.757568359375,0.013338841497898102,0.6362002431213022,0.01074042647654506,10230.084372085545,952484.0,,,0.0,0.0,,7.0949989420005295,,
official_bls_macro,CES0000000001,CES0000000001::origin=0,0,2026-02-01 00:00:00,deepar,2,3225479295,False,samples,978.6380004882812,990.0499877929688,0.006145706865936518,0.29206186871741124,0.004121874814226206,3926.019810553433,952484.0,,,0.0,0.0,,7.577408717999788,,
official_bls_macro,CES0000000001,CES0000000001::origin=1,1,2025-08-01 00:00:00,chronos_t5_tiny,0,1308561843,False,chronos_samples,384.453125,389.9642639160156,0.002422970486804843,0.11141373080557253,0.0033143978748074606,3151.664253552289,950901.0,,,0.0,0.0,,0.41719032199762296,,
official_bls_macro,CES0000000001,CES0000000001::origin=1,1,2025-08-01 00:00:00,chronos_t5_tiny,1,4063404444,False,chronos_samples,384.453125,389.9642639160156,0.002422970486804843,0.11141373080557253,0.0031683653216377553,3012.801752710663,950901.0,,,0.0,0.0,,0.3014183800005412,,
official_bls_macro,CES0000000001,CES0000000001::origin=1,1,2025-08-01 00:00:00,chronos_t5_tiny,2,636569460,False,chronos_samples,384.453125,389.9642639160156,0.002422970486804843,0.11141373080557253,0.003430730165384461,3262.284744994249,950901.0,,,0.0,0.0,,0.2902695499979018,,
official_bls_macro,CES0000000001,CES0000000001::origin=1,1,2025-08-01 00:00:00,timesfm_2_5_200m,0,304091269,False,timesfm_quantiles,148.8359375,180.6255645751953,0.0009386914898641407,0.04313235085504902,0.0010245856618520681,974.2795304407935,950901.0,,,0.0,0.0,,0.47722740400058683,,
official_bls_macro,CES0000000001,CES0000000001::origin=1,1,2025-08-01 00:00:00,moirai_2_0_small,0,1599554874,False,moirai_quantiles_no_mean,626.2604370117188,638.6494750976562,0.003943614661693573,0.18148899620312317,0.003343240374702395,3179.090615544882,950901.0,,,0.0,0.0,,0.009220891999575542,,
official_bls_macro,CES0000000001,CES0000000001::origin=1,1,2025-08-01 00:00:00,seasonal_naive,0,970500041,False,degenerate,437.3333435058594,480.5243835449219,0.0027639984618872404,0.12673831017933018,0.0027594881202496883,2624.000013033549,950901.0,,,0.0,0.0,"{""wql_distribution"": ""Repeated point forecasts form a degenerate distribution; calibration is not measured.""}",0.003123979000520194,,
official_bls_macro,CES0000000001,CES0000000001::origin=1,1,2025-08-01 00:00:00,arima_2_1_2,0,3834171180,False,gaussian,72.265625,77.03559875488281,0.0004559477383736521,0.020942430602551226,0.004163320545748295,3958.9056702726,950901.0,,,0.0,0.0,,0.03889765100029763,,
official_bls_macro,CES0000000001,CES0000000001::origin=1,1,2025-08-01 00:00:00,auto_arima,0,1126835867,False,gaussian,74.85416412353516,81.0621109008789,0.00047227655886672437,0.02169258395632937,0.004206323621388623,3999.797337902063,950901.0,,,0.0,0.0,,0.3338165589993878,,
official_bls_macro,CES0000000001,CES0000000001::origin=1,1,2025-08-01 00:00:00,prophet,0,4239654744,False,samples,2575.713623046875,2599.2802734375,0.016118938103318214,0.746436549918512,0.01183789476570364,11256.665970602357,950901.0,,,0.0,0.0,,0.08319280100113247,,
official_bls_macro,CES0000000001,CES0000000001::origin=1,1,2025-08-01 00:00:00,prophet,1,2192234514,False,samples,2574.575439453125,2596.802734375,0.016112038865685463,0.7461067066365218,0.011914754252600393,11329.751733551966,950901.0,,,0.0,0.0,,0.06991915400067228,,
official_bls_macro,CES0000000001,CES0000000001::origin=1,1,2025-08-01 00:00:00,prophet,2,3020566024,False,samples,2537.841064453125,2570.220703125,0.015882786363363266,0.735461159750771,0.012466138103928893,11854.063189164088,950901.0,,,0.0,0.0,,0.07463737500074785,,
official_bls_macro,CES0000000001,CES0000000001::origin=1,1,2025-08-01 00:00:00,deepar,0,1023079747,False,samples,1296.0650634765625,1316.2752685546875,0.008143790066242218,0.37559700961901404,0.005802538065846929,5517.639249351911,950901.0,,,0.0,0.0,,6.702442576999601,,
official_bls_macro,CES0000000001,CES0000000001::origin=1,1,2025-08-01 00:00:00,deepar,1,528394765,False,samples,624.5208129882812,638.565673828125,0.003932656720280647,0.18098485671238507,0.002679359448624132,2547.8055790561357,950901.0,,,0.0,0.0,,7.09551983900019,,
official_bls_macro,CES0000000001,CES0000000001::origin=1,1,2025-08-01 00:00:00,deepar,2,503796312,False,samples,920.1432495117188,938.17578125,0.005788607057183981,0.26665563533568204,0.0042810282475132565,4070.834041588603,950901.0,,,0.0,0.0,,6.875783103998401,,
official_bls_macro,CES0000000001,CES0000000001::origin=2,2,2025-02-01 00:00:00,chronos_t5_tiny,0,2498203259,False,chronos_samples,106.22916412353516,120.05607604980469,0.0006705441046506166,0.029998010053096963,0.0009526144270936152,905.641009693629,950690.0,,,0.0,0.0,,0.2779395719990134,,
official_bls_macro,CES0000000001,CES0000000001::origin=2,2,2025-02-01 00:00:00,chronos_t5_tiny,1,470606561,False,chronos_samples,398.2682189941406,548.5355224609375,0.0025068579707294703,0.11246679888511267,0.0015625767309229604,1485.5260723211493,950690.0,,,0.0,0.0,,0.27204189199983375,,
official_bls_macro,CES0000000001,CES0000000001::origin=2,2,2025-02-01 00:00:00,chronos_t5_tiny,2,32443207,False,chronos_samples,106.22916412353516,120.05607604980469,0.0006705441046506166,0.029998010053096963,0.0012887262965998888,1225.1792029145483,950690.0,,,0.0,0.0,,0.27479913200295414,,
official_bls_macro,CES0000000001,CES0000000001::origin=2,2,2025-02-01 00:00:00,timesfm_2_5_200m,0,3537840659,False,timesfm_quantiles,187.2838592529297,211.79176330566406,0.0011810219148173928,0.05288701214027041,0.0011174661568482843,1062.3639006540955,950690.0,,,0.0,0.0,,0.4750614980002865,,
official_bls_macro,CES0000000001,CES0000000001::origin=2,2,2025-02-01 00:00:00,moirai_2_0_small,0,3526111206,False,moirai_quantiles_no_mean,426.515625,427.1665344238281,0.0026881929952651262,0.12044357227243094,0.0022101900210203603,2101.2055510838463,950690.0,,,0.0,0.0,,0.009388433998537948,,
official_bls_macro,CES0000000001,CES0000000001::origin=2,2,2025-02-01 00:00:00,seasonal_naive,0,2812175427,False,degenerate,900.8333129882812,906.159912109375,0.005701991263777018,0.2543859494908714,0.0056853443570952945,5405.000026846926,950690.0,,,0.0,0.0,"{""wql_distribution"": ""Repeated point forecasts form a degenerate distribution; calibration is not measured.""}",0.0006650520008406602,,
official_bls_macro,CES0000000001,CES0000000001::origin=2,2,2025-02-01 00:00:00,arima_2_1_2,0,2485304016,False,gaussian,247.2395782470703,260.6361083984375,0.0015614734729751945,0.06981788301707906,0.0043575383993090895,4142.668180839159,950690.0,,,0.0,0.0,,0.047639059001085116,,
official_bls_macro,CES0000000001,CES0000000001::origin=2,2,2025-02-01 00:00:00,auto_arima,0,2135788432,False,gaussian,223.8984375,237.19517517089844,0.0014139428967610002,0.06322658786232184,0.004383083807775249,4166.9539452138515,950690.0,,,0.0,0.0,,0.2609280629985733,,
official_bls_macro,CES0000000001,CES0000000001::origin=2,2,2025-02-01 00:00:00,prophet,0,774661913,False,samples,2519.627685546875,2620.359130859375,0.015766652300953865,0.7115166278932523,0.011801006227702733,11219.09861061471,950690.0,,,0.0,0.0,,0.08048769199740491,,
official_bls_macro,CES0000000001,CES0000000001::origin=2,2,2025-02-01 00:00:00,prophet,1,380076557,False,samples,2544.877685546875,2677.055419921875,0.015920152887701988,0.7186469650289173,0.011794893346804268,11213.28715587335,950690.0,,,0.0,0.0,,0.06762669099771301,,
official_bls_macro,CES0000000001,CES0000000001::origin=2,2,2025-02-01 00:00:00,prophet,2,885359535,False,samples,2497.427001953125,2622.437744140625,0.015626484528183937,0.7052473859658992,0.011525513347751459,10957.190284573835,950690.0,,,0.0,0.0,,0.07106105500133708,,
official_bls_macro,CES0000000001,CES0000000001::origin=2,2,2025-02-01 00:00:00,deepar,0,546037466,False,samples,969.4635620117188,976.1470336914062,0.006099286023527384,0.27376641734203006,0.004268878256589466,4058.379869757039,950690.0,,,0.0,0.0,,7.146518148998439,,
official_bls_macro,CES0000000001,CES0000000001::origin=2,2,2025-02-01 00:00:00,deepar,1,3736162114,False,samples,984.5651245117188,985.8804321289062,0.006194420158863068,0.27803094137768614,0.004158978185256792,3953.89897094178,950690.0,,,0.0,0.0,,6.917904599002213,,
official_bls_macro,CES0000000001,CES0000000001::origin=2,2,2025-02-01 00:00:00,deepar,2,1589168316,False,samples,1118.3099365234375,1122.4542236328125,0.007032931316643953,0.3157990839436147,0.004922749466868483,4680.008690657198,950690.0,,,0.0,0.0,,6.931146332997741,,
official_bls_macro,CUUR0000SA0,CUUR0000SA0::origin=0,0,2026-02-01 00:00:00,chronos_t5_tiny,0,2257402524,False,chronos_samples,6.538279056549072,6.855063438415527,0.019846053794026375,0.9397659468410418,0.01568409338953391,31.258572350499588,1993.0111083984375,,,0.0,0.0,,0.2782735809996666,,
official_bls_macro,CUUR0000SA0,CUUR0000SA0::origin=0,0,2026-02-01 00:00:00,chronos_t5_tiny,1,2136556625,False,chronos_samples,6.538279056549072,6.855063438415527,0.019846053794026375,0.9397659468410418,0.01604364517810421,31.975163059164718,1993.0111083984375,,,0.0,0.0,,0.31140469899764867,,
official_bls_macro,CUUR0000SA0,CUUR0000SA0::origin=0,0,2026-02-01 00:00:00,chronos_t5_tiny,2,1016547208,False,chronos_samples,6.69635009765625,7.019838333129883,0.020331190899014473,0.9624859592983628,0.016470882422872483,32.82665163390943,1993.0111083984375,,,0.0,0.0,,0.2973767380026402,,
official_bls_macro,CUUR0000SA0,CUUR0000SA0::origin=0,0,2026-02-01 00:00:00,timesfm_2_5_200m,0,558294779,False,timesfm_quantiles,4.24163293838501,4.687780857086182,0.01281832903623581,0.6096622918688086,0.009024226182367126,17.985383026157706,1993.0111083984375,,,0.0,0.0,,0.40684532100203796,,
official_bls_macro,CUUR0000SA0,CUUR0000SA0::origin=0,0,2026-02-01 00:00:00,moirai_2_0_small,0,3188013265,False,moirai_quantiles_no_mean,4.54711389541626,5.0349955558776855,0.013749606907367706,0.6535699621201763,0.01184492242773771,23.607061976599045,1993.0111083984375,,,0.0,0.0,,0.008876514999428764,,
official_bls_macro,CUUR0000SA0,CUUR0000SA0::origin=0,0,2026-02-01 00:00:00,seasonal_naive,0,2807287690,False,degenerate,11.043492317199707,11.192928314208984,0.03378124162554741,1.58731340833633,0.033246656709763754,66.26095613966861,1993.0111083984375,,,0.0,0.0,"{""wql_distribution"": ""Repeated point forecasts form a degenerate distribution; calibration is not measured.""}",0.0005618290015263483,,
official_bls_macro,CUUR0000SA0,CUUR0000SA0::origin=0,0,2026-02-01 00:00:00,arima_2_1_2,0,3676211859,False,gaussian,4.187520503997803,4.634800434112549,0.012655452825129032,0.601884553614148,0.010174620659423964,20.278131997972196,1993.0111083984375,,,0.0,0.0,,0.08435816400015028,,
official_bls_macro,CUUR0000SA0,CUUR0000SA0::origin=0,0,2026-02-01 00:00:00,auto_arima,0,516900318,False,gaussian,3.1109466552734375,3.534722089767456,0.009386323392391205,0.44714544970922065,0.007307504286472902,14.563937217609691,1993.0111083984375,,,0.0,0.0,,0.5755206829999224,,
official_bls_macro,CUUR0000SA0,CUUR0000SA0::origin=0,0,2026-02-01 00:00:00,prophet,0,3881840391,False,samples,2.3469340801239014,2.6735219955444336,0.007071223109960556,0.337331690633782,0.006163535805910018,12.283995328190182,1993.0111083984375,,,0.0,0.0,,0.12405594599840697,,
official_bls_macro,CUUR0000SA0,CUUR0000SA0::origin=0,0,2026-02-01 00:00:00,prophet,1,1972252171,False,samples,2.408696413040161,2.7202141284942627,0.007258027791976929,0.3462089711490611,0.006413620663703369,12.782417227814575,1993.0111083984375,,,0.0,0.0,,0.11103587999969022,,
official_bls_macro,CUUR0000SA0,CUUR0000SA0::origin=0,0,2026-02-01 00:00:00,prophet,2,430428033,False,samples,2.329681396484375,2.642768621444702,0.00701863830909133,0.33485191201989606,0.00620512774648991,12.366888527785754,1993.0111083984375,,,0.0,0.0,,0.12594746299873805,,
official_bls_macro,CUUR0000SA0,CUUR0000SA0::origin=0,0,2026-02-01 00:00:00,deepar,0,3779887336,False,samples,3.136113405227661,3.4406802654266357,0.009459121152758598,0.450762740191179,0.007144252749112872,14.238575090188029,1993.0111083984375,,,0.0,0.0,,7.219746022998152,,
official_bls_macro,CUUR0000SA0,CUUR0000SA0::origin=0,0,2026-02-01 00:00:00,deepar,1,1239853548,False,samples,4.054906368255615,4.487943649291992,0.012249262072145939,0.5828235365235068,0.010140307166693898,20.209744825793223,1993.0111083984375,,,0.0,0.0,,7.787706077997427,,
official_bls_macro,CUUR0000SA0,CUUR0000SA0::origin=0,0,2026-02-01 00:00:00,deepar,2,2624041401,False,samples,2.643091917037964,2.9289488792419434,0.007968434132635593,0.3798993215982573,0.005790975402723745,11.54147830609054,1993.0111083984375,,,0.0,0.0,,10.01894781900046,,
official_bls_macro,CUUR0000SA0,CUUR0000SA0::origin=2,2,2025-02-01 00:00:00,chronos_t5_tiny,0,2849321713,False,chronos_samples,2.085322141647339,2.114497423171997,0.006516721099615097,0.3040599145577552,0.004219933986384261,8.130757808265875,1926.75,,,0.0,0.0,,0.33846893000009004,,
official_bls_macro,CUUR0000SA0,CUUR0000SA0::origin=2,2,2025-02-01 00:00:00,chronos_t5_tiny,1,4185223880,False,chronos_samples,1.7743682861328125,1.8489748239517212,0.005539212375879288,0.25871986812039227,0.0040799030933260354,7.860953285065938,1926.75,,,0.0,0.0,,0.4599584979987412,,
official_bls_macro,CUUR0000SA0,CUUR0000SA0::origin=2,2,2025-02-01 00:00:00,chronos_t5_tiny,2,3774502032,False,chronos_samples,1.7743682861328125,1.8489748239517212,0.005539212375879288,0.25871986812039227,0.003933493683132197,7.578858953974962,1926.75,,,0.0,0.0,,0.4592277580013615,,
official_bls_macro,CUUR0000SA0,CUUR0000SA0::origin=2,2,2025-02-01 00:00:00,timesfm_2_5_200m,0,234653690,False,timesfm_quantiles,0.7332509160041809,0.8061521649360657,0.00228288141079247,0.10691499716849588,0.0027121886939632705,5.225709566093731,1926.75,,,0.0,0.0,,0.5622975689984742,,
official_bls_macro,CUUR0000SA0,CUUR0000SA0::origin=2,2,2025-02-01 00:00:00,moirai_2_0_small,0,759673839,False,moirai_quantiles_no_mean,1.3476969003677368,1.509298324584961,0.004199231043457985,0.19650709892326362,0.0029453821453518433,5.675015048556664,1926.75,,,0.0,0.0,,0.01710076200106414,,
official_bls_macro,CUUR0000SA0,CUUR0000SA0::origin=2,2,2025-02-01 00:00:00,seasonal_naive,0,3983356753,False,degenerate,7.9600067138671875,7.982847690582275,0.025100059807300568,1.1606451171067695,0.024787876227029874,47.76004052042981,1926.75,,,0.0,0.0,"{""wql_distribution"": ""Repeated point forecasts form a degenerate distribution; calibration is not measured.""}",0.0009592890019121114,,
official_bls_macro,CUUR0000SA0,CUUR0000SA0::origin=2,2,2025-02-01 00:00:00,arima_2_1_2,0,917157533,False,gaussian,0.6770680546760559,0.7064453959465027,0.002103990176692605,0.09872299859241741,0.0019746641661356357,3.804684182101836,1926.75,,,0.0,0.0,,0.10206338699936168,,
official_bls_macro,CUUR0000SA0,CUUR0000SA0::origin=2,2,2025-02-01 00:00:00,auto_arima,0,497683734,False,gaussian,1.3818410634994507,1.4955343008041382,0.004284985363483429,0.20148564450005094,0.002848902153902178,5.489122225031021,1926.75,,,0.0,0.0,,0.95687714000087,,
official_bls_macro,CUUR0000SA0,CUUR0000SA0::origin=2,2,2025-02-01 00:00:00,prophet,0,4230440858,False,samples,4.152587890625,4.208477020263672,0.012837839312851429,0.6054870343531499,0.011148119521281167,21.47963928762849,1926.75,,,0.0,0.0,,0.15559961899998598,,
official_bls_macro,CUUR0000SA0,CUUR0000SA0::origin=2,2,2025-02-01 00:00:00,prophet,1,2789281817,False,samples,4.06116247177124,4.127830982208252,0.012555979192256927,0.5921563337914031,0.010905179485859671,21.01155457438012,1926.75,,,0.0,0.0,,0.136123634998512,,
official_bls_macro,CUUR0000SA0,CUUR0000SA0::origin=2,2,2025-02-01 00:00:00,prophet,2,264559415,False,samples,4.124013423919678,4.164787769317627,0.012751820497214794,0.6013206037900091,0.011065354995573136,21.32017273772054,1926.75,,,0.0,0.0,,0.16112783099742956,,
official_bls_macro,CUUR0000SA0,CUUR0000SA0::origin=2,2,2025-02-01 00:00:00,deepar,0,3167210649,False,samples,1.8761953115463257,2.1330785751342773,0.005850586574524641,0.2735672224109119,0.004410560294477154,8.498047047383857,1926.75,,,0.0,0.0,,9.035016366000491,,
official_bls_macro,CUUR0000SA0,CUUR0000SA0::origin=2,2,2025-02-01 00:00:00,deepar,1,3470188605,False,samples,2.429051637649536,2.545093059539795,0.007542671635746956,0.3541789628803541,0.005561473330040533,10.715568738655596,1926.75,,,0.0,0.0,,8.751695315997495,,
official_bls_macro,CUUR0000SA0,CUUR0000SA0::origin=2,2,2025-02-01 00:00:00,deepar,2,1058227917,False,samples,1.3235574960708618,1.5474740266799927,0.004119343589991331,0.19298734288107022,0.0030826039102445487,5.939407084063684,1926.75,,,0.0,0.0,,6.879204906999803,,
official_bls_macro,LNS14000000,LNS14000000::origin=0,0,2026-02-01 00:00:00,chronos_t5_tiny,0,1174301184,False,chronos_samples,0.2168324738740921,0.23630407452583313,0.05264553427696228,0.19248001043393972,0.03549107613944378,0.9085715627085319,25.600000381469727,,,0.0,0.0,,0.3033554230023583,,
official_bls_macro,LNS14000000,LNS14000000::origin=0,0,2026-02-01 00:00:00,chronos_t5_tiny,1,1191394424,False,chronos_samples,0.2029155045747757,0.22108033299446106,0.049212101846933365,0.18012605648930732,0.03822389893595519,0.9785318273417131,25.600000381469727,,,0.0,0.0,,0.27914163199966424,,
official_bls_macro,LNS14000000,LNS14000000::origin=0,0,2026-02-01 00:00:00,chronos_t5_tiny,2,1504343999,False,chronos_samples,0.2690209448337555,0.28711697459220886,0.06564068794250488,0.2388071922225879,0.04019478117838279,1.0289864134996916,25.600000381469727,,,0.0,0.0,,0.26890194800216705,,
official_bls_macro,LNS14000000,LNS14000000::origin=0,0,2026-02-01 00:00:00,timesfm_2_5_200m,0,828204663,False,timesfm_quantiles,0.21187980473041534,0.2572615146636963,0.048611294478178024,0.18808357575135476,0.0369344420256152,0.9455217299451206,25.600000381469727,,,0.0,0.0,,0.4121843950015318,,
official_bls_macro,LNS14000000,LNS14000000::origin=0,0,2026-02-01 00:00:00,moirai_2_0_small,0,1473051623,False,moirai_quantiles_no_mean,0.14786219596862793,0.17869791388511658,0.034304458647966385,0.1312557870799043,0.024270728884312986,0.6213306686969607,25.600000381469727,,,0.0,0.0,,0.0088948930024344,,
official_bls_macro,LNS14000000,LNS14000000::origin=0,0,2026-02-01 00:00:00,seasonal_naive,0,3563499897,False,degenerate,0.11666687577962875,0.13540086150169373,0.027547696605324745,0.10356401449534547,0.027343798079527328,0.7000012412667308,25.600000381469727,,,0.0,0.0,"{""wql_distribution"": ""Repeated point forecasts form a degenerate distribution; calibration is not measured.""}",0.0005069840008218307,,
official_bls_macro,LNS14000000,LNS14000000::origin=0,0,2026-02-01 00:00:00,arima_2_1_2,0,3949560032,False,gaussian,0.06720439344644547,0.08497112989425659,0.015812018886208534,0.059656665446199075,0.07509616825431714,1.9224619359574335,25.600000381469727,,,0.0,0.0,,0.03476865499760606,,
official_bls_macro,LNS14000000,LNS14000000::origin=0,0,2026-02-01 00:00:00,auto_arima,0,846419983,False,gaussian,0.25808945298194885,0.30616310238838196,0.05880831554532051,0.22910341663906506,0.08021647216836708,2.053541718110353,25.600000381469727,,,0.0,0.0,,0.35548590699909255,,
official_bls_macro,LNS14000000,LNS14000000::origin=0,0,2026-02-01 00:00:00,prophet,0,1408166918,False,samples,0.17479734122753143,0.2842830717563629,0.04238029196858406,0.15516584514382648,0.08513645848657518,2.179493369733306,25.600000381469727,,,0.0,0.0,,0.0928639160010789,,
official_bls_macro,LNS14000000,LNS14000000::origin=0,0,2026-02-01 00:00:00,prophet,1,4088980023,False,samples,0.2683037221431732,0.3473709523677826,0.06450027227401733,0.23817052083983692,0.08948042877324375,2.2906990107291145,25.600000381469727,,,0.0,0.0,,0.07736634899993078,,
official_bls_macro,LNS14000000,LNS14000000::origin=0,0,2026-02-01 00:00:00,prophet,2,2864434185,False,samples,0.2667328417301178,0.37625017762184143,0.06532368808984756,0.23677606606609786,0.08660751861654223,2.2171525096216276,25.600000381469727,,,0.0,0.0,,0.054340891998435836,,
official_bls_macro,LNS14000000,LNS14000000::origin=0,0,2026-02-01 00:00:00,deepar,0,2655519547,False,samples,0.6689820289611816,0.6698752641677856,0.17010486125946045,0.593848631682986,0.14073630614064536,3.6028494908871616,25.600000381469727,,,0.0,0.0,,6.495229653999559,,
official_bls_macro,LNS14000000,LNS14000000::origin=0,0,2026-02-01 00:00:00,deepar,1,2865023423,False,samples,0.14121706783771515,0.156943216919899,0.033408716320991516,0.12535697354371936,0.02521621870113207,0.6455352083682051,25.600000381469727,,,0.0,0.0,,7.568546893999155,,
official_bls_macro,LNS14000000,LNS14000000::origin=0,0,2026-02-01 00:00:00,deepar,2,4091335842,False,samples,0.1565457135438919,0.16842244565486908,0.03717167675495148,0.13896405846392512,0.027203420220309592,0.6964075680172068,25.600000381469727,,,0.0,0.0,,7.2148301170018385,,
official_bls_macro,LNS14000000,LNS14000000::origin=2,2,2025-02-01 00:00:00,chronos_t5_tiny,0,3762876767,False,chronos_samples,0.16471314430236816,0.18373876810073853,0.039740584790706635,0.13855908832914496,0.02690033543312936,0.6805784659348456,25.299999237060547,,,0.0,0.0,,0.35041604000070947,,
official_bls_macro,LNS14000000,LNS14000000::origin=2,2,2025-02-01 00:00:00,chronos_t5_tiny,1,1914654615,False,chronos_samples,0.18946313858032227,0.20655126869678497,0.045893143862485886,0.15937914284167098,0.027322342756635445,0.6912552508975836,25.299999237060547,,,0.0,0.0,,0.3038890280004125,,
official_bls_macro,LNS14000000,LNS14000000::origin=2,2,2025-02-01 00:00:00,chronos_t5_tiny,2,3679543443,False,chronos_samples,0.13809044659137726,0.15361812710762024,0.03317650780081749,0.11616368850042419,0.024610618488464416,0.6226486289817379,25.299999237060547,,,0.0,0.0,,0.29985639699953026,,
official_bls_macro,LNS14000000,LNS14000000::origin=2,2,2025-02-01 00:00:00,timesfm_2_5_200m,0,2759884721,False,timesfm_quantiles,0.21601255238056183,0.23082444071769714,0.052449777722358704,0.18171289518071565,0.03464369804899164,0.8764855342084444,25.299999237060547,,,0.0,0.0,,0.4670099670001946,,
official_bls_macro,LNS14000000,LNS14000000::origin=2,2,2025-02-01 00:00:00,moirai_2_0_small,0,444294769,False,moirai_quantiles_no_mean,0.21884243190288544,0.22959814965724945,0.05314728245139122,0.18409343091971336,0.04100979760571895,1.0375478481366969,25.299999237060547,,,0.0,0.0,,0.02137742700142553,,
official_bls_macro,LNS14000000,LNS14000000::origin=2,2,2025-02-01 00:00:00,seasonal_naive,0,1012255646,False,degenerate,0.2333332747220993,0.2708011567592621,0.05721874535083771,0.19628333828050887,0.05533595524514348,1.3999996254841467,25.299999237060547,,,0.0,0.0,"{""wql_distribution"": ""Repeated point forecasts form a degenerate distribution; calibration is not measured.""}",0.0005460210013552569,,
official_bls_macro,LNS14000000,LNS14000000::origin=2,2,2025-02-01 00:00:00,arima_2_1_2,0,541893674,False,gaussian,0.2201700210571289,0.230663001537323,0.05347740277647972,0.18521021819049702,0.08242370204931611,2.0853195989634035,25.299999237060547,,,0.0,0.0,,0.03642377300275257,,
official_bls_macro,LNS14000000,LNS14000000::origin=2,2,2025-02-01 00:00:00,auto_arima,0,1231483755,False,gaussian,0.11211911588907242,0.14776229858398438,0.026274731382727623,0.09431622805610097,0.0782506074253552,1.9797403081610108,25.299999237060547,,,0.0,0.0,,0.36117631899833214,,
official_bls_macro,LNS14000000,LNS14000000::origin=2,2,2025-02-01 00:00:00,prophet,0,1064936184,False,samples,0.2518801689147949,0.3227013647556305,0.06265124678611755,0.21188525494333144,0.09167844316418124,2.319464542108684,25.299999237060547,,,0.0,0.0,,0.06673591200160445,,
official_bls_macro,LNS14000000,LNS14000000::origin=2,2,2025-02-01 00:00:00,prophet,1,2579432570,False,samples,0.23636086285114288,0.25866538286209106,0.057110413908958435,0.19883018936985686,0.08963998779631847,2.267891622856974,25.299999237060547,,,0.0,0.0,,0.06115067300197552,,
official_bls_macro,LNS14000000,LNS14000000::origin=2,2,2025-02-01 00:00:00,prophet,2,1616150147,False,samples,0.22914128005504608,0.2793690264225006,0.05475698783993721,0.19275697150627455,0.08608697199440354,2.178000325779262,25.299999237060547,,,0.0,0.0,,0.07500892499956535,,
official_bls_macro,LNS14000000,LNS14000000::origin=2,2,2025-02-01 00:00:00,deepar,0,3929253382,False,samples,0.38521453738212585,0.4042101800441742,0.09581664204597473,0.3240480614760099,0.07834079564816897,1.9820220701293911,25.299999237060547,,,0.0,0.0,,7.303414754998812,,
official_bls_macro,LNS14000000,LNS14000000::origin=2,2,2025-02-01 00:00:00,deepar,1,797158574,False,samples,0.5389780402183533,0.5466816425323486,0.13650064170360565,0.45339615243451176,0.1140958316541956,2.8866244538029373,25.299999237060547,,,0.0,0.0,,6.663307496000925,,
official_bls_macro,LNS14000000,LNS14000000::origin=2,2,2025-02-01 00:00:00,deepar,2,2799957197,False,samples,0.42284247279167175,0.4318128824234009,0.10550405830144882,0.355701227033239,0.08817714322710488,2.230881656371932,25.299999237060547,,,0.0,0.0,,6.642175254000904,,
