dataset,item_id,model,mae,rmse,smape,mase,wql,wql_loss_sum,wql_abs_target_sum,duration_seconds,error_type,error
chronos_m1_yearly,0:target,chronos_t5_tiny,358175.0,455053.90625,0.39922693371772766,11.713340759277344,0.34578738721982855,2006156.0675828282,5801704.0,2.414204488999985,,
chronos_m1_yearly,0:target,seasonal_naive,413550.65625,510277.96875,0.48565909266471863,13.524282455444336,0.4276853855909868,2481304.0123247704,5801704.0,0.0004793100001734274,,
chronos_m1_yearly,0:target,ar_2,281099.5,367239.25,0.29217442870140076,9.192752838134766,0.25572987626213717,1483669.0460295463,5801704.0,0.19957990500006417,,
chronos_m1_yearly,0:target,ma_2,697937.0,793961.5625,1.0670042037963867,22.82452392578125,0.6229437325597228,3614135.144966674,5801704.0,0.010914752000189765,,
chronos_m1_yearly,0:target,arma_2_2,415409.84375,530225.625,0.4857441484928131,13.5850830078125,0.37033630198193945,2148581.604553826,5801704.0,0.060020788999736396,,
chronos_m1_yearly,0:target,arima_2_1_2,130056.1484375,155121.90625,0.12855613231658936,4.2532057762146,0.09606657434852746,557349.8286641492,5801704.0,0.03950405299974591,,
chronos_m1_yearly,0:target,auto_arima,355035.15625,456822.21875,0.39359626173973083,11.610658645629883,0.2945636825345503,1708971.2952154304,5801704.0,0.17774729699976888,,
chronos_m1_yearly,0:target,prophet,408132.09375,482165.875,0.4839816093444824,13.34708023071289,0.4086018485217485,2370586.9789760225,5801704.0,0.5118139850001171,,
chronos_m1_yearly,0:target,deepar,292604.25,362960.53125,0.31511202454566956,9.568990707397461,0.24736671262143364,1435148.446082622,5801704.0,0.9974904760001664,,
chronos_m1_yearly,1:target,chronos_t5_tiny,286277.59375,316300.46875,0.6691279411315918,12.420929908752441,0.457007385856206,1545339.8557779081,3381433.0,0.12604240900009245,,
chronos_m1_yearly,1:target,seasonal_naive,179532.171875,199510.34375,0.36443260312080383,7.789490222930908,0.3185610968339386,1077193.0053504754,3381433.0,0.0003677380000226549,,
chronos_m1_yearly,1:target,ar_2,273070.96875,299109.9375,0.624985933303833,11.847925186157227,0.4394473065516556,1485961.6241348844,3381433.0,0.010766509999939444,,
chronos_m1_yearly,1:target,ma_2,340173.0,362587.96875,0.8490155339241028,14.75932788848877,0.48376968144819604,1635834.7652484179,3381433.0,0.023351906999778294,,
chronos_m1_yearly,1:target,arma_2_2,322142.96875,356117.15625,0.7951796650886536,13.977046966552734,0.5232460663072157,1769321.5157314073,3381433.0,0.029596588000003976,,
chronos_m1_yearly,1:target,arima_2_1_2,184856.453125,206031.265625,0.3776266276836395,8.020498275756836,0.27543067409067556,931350.3705824554,3381433.0,0.06091630700029782,,
chronos_m1_yearly,1:target,auto_arima,187637.078125,206770.1875,0.3848916292190552,8.141143798828125,0.27936713925216744,944661.2637828743,3381433.0,0.11949198499996783,,
chronos_m1_yearly,1:target,prophet,73573.8671875,92439.6640625,0.13083572685718536,3.192201852798462,0.11326177064089502,382987.0888835536,3381433.0,0.09665891099984947,,
chronos_m1_yearly,1:target,deepar,199011.046875,212726.90625,0.3102559447288513,8.634634017944336,0.25063379574189026,847501.3878368872,3381433.0,0.36593820300004154,,
chronos_m1_yearly,2:target,chronos_t5_tiny,178022.390625,191235.625,0.3561636507511139,9.684484481811523,0.2903929147016279,1001224.8223098844,3447828.0,0.11530781999999817,,
chronos_m1_yearly,2:target,seasonal_naive,212431.0,226516.046875,0.44213223457336426,11.556325912475586,0.36967795560884625,1274586.0063309371,3447828.0,0.00037284700010786764,,
chronos_m1_yearly,2:target,ar_2,252016.578125,269681.875,0.5494945645332336,13.709795951843262,0.3996951451034489,1378080.112751734,3447828.0,0.010613703999752033,,
chronos_m1_yearly,2:target,ma_2,393628.59375,411205.0,1.0309827327728271,21.413541793823242,0.5693166782080629,1962905.9839927491,3447828.0,0.014389869999831717,,
chronos_m1_yearly,2:target,arma_2_2,273357.21875,289499.5,0.6115984320640564,14.870735168457031,0.4331343273326766,1493372.6615387676,3447828.0,0.03322938900009831,,
chronos_m1_yearly,2:target,arima_2_1_2,122794.9921875,128067.8984375,0.2365628033876419,6.680093288421631,0.17782201709307757,613099.7295499914,3447828.0,0.025259289000132412,,
chronos_m1_yearly,2:target,auto_arima,223738.296875,237292.078125,0.4720125198364258,12.171446800231934,0.33404166265637353,1151718.197673199,3447828.0,0.11763478199964084,,
chronos_m1_yearly,2:target,prophet,140431.265625,148704.4375,0.2716169059276581,7.6395134925842285,0.2368027260245879,816455.0692639028,3447828.0,0.10812714099984078,,
chronos_m1_yearly,2:target,deepar,111408.1484375,132466.65625,0.20586200058460236,6.06064510345459,0.20232440287815417,697579.7413265805,3447828.0,0.3588586519999808,,
chronos_m1_yearly,3:target,chronos_t5_tiny,143777.84375,160890.015625,0.3512745201587677,4.610581398010254,0.2741972048505106,771722.0007132553,2814478.0,0.1152933819998907,,
chronos_m1_yearly,3:target,seasonal_naive,118996.6640625,135015.671875,0.2801836431026459,3.815913677215576,0.25368114568540845,713980.0035463771,2814478.0,0.0004750500002046465,,
chronos_m1_yearly,3:target,ar_2,154566.3125,167792.8125,0.38389620184898376,4.956539630889893,0.2835925868189648,798165.0965650665,2814478.0,0.010631071999796404,,
chronos_m1_yearly,3:target,ma_2,287390.03125,303690.03125,0.8748619556427002,9.215850830078125,0.5035443591341203,1417214.5208070807,2814478.0,0.00932896000040273,,
chronos_m1_yearly,3:target,arma_2_2,147815.5625,163258.1875,0.3635774850845337,4.740060806274414,0.25356313074115594,713647.8530821071,2814478.0,0.013015558999995847,,
chronos_m1_yearly,3:target,arima_2_1_2,74853.53125,88219.75,0.1677207499742508,2.400358200073242,0.12612737132925536,354982.71180402,2814478.0,0.018386223999641516,,
chronos_m1_yearly,3:target,auto_arima,121480.6484375,135573.46875,0.2875027358531952,3.895568609237671,0.19771856430813428,556474.5494368292,2814478.0,0.0969431599996824,,
chronos_m1_yearly,3:target,prophet,78654.0390625,92618.7265625,0.1761900633573532,2.522230386734009,0.1473086821671123,414597.0451683299,2814478.0,0.1006351830001222,,
chronos_m1_yearly,3:target,deepar,78486.59375,93868.6171875,0.16161517798900604,2.5168609619140625,0.2111792557687559,594359.3694175365,2814478.0,0.405711022000105,,
chronos_m1_yearly,4:target,chronos_t5_tiny,15937668.0,16955652.0,0.5777140259742737,13.074319839477539,0.43377167949893947,90637675.12541543,208952496.0,0.12293106900006023,,
chronos_m1_yearly,4:target,seasonal_naive,16073016.0,17212028.0,0.5831403732299805,13.185351371765137,0.4615312203737123,96438100.47901323,208952496.0,0.0003546570001162763,,
chronos_m1_yearly,4:target,ar_2,16360681.0,17563794.0,0.5966419577598572,13.421335220336914,0.43653926985162667,91215970.03751494,208952496.0,0.009960231999684765,,
chronos_m1_yearly,4:target,ma_2,25538130.0,26436580.0,1.1410061120986938,20.949970245361328,0.6295199477288852,131539764.3597401,208952496.0,0.0188484279997283,,
chronos_m1_yearly,4:target,arma_2_2,16224755.0,17635344.0,0.5895315408706665,13.309828758239746,0.42969664560757986,89786186.62253125,208952496.0,0.028215016000103788,,
chronos_m1_yearly,4:target,arima_2_1_2,14786915.0,16086059.0,0.5221507549285889,12.13031005859375,0.3824741276347221,79918923.62469776,208952496.0,0.09271453600013047,,
chronos_m1_yearly,4:target,auto_arima,15248301.0,16503979.0,0.5435183644294739,12.508804321289062,0.4018128548624371,83959798.94839197,208952496.0,0.129884526999831,,
chronos_m1_yearly,4:target,prophet,11254261.0,12336530.0,0.37185636162757874,9.232330322265625,0.3059000055966319,63918569.695830196,208952496.0,0.12833696300003794,,
chronos_m1_yearly,4:target,deepar,5184557.5,6549591.5,0.14788615703582764,4.253104209899902,0.15669899602477652,32742646.340071134,208952496.0,0.3248435380000956,,
chronos_m1_yearly,5:target,chronos_t5_tiny,5688.54052734375,6409.681640625,0.2728276550769806,5.736873626708984,0.2196621575146331,29898.50113367724,136111.296875,0.11043655299999955,,
chronos_m1_yearly,5:target,seasonal_naive,7705.31640625,8584.2626953125,0.392566442489624,7.770785331726074,0.33966246541309597,46231.898667136324,136111.296875,0.0005197640002734261,,
chronos_m1_yearly,5:target,ar_2,7140.58544921875,7955.48291015625,0.3577490746974945,7.201255798339844,0.2798536771909939,38091.246937703785,136111.296875,0.008298685999761801,,
chronos_m1_yearly,5:target,ma_2,15120.1943359375,15854.0849609375,0.9802839159965515,15.248663902282715,0.6183971238572777,84170.83451198408,136111.296875,0.03209294199996293,,
chronos_m1_yearly,5:target,arma_2_2,1555.0599365234375,1859.8424072265625,0.0699593648314476,1.568272590637207,0.05369138030389608,7308.0034041721265,136111.296875,0.029771510000045964,,
chronos_m1_yearly,5:target,arima_2_1_2,3110.342041015625,3563.49560546875,0.13937856256961823,3.1367692947387695,0.11768478788300012,16018.229101214432,136111.296875,0.01529695899989747,,
chronos_m1_yearly,5:target,auto_arima,6515.21142578125,7518.3095703125,0.3191245198249817,6.570568561553955,0.2521287176686559,34317.566741311486,136111.296875,0.14488454600041223,,
chronos_m1_yearly,5:target,prophet,7148.3984375,7678.99267578125,0.3610900640487671,7.20913553237915,0.29724547934855106,40458.46768436232,136111.296875,0.10615470600032495,,
chronos_m1_yearly,5:target,deepar,4746.30615234375,5589.70556640625,0.2203313112258911,4.786633491516113,0.16328083662002685,22224.366427186847,136111.296875,0.3461649060000127,,
chronos_m1_yearly,6:target,chronos_t5_tiny,636620.75,696995.0,0.5269774794578552,11.11839485168457,0.3920855806609717,3489487.1716223224,8899810.0,0.1008549020002647,,
chronos_m1_yearly,6:target,seasonal_naive,635595.6875,685335.625,0.5267888903617859,11.100492477416992,0.42850061056834104,3813574.018942227,8899810.0,0.00045051699999021366,,
chronos_m1_yearly,6:target,ar_2,762518.8125,844588.5,0.6724154353141785,13.317167282104492,0.4720652137687479,4201290.71015124,8899810.0,0.009795269000278495,,
chronos_m1_yearly,6:target,ma_2,912099.1875,964404.875,0.8670908808708191,15.929545402526855,0.5315583284281983,4730768.126928563,8899810.0,0.012590659999659692,,
chronos_m1_yearly,6:target,arma_2_2,535920.125,593015.0,0.4231180250644684,9.359687805175781,0.32523174117510045,2894500.7024275707,8899810.0,0.10627653799974723,,
chronos_m1_yearly,6:target,arima_2_1_2,334294.21875,513616.8125,0.16137494146823883,5.838350772857666,0.225371581781415,2005764.257254055,8899810.0,0.03391998400002194,,
chronos_m1_yearly,6:target,auto_arima,749284.0625,806604.75,0.6552973389625549,13.086027145385742,0.4735823131797454,4214792.60666023,8899810.0,0.13000667100004648,,
chronos_m1_yearly,6:target,prophet,496344.09375,520217.5625,0.39141058921813965,8.668503761291504,0.3272361849909966,2912339.8715447215,8899810.0,0.06404765400020551,,
chronos_m1_yearly,6:target,deepar,701959.75,741263.4375,0.6025456786155701,12.259521484375,0.43687793513108747,3888130.6158590037,8899810.0,0.3754462209999474,,
chronos_m1_yearly,7:target,chronos_t5_tiny,395170.25,489516.5,0.4485907554626465,11.129142761230469,0.3572305012211863,2155290.2143938225,6033332.0,0.10870084299995142,,
chronos_m1_yearly,7:target,seasonal_naive,367259.34375,455058.46875,0.4081735610961914,10.343090057373047,0.36523035877110377,2203556.010945181,6033332.0,0.00044372499996825354,,
chronos_m1_yearly,7:target,ar_2,280069.21875,376074.59375,0.28727880120277405,7.887563228607178,0.2417745782971341,1458706.3000266047,6033332.0,0.00879786099994817,,
chronos_m1_yearly,7:target,ma_2,456276.28125,534050.875,0.5470223426818848,12.850066184997559,0.435833710548323,2629529.4725299347,6033332.0,0.0790555769999628,,
chronos_m1_yearly,7:target,arma_2_2,90772.7578125,131623.953125,0.079951710999012,2.556424617767334,0.07524939352887307,454004.5739583428,6033332.0,0.053029796999908285,,
chronos_m1_yearly,7:target,arima_2_1_2,112760.4765625,177456.5,0.09757664054632187,3.1756627559661865,0.08375057735829124,505295.038394254,6033332.0,0.08285775099966486,,
chronos_m1_yearly,7:target,auto_arima,295350.59375,396853.6875,0.3066445589065552,8.317931175231934,0.24123274896097388,1455437.2637542104,6033332.0,0.18883163599957697,,
chronos_m1_yearly,7:target,prophet,307412.6875,384225.84375,0.32683292031288147,8.657634735107422,0.30015383891091657,1810927.7612240782,6033332.0,0.08638764999977866,,
chronos_m1_yearly,7:target,deepar,368144.5,461818.09375,0.40903815627098083,10.368019104003906,0.32684089706400393,1971939.643164961,6033332.0,0.49580439699957424,,
chronos_m1_yearly,8:target,chronos_t5_tiny,366550.25,441413.625,0.3116912543773651,7.984735012054443,0.25058270641432384,1935160.0318635139,7722640.0,0.10487356200019349,,
chronos_m1_yearly,8:target,seasonal_naive,424977.65625,486460.375,0.3749091327190399,9.257486343383789,0.3301806134515297,2549866.0126653216,7722640.0,0.00034408600004098844,,
chronos_m1_yearly,8:target,ar_2,423538.59375,504358.78125,0.37283363938331604,9.226139068603516,0.29341740122207477,2265956.9593736436,7722640.0,0.0073026099998969585,,
chronos_m1_yearly,8:target,ma_2,624117.6875,674788.6875,0.6179968118667603,13.595446586608887,0.45576057051986874,3519674.812319559,7722640.0,0.03882507500020438,,
chronos_m1_yearly,8:target,arma_2_2,161570.984375,193888.625,0.12331894785165787,3.519576072692871,0.0988443948268531,763339.6772656488,7722640.0,0.09551211200005127,,
chronos_m1_yearly,8:target,arima_2_1_2,107665.3203125,128384.375,0.08151253312826157,2.3453240394592285,0.06155257406457994,475348.3705740876,7722640.0,0.021994880999955058,,
chronos_m1_yearly,8:target,auto_arima,190035.046875,228773.484375,0.14657367765903473,4.139622211456299,0.11637256705514551,898703.4412427489,7722640.0,0.21102189499970336,,
chronos_m1_yearly,8:target,prophet,309643.65625,349933.28125,0.25785157084465027,6.745112419128418,0.2323089384876529,1794038.300722288,7722640.0,0.0748764919999303,,
chronos_m1_yearly,8:target,deepar,471842.03125,524705.9375,0.42845892906188965,10.278355598449707,0.3306767782041112,2553697.714430197,7722640.0,0.4861451299998407,,
chronos_m1_yearly,9:target,chronos_t5_tiny,2.442988634109497,2.8342812061309814,0.04377962276339531,0.9132079482078552,0.038692572512234735,12.878049570497106,332.83001708984375,0.13305912499981787,,
chronos_m1_yearly,9:target,seasonal_naive,2.3416664600372314,2.7237255573272705,0.04236077144742012,0.8753329515457153,0.042213738429767694,14.049999283005775,332.83001708984375,0.00035083400007351884,,
chronos_m1_yearly,9:target,ar_2,2.3227195739746094,2.581531047821045,0.042019542306661606,0.8682504296302795,0.036724703074075195,12.223083551763883,332.83001708984375,0.010913459000221337,,
chronos_m1_yearly,9:target,ma_2,11.069515228271484,12.128350257873535,0.2236534208059311,4.137869834899902,0.1465993489134575,48.792663804226024,332.83001708984375,0.03826781299994764,,
chronos_m1_yearly,9:target,arma_2_2,4.13809061050415,4.614643573760986,0.07669297605752945,1.5468500852584839,0.053074528256001036,17.66479614648022,332.83001708984375,0.06641638500013869,,
chronos_m1_yearly,9:target,arima_2_1_2,2.068497896194458,2.4712514877319336,0.037242040038108826,0.773220419883728,0.043817046462722276,14.583628323014333,332.83001708984375,0.02275453899983404,,
chronos_m1_yearly,9:target,auto_arima,1.9225502014160156,2.2654306888580322,0.03468490019440651,0.7186640501022339,0.04114573266238902,13.69453490519708,332.83001708984375,0.2060309859998597,,
chronos_m1_yearly,9:target,prophet,4.045417785644531,5.119592666625977,0.07059085369110107,1.512208342552185,0.058099355653095215,19.33720953492859,332.83001708984375,0.12359856099965327,,
chronos_m1_yearly,9:target,deepar,11.127459526062012,11.695176124572754,0.18251115083694458,4.159530162811279,0.14392355800604634,47.90208027078352,332.83001708984375,0.36933575600005497,,
chronos_m1_yearly,10:target,chronos_t5_tiny,704.025390625,869.293701171875,0.0774855837225914,2.044208526611328,0.05830185294324587,3177.2703863077436,54496.90234375,0.11175419099981809,,
chronos_m1_yearly,10:target,seasonal_naive,876.8302612304688,1059.43310546875,0.09717894345521927,2.5459647178649902,0.09653725694492941,5260.98146426132,54496.90234375,0.000519490999977279,,
chronos_m1_yearly,10:target,ar_2,726.4387817382812,899.5767211914062,0.07956288754940033,2.109287977218628,0.061503442476277446,3351.7470984341376,54496.90234375,0.011623409000094398,,
chronos_m1_yearly,10:target,ma_2,3548.927001953125,3850.69970703125,0.486445814371109,10.304666519165039,0.34307699210110554,18696.63333492144,54496.90234375,0.052488877999621764,,
chronos_m1_yearly,10:target,arma_2_2,2230.343017578125,2648.183349609375,0.213195338845253,6.476025104522705,0.2393161001231389,13041.986137697797,54496.90234375,0.08049322499982736,,
chronos_m1_yearly,10:target,arima_2_1_2,1870.2940673828125,2306.38037109375,0.18188564479351044,5.430586814880371,0.18698500913668753,10190.103782667262,54496.90234375,0.023633644000256027,,
chronos_m1_yearly,10:target,auto_arima,2064.893798828125,2491.05126953125,0.1989504098892212,5.995626926422119,0.21074590492829431,11484.999000222477,54496.90234375,0.25793864499974006,,
chronos_m1_yearly,10:target,prophet,1092.4205322265625,1444.8868408203125,0.11368075758218765,3.171952724456787,0.11384425687569628,6204.15934935161,54496.90234375,0.13689681999994718,,
chronos_m1_yearly,10:target,deepar,929.0603637695312,1182.822265625,0.10121848434209824,2.697620153427124,0.07771816740059637,4235.399379165515,54496.90234375,0.3925781259999894,,
chronos_m1_yearly,11:target,chronos_t5_tiny,681801.8125,842345.75,0.27428439259529114,10.47441577911377,0.24652718599604312,3868048.5273558157,15690150.0,0.11838222100004714,,
chronos_m1_yearly,11:target,seasonal_naive,903185.0,1075592.375,0.3888120949268341,13.87549114227295,0.34538293304506396,5419110.026917011,15690150.0,0.0005019370000809431,,
chronos_m1_yearly,11:target,ar_2,284791.15625,307148.1875,0.10255701094865799,4.375202655792236,0.0781298272246408,1225868.708628698,15690150.0,0.010536980999859225,,
chronos_m1_yearly,11:target,ma_2,2219557.75,2268824.25,1.462242603302002,34.09872055053711,2282.3519916353316,35810445101.5571,15690150.0,0.026770429000407603,,
chronos_m1_yearly,11:target,arma_2_2,193224.921875,219886.046875,0.07028665393590927,2.96848464012146,0.05306128325292228,832539.4934308386,15690150.0,0.03747612000006484,,
chronos_m1_yearly,11:target,arima_2_1_2,207740.203125,232116.625,0.0764998272061348,3.1914806365966797,0.05972508446080835,937095.5339527521,15690150.0,0.025337771000067733,,
chronos_m1_yearly,11:target,auto_arima,645768.3125,836713.375,0.25562313199043274,9.920838356018066,0.19969301815487,3133213.4088026336,15690150.0,0.12762970599987966,,
chronos_m1_yearly,11:target,prophet,1122437.625,1224461.875,0.5222011208534241,17.24383544921875,0.4090202314433819,6417588.784381378,15690150.0,0.11513930499995695,,
chronos_m1_yearly,11:target,deepar,480370.46875,683040.1875,0.1824466586112976,7.379857063293457,0.19945930961816072,3129546.4868053845,15690150.0,0.5010297369999535,,
chronos_m1_yearly,12:target,chronos_t5_tiny,11929.45703125,14435.890625,0.20215415954589844,8.057241439819336,0.18850127281667364,67306.27625325104,357060.0625,0.1494952119996924,,
chronos_m1_yearly,12:target,seasonal_naive,15262.0830078125,18264.08203125,0.26226428151130676,10.308120727539062,0.2564624442269125,91572.49636456414,357060.0625,0.00040090499987854855,,
chronos_m1_yearly,12:target,ar_2,10723.6923828125,13036.1826171875,0.18191976845264435,7.242859363555908,0.15772719365109555,56318.081623009784,357060.0625,0.012388472000111506,,
chronos_m1_yearly,12:target,ma_2,43819.99609375,48621.9296875,1.1212211847305298,29.596342086791992,0.5712356342249386,203965.43125858373,357060.0625,0.010083296000175324,,
chronos_m1_yearly,12:target,arma_2_2,16124.734375,19346.302734375,0.27880558371543884,10.890762329101562,0.23759251909392332,84834.7997172087,357060.0625,0.0579388849996576,,
chronos_m1_yearly,12:target,arima_2_1_2,12598.37890625,15119.4208984375,0.21396565437316895,8.50903606414795,0.18546282105954054,66221.36647894586,357060.0625,0.02090256400015278,,
chronos_m1_yearly,12:target,auto_arima,15452.0546875,18310.3671875,0.265936940908432,10.436429023742676,0.22452974562566574,80170.60500620931,357060.0625,0.17845669400003317,,
chronos_m1_yearly,12:target,prophet,20569.361328125,25157.869140625,0.3793174922466278,13.892695426940918,0.29956086699577883,106961.22189206697,357060.0625,0.16928421500006152,,
chronos_m1_yearly,12:target,deepar,15419.2890625,18956.29296875,0.2616007328033447,10.414299011230469,0.22816072294288683,81467.08199403236,357060.0625,0.4497777269998551,,
chronos_m1_yearly,13:target,chronos_t5_tiny,87171.5546875,92545.6015625,0.11240535229444504,1.6648151874542236,0.09868774571008125,467234.8622462284,4734477.0,0.13165008100031628,,
chronos_m1_yearly,13:target,seasonal_naive,119970.5,155516.109375,0.15581543743610382,2.2912142276763916,0.15203854569211106,719822.9976927489,4734477.0,0.0003395929998077918,,
chronos_m1_yearly,13:target,ar_2,109325.6796875,148536.953125,0.14369545876979828,2.0879178047180176,0.10407027690779873,492718.3324036042,4734477.0,0.011023398999896017,,
chronos_m1_yearly,13:target,ma_2,340793.59375,360216.5625,0.5639390349388123,6.508525848388672,0.2916614269282848,1380864.3175791448,4734477.0,0.009859268000127486,,
chronos_m1_yearly,13:target,arma_2_2,104713.1796875,109970.03125,0.13597063720226288,1.9998276233673096,0.09305328877341243,440558.65547207935,4734477.0,0.031413930999860895,,
chronos_m1_yearly,13:target,arima_2_1_2,89768.0625,93920.25,0.11669377237558365,1.7144036293029785,0.08905545958146478,421631.02511287463,4734477.0,0.021465806999913184,,
chronos_m1_yearly,13:target,auto_arima,125130.1640625,172688.125,0.16121117770671844,2.389754295349121,0.12195778994171268,577406.35144987,4734477.0,0.10868293099974835,,
chronos_m1_yearly,13:target,prophet,273044.25,352507.8125,0.3012235164642334,5.214639186859131,0.3108039186035724,1471494.0041384858,4734477.0,0.10736770699986664,,
chronos_m1_yearly,13:target,deepar,881032.8125,929651.3125,0.7128477096557617,16.826093673706055,0.7873673345112916,3727772.535795016,4734477.0,0.418157224999959,,
chronos_m1_yearly,14:target,chronos_t5_tiny,511.7023620605469,583.325927734375,0.388462096452713,9.734910011291504,0.2999264415346065,2734.249528764853,9116.400390625,0.10929218699993726,,
chronos_m1_yearly,14:target,seasonal_naive,477.5,538.7030029296875,0.3567599356174469,9.08422565460205,0.3142687650167894,2864.9998921602955,9116.400390625,0.00034934299992528395,,
chronos_m1_yearly,14:target,ar_2,297.5556945800781,346.9171447753906,0.20512260496616364,5.66086483001709,0.17930446011644724,1634.6112502463843,9116.400390625,0.07962188000010428,,
chronos_m1_yearly,14:target,ma_2,695.2362670898438,757.0580444335938,0.5761123299598694,13.226561546325684,0.42782381591393276,3900.2132025164547,9116.400390625,0.03558568800008288,,
chronos_m1_yearly,14:target,arma_2_2,225.155517578125,280.2064514160156,0.14885178208351135,4.283483982086182,0.14186802203312004,1293.3256914799317,9116.400390625,0.039524534000065614,,
chronos_m1_yearly,14:target,arima_2_1_2,394.4688415527344,455.8734130859375,0.2831627428531647,7.504594802856445,0.22098970252755218,2014.6306104462792,9116.400390625,0.03375343400011843,,
chronos_m1_yearly,14:target,auto_arima,452.5179138183594,517.668212890625,0.33389797806739807,8.608952522277832,0.26062369809273056,2375.949983098701,9116.400390625,0.36334105800006,,
chronos_m1_yearly,14:target,prophet,349.614013671875,393.3533630371094,0.24776674807071686,6.651251316070557,0.2169422943439446,1977.7328169002203,9116.400390625,0.0959247979999418,,
chronos_m1_yearly,14:target,deepar,596.8406372070312,644.8704833984375,0.47267279028892517,11.354628562927246,0.35269311731978864,3215.29167250487,9116.400390625,0.4816311670001596,,
chronos_m1_yearly,15:target,chronos_t5_tiny,0.04340283200144768,0.05368087813258171,0.004843931645154953,0.2404589056968689,0.0163076293875766,0.8827320583766181,54.1300048828125,0.13282976599975882,,
chronos_m1_yearly,15:target,seasonal_naive,0.44166693091392517,0.47189363837242126,0.050011854618787766,2.4469082355499268,0.0489562405320056,2.650001539041606,54.1300048828125,0.0003809019999607699,,
chronos_m1_yearly,15:target,ar_2,0.21089982986450195,0.23764532804489136,0.022867420688271523,1.1684200763702393,0.017594704840145657,0.9524014589087292,54.1300048828125,0.033847396000055596,,
chronos_m1_yearly,15:target,ma_2,1.779687762260437,1.8609046936035156,0.2200976014137268,9.859766006469727,0.16879848938848202,9.137063054809905,54.1300048828125,0.02352049099999931,,
chronos_m1_yearly,15:target,arma_2_2,0.204019233584404,0.2294548898935318,0.022137515246868134,1.1303004026412964,0.01653506877593563,0.8950433535790362,54.1300048828125,0.03733358199997383,,
chronos_m1_yearly,15:target,arima_2_1_2,0.22606134414672852,0.2557681202888489,0.024474317207932472,1.2524174451828003,0.018254573735551925,0.9881201654390865,54.1300048828125,0.10762993099979212,,
chronos_m1_yearly,15:target,auto_arima,0.18653838336467743,0.20879262685775757,0.02027493342757225,1.0334537029266357,0.014723839067497708,0.7970014806173964,54.1300048828125,0.400134615999832,,
chronos_m1_yearly,15:target,prophet,0.24694347381591797,0.2813117802143097,0.02667098306119442,1.3681079149246216,0.024236543363231913,1.3119242105942404,54.1300048828125,0.10720346299967787,,
chronos_m1_yearly,15:target,deepar,0.2864394187927246,0.30815407633781433,0.031354669481515884,1.5869219303131104,0.041978998458172885,2.2723233915164767,54.1300048828125,0.3708897260003141,,
chronos_m1_yearly,16:target,chronos_t5_tiny,32562.9296875,39178.4921875,0.3970339298248291,3.599994421005249,0.30989177290650527,175687.65943860987,566932.3125,0.113519104000261,,
chronos_m1_yearly,16:target,seasonal_naive,23036.783203125,28277.833984375,0.25906434655189514,2.5468313694000244,0.24380459669516108,138220.70380251753,566932.3125,0.0003558250000423868,,
chronos_m1_yearly,16:target,ar_2,37203.7578125,42963.1328125,0.47008681297302246,4.11306095123291,0.3424416314513212,194141.22601497028,566932.3125,0.005529028000182734,,
chronos_m1_yearly,16:target,ma_2,45308.94140625,49978.64453125,0.6100934147834778,5.009129524230957,0.4162203904923871,235968.78849150205,566932.3125,0.008181108999906428,,
chronos_m1_yearly,16:target,arma_2_2,42663.8046875,48801.5625,0.5636066794395447,4.716696262359619,0.39443559197846134,223618.28229265555,566932.3125,0.01861715599989111,,
chronos_m1_yearly,16:target,arima_2_1_2,24599.353515625,29662.5703125,0.28063955903053284,2.719581365585327,0.19707570048080716,111728.58261114136,566932.3125,0.020015091999994183,,
chronos_m1_yearly,16:target,auto_arima,23264.021484375,28519.212890625,0.2621336877346039,2.571953535079956,0.19537193780446305,110762.6644970904,566932.3125,0.09105578999970021,,
chronos_m1_yearly,16:target,prophet,16209.54296875,18615.396484375,0.17482107877731323,1.7920458316802979,0.1375464847947637,77979.54670094147,566932.3125,0.09569778400009454,,
chronos_m1_yearly,16:target,deepar,19207.232421875,20713.6015625,0.21139712631702423,2.123455286026001,0.14949019748528142,84750.82335641228,566932.3125,0.3620073130000492,,
chronos_m1_yearly,17:target,chronos_t5_tiny,292785.125,348013.4375,0.3441452980041504,5.286152362823486,0.2897598821221548,1645744.8560909708,5679685.0,0.14223994499980108,,
chronos_m1_yearly,17:target,seasonal_naive,280390.15625,333655.375,0.3262726068496704,5.06236457824707,0.2962032240091269,1682341.008356278,5679685.0,0.00039208800035339664,,
chronos_m1_yearly,17:target,ar_2,294882.75,351304.53125,0.3470574617385864,5.324024200439453,0.26000685586408323,1476757.0391483954,5679685.0,0.010676750000129687,,
chronos_m1_yearly,17:target,ma_2,619214.5,677098.0625,0.9558980464935303,11.179741859436035,0.5344307339417614,3035398.2231080136,5679685.0,0.00820752600020569,,
chronos_m1_yearly,17:target,arma_2_2,290614.625,345968.40625,0.3410474359989166,5.246964454650879,0.24973597612372972,1418421.6775503058,5679685.0,0.024084590000256867,,
chronos_m1_yearly,17:target,arima_2_1_2,387244.90625,428187.125,0.49980202317237854,6.991596698760986,0.3236118170221565,1838013.182963487,5679685.0,0.06453123600022082,,
chronos_m1_yearly,17:target,auto_arima,288337.84375,344690.21875,0.3376896381378174,5.205857753753662,0.24469753656944093,1389804.9279904051,5679685.0,0.1925263950001863,,
chronos_m1_yearly,17:target,prophet,244342.375,275934.96875,0.27981939911842346,4.411531925201416,0.2362472410242532,1341809.9111368356,5679685.0,0.11329353799965247,,
chronos_m1_yearly,17:target,deepar,95003.125,108131.0078125,0.09836068749427795,1.7152544260025024,0.21242460825912732,1206504.8611602415,5679685.0,0.36485542299988083,,
chronos_m1_yearly,18:target,chronos_t5_tiny,3594.08984375,4001.4716796875,0.4222283363342285,9.193809509277344,0.32623001732248913,19654.04342892264,60245.96875,0.11789957399969353,,
chronos_m1_yearly,18:target,seasonal_naive,3184.524658203125,3504.778564453125,0.363640159368515,8.146126747131348,0.3171522919126846,19107.147067562477,60245.96875,0.00040021700033321395,,
chronos_m1_yearly,18:target,ar_2,3563.6875,3911.90380859375,0.41763314604759216,9.116039276123047,0.32460226074681336,19555.97765713187,60245.96875,0.007250302000102238,,
chronos_m1_yearly,18:target,ma_2,4615.45751953125,4887.7490234375,0.5823060870170593,11.806504249572754,0.425429815521113,25630.431371203238,60245.96875,0.034799538999777724,,
chronos_m1_yearly,18:target,arma_2_2,2404.700927734375,2685.315185546875,0.26041093468666077,6.151310443878174,0.22947079007708648,13824.690048021963,60245.96875,0.07571803199971328,,
chronos_m1_yearly,18:target,arima_2_1_2,2780.091064453125,3061.135009765625,0.30908578634262085,7.111571788787842,0.25166535521111716,15161.823125506615,60245.96875,0.04195004199982577,,
chronos_m1_yearly,18:target,auto_arima,3359.735595703125,3672.919677734375,0.3883967101573944,8.59432315826416,0.29913826552689926,18021.874596862774,60245.96875,0.32650407299979634,,
chronos_m1_yearly,18:target,prophet,1946.26904296875,2150.068603515625,0.20505161583423615,4.978625297546387,0.1824917404362833,10994.391691457435,60245.96875,0.09585473800007094,,
chronos_m1_yearly,18:target,deepar,1980.36572265625,2212.845703125,0.20885640382766724,5.065845966339111,0.1409275744561666,8490.318246699511,60245.96875,0.3668127780001669,,
chronos_m1_yearly,19:target,chronos_t5_tiny,2049.389892578125,2774.9248046875,0.13810865581035614,0.7628272175788879,0.12076894302666195,10964.487794418143,90788.96875,0.11819595399992977,,
chronos_m1_yearly,19:target,seasonal_naive,3223.838623046875,4468.22314453125,0.21547238528728485,1.1999824047088623,0.21305485071727798,19343.030183806866,90788.96875,0.0005127459999130224,,
chronos_m1_yearly,19:target,ar_2,2310.62060546875,2954.40234375,0.15924964845180511,0.8600629568099976,0.1298803997494614,11791.707554091357,90788.96875,0.00824971900010496,,
chronos_m1_yearly,19:target,ma_2,3694.924072265625,4524.6572265625,0.25661101937294006,1.3753305673599243,0.19471777976294868,17678.22642196773,90788.96875,0.011356749000242417,,
chronos_m1_yearly,19:target,arma_2_2,3145.842529296875,4103.0478515625,0.21787871420383453,1.1709506511688232,0.17261522440897561,15671.558214640723,90788.96875,0.01737811100019826,,
chronos_m1_yearly,19:target,arima_2_1_2,5638.85693359375,5993.90380859375,0.39073124527931213,2.0989043712615967,0.2519646396401925,22875.609794398446,90788.96875,0.03492615000004662,,
chronos_m1_yearly,19:target,auto_arima,2980.885498046875,4058.216064453125,0.20268948376178741,1.1095499992370605,0.17785766764803898,16147.514230045697,90788.96875,0.12447768899983203,,
chronos_m1_yearly,19:target,prophet,10324.4248046875,11290.14453125,0.5207595229148865,3.8429741859436035,0.5897941793028456,53546.80531365795,90788.96875,0.09567750499991234,,
chronos_m1_yearly,19:target,deepar,10379.5107421875,11456.4599609375,0.5207726359367371,3.863478183746338,0.4922764690175335,44693.27296199319,90788.96875,0.40871920100016723,,
chronos_m4_hourly,0:target,chronos_t5_tiny,14.699019432067871,22.242891311645508,0.019826291128993034,0.346909761428833,0.019749600079707715,624.9563449222709,31644.0,2.5253940970001167,,
chronos_m4_hourly,0:target,seasonal_naive,35.04166793823242,39.722999572753906,0.05262880399823189,0.827014148235321,0.05315383624883346,1681.999994258086,31644.0,0.0005333039998731692,,
chronos_m4_hourly,0:target,ar_2,75.1574478149414,93.41481018066406,0.11090033501386642,1.7737817764282227,0.0886734610015182,2805.982999932042,31644.0,0.05876097500004107,,
chronos_m4_hourly,0:target,ma_2,129.7613983154297,145.77481079101562,0.19920988380908966,3.062483072280884,0.15017765221052334,4752.221626549801,31644.0,0.2947988430000805,,
chronos_m4_hourly,0:target,arma_2_2,63.53816604614258,80.07860565185547,0.09345916658639908,1.499556541442871,0.07719279411282655,2442.6887769062832,31644.0,0.4159783250001965,,
chronos_m4_hourly,0:target,arima_2_1_2,61.58939743041992,70.51549530029297,0.0984610915184021,1.453563928604126,0.07083861038361824,2241.6169869792157,31644.0,0.2550590949999787,,
chronos_m4_hourly,0:target,auto_arima,65.11788177490234,81.52852630615234,0.09585019201040268,1.536839246749878,0.07857630848994428,2486.4687058557965,31644.0,1.2961215450000054,,
chronos_m4_hourly,0:target,prophet,27.09787940979004,33.800743103027344,0.03950132802128792,0.6395337581634521,0.031639973977658484,1001.2153365490251,31644.0,0.08513896500016926,,
chronos_m4_hourly,0:target,deepar,116.14884185791016,133.30677795410156,0.18005234003067017,2.7412147521972656,0.13239311244628654,4189.447650250291,31644.0,1.2333162909999373,,
chronos_m4_hourly,1:target,chronos_t5_tiny,157.14390563964844,172.20411682128906,0.06645965576171875,0.9517644047737122,0.04778169569272275,5932.049738555837,124149.0,1.6114636070001325,,
chronos_m4_hourly,1:target,seasonal_naive,323.0208435058594,336.5826110839844,0.12495601922273636,1.9564217329025269,0.12489025222100726,15504.999922985831,124149.0,0.0004307469998821034,,
chronos_m4_hourly,1:target,ar_2,484.95361328125,556.4202880859375,0.19110913574695587,2.937190532684326,0.13727788490292872,17042.912132813697,124149.0,0.045140523000100075,,
chronos_m4_hourly,1:target,ma_2,553.6371459960938,615.7062377929688,0.21862739324569702,3.353182077407837,0.16262336656927875,20189.528336209387,124149.0,0.2494334030002392,,
chronos_m4_hourly,1:target,arma_2_2,465.5686950683594,547.0095825195312,0.18350239098072052,2.8197829723358154,0.13325999463403237,16544.095073820485,124149.0,0.28997699299998203,,
chronos_m4_hourly,1:target,arima_2_1_2,350.6094665527344,389.954833984375,0.14277279376983643,2.123516082763672,0.10266146301472306,12745.317971814853,124149.0,0.3068071580000833,,
chronos_m4_hourly,1:target,auto_arima,461.5274963378906,541.5927734375,0.18184806406497955,2.795306921005249,0.13199072961522815,16386.51709100096,124149.0,1.145137104999776,,
chronos_m4_hourly,1:target,prophet,472.5539855957031,489.89483642578125,0.17691780626773834,2.8620903491973877,0.15763043061167117,19569.660330008366,124149.0,0.10087652399988656,,
chronos_m4_hourly,1:target,deepar,558.5537109375,675.1087036132812,0.21951337158679962,3.382960081100464,0.16681522717057973,20709.943638000303,124149.0,1.1978686829997969,,
chronos_m4_hourly,2:target,chronos_t5_tiny,70.92110443115234,83.402099609375,0.052300333976745605,0.8989980220794678,0.03796025433900892,2468.5553396657497,65030.0,1.5598461840004347,,
chronos_m4_hourly,2:target,seasonal_naive,130.2916717529297,148.53590393066406,0.09583506733179092,1.6515811681747437,0.09617099847860917,6254.000031063954,65030.0,0.0005092520000289369,,
chronos_m4_hourly,2:target,ar_2,241.4938507080078,280.51641845703125,0.1809985190629959,3.061183214187622,0.1313128133065117,8539.272249322456,65030.0,0.049772489000133646,,
chronos_m4_hourly,2:target,ma_2,275.8555603027344,315.2580261230469,0.2079300880432129,3.496753215789795,0.16312614414999335,10608.093154074068,65030.0,0.25534297299964237,,
chronos_m4_hourly,2:target,arma_2_2,233.89556884765625,270.77349853515625,0.1751583367586136,2.964867115020752,0.1265781495854204,8231.377067539888,65030.0,0.2474564899998768,,
chronos_m4_hourly,2:target,arima_2_1_2,203.20098876953125,248.756103515625,0.1484086811542511,2.57578182220459,0.11245556329173094,7312.985280861263,65030.0,0.29130199000019275,,
chronos_m4_hourly,2:target,auto_arima,235.0966033935547,271.7835693359375,0.17610259354114532,2.9800915718078613,0.126940149678859,8254.917933616201,65030.0,1.296090515999822,,
chronos_m4_hourly,2:target,prophet,222.2960968017578,248.59681701660156,0.17133235931396484,2.8178319931030273,0.14250388467040112,9267.027620116185,65030.0,0.11977247599998009,,
chronos_m4_hourly,2:target,deepar,313.21649169921875,384.00872802734375,0.23736333847045898,3.970341682434082,0.19558916689483638,12719.16352317121,65030.0,1.244226461999915,,
chronos_m4_hourly,3:target,chronos_t5_tiny,443.2530517578125,506.6247253417969,0.09369122982025146,1.7115191221237183,0.0721438693218186,17010.297940306355,235783.0,1.6318276229999356,,
chronos_m4_hourly,3:target,seasonal_naive,379.6041564941406,464.838134765625,0.07399830967187881,1.4657536745071411,0.07727868429790773,18221.00001981358,235783.0,0.0005350029996407102,,
chronos_m4_hourly,3:target,ar_2,573.52734375,693.0091552734375,0.11595585197210312,2.214543104171753,0.08716527237153827,20552.089415578408,235783.0,0.05709015200000067,,
chronos_m4_hourly,3:target,ma_2,758.26611328125,897.3375854492188,0.15556567907333374,2.9278690814971924,0.12196829272894111,28758.04996450792,235783.0,0.4953520849999222,,
chronos_m4_hourly,3:target,arma_2_2,612.762939453125,732.3131103515625,0.1248031035065651,2.366042375564575,0.09462107271052236,22310.040386905093,235783.0,0.2177138179999929,,
chronos_m4_hourly,3:target,arima_2_1_2,656.260986328125,744.2679443359375,0.13455481827259064,2.5339999198913574,0.09823729381142826,23162.68384673999,235783.0,0.20496680800033573,,
chronos_m4_hourly,3:target,auto_arima,687.0758666992188,806.3831176757812,0.14018501341342926,2.652984619140625,0.10463271450389315,24670.61532387144,235783.0,1.4790375640000093,,
chronos_m4_hourly,3:target,prophet,308.6672668457031,377.4761047363281,0.06188155338168144,1.1918472051620483,0.05098958942544903,12022.47836350065,235783.0,0.11789216099987243,,
chronos_m4_hourly,3:target,deepar,711.1240234375,811.4791870117188,0.14621062576770782,2.7458407878875732,0.10644352677722377,25097.574074114153,235783.0,1.1016868560000148,,
chronos_m4_hourly,4:target,chronos_t5_tiny,290.86749267578125,322.68048095703125,0.10108032077550888,1.4507535696029663,0.07411810717663635,9715.994433570906,131088.0,1.488264645000072,,
chronos_m4_hourly,4:target,seasonal_naive,252.6666717529297,371.32965087890625,0.07669556140899658,1.2602201700210571,0.09251800282158502,12127.999953875938,131088.0,0.0003673780001918203,,
chronos_m4_hourly,4:target,ar_2,550.4431762695312,649.212890625,0.2543499171733856,2.7454335689544678,0.1544026959119677,20240.340601708023,131088.0,0.043659261999891896,,
chronos_m4_hourly,4:target,ma_2,634.2965698242188,779.797607421875,0.234943225979805,3.1636674404144287,0.1869066545298458,24501.219529008427,131088.0,0.32576825099977214,,
chronos_m4_hourly,4:target,arma_2_2,536.5711669921875,634.1093139648438,0.23369745910167694,2.6762444972991943,0.14838572337531933,19451.58770582386,131088.0,0.18864500900008352,,
chronos_m4_hourly,4:target,arima_2_1_2,216.80796813964844,269.2294006347656,0.08469942957162857,1.0813684463500977,0.06749740647463598,8848.100019947082,131088.0,0.2617927900000723,,
chronos_m4_hourly,4:target,auto_arima,531.4458618164062,630.0363159179688,0.22831511497497559,2.6506810188293457,0.1466983141545747,19230.38860589489,131088.0,1.41160298900013,,
chronos_m4_hourly,4:target,prophet,242.9629669189453,270.17333984375,0.09034550189971924,1.21182119846344,0.06577168408724204,8621.878523628386,131088.0,0.11023041099997499,,
chronos_m4_hourly,4:target,deepar,602.6779174804688,699.6305541992188,0.22179202735424042,3.0059635639190674,0.1665803861341525,21836.689657553783,131088.0,1.1913151530002324,,
chronos_m4_hourly,5:target,chronos_t5_tiny,200.4437713623047,254.15628051757812,0.03034115768969059,0.9415999054908752,0.02290559529717414,6949.076595661393,303379.0,1.5423404529997242,,
chronos_m4_hourly,5:target,seasonal_naive,207.9791717529297,270.4535827636719,0.03215497359633446,0.9769980311393738,0.032906034884185656,9982.99995712936,303379.0,0.00040438599990011426,,
chronos_m4_hourly,5:target,ar_2,622.8692016601562,701.4998168945312,0.09939020872116089,2.9259755611419678,0.07043894720225567,21369.697363273124,303379.0,0.049844656999994186,,
chronos_m4_hourly,5:target,ma_2,787.1399536132812,895.5208129882812,0.1258244514465332,3.6976499557495117,0.09923354192803602,30105.37271658564,303379.0,0.30867527500004144,,
chronos_m4_hourly,5:target,arma_2_2,572.7787475585938,639.440185546875,0.09140798449516296,2.690671920776367,0.06450764632922407,19570.26523571367,303379.0,0.09375823600021249,,
chronos_m4_hourly,5:target,arima_2_1_2,559.8717041015625,647.873046875,0.0898105725646019,2.630040168762207,0.06334943582278246,19218.88849047992,303379.0,0.26826494599981743,,
chronos_m4_hourly,5:target,auto_arima,622.8692016601562,701.4998168945312,0.09939020872116089,2.9259755611419678,0.07043894720225567,21369.697363273124,303379.0,1.2481938030000492,,
chronos_m4_hourly,5:target,prophet,209.2800750732422,249.3577117919922,0.03195812180638313,0.9831091165542603,0.025754829504752608,7813.474420322342,303379.0,0.14323160000003554,,
chronos_m4_hourly,5:target,deepar,790.6793823242188,889.2994384765625,0.1266409307718277,3.7142767906188965,0.09036009888403213,27413.356439338782,303379.0,1.1587379990000954,,
chronos_m4_hourly,6:target,chronos_t5_tiny,992.0442504882812,1350.0113525390625,0.022714173421263695,0.5093445777893066,0.018631422110249093,36989.42810103028,1985325.0,1.5080053850001605,,
chronos_m4_hourly,6:target,seasonal_naive,926.5208129882812,1131.163330078125,0.022425733506679535,0.4757029116153717,0.022400866376926298,44473.0000397712,1985325.0,0.00047415399967576377,,
chronos_m4_hourly,6:target,ar_2,5707.39306640625,6835.68505859375,0.14479143917560577,2.930342674255371,0.10561111866056362,209672.39415478348,1985325.0,0.062385728000208474,,
chronos_m4_hourly,6:target,ma_2,7160.91650390625,8475.16796875,0.17644983530044556,3.676624298095703,0.1422768927377074,282465.87207448896,1985325.0,0.35177348799970787,,
chronos_m4_hourly,6:target,arma_2_2,5718.49609375,6825.71826171875,0.14662538468837738,2.9360435009002686,0.1062024764851557,210846.43162789172,1985325.0,0.09160772899986114,,
chronos_m4_hourly,6:target,arima_2_1_2,3772.267578125,4507.0478515625,0.09096365422010422,1.9367926120758057,0.06667106861024388,132363.73928863244,1985325.0,0.14624535199982347,,
chronos_m4_hourly,6:target,auto_arima,5838.853515625,7131.14892578125,0.1454414278268814,2.9978384971618652,0.10895133983908496,216303.81876603136,1985325.0,1.3657332660000066,,
chronos_m4_hourly,6:target,prophet,2113.2236328125,2689.960693359375,0.04758545756340027,1.0849908590316772,0.04197353857238942,83331.11546622902,1985325.0,0.11780062800016822,,
chronos_m4_hourly,6:target,deepar,6768.16357421875,7865.7314453125,0.16565948724746704,3.474973440170288,0.1306173216006647,259317.83400683964,1985325.0,1.2782343550002224,,
chronos_m4_hourly,7:target,chronos_t5_tiny,1292.3980712890625,1688.22607421875,0.038785409182310104,0.7957898378372192,0.031626979721578095,48727.8774189137,1540706.0,1.5572670350002227,,
chronos_m4_hourly,7:target,seasonal_naive,1440.9583740234375,1605.4241943359375,0.04515993222594261,0.8872653841972351,0.04489240655713753,69166.00013702114,1540706.0,0.00048809899999469053,,
chronos_m4_hourly,7:target,ar_2,3621.083984375,4364.02783203125,0.11638478189706802,2.229670524597168,0.08577406566724921,132152.61761792487,1540706.0,0.051325839000128326,,
chronos_m4_hourly,7:target,ma_2,5616.34814453125,6492.1923828125,0.17712371051311493,3.4582479000091553,0.1370337728614137,211128.75605021723,1540706.0,0.3918148359998668,,
chronos_m4_hourly,7:target,arma_2_2,3694.612060546875,4467.45751953125,0.12049742788076401,2.2749452590942383,0.08787042214389831,135382.486619637,1540706.0,0.2099208429999635,,
chronos_m4_hourly,7:target,arima_2_1_2,1501.3524169921875,1933.295166015625,0.04465575888752937,0.9244527816772461,0.04699990071983166,72413.02903844895,1540706.0,0.16543490399999428,,
chronos_m4_hourly,7:target,auto_arima,3621.083984375,4364.02783203125,0.11638478189706802,2.229670524597168,0.08577406566724921,132152.61761792487,1540706.0,1.5095059099999162,,
chronos_m4_hourly,7:target,prophet,1232.3216552734375,1573.6480712890625,0.038122646510601044,0.7587980031967163,0.03164753495033094,48759.54698318458,1540706.0,0.1364513429998624,,
chronos_m4_hourly,7:target,deepar,4976.884765625,5637.0791015625,0.15688979625701904,3.064500331878662,0.11587598386048885,178530.82358975834,1540706.0,1.1416218740000659,,
chronos_m4_hourly,8:target,chronos_t5_tiny,870.7052612304688,980.962646484375,0.025602184236049652,0.47040024399757385,0.021304060974234956,34956.98149018317,1640860.0,1.5201706760003617,,
chronos_m4_hourly,8:target,seasonal_naive,1454.125,1595.675048828125,0.04170535132288933,0.7855938673019409,0.042537449662560844,69797.99965330958,1640860.0,0.00043032600024162093,,
chronos_m4_hourly,8:target,ar_2,4780.57958984375,5562.779296875,0.14233581721782684,2.5827176570892334,0.10562512590962315,173316.04410006426,1640860.0,0.05566751200012732,,
chronos_m4_hourly,8:target,ma_2,4709.78173828125,5258.89794921875,0.13943873345851898,2.544468879699707,0.10455031347571225,171552.4273697572,1640860.0,0.554760005999924,,
chronos_m4_hourly,8:target,arma_2_2,4813.45458984375,5557.95703125,0.14306320250034332,2.600478410720825,0.10556422632674807,173216.11641050785,1640860.0,0.15625877699994817,,
chronos_m4_hourly,8:target,arima_2_1_2,2420.235595703125,3116.189208984375,0.0758608877658844,1.3075370788574219,0.06003914456698647,98515.83075418542,1640860.0,0.16528607999998712,,
chronos_m4_hourly,8:target,auto_arima,4742.94677734375,5434.63134765625,0.14068908989429474,2.5623862743377686,0.1027720909029036,168634.6130789384,1640860.0,1.9453546119998464,,
chronos_m4_hourly,8:target,prophet,3207.962158203125,3336.1240234375,0.09080784767866135,1.7331079244613647,0.07730179152876362,126841.41764788708,1640860.0,0.10443778899980316,,
chronos_m4_hourly,8:target,deepar,4722.87939453125,5654.146484375,0.13927777111530304,2.5515449047088623,0.10607730094408574,174058.00002711252,1640860.0,1.271205210000062,,
chronos_m4_hourly,9:target,chronos_t5_tiny,9.791448593139648,12.449751853942871,0.021377230063080788,0.9301600456237793,0.016167635925888414,346.11674990141915,21408.0,1.6780974980001702,,
chronos_m4_hourly,9:target,seasonal_naive,11.916666984558105,13.854902267456055,0.026568179950118065,1.132049798965454,0.02671898368469476,572.0000027219454,21408.0,0.0004288079999241745,,
chronos_m4_hourly,9:target,ar_2,35.462158203125,40.09600067138672,0.07954739034175873,3.368805170059204,0.059450616412428305,1272.7187961572652,21408.0,0.030550921999747516,,
chronos_m4_hourly,9:target,ma_2,32.578025817871094,37.10885238647461,0.07320459932088852,3.094820737838745,0.05623677665446502,1203.9169146187871,21408.0,0.199342907999835,,
chronos_m4_hourly,9:target,arma_2_2,28.73784065246582,32.52145004272461,0.06442877650260925,2.7300140857696533,0.04644872010907889,994.3742000951609,21408.0,0.44825189199991655,,
chronos_m4_hourly,9:target,arima_2_1_2,34.61129379272461,39.582244873046875,0.07761414349079132,3.287975549697876,0.07458832949889872,1596.786957912424,21408.0,0.19424738199995772,,
chronos_m4_hourly,9:target,auto_arima,32.44569396972656,36.44196701049805,0.07283135503530502,3.082249641418457,0.05280313078546636,1130.4094238552639,21408.0,1.3071169300001202,,
chronos_m4_hourly,9:target,prophet,14.219776153564453,17.496482849121094,0.03123238869011402,1.3508387804031372,0.02589597277046532,554.3809850701216,21408.0,0.14939865399992414,,
chronos_m4_hourly,9:target,deepar,35.30910873413086,40.823394775390625,0.07949315756559372,3.3542659282684326,0.059713874129519076,1278.3546173647444,21408.0,1.5800604590003786,,
chronos_m4_hourly,10:target,chronos_t5_tiny,2628.139404296875,3210.302978515625,0.07819396257400513,1.5996713638305664,0.055839719460158886,89214.3380254234,1597686.0,1.9277177879998817,,
chronos_m4_hourly,10:target,seasonal_naive,766.625,989.0431518554688,0.022151721641421318,0.46662214398384094,0.023032060072847423,36797.99992954731,1597686.0,0.0005682340001840203,,
chronos_m4_hourly,10:target,ar_2,4700.84912109375,5486.748046875,0.14341922104358673,2.861268997192383,0.10734374231216426,171501.59427975246,1597686.0,0.06972046999999293,,
chronos_m4_hourly,10:target,ma_2,5494.89306640625,6489.28955078125,0.16757328808307648,3.3445801734924316,0.1357897763894389,216949.42468053708,1597686.0,0.35462451500006864,,
chronos_m4_hourly,10:target,arma_2_2,4688.67626953125,5403.70263671875,0.1460178941488266,2.8538596630096436,0.10856738882952983,173456.5971894962,1597686.0,0.18078671700004634,,
chronos_m4_hourly,10:target,arima_2_1_2,3306.12109375,3929.73681640625,0.09787178039550781,2.012338876724243,0.07229235311084095,115500.48047224703,1597686.0,0.22391032099994845,,
chronos_m4_hourly,10:target,auto_arima,4814.77587890625,5685.42578125,0.14611999690532684,2.930612802505493,0.11023439030030137,176119.9421013273,1597686.0,1.3920562409998638,,
chronos_m4_hourly,10:target,prophet,4710.3984375,5274.640625,0.14563322067260742,2.8670814037323,0.1144812343733458,182905.06542101337,1597686.0,0.09576816099979624,,
chronos_m4_hourly,10:target,deepar,5340.14306640625,6264.82763671875,0.16272757947444916,3.2503883838653564,0.12558863164180598,200651.19853327042,1597686.0,1.1305952479997359,,
chronos_m4_hourly,11:target,chronos_t5_tiny,281.1328125,345.9429626464844,0.03278431296348572,0.5382040739059448,0.02612412044965802,11343.615581650505,434220.0,1.7770185250001305,,
chronos_m4_hourly,11:target,seasonal_naive,326.1666564941406,400.1758117675781,0.03755591809749603,0.6244173645973206,0.03605545585215757,15656.00004012386,434220.0,0.00042313699987062137,,
chronos_m4_hourly,11:target,ar_2,1045.2906494140625,1273.6832275390625,0.12237643450498581,2.001116991043091,0.08860913111099776,38475.85691101745,434220.0,0.053483142999994016,,
chronos_m4_hourly,11:target,ma_2,1730.5552978515625,1978.4193115234375,0.19464068114757538,3.3129959106445312,0.15057823391420994,65384.080730228234,434220.0,0.3832942029998776,,
chronos_m4_hourly,11:target,arma_2_2,1084.4906005859375,1324.9373779296875,0.12828341126441956,2.0761618614196777,0.0920345956508719,39963.26212352159,434220.0,0.1541441809999924,,
chronos_m4_hourly,11:target,arima_2_1_2,651.2880249023438,778.40283203125,0.07117872685194016,1.2468336820602417,0.06065334754216571,26336.896569759196,434220.0,0.18111876000011762,,
chronos_m4_hourly,11:target,auto_arima,1065.57861328125,1277.852783203125,0.12253592163324356,2.039956569671631,0.08870724331870125,38518.45919384646,434220.0,1.926420288999907,,
chronos_m4_hourly,11:target,prophet,382.5703430175781,443.9317932128906,0.042556215077638626,0.7323973178863525,0.03187003331268644,13838.605865034704,434220.0,0.12384921200009558,,
chronos_m4_hourly,11:target,deepar,1506.1363525390625,1673.013427734375,0.16947513818740845,2.8833656311035156,0.12170478557659577,52846.65199306941,434220.0,1.333722152000064,,
chronos_m4_hourly,12:target,chronos_t5_tiny,35.57732391357422,47.07459259033203,0.0539088137447834,0.8801240921020508,0.046496709010866534,1412.9419934222121,30388.0,1.5941987490000429,,
chronos_m4_hourly,12:target,seasonal_naive,39.08333206176758,58.86035919189453,0.061176422983407974,0.9668569564819336,0.06173489536617843,1876.0000003874302,30388.0,0.0005534130000341975,,
chronos_m4_hourly,12:target,ar_2,118.36260986328125,141.21592712402344,0.18911612033843994,2.9280951023101807,0.14260796268510642,4333.570770075014,30388.0,0.07099911900013467,,
chronos_m4_hourly,12:target,ma_2,118.42874908447266,141.108642578125,0.18914808332920074,2.9297311305999756,0.1496147349434173,4546.492565460565,30388.0,0.3671349190003639,,
chronos_m4_hourly,12:target,arma_2_2,96.33394622802734,113.60784149169922,0.1547955572605133,2.3831424713134766,0.1141084669360152,3467.52809325163,30388.0,0.3142367089999425,,
chronos_m4_hourly,12:target,arima_2_1_2,136.7842254638672,166.2239227294922,0.22180844843387604,3.383815288543701,0.19921790988771465,6053.833845667873,30388.0,0.11030695999988893,,
chronos_m4_hourly,12:target,auto_arima,103.41727447509766,122.12730407714844,0.1665753424167633,2.5583722591400146,0.12275504079478179,3730.280179671829,30388.0,1.3745471819997874,,
chronos_m4_hourly,12:target,prophet,54.44535446166992,69.57825469970703,0.08467543125152588,1.3468879461288452,0.0689962062265172,2096.6567148114045,30388.0,0.1033026630002496,,
chronos_m4_hourly,12:target,deepar,109.6072998046875,130.4146728515625,0.1743772178888321,2.711503267288208,0.13677470555908805,4156.309752529568,30388.0,1.2967050709999057,,
chronos_m4_hourly,13:target,chronos_t5_tiny,6.582891941070557,7.504951477050781,0.03465710207819939,0.7462745308876038,0.02595874356464395,234.64108308081666,9039.0,1.5921655160000228,,
chronos_m4_hourly,13:target,seasonal_naive,10.020833015441895,11.400840759277344,0.053136736154556274,1.1360193490982056,0.05321385135184032,481.00000236928463,9039.0,0.0005079190000287781,,
chronos_m4_hourly,13:target,ar_2,28.532873153686523,32.32663345336914,0.1528005599975586,3.2346508502960205,0.11257515605167959,1017.5668355511318,9039.0,0.042309087999910844,,
chronos_m4_hourly,13:target,ma_2,27.839731216430664,31.954322814941406,0.14934784173965454,3.1560721397399902,0.11677764779451044,1055.55315841458,9039.0,0.18137957099997948,,
chronos_m4_hourly,13:target,arma_2_2,28.139726638793945,31.43559455871582,0.15082351863384247,3.1900813579559326,0.11019665867658394,996.0675977776423,9039.0,0.19799282900021353,,
chronos_m4_hourly,13:target,arima_2_1_2,6.439609527587891,7.6599602699279785,0.03554108366370201,0.7300311923027039,0.02771220657820716,250.4906352604145,9039.0,0.4077968490000785,,
chronos_m4_hourly,13:target,auto_arima,28.728540420532227,32.10715103149414,0.15412220358848572,3.2568328380584717,0.11280906585136875,1019.6811462305221,9039.0,1.238707118000093,,
chronos_m4_hourly,13:target,prophet,12.464598655700684,15.030619621276855,0.06416498869657516,1.4130586385726929,0.0540700165247538,488.7388793672496,9039.0,0.11599862000002759,,
chronos_m4_hourly,13:target,deepar,31.17152214050293,37.39631652832031,0.16782963275909424,3.533783197402954,0.1288084824780671,1164.2998731192483,9039.0,1.2493290120000893,,
chronos_m4_hourly,14:target,chronos_t5_tiny,674.978515625,901.1210327148438,0.043145161122083664,0.7617034316062927,0.03738985518121592,27061.094636680926,723755.0,1.7718161909997434,,
chronos_m4_hourly,14:target,seasonal_naive,831.3541870117188,933.067626953125,0.054940033704042435,0.9381710886955261,0.055136061362983775,39905.00009176632,723755.0,0.0004627289999916684,,
chronos_m4_hourly,14:target,ar_2,1927.4381103515625,2323.831298828125,0.13254348933696747,2.1750857830047607,0.0976261816309577,70657.43708631379,723755.0,0.06205593200002113,,
chronos_m4_hourly,14:target,ma_2,2648.373779296875,3141.176025390625,0.17743225395679474,2.9886512756347656,0.13874693504362104,100418.78797249595,723755.0,0.4768126230001144,,
chronos_m4_hourly,14:target,arma_2_2,1952.4384765625,2337.79345703125,0.13545796275138855,2.203298330307007,0.09864612021361006,71395.62273520135,723755.0,0.15790929799959486,,
chronos_m4_hourly,14:target,arima_2_1_2,1277.158447265625,1494.8511962890625,0.0838814377784729,1.4412546157836914,0.0656303957348635,47500.32706508613,723755.0,0.18138552900018112,,
chronos_m4_hourly,14:target,auto_arima,1978.4254150390625,2344.682861328125,0.135380819439888,2.2326242923736572,0.09829088472609959,71138.51927493821,723755.0,1.6143572089999907,,
chronos_m4_hourly,14:target,prophet,839.6925659179688,1090.8065185546875,0.05550330504775047,0.9475808143615723,0.04708596018119042,34078.69911093747,723755.0,0.13829053900008148,,
chronos_m4_hourly,14:target,deepar,2432.6474609375,2749.027099609375,0.1626802384853363,2.7452070713043213,0.12009324517746661,86918.08666341734,723755.0,1.4240443829999094,,
chronos_m4_hourly,15:target,chronos_t5_tiny,60.16035461425781,82.86193084716797,0.048260241746902466,0.8476998805999756,0.04115836438038506,2381.7522299641228,57868.0,1.6225420389996543,,
chronos_m4_hourly,15:target,seasonal_naive,56.70833206176758,84.40576934814453,0.043087247759103775,0.7990585565567017,0.04703808660586966,2721.9999957084656,57868.0,0.0005788530002064363,,
chronos_m4_hourly,15:target,ar_2,218.20458984375,246.56985473632812,0.18179599940776825,3.0746493339538574,0.13150839318130472,7610.127696615742,57868.0,0.039974021000034554,,
chronos_m4_hourly,15:target,ma_2,215.56561279296875,244.79054260253906,0.179750457406044,3.0374643802642822,0.13576347428071794,7856.360729676586,57868.0,0.18190443000003143,,
chronos_m4_hourly,15:target,arma_2_2,100.8296127319336,121.03863525390625,0.08443043380975723,1.4207570552825928,0.0628670773466837,3637.9920318978925,57868.0,0.22834027199996854,,
chronos_m4_hourly,15:target,arima_2_1_2,50.58012008666992,68.32829284667969,0.042082369327545166,0.7127079367637634,0.055079111057978435,3187.3179987030962,57868.0,0.5136448700000074,,
chronos_m4_hourly,15:target,auto_arima,111.50313568115234,134.4885711669922,0.09343603253364563,1.5711541175842285,0.06932866411912718,4011.911135245651,57868.0,1.2595051299999795,,
chronos_m4_hourly,15:target,prophet,73.54906463623047,92.05374145507812,0.05970035120844841,1.03635573387146,0.049392191377024726,2858.227330605667,57868.0,0.10998561399992468,,
chronos_m4_hourly,15:target,deepar,215.9364471435547,255.02365112304688,0.17990882694721222,3.042689800262451,0.13742568387648577,7952.549474564478,57868.0,1.2172283740001149,,
chronos_m4_hourly,16:target,chronos_t5_tiny,963.8056030273438,1311.9796142578125,0.017915667966008186,0.7752795815467834,0.014205532792352635,36136.304222309685,2543819.0,1.6041136379999443,,
chronos_m4_hourly,16:target,seasonal_naive,837.5208129882812,1497.75634765625,0.015277932398021221,0.6736968755722046,0.015803404217154156,40200.999912276864,2543819.0,0.0004922359999000037,,
chronos_m4_hourly,16:target,ar_2,6235.45947265625,7691.6474609375,0.11784134060144424,5.0157670974731445,0.09158219808363373,232968.53554691107,2543819.0,0.051096916000005876,,
chronos_m4_hourly,16:target,ma_2,9096.3798828125,10417.7763671875,0.173628568649292,7.317074775695801,0.13721003422018127,349037.4920399473,2543819.0,0.12558731499984788,,
chronos_m4_hourly,16:target,arma_2_2,5948.38916015625,7424.66943359375,0.11494311690330505,4.784849643707275,0.08809171987983824,224089.39077301024,2543819.0,0.24012242800017702,,
chronos_m4_hourly,16:target,arima_2_1_2,4028.802001953125,4509.0771484375,0.07715827971696854,3.2407448291778564,0.05706328007856608,145158.65606617788,2543819.0,0.2511240489998272,,
chronos_m4_hourly,16:target,auto_arima,6534.22900390625,7959.60595703125,0.1228276863694191,5.256095886230469,0.09468562445133745,240863.09050617678,2543819.0,1.4163804690001598,,
chronos_m4_hourly,16:target,prophet,1309.6097412109375,1532.8294677734375,0.025468984618782997,1.0534424781799316,0.0184905905879656,47036.71565888807,2543819.0,0.08938893200001985,,
chronos_m4_hourly,16:target,deepar,8590.7626953125,9696.01171875,0.16404688358306885,6.9103593826293945,0.12152279186531618,309131.98688003677,2543819.0,1.2031969999998182,,
chronos_m4_hourly,17:target,chronos_t5_tiny,1046.3585205078125,1383.717041015625,0.03191256523132324,0.7409532070159912,0.025854671467273417,38880.48764452897,1503809.0,1.5564436869999554,,
chronos_m4_hourly,17:target,seasonal_naive,1084.9375,1347.9556884765625,0.033682458102703094,0.7682719826698303,0.03463006264269579,52076.99987264971,1503809.0,0.0004282319996491424,,
chronos_m4_hourly,17:target,ar_2,4519.2978515625,5189.53662109375,0.14580242335796356,3.200230360031128,0.10425579340244365,156780.80042073538,1503809.0,0.0565695649997906,,
chronos_m4_hourly,17:target,ma_2,5673.58056640625,6407.3076171875,0.1839028149843216,4.01760721206665,0.1382709130898743,207933.04354277079,1503809.0,0.5221806810000089,,
chronos_m4_hourly,17:target,arma_2_2,2593.579345703125,2969.67138671875,0.08452378958463669,1.8365797996520996,0.06387821111884134,96060.62878441368,1503809.0,0.2731020350001927,,
chronos_m4_hourly,17:target,arima_2_1_2,2262.258544921875,2577.427734375,0.07597740739583969,1.6019630432128906,0.06274874720733362,94362.13078911316,1503809.0,0.26486822600008963,,
chronos_m4_hourly,17:target,auto_arima,2459.536376953125,2833.803466796875,0.07982563972473145,1.7416605949401855,0.06097190496837869,91690.09943859259,1503809.0,1.5795207900000605,,
chronos_m4_hourly,17:target,prophet,1407.056640625,1665.3328857421875,0.047784555703401566,0.9963727593421936,0.03511809450232875,52810.9065754525,1503809.0,0.13921191800000088,,
chronos_m4_hourly,17:target,deepar,5367.322265625,6084.490234375,0.17443649470806122,3.8007380962371826,0.12792179927386232,192369.95304422764,1503809.0,1.4894231860002947,,
chronos_m4_hourly,18:target,chronos_t5_tiny,78.0080337524414,93.78982543945312,0.03388163447380066,0.6731783747673035,0.02654374766600748,2983.862306378899,112413.0,1.6288354999996955,,
chronos_m4_hourly,18:target,seasonal_naive,51.14583206176758,107.01275634765625,0.018964119255542755,0.4413682520389557,0.021839111067273136,2454.999992405375,112413.0,0.00039205199982461636,,
chronos_m4_hourly,18:target,ar_2,221.40293884277344,258.4745788574219,0.09660642594099045,1.9106194972991943,0.07246196110914428,8145.666434162236,112413.0,0.0488236380001581,,
chronos_m4_hourly,18:target,ma_2,418.5261535644531,473.82879638671875,0.18183355033397675,3.6117148399353027,0.13586185890040112,15272.639144570792,112413.0,0.4767586820003089,,
chronos_m4_hourly,18:target,arma_2_2,140.05308532714844,171.42140197753906,0.06318319588899612,1.2086025476455688,0.052814974861137814,5937.089769065085,112413.0,0.21205523899971013,,
chronos_m4_hourly,18:target,arima_2_1_2,182.6568603515625,211.96815490722656,0.08075397461652756,1.576256275177002,0.06252219480958457,7028.30748512983,112413.0,0.4163463429999865,,
chronos_m4_hourly,18:target,auto_arima,181.59812927246094,211.05076599121094,0.08043430000543594,1.567119836807251,0.062276207812966,7000.655348878947,112413.0,1.6435882349996973,,
chronos_m4_hourly,18:target,prophet,102.47855377197266,116.90990447998047,0.04554397985339165,0.8843492865562439,0.03230374691779946,3631.3611022705913,112413.0,0.1253292699998383,,
chronos_m4_hourly,18:target,deepar,404.5658264160156,454.1129455566406,0.17607481777668,3.4912426471710205,0.12794523512595082,14382.70771621351,112413.0,1.3894203449999623,,
chronos_m4_hourly,19:target,chronos_t5_tiny,391.2810974121094,441.62384033203125,0.05801649019122124,0.9350831508636475,0.04100833941916189,13488.668043447824,328925.0,1.7396940640001048,,
chronos_m4_hourly,19:target,seasonal_naive,300.8958435058594,407.02239990234375,0.04208815097808838,0.7190805673599243,0.043909705710545165,14442.99995084107,328925.0,0.0008218520001719298,,
chronos_m4_hourly,19:target,ar_2,534.8966674804688,642.4299926757812,0.08301901817321777,1.2782955169677734,0.06701779412197592,22043.82793157093,328925.0,0.06490396899971529,,
chronos_m4_hourly,19:target,ma_2,1359.457763671875,1564.51611328125,0.2021494358778,3.248830556869507,0.15355621233648983,50508.47714277992,328925.0,0.5285393379999732,,
chronos_m4_hourly,19:target,arma_2_2,559.4118041992188,668.8681030273438,0.0867154598236084,1.3368817567825317,0.06917192778346253,22752.376346175413,328925.0,0.2133765769999627,,
chronos_m4_hourly,19:target,arima_2_1_2,652.0234985351562,767.7561645507812,0.09890434890985489,1.558205008506775,0.07652335167013063,25170.443448097718,328925.0,0.4241479629999958,,
chronos_m4_hourly,19:target,auto_arima,649.42919921875,766.0366821289062,0.09864702075719833,1.5520051717758179,0.07689257821498048,25291.891289362455,328925.0,1.7227715760000137,,
chronos_m4_hourly,19:target,prophet,355.950439453125,418.84051513671875,0.055414121598005295,0.8506499528884888,0.03873670376516187,12741.470285955867,328925.0,0.15702085499970053,,
chronos_m4_hourly,19:target,deepar,1057.0557861328125,1238.5091552734375,0.15953615307807922,2.526150703430176,0.1154864838461006,37986.39169907864,328925.0,1.2046725140003218,,
chronos_weather,0:target,chronos_t5_tiny,0.5866667032241821,1.5414278507232666,2.0,0.2086927741765976,0.9638843942258547,16.96436570606776,17.600000381469727,1.2221039729997756,,
chronos_weather,0:target,seasonal_naive,0.5866667032241821,1.5414278507232666,0.6000000238418579,0.2086927741765976,0.9999999880339162,17.600000170866647,17.600000381469727,0.00047812599996177596,,
chronos_weather,0:target,ar_2,1.622521162033081,1.7675631046295166,1.699134349822998,0.5771734118461609,2.7405255047187684,48.23324992847784,17.600000381469727,0.05107973200028937,,
chronos_weather,0:target,ma_2,1.628206729888916,1.772145390510559,1.6998831033706665,0.5791959762573242,2.741916172884124,48.257725688718594,17.600000381469727,0.2479369669999869,,
chronos_weather,0:target,arma_2_2,1.6094533205032349,1.7569260597229004,1.6975358724594116,0.5725248456001282,2.733928276531915,48.11713870987257,17.600000381469727,1.3173620710003888,,
chronos_weather,0:target,arima_2_1_2,1.5903265476226807,1.7438589334487915,1.7020310163497925,0.5657209753990173,2.7303668141194253,48.05445697005417,17.600000381469727,2.00968069999999,,
chronos_weather,0:target,auto_arima,1.6092087030410767,1.7567132711410522,1.6975044012069702,0.5724378228187561,2.7338444356060005,48.1156631095445,17.600000381469727,3.314065041000049,,
chronos_weather,0:target,prophet,1.2523672580718994,1.6401795148849487,1.7392538785934448,0.4454999566078186,2.62540913962246,46.207201858869404,17.600000381469727,0.3955448769997929,,
chronos_weather,0:target,deepar,0.596818208694458,1.5346529483795166,1.990929365158081,0.21230393648147583,1.0142260801715728,17.850379397916225,17.600000381469727,1.1087579630002438,,
chronos_weather,1:target,chronos_t5_tiny,0.5666667222976685,1.78175950050354,2.0,0.1813683807849884,0.9981779362117074,16.969026819472347,17.000001907348633,1.1431298120000974,,
chronos_weather,1:target,seasonal_naive,0.5666667222976685,1.78175950050354,0.4000000059604645,0.1813683807849884,0.9999999181897125,17.00000051657359,17.000001907348633,0.0006028709999554849,,
chronos_weather,1:target,ar_2,1.7998565435409546,2.0564815998077393,1.7669891119003296,0.5760653614997864,3.2028647364382095,54.448706628429235,17.000001907348633,0.09006300999999439,,
chronos_weather,1:target,ma_2,1.8033478260040283,2.0592200756073,1.767040729522705,0.5771828293800354,3.203998723898886,54.46798441742365,17.000001907348633,0.5005575539998972,,
chronos_weather,1:target,arma_2_2,1.5769330263137817,1.9068052768707275,1.7741574048995972,0.5047160387039185,3.1072115146341197,52.82260167531567,17.000001907348633,5.132623291000073,,
chronos_weather,1:target,arima_2_1_2,1.5264838933944702,1.8747137784957886,1.7769439220428467,0.4885692298412323,3.10263335897634,52.744773020401276,17.000001907348633,2.235509534999892,,
chronos_weather,1:target,auto_arima,1.7826296091079712,2.043013095855713,1.7664743661880493,0.5705516934394836,3.194442882331747,54.30553509255596,17.000001907348633,4.916079830999934,,
chronos_weather,1:target,prophet,1.19361412525177,1.7960073947906494,1.7537668943405151,0.38203030824661255,3.0779866031192946,52.32577812382155,17.000001907348633,0.5621883459998571,,
chronos_weather,1:target,deepar,0.5766582489013672,1.7849973440170288,2.0,0.18456628918647766,1.0128044557482467,17.217677679491388,17.000001907348633,1.502536064999731,,
chronos_weather,2:target,chronos_t5_tiny,1.8000000715255737,3.968878984451294,2.0,0.3718278110027313,0.9775681276178296,52.7886788913628,54.0,1.196784765999837,,
chronos_weather,2:target,seasonal_naive,2.2666666507720947,4.208562850952148,0.8999999761581421,0.4682275950908661,1.2592592425368452,67.99999909698964,54.0,0.0005069819999334868,,
chronos_weather,2:target,ar_2,3.1337809562683105,3.7222373485565186,1.5745868682861328,0.6473482847213745,1.488895844109673,80.40037558192233,54.0,0.06641078699976788,,
chronos_weather,2:target,ma_2,3.1458747386932373,3.731266736984253,1.574750304222107,0.6498464941978455,1.489927941938711,80.45610886469039,54.0,0.3641284639998048,,
chronos_weather,2:target,arma_2_2,3.1202712059020996,3.7122347354888916,1.5743087530136108,0.644557535648346,1.4863934098558604,80.26524413221647,54.0,1.5445020060001298,,
chronos_weather,2:target,arima_2_1_2,2.8985776901245117,3.605989694595337,1.5931727886199951,0.5987620949745178,1.4529302671327384,78.45823442516787,54.0,1.5507446560000062,,
chronos_weather,2:target,auto_arima,3.1139674186706543,3.70727801322937,1.574087381362915,0.643255352973938,1.485243710940799,80.20316039080315,54.0,4.960222149999936,,
chronos_weather,2:target,prophet,3.142282009124756,3.9237043857574463,1.6209216117858887,0.6491043567657471,1.4799202965048417,79.91569601126145,54.0,0.5399352760000511,,
chronos_weather,2:target,deepar,1.8103169202804565,3.900202751159668,1.8940527439117432,0.3739589750766754,0.9918163546967406,53.55808315362399,54.0,1.2005714360002457,,
chronos_weather,3:target,chronos_t5_tiny,0.18666668236255646,0.7192588448524475,2.0,0.07037009298801422,1.0214105807251974,5.719899641698321,5.600000381469727,1.6829450959999122,,
chronos_weather,3:target,seasonal_naive,0.23333331942558289,0.7201851606369019,0.8400000333786011,0.08796260505914688,1.2499999235428567,7.000000048677126,5.600000381469727,0.000802420000127313,,
chronos_weather,3:target,ar_2,1.794738531112671,1.8056986331939697,1.8571228981018066,0.6765851974487305,8.955369493522893,50.15007257993055,5.600000381469727,0.5211014750002505,,
chronos_weather,3:target,ma_2,1.7983136177062988,1.8088562488555908,1.8574780225753784,0.6779329776763916,8.959179724405736,50.17140987432796,5.600000381469727,1.5664073670000107,,
chronos_weather,3:target,arma_2_2,1.7652182579040527,1.7777268886566162,1.8552253246307373,0.6654565930366516,8.907603837457948,49.882584887745715,5.600000381469727,17.491362610000124,,
chronos_weather,3:target,arima_2_1_2,1.7549612522125244,1.7662947177886963,1.8560632467269897,0.6615898609161377,8.88865040623798,49.77644566568373,5.600000381469727,2.5745736049998413,,
chronos_weather,3:target,auto_arima,1.7935196161270142,1.8046231269836426,1.8569800853729248,0.676125705242157,8.95453997743894,50.145427289543974,5.600000381469727,7.612199333000262,,
chronos_weather,3:target,prophet,1.2372418642044067,1.4007620811462402,1.8246550559997559,0.46641865372657776,8.248902373239412,46.19385643684724,5.600000381469727,0.8610082519999196,,
chronos_weather,3:target,deepar,0.2212054580450058,0.7087780237197876,1.9895237684249878,0.08339060842990875,1.3210377562129292,7.3978119387283146,5.600000381469727,1.5866652380000232,,
chronos_weather,4:target,chronos_t5_tiny,2.0046427249908447,5.345864295959473,2.0,0.462117463350296,0.9990146913158284,60.08002265858621,60.139278411865234,1.2588418260002072,,
chronos_weather,4:target,seasonal_naive,2.0046427249908447,5.345864295959473,0.5333333611488342,0.462117463350296,0.9999999891092924,60.13927775690594,60.139278411865234,0.0007901100002527528,,
chronos_weather,4:target,ar_2,3.3140957355499268,4.971775054931641,1.6742663383483887,0.7639772891998291,1.47867667117539,88.92654800894688,60.139278411865234,0.9738414720000037,,
chronos_weather,4:target,ma_2,3.319275379180908,4.974190711975098,1.6742663383483887,0.7651712894439697,1.4793684526617543,88.96815124835551,60.139278411865234,2.669663725999726,,
chronos_weather,4:target,arma_2_2,3.160062074661255,4.953192234039307,1.6835201978683472,0.7284688949584961,1.4607312563959658,87.84732371331069,60.139278411865234,28.07633903299984,,
chronos_weather,4:target,arima_2_1_2,3.067967653274536,4.948890209197998,1.6890455484390259,0.7072389125823975,1.450725093702992,87.24556030928352,60.139278411865234,2.8196385060000466,,
chronos_weather,4:target,auto_arima,3.3109400272369385,4.970277309417725,1.6742662191390991,0.7632498145103455,1.478179245800947,88.89663320586413,60.139278411865234,5.942542132000199,,
chronos_weather,4:target,prophet,3.7835235595703125,5.164444446563721,1.7049789428710938,0.8721914887428284,1.541126859104562,92.68225724769266,60.139278411865234,5.531806766000045,,
chronos_weather,4:target,deepar,2.030632495880127,5.330038070678711,1.9905505180358887,0.4681087136268616,1.007590932060637,60.595791588465445,60.139278411865234,3.9718455899997025,,
chronos_weather,5:target,chronos_t5_tiny,0.54666668176651,1.705676794052124,2.0,0.20901501178741455,0.9643267949215433,15.814959068851831,16.399999618530273,1.180213386000105,,
chronos_weather,5:target,seasonal_naive,0.54666668176651,1.705676794052124,0.7333333492279053,0.20901501178741455,1.0000000467629948,16.40000038544337,16.399999618530273,0.0005902199995944102,,
chronos_weather,5:target,ar_2,1.5645339488983154,1.8950530290603638,1.6744681596755981,0.59819096326828,2.9148739345345245,47.80393141443004,16.399999618530273,0.1100356090000787,,
chronos_weather,5:target,ma_2,1.5654304027557373,1.8956868648529053,1.674573540687561,0.5985337495803833,2.915297641190348,47.81088020342391,16.399999618530273,0.4760184740002842,,
chronos_weather,5:target,arma_2_2,1.56398344039917,1.8946868181228638,1.674368977546692,0.5979804992675781,2.914708872539299,47.80122439777131,16.399999618530273,3.3981218779999836,,
chronos_weather,5:target,arima_2_1_2,1.5641785860061646,1.8948040008544922,1.674443006515503,0.5980551242828369,2.915010795540226,47.806175934871334,16.399999618530273,1.7733679950001715,,
chronos_weather,5:target,auto_arima,1.5643879175186157,1.8949534893035889,1.6744492053985596,0.5981351137161255,2.9148782827704647,47.8040027254978,16.399999618530273,4.6832427540002755,,
chronos_weather,5:target,prophet,1.0905174016952515,1.888708233833313,1.6937733888626099,0.41695335507392883,2.875976999088485,47.16602168795299,16.399999618530273,0.5800333460001639,,
chronos_weather,5:target,deepar,0.5575165152549744,1.7036758661270142,1.907860517501831,0.2131633758544922,1.003282876399349,16.45383879022728,16.399999618530273,1.4273741339998196,,
chronos_weather,6:target,chronos_t5_tiny,0.7314456701278687,1.7629458904266357,2.0,0.260015070438385,0.9520246321647289,20.890629532500114,21.943370819091797,1.1281705209999018,,
chronos_weather,6:target,seasonal_naive,0.7247791290283203,1.7407087087631226,1.1138144731521606,0.25764521956443787,0.9908857208787678,21.743372812585893,21.943370819091797,0.00047028699964357656,,
chronos_weather,6:target,ar_2,1.6601576805114746,1.8958704471588135,1.54611337184906,0.5901545882225037,2.257027199657567,49.52678479086233,21.943370819091797,0.48088329399979557,,
chronos_weather,6:target,ma_2,1.6610699892044067,1.8968814611434937,1.5459625720977783,0.5904788970947266,2.257585414041659,49.53903389608901,21.943370819091797,1.2436074219999682,,
chronos_weather,6:target,arma_2_2,1.6604952812194824,1.896206259727478,1.546088457107544,0.5902745723724365,2.257242319569843,49.531505246867965,21.943370819091797,1.951528690000032,,
chronos_weather,6:target,arima_2_1_2,1.6091983318328857,1.8605237007141113,1.5422916412353516,0.5720394849777222,2.236226368879643,49.07034444775717,21.943370819091797,2.503918578000139,,
chronos_weather,6:target,auto_arima,1.6610699892044067,1.8968814611434937,1.5459625720977783,0.5904788970947266,2.257585414041659,49.53903389608901,21.943370819091797,6.6719665959999475,,
chronos_weather,6:target,prophet,1.5909314155578613,1.8685941696166992,1.5856437683105469,0.565545916557312,2.234922600326497,49.04173537093321,21.943370819091797,2.026661838999644,,
chronos_weather,6:target,deepar,0.7334157228469849,1.7481319904327393,1.7275927066802979,0.2607153654098511,0.978382605972653,21.469012325807302,21.943370819091797,2.014164857000196,,
chronos_weather,7:target,chronos_t5_tiny,0.20666666328907013,0.5253570079803467,2.0,0.07364130765199661,0.88227775271871,5.470121898574876,6.199999809265137,1.1178625540001121,,
chronos_weather,7:target,seasonal_naive,0.2266666740179062,0.5291502475738525,1.0666667222976685,0.08076788485050201,1.0967742502017457,6.800000142057737,6.199999809265137,0.0003915399997822533,,
chronos_weather,7:target,ar_2,1.521093487739563,1.5514761209487915,1.7181974649429321,0.5420095920562744,7.873071365326998,48.8130409633582,6.199999809265137,0.02764501299998301,,
chronos_weather,7:target,ma_2,1.5210421085357666,1.5514836311340332,1.7181419134140015,0.5419912338256836,7.872055478871235,48.80674246752623,6.199999809265137,0.1295385680000436,,
chronos_weather,7:target,arma_2_2,1.5166280269622803,1.547218680381775,1.7176916599273682,0.5404183864593506,7.868924781635447,48.78733214526148,6.199999809265137,0.7780963979998887,,
chronos_weather,7:target,arima_2_1_2,1.4246991872787476,1.4537973403930664,1.7084969282150269,0.5076615214347839,7.758465347087934,48.102483672135364,6.199999809265137,0.9776278019999154,,
chronos_weather,7:target,auto_arima,1.5210421085357666,1.5514836311340332,1.7181419134140015,0.5419912338256836,7.872055478871235,48.80674246752623,6.199999809265137,2.171552593999877,,
chronos_weather,7:target,prophet,1.236608862876892,1.4743549823760986,1.7860562801361084,0.440639466047287,7.696144523046727,47.71609457496663,6.199999809265137,0.1839478959996086,,
chronos_weather,7:target,deepar,0.23035426437854767,0.5378267765045166,1.943199634552002,0.0820818841457367,1.068766773155713,6.626353789714336,6.199999809265137,1.1011956569996073,,
chronos_weather,8:target,chronos_t5_tiny,0.1666666716337204,0.40824830532073975,2.0,0.0636129155755043,0.9094807086192404,4.547403543096202,5.0,1.1556014660000073,,
chronos_weather,8:target,seasonal_naive,0.1666666716337204,0.40824830532073975,0.3333333432674408,0.0636129155755043,1.0000000049670539,5.000000024835269,5.0,0.0006129589996817231,,
chronos_weather,8:target,ar_2,1.8733394145965576,1.9112497568130493,1.7825511693954468,0.7150114178657532,10.939857080178587,54.69928540089293,5.0,1.0164949359996172,,
chronos_weather,8:target,ma_2,1.8800148963928223,1.9173879623413086,1.782819151878357,0.7175593376159668,10.944473941597348,54.72236970798674,5.0,3.2896846489998097,,
chronos_weather,8:target,arma_2_2,1.8694173097610474,1.907813549041748,1.7821576595306396,0.7135144472122192,10.933910261104206,54.669551305521026,5.0,6.400396809000085,,
chronos_weather,8:target,arima_2_1_2,1.807289719581604,1.8463611602783203,1.777694821357727,0.6898017525672913,10.82487518349218,54.1243759174609,5.0,8.408520356000281,,
chronos_weather,8:target,auto_arima,1.8715695142745972,1.909683108329773,1.7823971509933472,0.7143359184265137,10.93735407258632,54.6867703629316,5.0,7.0607316190003075,,
chronos_weather,8:target,prophet,1.5136977434158325,1.6560003757476807,1.7819545269012451,0.5777443051338196,10.465049675248492,52.32524837624246,5.0,4.031485616999817,,
chronos_weather,8:target,deepar,0.27634602785110474,0.39103981852531433,1.93385648727417,0.105475053191185,1.3216292849234776,6.608146424617388,5.0,3.573065085000053,,
chronos_weather,9:target,chronos_t5_tiny,0.2599230408668518,0.719454824924469,2.0,0.06768317520618439,0.9835997620443943,7.669806882632037,7.7976908683776855,1.3760522420002417,,
chronos_weather,9:target,seasonal_naive,0.2599230408668518,0.719454824924469,0.4000000059604645,0.06768317520618439,1.0000000393645323,7.797691175330139,7.7976908683776855,0.0005377570000746346,,
chronos_weather,9:target,ar_2,2.215388774871826,2.314574956893921,1.761223554611206,0.5768805742263794,9.25244663362419,72.14771862516321,7.7976908683776855,0.3626325970003563,,
chronos_weather,9:target,ma_2,2.2203760147094727,2.319453001022339,1.7612239122390747,0.5781791806221008,9.255245331595647,72.16954200677858,7.7976908683776855,1.15272787899994,,
chronos_weather,9:target,arma_2_2,2.2127327919006348,2.311927080154419,1.7612223625183105,0.5761889219284058,9.2508961537231,72.13562846219686,7.7976908683776855,1.2144665159999022,,
chronos_weather,9:target,arima_2_1_2,2.215186834335327,2.3143181800842285,1.7612197399139404,0.5768279433250427,9.252581966492595,72.14877390903536,7.7976908683776855,2.8750584270001127,,
chronos_weather,9:target,auto_arima,2.2118418216705322,2.3110241889953613,1.7612195014953613,0.5759569406509399,9.249906332079378,72.1279101390043,7.7976908683776855,6.418393293000008,,
chronos_weather,9:target,prophet,1.4560493230819702,1.6792970895767212,1.7911397218704224,0.3791508376598358,8.771714906699719,68.39912122798482,7.7976908683776855,1.4532659580004292,,
chronos_weather,9:target,deepar,0.3391989469528198,0.7253524661064148,1.8870664834976196,0.08832637965679169,1.4491984172335628,11.300401264529548,7.7976908683776855,2.117660472999887,,
chronos_weather,10:target,chronos_t5_tiny,3.2200002670288086,7.336030006408691,2.0,0.6057355999946594,0.996566924740418,96.26837101248617,96.60000610351562,1.3317554179998297,,
chronos_weather,10:target,seasonal_naive,4.355832099914551,7.637113094329834,1.2128441333770752,0.8194044232368469,1.352742716930976,130.6749547120186,96.60000610351562,0.0004463949999262695,,
chronos_weather,10:target,ar_2,4.592738628387451,6.580654621124268,1.6121281385421753,0.8639705181121826,1.205689523984449,116.46961537584262,96.60000610351562,0.09273526499964646,,
chronos_weather,10:target,ma_2,4.593412399291992,6.5808916091918945,1.6120208501815796,0.8640972375869751,1.2058271349073564,116.48290859183538,96.60000610351562,0.2699429509998481,,
chronos_weather,10:target,arma_2_2,4.592767238616943,6.580681800842285,1.6121513843536377,0.8639758825302124,1.2056994932761453,116.47057840948133,96.60000610351562,0.6072824829998353,,
chronos_weather,10:target,arima_2_1_2,4.6934733390808105,6.583508491516113,1.612328052520752,0.8829203844070435,1.2109598006690232,116.9787241357397,96.60000610351562,1.9080615480002052,,
chronos_weather,10:target,auto_arima,4.592711448669434,6.580654621124268,1.612123727798462,0.8639653921127319,1.205694689473527,116.47011436211909,96.60000610351562,4.3394246799998655,,
chronos_weather,10:target,prophet,5.187798500061035,6.689976215362549,1.6066087484359741,0.9759111404418945,1.238936476719419,119.68127121296402,96.60000610351562,0.5549464809996607,,
chronos_weather,10:target,deepar,3.7355446815490723,6.67280387878418,1.6866838932037354,0.7027180790901184,0.9984863765049979,96.45379006466,96.60000610351562,1.403311030000168,,
chronos_weather,11:target,chronos_t5_tiny,0.9233333468437195,2.078861713409424,2.0,0.31373757123947144,1.0003715192820366,27.710291847335313,27.700000762939453,1.1171430060003331,,
chronos_weather,11:target,seasonal_naive,0.9233333468437195,2.078861713409424,0.6000000238418579,0.31373757123947144,0.9999999662347944,27.699999827643232,27.700000762939453,0.00044813900012741215,,
chronos_weather,11:target,ar_2,1.8009008169174194,2.0179603099823,1.6201536655426025,0.611924409866333,1.7782640720422913,49.257916152279286,27.700000762939453,0.09916334199988341,,
chronos_weather,11:target,ma_2,1.803314447402954,2.0192301273345947,1.6204885244369507,0.6127445697784424,1.7786524830702912,49.26867513805122,27.700000762939453,0.4550639740000406,,
chronos_weather,11:target,arma_2_2,1.8000174760818481,2.0175435543060303,1.6200991868972778,0.6116243004798889,1.7780696166108763,49.252529736680735,27.700000762939453,2.214488972000254,,
chronos_weather,11:target,arima_2_1_2,1.5728976726531982,1.910798192024231,1.6219614744186401,0.5344517230987549,1.7196436936263606,47.63413162543421,27.700000762939453,0.9147906279999916,,
chronos_weather,11:target,auto_arima,1.8004894256591797,2.0178191661834717,1.6200978755950928,0.6117846369743347,1.7782294098547633,49.25695600965832,27.700000762939453,3.8921896940000806,,
chronos_weather,11:target,prophet,1.7192684412002563,2.0220770835876465,1.6187163591384888,0.5841867327690125,1.7397955057958314,48.19233683790316,27.700000762939453,0.6728632800000014,,
chronos_weather,11:target,deepar,0.9380156397819519,2.069870710372925,1.9869931936264038,0.31872642040252686,1.0048427136798272,27.834143935565365,27.700000762939453,1.4645743280002534,,
chronos_weather,12:target,chronos_t5_tiny,0.7046598792076111,2.0952374935150146,2.0,0.2719604969024658,0.9997168136953793,21.133810709640834,21.13979721069336,1.0707608000002438,,
chronos_weather,12:target,seasonal_naive,0.7046598792076111,2.0952374935150146,0.5333333611488342,0.2719604969024658,1.0000000395065005,21.139798045852768,21.13979721069336,0.0005374379998102086,,
chronos_weather,12:target,ar_2,1.5678240060806274,2.126791000366211,1.661899447441101,0.6050950288772583,2.3059698337675125,48.74773465982149,21.13979721069336,0.43975404299999354,,
chronos_weather,12:target,ma_2,1.5687410831451416,2.1272788047790527,1.6614068746566772,0.6054489612579346,2.3060463158037776,48.749351474558395,21.13979721069336,1.974156390999724,,
chronos_weather,12:target,arma_2_2,1.4334568977355957,2.0587401390075684,1.684631109237671,0.5532366037368774,2.2584348805893852,47.742855389216075,21.13979721069336,12.35181644000022,,
chronos_weather,12:target,arima_2_1_2,1.5681227445602417,2.12713885307312,1.661800742149353,0.6052103042602539,2.3062685799334126,48.75405009318609,21.13979721069336,2.5836117700000614,,
chronos_weather,12:target,auto_arima,1.4498897790908813,2.066316843032837,1.681692361831665,0.5595787763595581,2.2625063451589713,47.82892532456765,21.13979721069336,13.18244431200037,,
chronos_weather,12:target,prophet,1.1559809446334839,2.0367400646209717,1.7869855165481567,0.4461459219455719,2.269642223681975,47.97977634946408,21.13979721069336,1.3883099529998617,,
chronos_weather,12:target,deepar,0.7071222066879272,2.0956528186798096,1.9985982179641724,0.27291080355644226,1.0038713258226655,21.221636253521027,21.13979721069336,2.072730239000066,,
chronos_weather,13:target,chronos_t5_tiny,0.04000001400709152,0.1549193412065506,2.0,0.010442608967423439,1.032801646612469,1.239362025182783,1.2000000476837158,1.1661096190000535,,
chronos_weather,13:target,seasonal_naive,0.04000000283122063,0.1549193412065506,0.20000000298023224,0.010442606173455715,0.9999999801317859,1.200000023841858,1.2000000476837158,0.00045197799954621587,,
chronos_weather,13:target,ar_2,2.1750247478485107,2.1828534603118896,1.9430575370788574,0.5678231120109558,57.20735085299963,68.64882375145862,1.2000000476837158,0.07994049999979325,,
chronos_weather,13:target,ma_2,2.182471990585327,2.1896588802337646,1.9431724548339844,0.5697673559188843,57.21436789860831,68.65724420652363,1.2000000476837158,0.4716633850002836,,
chronos_weather,13:target,arma_2_2,2.1740920543670654,2.1819920539855957,1.9430327415466309,0.5675796270370483,57.205084629781155,68.64610428348838,1.2000000476837158,0.8131083690000196,,
chronos_weather,13:target,arima_2_1_2,2.1749491691589355,2.1827757358551025,1.9430562257766724,0.5678033828735352,57.21688233053878,68.66026152496009,1.2000000476837158,6.029410553999696,,
chronos_weather,13:target,auto_arima,2.173201560974121,2.1811704635620117,1.9429967403411865,0.5673471689224243,57.20112472428513,68.64135239670433,1.2000000476837158,8.558309730000019,,
chronos_weather,13:target,prophet,1.1224254369735718,1.3383923768997192,1.9657055139541626,0.2930261492729187,52.966002437369156,63.5592054504588,1.2000000476837158,0.5171607869997388,,
chronos_weather,13:target,deepar,0.07438299804925919,0.16354866325855255,2.0,0.019418807700276375,2.108815877113792,2.5305791530927277,1.2000000476837158,1.4086859399999412,,
chronos_weather,14:target,chronos_t5_tiny,0.04000001773238182,0.18618986010551453,2.0,0.008653193712234497,1.1854227913205844,1.4225074061100647,1.2000000476837158,1.278532167999856,,
chronos_weather,14:target,seasonal_naive,0.04000000283122063,0.18618986010551453,0.13333334028720856,0.008653189986944199,0.9999999677141521,1.2000000089406968,1.2000000476837158,0.0005244789999778732,,
chronos_weather,14:target,ar_2,2.511948823928833,2.523683786392212,1.9532744884490967,0.5434092283248901,67.47103168511887,80.96524123941215,1.2000000476837158,1.076588240000092,,
chronos_weather,14:target,ma_2,2.527343511581421,2.5374948978424072,1.9534438848495483,0.5467395782470703,67.43043661875859,80.91652715784409,1.2000000476837158,5.575875115000144,,
chronos_weather,14:target,arma_2_2,2.5109405517578125,2.5227620601654053,1.9532554149627686,0.543191134929657,67.4674659476764,80.96096235431116,1.2000000476837158,2.8959855630000675,,
chronos_weather,14:target,arima_2_1_2,2.303300380706787,2.31473445892334,1.950148344039917,0.4982723891735077,66.26305170536853,79.51566520611075,1.2000000476837158,5.974209342999984,,
chronos_weather,14:target,auto_arima,2.5109353065490723,2.5227572917938232,1.953255295753479,0.5431900024414062,67.46765157160866,80.96118510303872,1.2000000476837158,6.916019519000201,,
chronos_weather,14:target,prophet,1.3326232433319092,1.5478038787841797,1.9188692569732666,0.288286030292511,63.664858283667265,76.39783297617772,1.2000000476837158,6.444018899999719,,
chronos_weather,14:target,deepar,0.04908343404531479,0.18681155145168304,1.9996622800827026,0.010618207044899464,1.4422352378417043,1.7306823541811802,1.2000000476837158,5.005543559000216,,
chronos_weather,15:target,chronos_t5_tiny,0.35999998450279236,1.2187424898147583,2.0,0.16429567337036133,0.9694048520430122,10.469571662467324,10.799999237060547,1.310212940999918,,
chronos_weather,15:target,seasonal_naive,0.35999998450279236,1.2187424898147583,0.5333333611488342,0.16429567337036133,1.0000000863715515,10.800000169873238,10.799999237060547,0.0005493099997693207,,
chronos_weather,15:target,ar_2,1.524330735206604,1.5981379747390747,1.8214836120605469,0.6956693530082703,3.785015784638998,40.878167586363304,10.799999237060547,0.42457502299976113,,
chronos_weather,15:target,ma_2,1.5258526802062988,1.5992547273635864,1.8219139575958252,0.6963639259338379,3.785899173214026,40.88770818229963,10.799999237060547,1.698877039999843,,
chronos_weather,15:target,arma_2_2,1.3658913373947144,1.478358507156372,1.8103721141815186,0.6233612298965454,3.653440996681921,39.457159976810466,10.799999237060547,10.843593444000362,,
chronos_weather,15:target,arima_2_1_2,1.4337564706802368,1.5283147096633911,1.8174059391021729,0.6543333530426025,3.7073544297993277,40.03942501334578,10.799999237060547,1.6834769030001553,,
chronos_weather,15:target,auto_arima,1.3827122449874878,1.490405559539795,1.810195803642273,0.6310378909111023,3.6645119196785294,39.5767259367274,10.799999237060547,13.948967424999864,,
chronos_weather,15:target,prophet,1.1523948907852173,1.4395086765289307,1.786306381225586,0.525926411151886,3.528500571497233,38.10780348013782,10.799999237060547,1.1783051770003112,,
chronos_weather,15:target,deepar,0.370626300573349,1.2042381763458252,1.8940364122390747,0.16914528608322144,1.0369585146481197,11.19915116706313,10.799999237060547,2.086230561999855,,
chronos_weather,16:target,chronos_t5_tiny,0.949999988079071,2.3449947834014893,2.0,0.263220876455307,0.9859165322121854,28.098621168047284,28.5,1.2556185560001722,,
chronos_weather,16:target,seasonal_naive,0.949999988079071,2.3449947834014893,0.6000000238418579,0.263220876455307,1.0000000060127492,28.500000171363354,28.5,0.0006190049998622271,,
chronos_weather,16:target,ar_2,2.2453842163085938,2.4619390964508057,1.6843174695968628,0.6221389770507812,2.1872869892028457,62.33767919228111,28.5,1.1076920349996726,,
chronos_weather,16:target,ma_2,2.2524664402008057,2.4674038887023926,1.6845777034759521,0.6241012811660767,2.1888570350707326,62.382425499515875,28.5,3.991745304000233,,
chronos_weather,16:target,arma_2_2,2.241079568862915,2.4586968421936035,1.6840533018112183,0.6209462881088257,2.1858575028118348,62.29693883013729,28.5,8.803308024000216,,
chronos_weather,16:target,arima_2_1_2,2.190516471862793,2.4219253063201904,1.6864237785339355,0.606936514377594,2.1708027073319194,61.8678771589597,28.5,13.3200377510002,,
chronos_weather,16:target,auto_arima,2.2410809993743896,2.458719491958618,1.6840282678604126,0.6209466457366943,2.1859801063345996,62.30043303053609,28.5,8.097059842999897,,
chronos_weather,16:target,prophet,2.175895929336548,2.53548264503479,1.7058120965957642,0.6028855443000793,2.165018345572191,61.70302284880745,28.5,3.955226584000229,,
chronos_weather,16:target,deepar,0.9723217487335205,2.315462827682495,1.8803454637527466,0.26940566301345825,1.0296153788646798,29.344038297643376,28.5,4.107330001999799,,
chronos_weather,17:target,chronos_t5_tiny,0.282807856798172,0.8965211510658264,2.0,0.05377758666872978,0.9978283078760509,8.465809663961148,8.484234809875488,1.2027152330001627,,
chronos_weather,17:target,seasonal_naive,0.2828078269958496,0.8965211510658264,0.2666666805744171,0.053777579218149185,1.000000011992395,8.484234911621783,8.484234809875488,0.0005132420001245919,,
chronos_weather,17:target,ar_2,2.8047375679016113,2.9016897678375244,1.8100085258483887,0.533337414264679,10.111652361188444,85.78963294815468,8.484234809875488,0.10521413900005427,,
chronos_weather,17:target,ma_2,2.810774803161621,2.907006025314331,1.8104709386825562,0.5344854593276978,10.111042633080823,85.78445987171943,8.484234809875488,0.529873182999836,,
chronos_weather,17:target,arma_2_2,2.800222635269165,2.8969838619232178,1.8099550008773804,0.5324788689613342,10.108047730546032,85.75905041538157,8.484234809875488,6.072610405999967,,
chronos_weather,17:target,arima_2_1_2,2.8028554916381836,2.9000442028045654,1.8098626136779785,0.5329795479774475,10.111561303640125,85.78886039453351,8.484234809875488,2.3971675709999545,,
chronos_weather,17:target,auto_arima,2.810774803161621,2.907006025314331,1.8104709386825562,0.5344854593276978,10.111042633080823,85.78445987171943,8.484234809875488,3.4209384060000048,,
chronos_weather,17:target,prophet,1.4697803258895874,1.7233476638793945,1.8652547597885132,0.2794874310493469,9.32244686875198,79.09382823708029,8.484234809875488,0.6476516470002025,,
chronos_weather,17:target,deepar,0.3871118128299713,0.8789819478988647,1.9588139057159424,0.07361160218715668,1.3847867577947368,11.748856014736722,8.484234809875488,1.576949630999934,,
chronos_weather,18:target,chronos_t5_tiny,2.3333332538604736,4.55426549911499,2.0,0.5189632773399353,0.9719734025187687,68.03813817631381,70.0,1.12143413900003,,
chronos_weather,18:target,seasonal_naive,2.493332862854004,4.500370025634766,1.4990993738174438,0.5545492172241211,1.06857143531243,74.8000004718701,70.0,0.0005547810001189646,,
chronos_weather,18:target,ar_2,3.1583845615386963,3.920830488204956,1.4604207277297974,0.702465295791626,1.151311755567957,80.591822889757,70.0,1.1418559419998928,,
chronos_weather,18:target,ma_2,3.1586763858795166,3.9213671684265137,1.460231065750122,0.7025302052497864,1.1513779942597624,80.59645959818337,70.0,3.1017003110000587,,
chronos_weather,18:target,arma_2_2,3.1586875915527344,3.920522451400757,1.460998296737671,0.7025326490402222,1.1512143063717772,80.5850014460244,70.0,9.120018746999904,,
chronos_weather,18:target,arima_2_1_2,3.1636693477630615,3.9232687950134277,1.4610671997070312,0.7036406993865967,1.1510799642942848,80.57559750059994,70.0,21.43619730799992,,
chronos_weather,18:target,auto_arima,3.0016496181488037,3.905386209487915,1.463384985923767,0.6676054000854492,1.1406892203639043,79.8482454254733,70.0,9.16481769300026,,
chronos_weather,18:target,prophet,3.409011125564575,4.156816482543945,1.4892698526382446,0.7582078576087952,1.1913321843519609,83.39325290463727,70.0,3.0561345240002993,,
chronos_weather,18:target,deepar,2.33128023147583,4.526025295257568,1.8940799236297607,0.518506646156311,0.9754616993826785,68.28231895678749,70.0,4.008697306000158,,
chronos_weather,19:target,chronos_t5_tiny,0.2133333534002304,0.8278486132621765,2.0,0.049438029527664185,0.983616336825533,6.295144649488375,6.400000095367432,1.2552803779999522,,
chronos_weather,19:target,seasonal_naive,0.2133333384990692,0.8278486132621765,0.13333334028720856,0.049438025802373886,1.0000000049670539,6.400000127156576,6.400000095367432,0.0005975599997327663,,
chronos_weather,19:target,ar_2,2.4056015014648438,2.45709228515625,1.8811492919921875,0.5574758648872375,12.062987888905552,77.2031236394117,6.400000095367432,0.06974614499995369,,
chronos_weather,19:target,ma_2,2.410590887069702,2.4617888927459717,1.8810635805130005,0.5586321353912354,12.058544620976745,77.1746867242436,6.400000095367432,0.43974123499992857,,
chronos_weather,19:target,arma_2_2,2.3955836296081543,2.445561647415161,1.88211989402771,0.5551543235778809,12.050946559968105,77.12605913306369,6.400000095367432,0.18821959499973673,,
chronos_weather,19:target,arima_2_1_2,2.473120927810669,2.530013084411621,1.8796716928482056,0.5731228590011597,12.170619935299227,77.89196874659582,6.400000095367432,2.2553573479999613,,
chronos_weather,19:target,auto_arima,2.4009618759155273,2.451831817626953,1.8816102743148804,0.556400716304779,12.055347737641615,77.15422667059389,6.400000095367432,3.6336796740001773,,
chronos_weather,19:target,prophet,1.2639082670211792,1.6176382303237915,1.97024667263031,0.2928990423679352,11.214859233037538,71.77510016097257,6.400000095367432,0.5736581659998592,,
chronos_weather,19:target,deepar,0.28096646070480347,0.8257458806037903,1.9971835613250732,0.06511137634515762,1.4375541743724798,9.20034685307972,6.400000095367432,1.4490504980003607,,
external_national_illness,OT,chronos_t5_tiny,83596.5625,114740.5625,0.05708720162510872,0.9681543111801147,0.04626204954111035,1683742.8223027587,36395768.0,1.1316509759999462,,
external_national_illness,OT,seasonal_naive,153627.328125,246659.078125,0.11638595908880234,1.779199481010437,0.10130452571359677,3687056.0152221024,36395768.0,0.00047657699997216696,,
external_national_illness,OT,ar_2,68257.5234375,83249.7890625,0.046033021062612534,0.7905087471008301,0.038335379966174046,1395245.5954407183,36395768.0,0.07259248999980628,,
external_national_illness,OT,ma_2,854578.9375,863451.0625,0.7909345030784607,9.897109031677246,0.4206120570074913,15308498.844847428,36395768.0,0.1439074109998728,,
external_national_illness,OT,arma_2_2,97019.8359375,106806.5390625,0.06551199406385422,1.123612880706787,0.045468902816104544,1654875.6381094877,36395768.0,0.7641286740004034,,
external_national_illness,OT,arima_2_1_2,49285.046875,61576.046875,0.03275946155190468,0.5707834362983704,0.03340084563132974,1215649.4286016906,36395768.0,0.2999042749997898,,
external_national_illness,OT,auto_arima,74947.390625,95200.703125,0.0491260401904583,0.8679859042167664,0.04303755852125224,1566384.9952259196,36395768.0,0.6188296769996668,,
external_national_illness,OT,prophet,58627.015625,73432.8828125,0.03878198191523552,0.6789752840995789,0.030373397746669292,1105463.1377594983,36395768.0,0.11970824100035315,,
external_national_illness,OT,deepar,129745.5859375,144528.34375,0.08863136172294617,1.5026185512542725,0.0656126563248934,2388023.0174645525,36395768.0,1.021540429000197,,
external_traffic,0,chronos_t5_tiny,0.0025366235058754683,0.004054484888911247,0.0900348648428917,0.16453537344932556,0.06453927934861818,0.05118610241445941,0.7930999994277954,1.0707546869998623,,
external_traffic,0,seasonal_naive,0.0072833336889743805,0.011854183860123158,0.24212028086185455,0.4724256694316864,0.22040095021441436,0.1747999934889376,0.7930999994277954,0.0005963230000816111,,
external_traffic,0,ar_2,0.021002477034926414,0.02557196095585823,0.6871088147163391,1.3623032569885254,0.605513341135006,0.4802326305076957,0.7930999994277954,3.2504631369997696,,
external_traffic,0,ma_2,0.021278902888298035,0.025735702365636826,0.6938819289207458,1.3802332878112793,0.5872531532325221,0.46575047549268433,0.7930999994277954,6.209796651000033,,
external_traffic,0,arma_2_2,0.02180474065244198,0.026899900287389755,0.6946061253547668,1.4143412113189697,0.6169350164281933,0.489291161176187,0.7930999994277954,14.596699365999939,,
external_traffic,0,arima_2_1_2,0.021196231245994568,0.026829365640878677,0.6844870448112488,1.3748708963394165,0.618134782541504,0.49024269567996726,0.7930999994277954,4.031098229000236,,
external_traffic,0,auto_arima,0.020408494397997856,0.02462904155254364,0.6809561848640442,1.3237751722335815,0.5963704344322724,0.47298139120698934,0.7930999994277954,16.51288666900018,,
external_traffic,0,prophet,0.026596002280712128,0.040995530784130096,0.9065690040588379,1.725121259689331,0.7188064320275035,0.5700853808297087,0.7930999994277954,1.1310242580002523,,
external_traffic,0,deepar,0.0036494384985417128,0.00471622496843338,0.20484773814678192,0.23671692609786987,0.09966725087201102,0.07904609660956188,0.7930999994277954,3.1122797199996057,,
external_traffic,1,chronos_t5_tiny,0.007599685341119766,0.009854438714683056,0.2289884239435196,0.5246872901916504,0.18977915526373274,0.14844526254108825,0.782200038433075,1.125414887000261,,
external_traffic,1,seasonal_naive,0.00765416631475091,0.009628279134631157,0.25039932131767273,0.5284486413002014,0.23485040534287052,0.18369999608521656,0.782200038433075,0.0004851909998251358,,
external_traffic,1,ar_2,0.014151890762150288,0.018062274903059006,0.516746461391449,0.9770558476448059,0.4558062837905419,0.3565316926989989,0.782200038433075,2.8136258099998486,,
external_traffic,1,ma_2,0.015628481283783913,0.02044503577053547,0.5376579761505127,1.0790005922317505,0.4505906769998846,0.35245204486689496,0.782200038433075,8.007765739000206,,
external_traffic,1,arma_2_2,0.01443434413522482,0.01854129135608673,0.520820677280426,0.9965565800666809,0.4600453076448598,0.3598474573207651,0.782200038433075,18.718055824000203,,
external_traffic,1,arima_2_1_2,0.015707017853856087,0.0190598014742136,0.5476301312446594,1.0844228267669678,0.46504199920286377,0.36375586964947404,0.782200038433075,5.321973698999955,,
external_traffic,1,auto_arima,0.014050111174583435,0.017895206809043884,0.5148453712463379,0.9700288772583008,0.45394091686085536,0.35507260261490636,0.782200038433075,18.711744108000403,,
external_traffic,1,prophet,0.027178214862942696,0.03213462233543396,1.149093747138977,1.8764017820358276,0.6100036429591058,0.4771448729669283,0.782200038433075,2.4828318069999114,,
external_traffic,1,deepar,0.005834240932017565,0.006858191452920437,0.2415780872106552,0.4027998149394989,0.13660005972765743,0.10684857196893398,0.782200038433075,3.691776984000171,,
external_traffic,2,chronos_t5_tiny,0.02361103892326355,0.04321940988302231,0.18036611378192902,0.6328054070472717,0.19134643141327853,0.44644948953987496,2.333199977874756,1.091017404000013,,
external_traffic,2,seasonal_naive,0.02225000225007534,0.03168013319373131,0.2410932332277298,0.5963279604911804,0.22887022950270713,0.5340000144119066,2.333199977874756,0.0005411970000750443,,
external_traffic,2,ar_2,0.05712838098406792,0.06794077157974243,0.6677191257476807,1.5311121940612793,0.4328846303196291,1.0100064098840804,2.333199977874756,3.87975051300009,,
external_traffic,2,ma_2,0.06429405510425568,0.0740535706281662,0.7208842635154724,1.723161220550537,0.4820586625170138,1.124739260719031,2.333199977874756,6.294072301000142,,
external_traffic,2,arma_2_2,0.045866478234529495,0.05692337453365326,0.5481343269348145,1.2292790412902832,0.3581201987934382,0.8355660399013531,2.333199977874756,17.40532857700009,,
external_traffic,2,arima_2_1_2,0.03568211942911148,0.05123302713036537,0.3699977695941925,0.9563255310058594,0.31944366134420316,0.7453259435805258,2.333199977874756,6.594558789000075,,
external_traffic,2,auto_arima,0.045150164514780045,0.05628149211406708,0.5395494103431702,1.2100809812545776,0.35388293085412675,0.8256796464391023,2.333199977874756,19.73919061200013,,
external_traffic,2,prophet,0.0450500063598156,0.060166966170072556,0.5317225456237793,1.2073966264724731,0.36907438135899745,0.861124338420952,2.333199977874756,1.4743148100001235,,
external_traffic,2,deepar,0.019627025350928307,0.031239965930581093,0.20957966148853302,0.5260288715362549,0.17610961070376766,0.4108989397975626,2.333199977874756,3.584494536999955,,
external_traffic,3,chronos_t5_tiny,0.010835140943527222,0.012383943423628807,0.2865270674228668,0.8261573314666748,0.20807160456840926,0.2121498150424622,1.0196000337600708,1.2065553949996684,,
external_traffic,3,seasonal_naive,0.008366667665541172,0.009536727331578732,0.23362453281879425,0.637941300868988,0.19693997664227958,0.2008000068331758,1.0196000337600708,0.00048038600016298005,,
external_traffic,3,ar_2,0.014985695481300354,0.020168080925941467,0.43418022990226746,1.14262855052948,0.32301435346912133,0.32934544570210356,1.0196000337600708,2.9832609860000048,,
external_traffic,3,ma_2,0.01683785207569599,0.023390652611851692,0.4561370313167572,1.2838517427444458,0.3478007793510837,0.3546176863681439,1.0196000337600708,9.633971632999874,,
external_traffic,3,arma_2_2,0.016818515956401825,0.023318791761994362,0.4570876657962799,1.2823773622512817,0.35672452440406965,0.3637163371254346,1.0196000337600708,18.572857491999912,,
external_traffic,3,arima_2_1_2,0.016590818762779236,0.021929645910859108,0.4583655297756195,1.265015959739685,0.3413483423515972,0.3480387813856327,1.0196000337600708,6.170177189000242,,
external_traffic,3,auto_arima,0.017007270827889442,0.023328637704253197,0.4608113765716553,1.296769618988037,0.35724984000786497,0.364251948932799,1.0196000337600708,16.68951541100023,,
external_traffic,3,prophet,0.015377518720924854,0.0199048463255167,0.5115607976913452,1.1725043058395386,0.2908374594454646,0.2965378834692889,1.0196000337600708,2.3029070289999254,,
external_traffic,3,deepar,0.007992574945092201,0.00850457139313221,0.2536129653453827,0.6094174981117249,0.1406169469426541,0.14337304384996818,1.0196000337600708,3.2882025700000668,,
external_traffic,4,chronos_t5_tiny,0.002892595948651433,0.0037131505087018013,0.20409344136714935,0.3002539575099945,0.14674410569076785,0.053414853386857336,0.36399999260902405,0.9286196250000103,,
external_traffic,4,seasonal_naive,0.0050708334892988205,0.008808589540421963,0.30536678433418274,0.5263569355010986,0.33434067065894285,0.12170000164875135,0.36399999260902405,0.000468358000034641,,
external_traffic,4,ar_2,0.010493460111320019,0.01271719392389059,0.6358273029327393,1.0892302989959717,0.7085516809966187,0.2579128066458808,0.36399999260902405,3.607982500000162,,
external_traffic,4,ma_2,0.010745584964752197,0.013029186986386776,0.6435728669166565,1.115401029586792,0.6490150936637061,0.23624148929673408,0.36399999260902405,7.883059164000315,,
external_traffic,4,arma_2_2,0.010322473011910915,0.012481742538511753,0.632032573223114,1.071481704711914,0.7033783010943131,0.2560296963996779,0.36399999260902405,4.400928327999736,,
external_traffic,4,arima_2_1_2,0.008600900880992413,0.011260313913226128,0.5718700289726257,0.8927809596061707,0.6774728999598171,0.2466001305781875,0.36399999260902405,7.519720172000234,,
external_traffic,4,auto_arima,0.010669154115021229,0.013001885265111923,0.6399927139282227,1.1074674129486084,0.7138380655906398,0.2598370505990329,0.36399999260902405,27.06420551600013,,
external_traffic,4,prophet,0.022027602419257164,0.02623607963323593,1.5189528465270996,2.2864842414855957,1.076168183303489,0.39172521076853684,0.36399999260902405,1.260503677000088,,
external_traffic,4,deepar,0.0011252142721787095,0.001518639619462192,0.11476755142211914,0.11679822206497192,0.09758405785182457,0.03552059633682272,0.36399999260902405,3.0672507139997833,,
external_psm,feature_0,chronos_t5_tiny,0.0014455890050157905,0.0014691852265968919,0.001861879019998014,0.5849927663803101,0.0018635567149475022,0.034694135016728765,18.61716079711914,0.9881481449997409,,
external_psm,feature_0,seasonal_naive,0.0004995837807655334,0.000575015670619905,0.0006442053127102554,0.20216873288154602,0.0006440300389486579,0.011990010793282066,18.61716079711914,0.0007159170004342741,,
external_psm,feature_0,ar_2,0.0008544574375264347,0.0011105680605396628,0.0011006566928699613,0.3457770049571991,0.004028369813560735,0.07499680856932105,18.61716079711914,17.08969485100033,,
external_psm,feature_0,ma_2,0.057628169655799866,0.05832761526107788,0.07156676054000854,23.320640563964844,0.05326355666903719,0.991616199133933,18.61716079711914,39.00345670800016,,
external_psm,feature_0,arma_2_2,0.00031581768416799605,0.000454201886896044,0.00040706119034439325,0.12780331075191498,0.0025814904341331228,0.048060022508481244,18.61716079711914,65.01361357199994,,
external_psm,feature_0,arima_2_1_2,0.00028572729206644,0.0003540342440828681,0.00036835321225225925,0.1156264990568161,0.0025012198544280026,0.046565612218833055,18.61716079711914,7.444318069000019,,
external_psm,feature_0,auto_arima,0.0002858614025171846,0.0003548878594301641,0.0003685259725898504,0.1156807690858841,0.002422119206344526,0.04509298273430663,18.61716079711914,15.592247391,,
external_psm,feature_0,prophet,0.016032373532652855,0.016681846231222153,0.020438941195607185,6.487890243530273,0.016680982633672105,0.3105525359450255,18.61716079711914,74.04769630999999,,
external_psm,feature_0,deepar,0.013050372712314129,0.016753526404500008,0.01659591682255268,5.281150817871094,0.026983269553036395,0.5023518681008877,18.61716079711914,16.221540774000005,,
external_psm,feature_1,chronos_t5_tiny,0.00015911211085040122,0.00020930221944581717,0.0001750409574015066,0.2164631336927414,0.00024438835967041195,0.005331549415080023,21.815889358520508,0.95303313300019,,
external_psm,feature_1,seasonal_naive,0.00041036555194295943,0.0004541220550891012,0.0004515395557973534,0.5582793951034546,0.0004514495542034554,0.00984877352545599,21.815889358520508,0.0007667279996894649,,
external_psm,feature_1,ar_2,0.0009714936022646725,0.0010793802794069052,0.001069381250999868,1.3216627836227417,0.001562071689885781,0.03407798315662536,21.815889358520508,17.00227005400029,,
external_psm,feature_1,ma_2,0.06604428589344025,0.06685355305671692,0.07546624541282654,89.84956359863281,0.06148850269584861,1.3414263716337231,21.815889358520508,58.19280999300008,,
external_psm,feature_1,arma_2_2,0.0005268504028208554,0.0005716592422686517,0.0005797473131678998,0.7167505025863647,0.0009171287417756627,0.020007979158096982,21.815889358520508,44.321060950000174,,
external_psm,feature_1,arima_2_1_2,0.00037720552063547075,0.0004159857926424593,0.000415036833146587,0.5131670236587524,0.0008783920819356081,0.019162904472907707,21.815889358520508,9.143750890999854,,
external_psm,feature_1,auto_arima,0.0004048993287142366,0.0004441178170964122,0.0004455160815268755,0.5508428812026978,0.0007616221913154016,0.01661546545873074,21.815889358520508,10.688325393000014,,
external_psm,feature_1,prophet,0.032677482813596725,0.03273862227797508,0.036609526723623276,44.45589065551758,0.026789955268846123,0.5844467000648605,21.815889358520508,112.75455562800016,,
external_psm,feature_1,deepar,0.00552176171913743,0.006909025367349386,0.006064594257622957,7.512048244476318,0.016491363962339193,0.35977377157348417,21.815889358520508,20.47269468200011,,
external_psm,feature_2,chronos_t5_tiny,0.0016429796814918518,0.001675796345807612,0.0027050531934946775,0.8474992513656616,0.0025709907475047426,0.03742864657828932,14.558063507080078,3.6471509819994026,,
external_psm,feature_2,seasonal_naive,0.00043104341602884233,0.0005967702018097043,0.0007105109398253262,0.22234539687633514,0.0007106056212737899,0.010345041762991928,14.558063507080078,0.0012409789997036569,,
external_psm,feature_2,ar_2,0.00028370568179525435,0.0003544605860952288,0.0004676857206504792,0.14634408056735992,0.0036078816009897778,0.05252376947323493,14.558063507080078,17.467687159999514,,
external_psm,feature_2,ma_2,0.026598772034049034,0.02689453214406967,0.04288932681083679,13.72046184539795,0.034217525169990874,0.49814090447983816,14.558063507080078,47.90606616900004,,
external_psm,feature_2,arma_2_2,0.0003379111585672945,0.0004066508845426142,0.0005570219364017248,0.17430493235588074,0.0024239252716170027,0.035287658040616655,14.558063507080078,27.50074844700066,,
external_psm,feature_2,arima_2_1_2,0.00031873336411081254,0.00038583262357860804,0.000525417854078114,0.16441243886947632,0.002434116365593497,0.03543602063393308,14.558063507080078,31.791951504999815,,
external_psm,feature_2,auto_arima,0.00033561387681402266,0.00040423189057037234,0.0005532362847588956,0.17311991751194,0.002404155678260246,0.03499985104501984,14.558063507080078,47.57274897800016,,
external_psm,feature_2,prophet,0.01006626058369875,0.011146708391606808,0.016763662919402122,5.192485332489014,0.023631431321849323,0.34402787794668377,14.558063507080078,109.61935758399977,,
external_psm,feature_2,deepar,0.005000015255063772,0.006441748701035976,0.008262035436928272,2.5791609287261963,0.024247740762572186,0.3530001499247402,14.558063507080078,19.11042341800021,,
external_psm,feature_3,chronos_t5_tiny,0.000636465847492218,0.0006369841285049915,0.0009639241616241634,1.0541024208068848,0.0010430610694728423,0.016537205566523678,15.854494094848633,1.0873287530002926,,
external_psm,feature_3,seasonal_naive,0.00010857234155992046,0.00011274706776021048,0.00016436791338492185,0.17981542646884918,0.0001643531640303318,0.002605736268588584,15.854494094848633,0.0011021909995179158,,
external_psm,feature_3,ar_2,6.55477269901894e-05,7.665873999940231e-05,9.922842582454905e-05,0.10855888575315475,0.000509324349720183,0.008075079895001261,15.854494094848633,17.944739255999593,,
external_psm,feature_3,ma_2,0.08195915073156357,0.08300892263650894,0.1325029879808426,135.73916625976562,0.10635371528880272,1.6861843510115355,15.854494094848633,60.082694667000396,,
external_psm,feature_3,arma_2_2,9.394437074661255e-05,0.00010867751552723348,0.0001422204077243805,0.15558885037899017,0.0006795769767494771,0.01077434916486967,15.854494094848633,65.89589374600018,,
external_psm,feature_3,arima_2_1_2,2.0985802620998584e-05,2.619751830934547e-05,3.176726750098169e-05,0.03475628048181534,0.00097482620000779,0.015455376231527238,15.854494094848633,18.569200081999952,,
external_psm,feature_3,auto_arima,0.00021559993911068887,0.00024394238425884396,0.0003264303377363831,0.35707247257232666,0.0011402675293638784,0.01807836481084725,15.854494094848633,21.47563193499991,,
external_psm,feature_3,prophet,0.03656890615820885,0.036599695682525635,0.0569353811442852,60.56471633911133,0.04237210182966814,0.6717882382447985,15.854494094848633,104.53815662299985,,
external_psm,feature_3,deepar,0.01265674363821745,0.016463151201605797,0.018864287063479424,20.961854934692383,0.04239511749973072,0.6721531400498946,15.854494094848633,18.89938455200081,,
external_psm,feature_4,chronos_t5_tiny,0.012288249097764492,0.015100231394171715,0.026560654863715172,0.5729060173034668,0.01932726880862535,0.21312683332433607,11.027260780334473,1.172779589000129,,
external_psm,feature_4,seasonal_naive,0.0142986960709095,0.018051866441965103,0.03077859617769718,0.6666375994682312,0.031120031676643543,0.3431687047906178,11.027260780334473,0.0010078250006699818,,
external_psm,feature_4,ar_2,0.0143705690279603,0.01741890050470829,0.031032612547278404,0.6699885129928589,0.026699523440412213,0.29442260768807854,11.027260780334473,18.865198813999996,,
external_psm,feature_4,ma_2,0.08090164512395859,0.08292242139577866,0.16197289526462555,3.771817922592163,0.12649317178127778,1.3948731921637956,11.027260780334473,29.266036757999245,,
external_psm,feature_4,arma_2_2,0.012694272212684155,0.015544340014457703,0.02743624709546566,0.5918357372283936,0.02187367088522293,0.24120667307456284,11.027260780334473,63.13900064800055,,
external_psm,feature_4,arima_2_1_2,0.011153291910886765,0.014235932379961014,0.024109743535518646,0.5199917554855347,0.020828665795011806,0.22968312942802782,11.027260780334473,6.073080494999886,,
external_psm,feature_4,auto_arima,0.012618564069271088,0.015502058900892735,0.027273690328001976,0.5883060693740845,0.021966266925884898,0.24222775376216882,11.027260780334473,53.77328243299962,,
external_psm,feature_4,prophet,0.0538146011531353,0.05661500617861748,0.11097496747970581,2.508958578109741,0.07977584891304912,0.879709089936755,11.027260780334473,59.50878187000035,,
external_psm,feature_4,deepar,0.011498220264911652,0.014385104179382324,0.02485879324376583,0.5360730886459351,0.030484251103527035,0.3361577866117915,11.027260780334473,18.852123007000046,,
