dataset,series_id,item_id,origin,step,timestamp,actual
chronos_m1_yearly,90:target,90:target::origin=0,0,-11,1977-12-31 00:00:00,2.140000104904175
chronos_m1_yearly,90:target,90:target::origin=0,0,-10,1978-12-31 00:00:00,2.069999933242798
chronos_m1_yearly,90:target,90:target::origin=0,0,-9,1979-12-31 00:00:00,2.5299999713897705
chronos_m1_yearly,90:target,90:target::origin=0,0,-8,1980-12-31 00:00:00,2.4000000953674316
chronos_m1_yearly,90:target,90:target::origin=0,0,-7,1981-12-31 00:00:00,2.5399999618530273
chronos_m1_yearly,90:target,90:target::origin=0,0,-6,1982-12-31 00:00:00,2.440000057220459
chronos_m1_yearly,90:target,90:target::origin=0,0,-5,1983-12-31 00:00:00,2.5999999046325684
chronos_m1_yearly,90:target,90:target::origin=0,0,-4,1984-12-31 00:00:00,2.569999933242798
chronos_m1_yearly,90:target,90:target::origin=0,0,-3,1985-12-31 00:00:00,2.8499999046325684
chronos_m1_yearly,90:target,90:target::origin=0,0,-2,1986-12-31 00:00:00,3.109999895095825
chronos_m1_yearly,90:target,90:target::origin=0,0,-1,1987-12-31 00:00:00,3.3399999141693115
chronos_m4_hourly,207:target,207:target::origin=0,0,-144,2010-05-27 12:00:00,16.799999237060547
chronos_m4_hourly,207:target,207:target::origin=0,0,-143,2010-05-27 13:00:00,16.399999618530273
chronos_m4_hourly,207:target,207:target::origin=0,0,-142,2010-05-27 14:00:00,15.899999618530273
chronos_m4_hourly,207:target,207:target::origin=0,0,-141,2010-05-27 15:00:00,15.600000381469727
chronos_m4_hourly,207:target,207:target::origin=0,0,-140,2010-05-27 16:00:00,15.199999809265137
chronos_m4_hourly,207:target,207:target::origin=0,0,-139,2010-05-27 17:00:00,15.0
chronos_m4_hourly,207:target,207:target::origin=0,0,-138,2010-05-27 18:00:00,15.199999809265137
chronos_m4_hourly,207:target,207:target::origin=0,0,-137,2010-05-27 19:00:00,16.600000381469727
chronos_m4_hourly,207:target,207:target::origin=0,0,-136,2010-05-27 20:00:00,18.200000762939453
chronos_m4_hourly,207:target,207:target::origin=0,0,-135,2010-05-27 21:00:00,19.700000762939453
chronos_m4_hourly,207:target,207:target::origin=0,0,-134,2010-05-27 22:00:00,21.200000762939453
chronos_m4_hourly,207:target,207:target::origin=0,0,-133,2010-05-27 23:00:00,22.299999237060547
chronos_m4_hourly,207:target,207:target::origin=0,0,-132,2010-05-28 00:00:00,23.299999237060547
chronos_m4_hourly,207:target,207:target::origin=0,0,-131,2010-05-28 01:00:00,23.899999618530273
chronos_m4_hourly,207:target,207:target::origin=0,0,-130,2010-05-28 02:00:00,24.299999237060547
chronos_m4_hourly,207:target,207:target::origin=0,0,-129,2010-05-28 03:00:00,24.299999237060547
chronos_m4_hourly,207:target,207:target::origin=0,0,-128,2010-05-28 04:00:00,24.100000381469727
chronos_m4_hourly,207:target,207:target::origin=0,0,-127,2010-05-28 05:00:00,23.600000381469727
chronos_m4_hourly,207:target,207:target::origin=0,0,-126,2010-05-28 06:00:00,22.899999618530273
chronos_m4_hourly,207:target,207:target::origin=0,0,-125,2010-05-28 07:00:00,21.700000762939453
chronos_m4_hourly,207:target,207:target::origin=0,0,-124,2010-05-28 08:00:00,20.299999237060547
chronos_m4_hourly,207:target,207:target::origin=0,0,-123,2010-05-28 09:00:00,19.399999618530273
chronos_m4_hourly,207:target,207:target::origin=0,0,-122,2010-05-28 10:00:00,18.600000381469727
chronos_m4_hourly,207:target,207:target::origin=0,0,-121,2010-05-28 11:00:00,17.799999237060547
chronos_m4_hourly,207:target,207:target::origin=0,0,-120,2010-05-28 12:00:00,17.0
chronos_m4_hourly,207:target,207:target::origin=0,0,-119,2010-05-28 13:00:00,16.700000762939453
chronos_m4_hourly,207:target,207:target::origin=0,0,-118,2010-05-28 14:00:00,16.200000762939453
chronos_m4_hourly,207:target,207:target::origin=0,0,-117,2010-05-28 15:00:00,15.800000190734863
chronos_m4_hourly,207:target,207:target::origin=0,0,-116,2010-05-28 16:00:00,15.399999618530273
chronos_m4_hourly,207:target,207:target::origin=0,0,-115,2010-05-28 17:00:00,15.199999809265137
chronos_m4_hourly,207:target,207:target::origin=0,0,-114,2010-05-28 18:00:00,15.399999618530273
chronos_m4_hourly,207:target,207:target::origin=0,0,-113,2010-05-28 19:00:00,16.799999237060547
chronos_m4_hourly,207:target,207:target::origin=0,0,-112,2010-05-28 20:00:00,18.399999618530273
chronos_m4_hourly,207:target,207:target::origin=0,0,-111,2010-05-28 21:00:00,19.899999618530273
chronos_m4_hourly,207:target,207:target::origin=0,0,-110,2010-05-28 22:00:00,21.299999237060547
chronos_m4_hourly,207:target,207:target::origin=0,0,-109,2010-05-28 23:00:00,22.5
chronos_m4_hourly,207:target,207:target::origin=0,0,-108,2010-05-29 00:00:00,23.399999618530273
chronos_m4_hourly,207:target,207:target::origin=0,0,-107,2010-05-29 01:00:00,23.899999618530273
chronos_m4_hourly,207:target,207:target::origin=0,0,-106,2010-05-29 02:00:00,24.399999618530273
chronos_m4_hourly,207:target,207:target::origin=0,0,-105,2010-05-29 03:00:00,24.399999618530273
chronos_m4_hourly,207:target,207:target::origin=0,0,-104,2010-05-29 04:00:00,24.200000762939453
chronos_m4_hourly,207:target,207:target::origin=0,0,-103,2010-05-29 05:00:00,23.700000762939453
chronos_m4_hourly,207:target,207:target::origin=0,0,-102,2010-05-29 06:00:00,23.100000381469727
chronos_m4_hourly,207:target,207:target::origin=0,0,-101,2010-05-29 07:00:00,21.799999237060547
chronos_m4_hourly,207:target,207:target::origin=0,0,-100,2010-05-29 08:00:00,20.5
chronos_m4_hourly,207:target,207:target::origin=0,0,-99,2010-05-29 09:00:00,19.5
chronos_m4_hourly,207:target,207:target::origin=0,0,-98,2010-05-29 10:00:00,18.799999237060547
chronos_m4_hourly,207:target,207:target::origin=0,0,-97,2010-05-29 11:00:00,18.0
chronos_m4_hourly,207:target,207:target::origin=0,0,-96,2010-05-29 12:00:00,17.100000381469727
chronos_m4_hourly,207:target,207:target::origin=0,0,-95,2010-05-29 13:00:00,16.799999237060547
chronos_m4_hourly,207:target,207:target::origin=0,0,-94,2010-05-29 14:00:00,16.299999237060547
chronos_m4_hourly,207:target,207:target::origin=0,0,-93,2010-05-29 15:00:00,16.0
chronos_m4_hourly,207:target,207:target::origin=0,0,-92,2010-05-29 16:00:00,15.699999809265137
chronos_m4_hourly,207:target,207:target::origin=0,0,-91,2010-05-29 17:00:00,15.399999618530273
chronos_m4_hourly,207:target,207:target::origin=0,0,-90,2010-05-29 18:00:00,15.699999809265137
chronos_m4_hourly,207:target,207:target::origin=0,0,-89,2010-05-29 19:00:00,17.0
chronos_m4_hourly,207:target,207:target::origin=0,0,-88,2010-05-29 20:00:00,18.600000381469727
chronos_m4_hourly,207:target,207:target::origin=0,0,-87,2010-05-29 21:00:00,20.100000381469727
chronos_m4_hourly,207:target,207:target::origin=0,0,-86,2010-05-29 22:00:00,21.5
chronos_m4_hourly,207:target,207:target::origin=0,0,-85,2010-05-29 23:00:00,22.600000381469727
chronos_m4_hourly,207:target,207:target::origin=0,0,-84,2010-05-30 00:00:00,23.5
chronos_m4_hourly,207:target,207:target::origin=0,0,-83,2010-05-30 01:00:00,24.100000381469727
chronos_m4_hourly,207:target,207:target::origin=0,0,-82,2010-05-30 02:00:00,24.600000381469727
chronos_m4_hourly,207:target,207:target::origin=0,0,-81,2010-05-30 03:00:00,24.600000381469727
chronos_m4_hourly,207:target,207:target::origin=0,0,-80,2010-05-30 04:00:00,24.299999237060547
chronos_m4_hourly,207:target,207:target::origin=0,0,-79,2010-05-30 05:00:00,23.799999237060547
chronos_m4_hourly,207:target,207:target::origin=0,0,-78,2010-05-30 06:00:00,23.200000762939453
chronos_m4_hourly,207:target,207:target::origin=0,0,-77,2010-05-30 07:00:00,21.899999618530273
chronos_m4_hourly,207:target,207:target::origin=0,0,-76,2010-05-30 08:00:00,20.600000381469727
chronos_m4_hourly,207:target,207:target::origin=0,0,-75,2010-05-30 09:00:00,19.700000762939453
chronos_m4_hourly,207:target,207:target::origin=0,0,-74,2010-05-30 10:00:00,18.899999618530273
chronos_m4_hourly,207:target,207:target::origin=0,0,-73,2010-05-30 11:00:00,18.200000762939453
chronos_m4_hourly,207:target,207:target::origin=0,0,-72,2010-05-30 12:00:00,17.299999237060547
chronos_m4_hourly,207:target,207:target::origin=0,0,-71,2010-05-30 13:00:00,17.100000381469727
chronos_m4_hourly,207:target,207:target::origin=0,0,-70,2010-05-30 14:00:00,16.600000381469727
chronos_m4_hourly,207:target,207:target::origin=0,0,-69,2010-05-30 15:00:00,16.200000762939453
chronos_m4_hourly,207:target,207:target::origin=0,0,-68,2010-05-30 16:00:00,15.899999618530273
chronos_m4_hourly,207:target,207:target::origin=0,0,-67,2010-05-30 17:00:00,15.699999809265137
chronos_m4_hourly,207:target,207:target::origin=0,0,-66,2010-05-30 18:00:00,15.899999618530273
chronos_m4_hourly,207:target,207:target::origin=0,0,-65,2010-05-30 19:00:00,17.200000762939453
chronos_m4_hourly,207:target,207:target::origin=0,0,-64,2010-05-30 20:00:00,18.799999237060547
chronos_m4_hourly,207:target,207:target::origin=0,0,-63,2010-05-30 21:00:00,20.299999237060547
chronos_m4_hourly,207:target,207:target::origin=0,0,-62,2010-05-30 22:00:00,21.700000762939453
chronos_m4_hourly,207:target,207:target::origin=0,0,-61,2010-05-30 23:00:00,22.799999237060547
chronos_m4_hourly,207:target,207:target::origin=0,0,-60,2010-05-31 00:00:00,23.700000762939453
chronos_m4_hourly,207:target,207:target::origin=0,0,-59,2010-05-31 01:00:00,24.299999237060547
chronos_m4_hourly,207:target,207:target::origin=0,0,-58,2010-05-31 02:00:00,24.700000762939453
chronos_m4_hourly,207:target,207:target::origin=0,0,-57,2010-05-31 03:00:00,24.700000762939453
chronos_m4_hourly,207:target,207:target::origin=0,0,-56,2010-05-31 04:00:00,24.399999618530273
chronos_m4_hourly,207:target,207:target::origin=0,0,-55,2010-05-31 05:00:00,23.899999618530273
chronos_m4_hourly,207:target,207:target::origin=0,0,-54,2010-05-31 06:00:00,23.299999237060547
chronos_m4_hourly,207:target,207:target::origin=0,0,-53,2010-05-31 07:00:00,22.100000381469727
chronos_m4_hourly,207:target,207:target::origin=0,0,-52,2010-05-31 08:00:00,20.700000762939453
chronos_m4_hourly,207:target,207:target::origin=0,0,-51,2010-05-31 09:00:00,19.899999618530273
chronos_m4_hourly,207:target,207:target::origin=0,0,-50,2010-05-31 10:00:00,19.100000381469727
chronos_m4_hourly,207:target,207:target::origin=0,0,-49,2010-05-31 11:00:00,18.399999618530273
chronos_m4_hourly,207:target,207:target::origin=0,0,-48,2010-05-31 12:00:00,17.5
chronos_m4_hourly,207:target,207:target::origin=0,0,-47,2010-05-31 13:00:00,17.299999237060547
chronos_m4_hourly,207:target,207:target::origin=0,0,-46,2010-05-31 14:00:00,16.700000762939453
chronos_m4_hourly,207:target,207:target::origin=0,0,-45,2010-05-31 15:00:00,16.399999618530273
chronos_m4_hourly,207:target,207:target::origin=0,0,-44,2010-05-31 16:00:00,16.100000381469727
chronos_m4_hourly,207:target,207:target::origin=0,0,-43,2010-05-31 17:00:00,15.800000190734863
chronos_m4_hourly,207:target,207:target::origin=0,0,-42,2010-05-31 18:00:00,16.100000381469727
chronos_m4_hourly,207:target,207:target::origin=0,0,-41,2010-05-31 19:00:00,17.399999618530273
chronos_m4_hourly,207:target,207:target::origin=0,0,-40,2010-05-31 20:00:00,19.100000381469727
chronos_m4_hourly,207:target,207:target::origin=0,0,-39,2010-05-31 21:00:00,20.5
chronos_m4_hourly,207:target,207:target::origin=0,0,-38,2010-05-31 22:00:00,21.799999237060547
chronos_m4_hourly,207:target,207:target::origin=0,0,-37,2010-05-31 23:00:00,22.899999618530273
chronos_m4_hourly,207:target,207:target::origin=0,0,-36,2010-06-01 00:00:00,23.799999237060547
chronos_m4_hourly,207:target,207:target::origin=0,0,-35,2010-06-01 01:00:00,24.399999618530273
chronos_m4_hourly,207:target,207:target::origin=0,0,-34,2010-06-01 02:00:00,24.799999237060547
chronos_m4_hourly,207:target,207:target::origin=0,0,-33,2010-06-01 03:00:00,24.799999237060547
chronos_m4_hourly,207:target,207:target::origin=0,0,-32,2010-06-01 04:00:00,24.600000381469727
chronos_m4_hourly,207:target,207:target::origin=0,0,-31,2010-06-01 05:00:00,24.100000381469727
chronos_m4_hourly,207:target,207:target::origin=0,0,-30,2010-06-01 06:00:00,23.399999618530273
chronos_m4_hourly,207:target,207:target::origin=0,0,-29,2010-06-01 07:00:00,22.200000762939453
chronos_m4_hourly,207:target,207:target::origin=0,0,-28,2010-06-01 08:00:00,20.899999618530273
chronos_m4_hourly,207:target,207:target::origin=0,0,-27,2010-06-01 09:00:00,20.100000381469727
chronos_m4_hourly,207:target,207:target::origin=0,0,-26,2010-06-01 10:00:00,19.299999237060547
chronos_m4_hourly,207:target,207:target::origin=0,0,-25,2010-06-01 11:00:00,18.600000381469727
chronos_m4_hourly,207:target,207:target::origin=0,0,-24,2010-06-01 12:00:00,17.600000381469727
chronos_m4_hourly,207:target,207:target::origin=0,0,-23,2010-06-01 13:00:00,17.399999618530273
chronos_m4_hourly,207:target,207:target::origin=0,0,-22,2010-06-01 14:00:00,16.899999618530273
chronos_m4_hourly,207:target,207:target::origin=0,0,-21,2010-06-01 15:00:00,16.600000381469727
chronos_m4_hourly,207:target,207:target::origin=0,0,-20,2010-06-01 16:00:00,16.299999237060547
chronos_m4_hourly,207:target,207:target::origin=0,0,-19,2010-06-01 17:00:00,16.100000381469727
chronos_m4_hourly,207:target,207:target::origin=0,0,-18,2010-06-01 18:00:00,16.299999237060547
chronos_m4_hourly,207:target,207:target::origin=0,0,-17,2010-06-01 19:00:00,17.700000762939453
chronos_m4_hourly,207:target,207:target::origin=0,0,-16,2010-06-01 20:00:00,19.200000762939453
chronos_m4_hourly,207:target,207:target::origin=0,0,-15,2010-06-01 21:00:00,20.700000762939453
chronos_m4_hourly,207:target,207:target::origin=0,0,-14,2010-06-01 22:00:00,22.0
chronos_m4_hourly,207:target,207:target::origin=0,0,-13,2010-06-01 23:00:00,23.100000381469727
chronos_m4_hourly,207:target,207:target::origin=0,0,-12,2010-06-02 00:00:00,24.100000381469727
chronos_m4_hourly,207:target,207:target::origin=0,0,-11,2010-06-02 01:00:00,24.600000381469727
chronos_m4_hourly,207:target,207:target::origin=0,0,-10,2010-06-02 02:00:00,25.100000381469727
chronos_m4_hourly,207:target,207:target::origin=0,0,-9,2010-06-02 03:00:00,25.0
chronos_m4_hourly,207:target,207:target::origin=0,0,-8,2010-06-02 04:00:00,24.700000762939453
chronos_m4_hourly,207:target,207:target::origin=0,0,-7,2010-06-02 05:00:00,24.299999237060547
chronos_m4_hourly,207:target,207:target::origin=0,0,-6,2010-06-02 06:00:00,23.600000381469727
chronos_m4_hourly,207:target,207:target::origin=0,0,-5,2010-06-02 07:00:00,22.399999618530273
chronos_m4_hourly,207:target,207:target::origin=0,0,-4,2010-06-02 08:00:00,21.100000381469727
chronos_m4_hourly,207:target,207:target::origin=0,0,-3,2010-06-02 09:00:00,20.200000762939453
chronos_m4_hourly,207:target,207:target::origin=0,0,-2,2010-06-02 10:00:00,19.399999618530273
chronos_m4_hourly,207:target,207:target::origin=0,0,-1,2010-06-02 11:00:00,18.700000762939453
chronos_weather,subset=rain|364:target,subset=rain|364:target::origin=0,0,-90,1974-04-28 00:00:00,0.0
chronos_weather,subset=rain|364:target,subset=rain|364:target::origin=0,0,-89,1974-04-29 00:00:00,0.0
chronos_weather,subset=rain|364:target,subset=rain|364:target::origin=0,0,-88,1974-04-30 00:00:00,0.0
chronos_weather,subset=rain|364:target,subset=rain|364:target::origin=0,0,-87,1974-05-01 00:00:00,6.0
chronos_weather,subset=rain|364:target,subset=rain|364:target::origin=0,0,-86,1974-05-02 00:00:00,0.20000000298023224
chronos_weather,subset=rain|364:target,subset=rain|364:target::origin=0,0,-85,1974-05-03 00:00:00,0.0
chronos_weather,subset=rain|364:target,subset=rain|364:target::origin=0,0,-84,1974-05-04 00:00:00,1.7999999523162842
chronos_weather,subset=rain|364:target,subset=rain|364:target::origin=0,0,-83,1974-05-05 00:00:00,6.400000095367432
chronos_weather,subset=rain|364:target,subset=rain|364:target::origin=0,0,-82,1974-05-06 00:00:00,0.20000000298023224
chronos_weather,subset=rain|364:target,subset=rain|364:target::origin=0,0,-81,1974-05-07 00:00:00,0.0
chronos_weather,subset=rain|364:target,subset=rain|364:target::origin=0,0,-80,1974-05-08 00:00:00,0.0
chronos_weather,subset=rain|364:target,subset=rain|364:target::origin=0,0,-79,1974-05-09 00:00:00,0.0
chronos_weather,subset=rain|364:target,subset=rain|364:target::origin=0,0,-78,1974-05-10 00:00:00,0.0
chronos_weather,subset=rain|364:target,subset=rain|364:target::origin=0,0,-77,1974-05-11 00:00:00,6.599999904632568
chronos_weather,subset=rain|364:target,subset=rain|364:target::origin=0,0,-76,1974-05-12 00:00:00,0.0
chronos_weather,subset=rain|364:target,subset=rain|364:target::origin=0,0,-75,1974-05-13 00:00:00,0.4000000059604645
chronos_weather,subset=rain|364:target,subset=rain|364:target::origin=0,0,-74,1974-05-14 00:00:00,0.4000000059604645
chronos_weather,subset=rain|364:target,subset=rain|364:target::origin=0,0,-73,1974-05-15 00:00:00,5.599999904632568
chronos_weather,subset=rain|364:target,subset=rain|364:target::origin=0,0,-72,1974-05-16 00:00:00,0.20000000298023224
chronos_weather,subset=rain|364:target,subset=rain|364:target::origin=0,0,-71,1974-05-17 00:00:00,14.0
chronos_weather,subset=rain|364:target,subset=rain|364:target::origin=0,0,-70,1974-05-18 00:00:00,0.4000000059604645
chronos_weather,subset=rain|364:target,subset=rain|364:target::origin=0,0,-69,1974-05-19 00:00:00,1.2000000476837158
chronos_weather,subset=rain|364:target,subset=rain|364:target::origin=0,0,-68,1974-05-20 00:00:00,1.600000023841858
chronos_weather,subset=rain|364:target,subset=rain|364:target::origin=0,0,-67,1974-05-21 00:00:00,1.7999999523162842
chronos_weather,subset=rain|364:target,subset=rain|364:target::origin=0,0,-66,1974-05-22 00:00:00,0.0
chronos_weather,subset=rain|364:target,subset=rain|364:target::origin=0,0,-65,1974-05-23 00:00:00,0.4000000059604645
chronos_weather,subset=rain|364:target,subset=rain|364:target::origin=0,0,-64,1974-05-24 00:00:00,1.7999999523162842
chronos_weather,subset=rain|364:target,subset=rain|364:target::origin=0,0,-63,1974-05-25 00:00:00,0.0
chronos_weather,subset=rain|364:target,subset=rain|364:target::origin=0,0,-62,1974-05-26 00:00:00,0.0
chronos_weather,subset=rain|364:target,subset=rain|364:target::origin=0,0,-61,1974-05-27 00:00:00,0.4000000059604645
chronos_weather,subset=rain|364:target,subset=rain|364:target::origin=0,0,-60,1974-05-28 00:00:00,0.0
chronos_weather,subset=rain|364:target,subset=rain|364:target::origin=0,0,-59,1974-05-29 00:00:00,0.0
chronos_weather,subset=rain|364:target,subset=rain|364:target::origin=0,0,-58,1974-05-30 00:00:00,0.0
chronos_weather,subset=rain|364:target,subset=rain|364:target::origin=0,0,-57,1974-05-31 00:00:00,0.0
chronos_weather,subset=rain|364:target,subset=rain|364:target::origin=0,0,-56,1974-06-01 00:00:00,0.0
chronos_weather,subset=rain|364:target,subset=rain|364:target::origin=0,0,-55,1974-06-02 00:00:00,0.0
chronos_weather,subset=rain|364:target,subset=rain|364:target::origin=0,0,-54,1974-06-03 00:00:00,1.0
chronos_weather,subset=rain|364:target,subset=rain|364:target::origin=0,0,-53,1974-06-04 00:00:00,0.0
chronos_weather,subset=rain|364:target,subset=rain|364:target::origin=0,0,-52,1974-06-05 00:00:00,0.0
chronos_weather,subset=rain|364:target,subset=rain|364:target::origin=0,0,-51,1974-06-06 00:00:00,0.0
chronos_weather,subset=rain|364:target,subset=rain|364:target::origin=0,0,-50,1974-06-07 00:00:00,0.0
chronos_weather,subset=rain|364:target,subset=rain|364:target::origin=0,0,-49,1974-06-08 00:00:00,3.0
chronos_weather,subset=rain|364:target,subset=rain|364:target::origin=0,0,-48,1974-06-09 00:00:00,1.7999999523162842
chronos_weather,subset=rain|364:target,subset=rain|364:target::origin=0,0,-47,1974-06-10 00:00:00,0.20000000298023224
chronos_weather,subset=rain|364:target,subset=rain|364:target::origin=0,0,-46,1974-06-11 00:00:00,0.0
chronos_weather,subset=rain|364:target,subset=rain|364:target::origin=0,0,-45,1974-06-12 00:00:00,0.0
chronos_weather,subset=rain|364:target,subset=rain|364:target::origin=0,0,-44,1974-06-13 00:00:00,0.20000000298023224
chronos_weather,subset=rain|364:target,subset=rain|364:target::origin=0,0,-43,1974-06-14 00:00:00,0.0
chronos_weather,subset=rain|364:target,subset=rain|364:target::origin=0,0,-42,1974-06-15 00:00:00,0.20000000298023224
chronos_weather,subset=rain|364:target,subset=rain|364:target::origin=0,0,-41,1974-06-16 00:00:00,0.0
chronos_weather,subset=rain|364:target,subset=rain|364:target::origin=0,0,-40,1974-06-17 00:00:00,23.0
chronos_weather,subset=rain|364:target,subset=rain|364:target::origin=0,0,-39,1974-06-18 00:00:00,0.20000000298023224
chronos_weather,subset=rain|364:target,subset=rain|364:target::origin=0,0,-38,1974-06-19 00:00:00,0.0
chronos_weather,subset=rain|364:target,subset=rain|364:target::origin=0,0,-37,1974-06-20 00:00:00,0.0
chronos_weather,subset=rain|364:target,subset=rain|364:target::origin=0,0,-36,1974-06-21 00:00:00,0.0
chronos_weather,subset=rain|364:target,subset=rain|364:target::origin=0,0,-35,1974-06-22 00:00:00,0.0
chronos_weather,subset=rain|364:target,subset=rain|364:target::origin=0,0,-34,1974-06-23 00:00:00,0.0
chronos_weather,subset=rain|364:target,subset=rain|364:target::origin=0,0,-33,1974-06-24 00:00:00,0.0
chronos_weather,subset=rain|364:target,subset=rain|364:target::origin=0,0,-32,1974-06-25 00:00:00,8.199999809265137
chronos_weather,subset=rain|364:target,subset=rain|364:target::origin=0,0,-31,1974-06-26 00:00:00,31.600000381469727
chronos_weather,subset=rain|364:target,subset=rain|364:target::origin=0,0,-30,1974-06-27 00:00:00,17.200000762939453
chronos_weather,subset=rain|364:target,subset=rain|364:target::origin=0,0,-29,1974-06-28 00:00:00,5.0
chronos_weather,subset=rain|364:target,subset=rain|364:target::origin=0,0,-28,1974-06-29 00:00:00,0.800000011920929
chronos_weather,subset=rain|364:target,subset=rain|364:target::origin=0,0,-27,1974-06-30 00:00:00,1.0
chronos_weather,subset=rain|364:target,subset=rain|364:target::origin=0,0,-26,1974-07-01 00:00:00,0.0
chronos_weather,subset=rain|364:target,subset=rain|364:target::origin=0,0,-25,1974-07-02 00:00:00,0.4000000059604645
chronos_weather,subset=rain|364:target,subset=rain|364:target::origin=0,0,-24,1974-07-03 00:00:00,0.20000000298023224
chronos_weather,subset=rain|364:target,subset=rain|364:target::origin=0,0,-23,1974-07-04 00:00:00,0.4000000059604645
chronos_weather,subset=rain|364:target,subset=rain|364:target::origin=0,0,-22,1974-07-05 00:00:00,11.0
chronos_weather,subset=rain|364:target,subset=rain|364:target::origin=0,0,-21,1974-07-06 00:00:00,7.400000095367432
chronos_weather,subset=rain|364:target,subset=rain|364:target::origin=0,0,-20,1974-07-07 00:00:00,4.599999904632568
chronos_weather,subset=rain|364:target,subset=rain|364:target::origin=0,0,-19,1974-07-08 00:00:00,3.0
chronos_weather,subset=rain|364:target,subset=rain|364:target::origin=0,0,-18,1974-07-09 00:00:00,0.6000000238418579
chronos_weather,subset=rain|364:target,subset=rain|364:target::origin=0,0,-17,1974-07-10 00:00:00,0.20000000298023224
chronos_weather,subset=rain|364:target,subset=rain|364:target::origin=0,0,-16,1974-07-11 00:00:00,0.0
chronos_weather,subset=rain|364:target,subset=rain|364:target::origin=0,0,-15,1974-07-12 00:00:00,0.0
chronos_weather,subset=rain|364:target,subset=rain|364:target::origin=0,0,-14,1974-07-13 00:00:00,0.0
chronos_weather,subset=rain|364:target,subset=rain|364:target::origin=0,0,-13,1974-07-14 00:00:00,0.0
chronos_weather,subset=rain|364:target,subset=rain|364:target::origin=0,0,-12,1974-07-15 00:00:00,0.0
chronos_weather,subset=rain|364:target,subset=rain|364:target::origin=0,0,-11,1974-07-16 00:00:00,0.0
chronos_weather,subset=rain|364:target,subset=rain|364:target::origin=0,0,-10,1974-07-17 00:00:00,0.0
chronos_weather,subset=rain|364:target,subset=rain|364:target::origin=0,0,-9,1974-07-18 00:00:00,0.0
chronos_weather,subset=rain|364:target,subset=rain|364:target::origin=0,0,-8,1974-07-19 00:00:00,0.0
chronos_weather,subset=rain|364:target,subset=rain|364:target::origin=0,0,-7,1974-07-20 00:00:00,0.0
chronos_weather,subset=rain|364:target,subset=rain|364:target::origin=0,0,-6,1974-07-21 00:00:00,0.0
chronos_weather,subset=rain|364:target,subset=rain|364:target::origin=0,0,-5,1974-07-22 00:00:00,0.0
chronos_weather,subset=rain|364:target,subset=rain|364:target::origin=0,0,-4,1974-07-23 00:00:00,0.0
chronos_weather,subset=rain|364:target,subset=rain|364:target::origin=0,0,-3,1974-07-24 00:00:00,0.0
chronos_weather,subset=rain|364:target,subset=rain|364:target::origin=0,0,-2,1974-07-25 00:00:00,0.20000000298023224
chronos_weather,subset=rain|364:target,subset=rain|364:target::origin=0,0,-1,1974-07-26 00:00:00,0.0
external_national_illness,OT,OT::origin=0,0,-104,2018-01-23 00:00:00,1256271.0
external_national_illness,OT,OT::origin=0,0,-103,2018-01-30 00:00:00,1258405.0
external_national_illness,OT,OT::origin=0,0,-102,2018-02-06 00:00:00,1249921.0
external_national_illness,OT,OT::origin=0,0,-101,2018-02-13 00:00:00,1171062.0
external_national_illness,OT,OT::origin=0,0,-100,2018-02-20 00:00:00,1026187.0
external_national_illness,OT,OT::origin=0,0,-99,2018-02-27 00:00:00,1296156.0
external_national_illness,OT,OT::origin=0,0,-98,2018-03-06 00:00:00,1233986.0
external_national_illness,OT,OT::origin=0,0,-97,2018-03-13 00:00:00,1212127.0
external_national_illness,OT,OT::origin=0,0,-96,2018-03-20 00:00:00,1180820.0
external_national_illness,OT,OT::origin=0,0,-95,2018-03-27 00:00:00,1052725.0
external_national_illness,OT,OT::origin=0,0,-94,2018-04-03 00:00:00,1160440.0
external_national_illness,OT,OT::origin=0,0,-93,2018-04-10 00:00:00,1237552.0
external_national_illness,OT,OT::origin=0,0,-92,2018-04-17 00:00:00,1225384.0
external_national_illness,OT,OT::origin=0,0,-91,2018-04-24 00:00:00,1191426.0
external_national_illness,OT,OT::origin=0,0,-90,2018-05-01 00:00:00,1222020.0
external_national_illness,OT,OT::origin=0,0,-89,2018-05-08 00:00:00,1340765.0
external_national_illness,OT,OT::origin=0,0,-88,2018-05-15 00:00:00,1292464.0
external_national_illness,OT,OT::origin=0,0,-87,2018-05-22 00:00:00,1260932.0
external_national_illness,OT,OT::origin=0,0,-86,2018-05-29 00:00:00,1281115.0
external_national_illness,OT,OT::origin=0,0,-85,2018-06-05 00:00:00,1260615.0
external_national_illness,OT,OT::origin=0,0,-84,2018-06-12 00:00:00,1288273.0
external_national_illness,OT,OT::origin=0,0,-83,2018-06-19 00:00:00,1303765.0
external_national_illness,OT,OT::origin=0,0,-82,2018-06-26 00:00:00,1244935.0
external_national_illness,OT,OT::origin=0,0,-81,2018-07-03 00:00:00,1229217.0
external_national_illness,OT,OT::origin=0,0,-80,2018-07-10 00:00:00,1229148.0
external_national_illness,OT,OT::origin=0,0,-79,2018-07-17 00:00:00,1178058.0
external_national_illness,OT,OT::origin=0,0,-78,2018-07-24 00:00:00,1196855.0
external_national_illness,OT,OT::origin=0,0,-77,2018-07-31 00:00:00,1199386.0
external_national_illness,OT,OT::origin=0,0,-76,2018-08-07 00:00:00,1173980.0
external_national_illness,OT,OT::origin=0,0,-75,2018-08-14 00:00:00,1094840.0
external_national_illness,OT,OT::origin=0,0,-74,2018-08-21 00:00:00,1123869.0
external_national_illness,OT,OT::origin=0,0,-73,2018-08-28 00:00:00,1052737.0
external_national_illness,OT,OT::origin=0,0,-72,2018-09-04 00:00:00,1086961.0
external_national_illness,OT,OT::origin=0,0,-71,2018-09-11 00:00:00,1079343.0
external_national_illness,OT,OT::origin=0,0,-70,2018-09-18 00:00:00,1056024.0
external_national_illness,OT,OT::origin=0,0,-69,2018-09-25 00:00:00,1044732.0
external_national_illness,OT,OT::origin=0,0,-68,2018-10-02 00:00:00,992358.0
external_national_illness,OT,OT::origin=0,0,-67,2018-10-09 00:00:00,1060841.0
external_national_illness,OT,OT::origin=0,0,-66,2018-10-16 00:00:00,1058986.0
external_national_illness,OT,OT::origin=0,0,-65,2018-10-23 00:00:00,1040191.0
external_national_illness,OT,OT::origin=0,0,-64,2018-10-30 00:00:00,1041320.0
external_national_illness,OT,OT::origin=0,0,-63,2018-11-06 00:00:00,1046625.0
external_national_illness,OT,OT::origin=0,0,-62,2018-11-13 00:00:00,1079056.0
external_national_illness,OT,OT::origin=0,0,-61,2018-11-20 00:00:00,1074399.0
external_national_illness,OT,OT::origin=0,0,-60,2018-11-27 00:00:00,1100212.0
external_national_illness,OT,OT::origin=0,0,-59,2018-12-04 00:00:00,1097022.0
external_national_illness,OT,OT::origin=0,0,-58,2018-12-11 00:00:00,1166071.0
external_national_illness,OT,OT::origin=0,0,-57,2018-12-18 00:00:00,1152730.0
external_national_illness,OT,OT::origin=0,0,-56,2018-12-25 00:00:00,1167311.0
external_national_illness,OT,OT::origin=0,0,-55,2019-01-01 00:00:00,1458307.0
external_national_illness,OT,OT::origin=0,0,-54,2019-01-08 00:00:00,1436748.0
external_national_illness,OT,OT::origin=0,0,-53,2019-01-15 00:00:00,1430800.0
external_national_illness,OT,OT::origin=0,0,-52,2019-01-22 00:00:00,1473831.0
external_national_illness,OT,OT::origin=0,0,-51,2019-01-29 00:00:00,1435369.0
external_national_illness,OT,OT::origin=0,0,-50,2019-02-05 00:00:00,1463253.0
external_national_illness,OT,OT::origin=0,0,-49,2019-02-12 00:00:00,1426928.0
external_national_illness,OT,OT::origin=0,0,-48,2019-02-19 00:00:00,1484969.0
external_national_illness,OT,OT::origin=0,0,-47,2019-02-26 00:00:00,1275199.0
external_national_illness,OT,OT::origin=0,0,-46,2019-03-05 00:00:00,1476208.0
external_national_illness,OT,OT::origin=0,0,-45,2019-03-12 00:00:00,1458774.0
external_national_illness,OT,OT::origin=0,0,-44,2019-03-19 00:00:00,1424436.0
external_national_illness,OT,OT::origin=0,0,-43,2019-03-26 00:00:00,1338669.0
external_national_illness,OT,OT::origin=0,0,-42,2019-04-02 00:00:00,1426691.0
external_national_illness,OT,OT::origin=0,0,-41,2019-04-09 00:00:00,1492251.0
external_national_illness,OT,OT::origin=0,0,-40,2019-04-16 00:00:00,1489132.0
external_national_illness,OT,OT::origin=0,0,-39,2019-04-23 00:00:00,1496826.0
external_national_illness,OT,OT::origin=0,0,-38,2019-04-30 00:00:00,1575900.0
external_national_illness,OT,OT::origin=0,0,-37,2019-05-07 00:00:00,1571657.0
external_national_illness,OT,OT::origin=0,0,-36,2019-05-14 00:00:00,1533883.0
external_national_illness,OT,OT::origin=0,0,-35,2019-05-21 00:00:00,1433517.0
external_national_illness,OT,OT::origin=0,0,-34,2019-05-28 00:00:00,1466346.0
external_national_illness,OT,OT::origin=0,0,-33,2019-06-04 00:00:00,1489410.0
external_national_illness,OT,OT::origin=0,0,-32,2019-06-11 00:00:00,1425172.0
external_national_illness,OT,OT::origin=0,0,-31,2019-06-18 00:00:00,1068755.0
external_national_illness,OT,OT::origin=0,0,-30,2019-06-25 00:00:00,853431.0
external_national_illness,OT,OT::origin=0,0,-29,2019-07-02 00:00:00,750546.0
external_national_illness,OT,OT::origin=0,0,-28,2019-07-09 00:00:00,718953.0
external_national_illness,OT,OT::origin=0,0,-27,2019-07-16 00:00:00,709970.0
external_national_illness,OT,OT::origin=0,0,-26,2019-07-23 00:00:00,750576.0
external_national_illness,OT,OT::origin=0,0,-25,2019-07-30 00:00:00,790883.0
external_national_illness,OT,OT::origin=0,0,-24,2019-08-06 00:00:00,817791.0
external_national_illness,OT,OT::origin=0,0,-23,2019-08-13 00:00:00,846493.0
external_national_illness,OT,OT::origin=0,0,-22,2019-08-20 00:00:00,1059901.0
external_national_illness,OT,OT::origin=0,0,-21,2019-08-27 00:00:00,1082074.0
external_national_illness,OT,OT::origin=0,0,-20,2019-09-03 00:00:00,1134988.0
external_national_illness,OT,OT::origin=0,0,-19,2019-09-10 00:00:00,1174543.0
external_national_illness,OT,OT::origin=0,0,-18,2019-09-17 00:00:00,1247096.0
external_national_illness,OT,OT::origin=0,0,-17,2019-09-24 00:00:00,1287264.0
external_national_illness,OT,OT::origin=0,0,-16,2019-10-01 00:00:00,1287401.0
external_national_illness,OT,OT::origin=0,0,-15,2019-10-08 00:00:00,1360037.0
external_national_illness,OT,OT::origin=0,0,-14,2019-10-15 00:00:00,1338613.0
external_national_illness,OT,OT::origin=0,0,-13,2019-10-22 00:00:00,1355190.0
external_national_illness,OT,OT::origin=0,0,-12,2019-10-29 00:00:00,1346820.0
external_national_illness,OT,OT::origin=0,0,-11,2019-11-05 00:00:00,1333292.0
external_national_illness,OT,OT::origin=0,0,-10,2019-11-12 00:00:00,1338686.0
external_national_illness,OT,OT::origin=0,0,-9,2019-11-19 00:00:00,1344069.0
external_national_illness,OT,OT::origin=0,0,-8,2019-11-26 00:00:00,1351058.0
external_national_illness,OT,OT::origin=0,0,-7,2019-12-03 00:00:00,1336359.0
external_national_illness,OT,OT::origin=0,0,-6,2019-12-10 00:00:00,1326890.0
external_national_illness,OT,OT::origin=0,0,-5,2019-12-17 00:00:00,1359239.0
external_national_illness,OT,OT::origin=0,0,-4,2019-12-24 00:00:00,1397083.0
external_national_illness,OT,OT::origin=0,0,-3,2019-12-31 00:00:00,1539527.0
external_national_illness,OT,OT::origin=0,0,-2,2020-01-07 00:00:00,1615360.0
external_national_illness,OT,OT::origin=0,0,-1,2020-01-14 00:00:00,1582135.0
external_traffic,431,431::origin=0,0,-72,2018-06-28 02:00:00,0.01640000008046627
external_traffic,431,431::origin=0,0,-71,2018-06-28 03:00:00,0.015399999916553497
external_traffic,431,431::origin=0,0,-70,2018-06-28 04:00:00,0.0142000000923872
external_traffic,431,431::origin=0,0,-69,2018-06-28 05:00:00,0.01679999940097332
external_traffic,431,431::origin=0,0,-68,2018-06-28 06:00:00,0.026200000196695328
external_traffic,431,431::origin=0,0,-67,2018-06-28 07:00:00,0.061799999326467514
external_traffic,431,431::origin=0,0,-66,2018-06-28 08:00:00,0.08110000193119049
external_traffic,431,431::origin=0,0,-65,2018-06-28 09:00:00,0.07540000230073929
external_traffic,431,431::origin=0,0,-64,2018-06-28 10:00:00,0.08190000057220459
external_traffic,431,431::origin=0,0,-63,2018-06-28 11:00:00,0.08030000329017639
external_traffic,431,431::origin=0,0,-62,2018-06-28 12:00:00,0.07750000059604645
external_traffic,431,431::origin=0,0,-61,2018-06-28 13:00:00,0.07850000262260437
external_traffic,431,431::origin=0,0,-60,2018-06-28 14:00:00,0.07540000230073929
external_traffic,431,431::origin=0,0,-59,2018-06-28 15:00:00,0.07670000195503235
external_traffic,431,431::origin=0,0,-58,2018-06-28 16:00:00,0.07980000227689743
external_traffic,431,431::origin=0,0,-57,2018-06-28 17:00:00,0.09179999679327011
external_traffic,431,431::origin=0,0,-56,2018-06-28 18:00:00,0.08479999750852585
external_traffic,431,431::origin=0,0,-55,2018-06-28 19:00:00,0.0934000015258789
external_traffic,431,431::origin=0,0,-54,2018-06-28 20:00:00,0.07329999655485153
external_traffic,431,431::origin=0,0,-53,2018-06-28 21:00:00,0.05299999937415123
external_traffic,431,431::origin=0,0,-52,2018-06-28 22:00:00,0.04670000076293945
external_traffic,431,431::origin=0,0,-51,2018-06-28 23:00:00,0.039900001138448715
external_traffic,431,431::origin=0,0,-50,2018-06-29 00:00:00,0.039900001138448715
external_traffic,431,431::origin=0,0,-49,2018-06-29 01:00:00,0.027799999341368675
external_traffic,431,431::origin=0,0,-48,2018-06-29 02:00:00,0.017500000074505806
external_traffic,431,431::origin=0,0,-47,2018-06-29 03:00:00,0.01360000018030405
external_traffic,431,431::origin=0,0,-46,2018-06-29 04:00:00,0.01640000008046627
external_traffic,431,431::origin=0,0,-45,2018-06-29 05:00:00,0.015599999576807022
external_traffic,431,431::origin=0,0,-44,2018-06-29 06:00:00,0.028300000354647636
external_traffic,431,431::origin=0,0,-43,2018-06-29 07:00:00,0.0617000013589859
external_traffic,431,431::origin=0,0,-42,2018-06-29 08:00:00,0.07829999923706055
external_traffic,431,431::origin=0,0,-41,2018-06-29 09:00:00,0.07819999754428864
external_traffic,431,431::origin=0,0,-40,2018-06-29 10:00:00,0.07940000295639038
external_traffic,431,431::origin=0,0,-39,2018-06-29 11:00:00,0.06509999930858612
external_traffic,431,431::origin=0,0,-38,2018-06-29 12:00:00,0.06530000269412994
external_traffic,431,431::origin=0,0,-37,2018-06-29 13:00:00,0.065700002014637
external_traffic,431,431::origin=0,0,-36,2018-06-29 14:00:00,0.06210000067949295
external_traffic,431,431::origin=0,0,-35,2018-06-29 15:00:00,0.06340000033378601
external_traffic,431,431::origin=0,0,-34,2018-06-29 16:00:00,0.06710000336170197
external_traffic,431,431::origin=0,0,-33,2018-06-29 17:00:00,0.0706000030040741
external_traffic,431,431::origin=0,0,-32,2018-06-29 18:00:00,0.07159999758005142
external_traffic,431,431::origin=0,0,-31,2018-06-29 19:00:00,0.07159999758005142
external_traffic,431,431::origin=0,0,-30,2018-06-29 20:00:00,0.05920000001788139
external_traffic,431,431::origin=0,0,-29,2018-06-29 21:00:00,0.042500000447034836
external_traffic,431,431::origin=0,0,-28,2018-06-29 22:00:00,0.040699999779462814
external_traffic,431,431::origin=0,0,-27,2018-06-29 23:00:00,0.033399999141693115
external_traffic,431,431::origin=0,0,-26,2018-06-30 00:00:00,0.027799999341368675
external_traffic,431,431::origin=0,0,-25,2018-06-30 01:00:00,0.02160000056028366
external_traffic,431,431::origin=0,0,-24,2018-06-30 02:00:00,0.015399999916553497
external_traffic,431,431::origin=0,0,-23,2018-06-30 03:00:00,0.012500000186264515
external_traffic,431,431::origin=0,0,-22,2018-06-30 04:00:00,0.011500000022351742
external_traffic,431,431::origin=0,0,-21,2018-06-30 05:00:00,0.010900000110268593
external_traffic,431,431::origin=0,0,-20,2018-06-30 06:00:00,0.019500000402331352
external_traffic,431,431::origin=0,0,-19,2018-06-30 07:00:00,0.04190000146627426
external_traffic,431,431::origin=0,0,-18,2018-06-30 08:00:00,0.05420000106096268
external_traffic,431,431::origin=0,0,-17,2018-06-30 09:00:00,0.05609999969601631
external_traffic,431,431::origin=0,0,-16,2018-06-30 10:00:00,0.05770000070333481
external_traffic,431,431::origin=0,0,-15,2018-06-30 11:00:00,0.06340000033378601
external_traffic,431,431::origin=0,0,-14,2018-06-30 12:00:00,0.06430000066757202
external_traffic,431,431::origin=0,0,-13,2018-06-30 13:00:00,0.06379999965429306
external_traffic,431,431::origin=0,0,-12,2018-06-30 14:00:00,0.06390000134706497
external_traffic,431,431::origin=0,0,-11,2018-06-30 15:00:00,0.062300000339746475
external_traffic,431,431::origin=0,0,-10,2018-06-30 16:00:00,0.06520000100135803
external_traffic,431,431::origin=0,0,-9,2018-06-30 17:00:00,0.07180000096559525
external_traffic,431,431::origin=0,0,-8,2018-06-30 18:00:00,0.06310000270605087
external_traffic,431,431::origin=0,0,-7,2018-06-30 19:00:00,0.06620000302791595
external_traffic,431,431::origin=0,0,-6,2018-06-30 20:00:00,0.05490000173449516
external_traffic,431,431::origin=0,0,-5,2018-06-30 21:00:00,0.04639999940991402
external_traffic,431,431::origin=0,0,-4,2018-06-30 22:00:00,0.03610000014305115
external_traffic,431,431::origin=0,0,-3,2018-06-30 23:00:00,0.0340999998152256
external_traffic,431,431::origin=0,0,-2,2018-07-01 00:00:00,0.03689999878406525
external_traffic,431,431::origin=0,0,-1,2018-07-01 01:00:00,0.02329999953508377
external_psm,feature_12,feature_12::origin=0,0,-72,2000-03-29 01:00:00,0.16564936935901642
external_psm,feature_12,feature_12::origin=0,0,-71,2000-03-29 02:00:00,0.16711612045764923
external_psm,feature_12,feature_12::origin=0,0,-70,2000-03-29 03:00:00,0.1617375910282135
external_psm,feature_12,feature_12::origin=0,0,-69,2000-03-29 04:00:00,0.1716635525226593
external_psm,feature_12,feature_12::origin=0,0,-68,2000-03-29 05:00:00,0.17089104652404785
external_psm,feature_12,feature_12::origin=0,0,-67,2000-03-29 06:00:00,0.16824063658714294
external_psm,feature_12,feature_12::origin=0,0,-66,2000-03-29 07:00:00,0.1691054254770279
external_psm,feature_12,feature_12::origin=0,0,-65,2000-03-29 08:00:00,0.16632211208343506
external_psm,feature_12,feature_12::origin=0,0,-64,2000-03-29 09:00:00,0.17014381289482117
external_psm,feature_12,feature_12::origin=0,0,-63,2000-03-29 10:00:00,0.17325258255004883
external_psm,feature_12,feature_12::origin=0,0,-62,2000-03-29 11:00:00,0.17205633223056793
external_psm,feature_12,feature_12::origin=0,0,-61,2000-03-29 12:00:00,0.17209039628505707
external_psm,feature_12,feature_12::origin=0,0,-60,2000-03-29 13:00:00,0.1757148653268814
external_psm,feature_12,feature_12::origin=0,0,-59,2000-03-29 14:00:00,0.1765705645084381
external_psm,feature_12,feature_12::origin=0,0,-58,2000-03-29 15:00:00,0.16648605465888977
external_psm,feature_12,feature_12::origin=0,0,-57,2000-03-29 16:00:00,0.1603802740573883
external_psm,feature_12,feature_12::origin=0,0,-56,2000-03-29 17:00:00,0.15788576006889343
external_psm,feature_12,feature_12::origin=0,0,-55,2000-03-29 18:00:00,0.16432368755340576
external_psm,feature_12,feature_12::origin=0,0,-54,2000-03-29 19:00:00,0.16805118322372437
external_psm,feature_12,feature_12::origin=0,0,-53,2000-03-29 20:00:00,0.1687973290681839
external_psm,feature_12,feature_12::origin=0,0,-52,2000-03-29 21:00:00,0.15898331999778748
external_psm,feature_12,feature_12::origin=0,0,-51,2000-03-29 22:00:00,0.15778318047523499
external_psm,feature_12,feature_12::origin=0,0,-50,2000-03-29 23:00:00,0.15635526180267334
external_psm,feature_12,feature_12::origin=0,0,-49,2000-03-30 00:00:00,0.15824855864048004
external_psm,feature_12,feature_12::origin=0,0,-48,2000-03-30 01:00:00,0.1614259034395218
external_psm,feature_12,feature_12::origin=0,0,-47,2000-03-30 02:00:00,0.16125079989433289
external_psm,feature_12,feature_12::origin=0,0,-46,2000-03-30 03:00:00,0.16212543845176697
external_psm,feature_12,feature_12::origin=0,0,-45,2000-03-30 04:00:00,0.16595867276191711
external_psm,feature_12,feature_12::origin=0,0,-44,2000-03-30 05:00:00,0.16927342116832733
external_psm,feature_12,feature_12::origin=0,0,-43,2000-03-30 06:00:00,0.16629202663898468
external_psm,feature_12,feature_12::origin=0,0,-42,2000-03-30 07:00:00,0.1663195937871933
external_psm,feature_12,feature_12::origin=0,0,-41,2000-03-30 08:00:00,0.1646393984556198
external_psm,feature_12,feature_12::origin=0,0,-40,2000-03-30 09:00:00,0.16547982394695282
external_psm,feature_12,feature_12::origin=0,0,-39,2000-03-30 10:00:00,0.16636310517787933
external_psm,feature_12,feature_12::origin=0,0,-38,2000-03-30 11:00:00,0.16675105690956116
external_psm,feature_12,feature_12::origin=0,0,-37,2000-03-30 12:00:00,0.16864222288131714
external_psm,feature_12,feature_12::origin=0,0,-36,2000-03-30 13:00:00,0.17171542346477509
external_psm,feature_12,feature_12::origin=0,0,-35,2000-03-30 14:00:00,0.17103677988052368
external_psm,feature_12,feature_12::origin=0,0,-34,2000-03-30 15:00:00,0.16082365810871124
external_psm,feature_12,feature_12::origin=0,0,-33,2000-03-30 16:00:00,0.15680575370788574
external_psm,feature_12,feature_12::origin=0,0,-32,2000-03-30 17:00:00,0.15807609260082245
external_psm,feature_12,feature_12::origin=0,0,-31,2000-03-30 18:00:00,0.1536906212568283
external_psm,feature_12,feature_12::origin=0,0,-30,2000-03-30 19:00:00,0.15833598375320435
external_psm,feature_12,feature_12::origin=0,0,-29,2000-03-30 20:00:00,0.15879064798355103
external_psm,feature_12,feature_12::origin=0,0,-28,2000-03-30 21:00:00,0.1568564474582672
external_psm,feature_12,feature_12::origin=0,0,-27,2000-03-30 22:00:00,0.15852826833724976
external_psm,feature_12,feature_12::origin=0,0,-26,2000-03-30 23:00:00,0.1642090082168579
external_psm,feature_12,feature_12::origin=0,0,-25,2000-03-31 00:00:00,0.16042682528495789
external_psm,feature_12,feature_12::origin=0,0,-24,2000-03-31 01:00:00,0.16223925352096558
external_psm,feature_12,feature_12::origin=0,0,-23,2000-03-31 02:00:00,0.16079558432102203
external_psm,feature_12,feature_12::origin=0,0,-22,2000-03-31 03:00:00,0.16020461916923523
external_psm,feature_12,feature_12::origin=0,0,-21,2000-03-31 04:00:00,0.16731806099414825
external_psm,feature_12,feature_12::origin=0,0,-20,2000-03-31 05:00:00,0.1649753898382187
external_psm,feature_12,feature_12::origin=0,0,-19,2000-03-31 06:00:00,0.1693842113018036
external_psm,feature_12,feature_12::origin=0,0,-18,2000-03-31 07:00:00,0.16963379085063934
external_psm,feature_12,feature_12::origin=0,0,-17,2000-03-31 08:00:00,0.1665337234735489
external_psm,feature_12,feature_12::origin=0,0,-16,2000-03-31 09:00:00,0.16936099529266357
external_psm,feature_12,feature_12::origin=0,0,-15,2000-03-31 10:00:00,0.16947509348392487
external_psm,feature_12,feature_12::origin=0,0,-14,2000-03-31 11:00:00,0.16521598398685455
external_psm,feature_12,feature_12::origin=0,0,-13,2000-03-31 12:00:00,0.17051845788955688
external_psm,feature_12,feature_12::origin=0,0,-12,2000-03-31 13:00:00,0.17229107022285461
external_psm,feature_12,feature_12::origin=0,0,-11,2000-03-31 14:00:00,0.16951191425323486
external_psm,feature_12,feature_12::origin=0,0,-10,2000-03-31 15:00:00,0.16842006146907806
external_psm,feature_12,feature_12::origin=0,0,-9,2000-03-31 16:00:00,0.1628820151090622
external_psm,feature_12,feature_12::origin=0,0,-8,2000-03-31 17:00:00,0.1584765762090683
external_psm,feature_12,feature_12::origin=0,0,-7,2000-03-31 18:00:00,0.15903280675411224
external_psm,feature_12,feature_12::origin=0,0,-6,2000-03-31 19:00:00,0.16421787440776825
external_psm,feature_12,feature_12::origin=0,0,-5,2000-03-31 20:00:00,0.16294430196285248
external_psm,feature_12,feature_12::origin=0,0,-4,2000-03-31 21:00:00,0.16207024455070496
external_psm,feature_12,feature_12::origin=0,0,-3,2000-03-31 22:00:00,0.15961389243602753
external_psm,feature_12,feature_12::origin=0,0,-2,2000-03-31 23:00:00,0.16569460928440094
external_psm,feature_12,feature_12::origin=0,0,-1,2000-04-01 00:00:00,0.16321584582328796
chronos_m3_quarterly,378:target,378:target::origin=0,0,-24,1985-01-31 00:00:00,2606.39990234375
chronos_m3_quarterly,378:target,378:target::origin=0,0,-23,1985-04-30 00:00:00,2738.199951171875
chronos_m3_quarterly,378:target,378:target::origin=0,0,-22,1985-07-31 00:00:00,2980.0
chronos_m3_quarterly,378:target,378:target::origin=0,0,-21,1985-10-31 00:00:00,2948.60009765625
chronos_m3_quarterly,378:target,378:target::origin=0,0,-20,1986-01-31 00:00:00,2992.800048828125
chronos_m3_quarterly,378:target,378:target::origin=0,0,-19,1986-04-30 00:00:00,2919.0
chronos_m3_quarterly,378:target,378:target::origin=0,0,-18,1986-07-31 00:00:00,3076.0
chronos_m3_quarterly,378:target,378:target::origin=0,0,-17,1986-10-31 00:00:00,3251.199951171875
chronos_m3_quarterly,378:target,378:target::origin=0,0,-16,1987-01-31 00:00:00,3226.199951171875
chronos_m3_quarterly,378:target,378:target::origin=0,0,-15,1987-04-30 00:00:00,3324.199951171875
chronos_m3_quarterly,378:target,378:target::origin=0,0,-14,1987-07-31 00:00:00,3373.39990234375
chronos_m3_quarterly,378:target,378:target::origin=0,0,-13,1987-10-31 00:00:00,3558.0
chronos_m3_quarterly,378:target,378:target::origin=0,0,-12,1988-01-31 00:00:00,3676.39990234375
chronos_m3_quarterly,378:target,378:target::origin=0,0,-11,1988-04-30 00:00:00,3733.199951171875
chronos_m3_quarterly,378:target,378:target::origin=0,0,-10,1988-07-31 00:00:00,3859.199951171875
chronos_m3_quarterly,378:target,378:target::origin=0,0,-9,1988-10-31 00:00:00,4220.0
chronos_m3_quarterly,378:target,378:target::origin=0,0,-8,1989-01-31 00:00:00,4438.2001953125
chronos_m3_quarterly,378:target,378:target::origin=0,0,-7,1989-04-30 00:00:00,4562.0
chronos_m3_quarterly,378:target,378:target::origin=0,0,-6,1989-07-31 00:00:00,4634.2001953125
chronos_m3_quarterly,378:target,378:target::origin=0,0,-5,1989-10-31 00:00:00,4439.2001953125
chronos_m3_quarterly,378:target,378:target::origin=0,0,-4,1990-01-31 00:00:00,4525.2001953125
chronos_m3_quarterly,378:target,378:target::origin=0,0,-3,1990-04-30 00:00:00,4318.7998046875
chronos_m3_quarterly,378:target,378:target::origin=0,0,-2,1990-07-31 00:00:00,4272.7998046875
chronos_m3_quarterly,378:target,378:target::origin=0,0,-1,1990-10-31 00:00:00,4190.2001953125
chronos_car_parts,1411:target,1411:target::origin=0,0,-36,1998-04-01 00:00:00,1.0
chronos_car_parts,1411:target,1411:target::origin=0,0,-35,1998-05-01 00:00:00,4.0
chronos_car_parts,1411:target,1411:target::origin=0,0,-34,1998-06-01 00:00:00,1.0
chronos_car_parts,1411:target,1411:target::origin=0,0,-33,1998-07-01 00:00:00,3.0
chronos_car_parts,1411:target,1411:target::origin=0,0,-32,1998-08-01 00:00:00,0.0
chronos_car_parts,1411:target,1411:target::origin=0,0,-31,1998-09-01 00:00:00,5.0
chronos_car_parts,1411:target,1411:target::origin=0,0,-30,1998-10-01 00:00:00,0.0
chronos_car_parts,1411:target,1411:target::origin=0,0,-29,1998-11-01 00:00:00,0.0
chronos_car_parts,1411:target,1411:target::origin=0,0,-28,1998-12-01 00:00:00,1.0
chronos_car_parts,1411:target,1411:target::origin=0,0,-27,1999-01-01 00:00:00,0.0
chronos_car_parts,1411:target,1411:target::origin=0,0,-26,1999-02-01 00:00:00,0.0
chronos_car_parts,1411:target,1411:target::origin=0,0,-25,1999-03-01 00:00:00,0.0
chronos_car_parts,1411:target,1411:target::origin=0,0,-24,1999-04-01 00:00:00,0.0
chronos_car_parts,1411:target,1411:target::origin=0,0,-23,1999-05-01 00:00:00,0.0
chronos_car_parts,1411:target,1411:target::origin=0,0,-22,1999-06-01 00:00:00,0.0
chronos_car_parts,1411:target,1411:target::origin=0,0,-21,1999-07-01 00:00:00,0.0
chronos_car_parts,1411:target,1411:target::origin=0,0,-20,1999-08-01 00:00:00,0.0
chronos_car_parts,1411:target,1411:target::origin=0,0,-19,1999-09-01 00:00:00,1.0
chronos_car_parts,1411:target,1411:target::origin=0,0,-18,1999-10-01 00:00:00,0.0
chronos_car_parts,1411:target,1411:target::origin=0,0,-17,1999-11-01 00:00:00,0.0
chronos_car_parts,1411:target,1411:target::origin=0,0,-16,1999-12-01 00:00:00,0.0
chronos_car_parts,1411:target,1411:target::origin=0,0,-15,2000-01-01 00:00:00,0.0
chronos_car_parts,1411:target,1411:target::origin=0,0,-14,2000-02-01 00:00:00,0.0
chronos_car_parts,1411:target,1411:target::origin=0,0,-13,2000-03-01 00:00:00,0.0
chronos_car_parts,1411:target,1411:target::origin=0,0,-12,2000-04-01 00:00:00,1.0
chronos_car_parts,1411:target,1411:target::origin=0,0,-11,2000-05-01 00:00:00,0.0
chronos_car_parts,1411:target,1411:target::origin=0,0,-10,2000-06-01 00:00:00,0.0
chronos_car_parts,1411:target,1411:target::origin=0,0,-9,2000-07-01 00:00:00,0.0
chronos_car_parts,1411:target,1411:target::origin=0,0,-8,2000-08-01 00:00:00,0.0
chronos_car_parts,1411:target,1411:target::origin=0,0,-7,2000-09-01 00:00:00,0.0
chronos_car_parts,1411:target,1411:target::origin=0,0,-6,2000-10-01 00:00:00,0.0
chronos_car_parts,1411:target,1411:target::origin=0,0,-5,2000-11-01 00:00:00,0.0
chronos_car_parts,1411:target,1411:target::origin=0,0,-4,2000-12-01 00:00:00,0.0
chronos_car_parts,1411:target,1411:target::origin=0,0,-3,2001-01-01 00:00:00,0.0
chronos_car_parts,1411:target,1411:target::origin=0,0,-2,2001-02-01 00:00:00,0.0
chronos_car_parts,1411:target,1411:target::origin=0,0,-1,2001-03-01 00:00:00,0.0
chronos_nn5_weekly,55:target,55:target::origin=0,0,-104,1996-03-31 00:00:00,82.1278305053711
chronos_nn5_weekly,55:target,55:target::origin=0,0,-103,1996-04-07 00:00:00,73.60599517822266
chronos_nn5_weekly,55:target,55:target::origin=0,0,-102,1996-04-14 00:00:00,69.35823059082031
chronos_nn5_weekly,55:target,55:target::origin=0,0,-101,1996-04-21 00:00:00,75.85015869140625
chronos_nn5_weekly,55:target,55:target::origin=0,0,-100,1996-04-28 00:00:00,76.94139099121094
chronos_nn5_weekly,55:target,55:target::origin=0,0,-99,1996-05-05 00:00:00,95.12322235107422
chronos_nn5_weekly,55:target,55:target::origin=0,0,-98,1996-05-12 00:00:00,78.93214416503906
chronos_nn5_weekly,55:target,55:target::origin=0,0,-97,1996-05-19 00:00:00,69.67609405517578
chronos_nn5_weekly,55:target,55:target::origin=0,0,-96,1996-05-26 00:00:00,94.21580505371094
chronos_nn5_weekly,55:target,55:target::origin=0,0,-95,1996-06-02 00:00:00,92.45133972167969
chronos_nn5_weekly,55:target,55:target::origin=0,0,-94,1996-06-09 00:00:00,85.9153060913086
chronos_nn5_weekly,55:target,55:target::origin=0,0,-93,1996-06-16 00:00:00,79.99736785888672
chronos_nn5_weekly,55:target,55:target::origin=0,0,-92,1996-06-23 00:00:00,84.02156829833984
chronos_nn5_weekly,55:target,55:target::origin=0,0,-91,1996-06-30 00:00:00,88.0983657836914
chronos_nn5_weekly,55:target,55:target::origin=0,0,-90,1996-07-07 00:00:00,84.91583251953125
chronos_nn5_weekly,55:target,55:target::origin=0,0,-89,1996-07-14 00:00:00,94.18727111816406
chronos_nn5_weekly,55:target,55:target::origin=0,0,-88,1996-07-21 00:00:00,91.62283325195312
chronos_nn5_weekly,55:target,55:target::origin=0,0,-87,1996-07-28 00:00:00,78.445556640625
chronos_nn5_weekly,55:target,55:target::origin=0,0,-86,1996-08-04 00:00:00,86.87532806396484
chronos_nn5_weekly,55:target,55:target::origin=0,0,-85,1996-08-11 00:00:00,79.44503021240234
chronos_nn5_weekly,55:target,55:target::origin=0,0,-84,1996-08-18 00:00:00,87.88795471191406
chronos_nn5_weekly,55:target,55:target::origin=0,0,-83,1996-08-25 00:00:00,80.44450378417969
chronos_nn5_weekly,55:target,55:target::origin=0,0,-82,1996-09-01 00:00:00,91.66228485107422
chronos_nn5_weekly,55:target,55:target::origin=0,0,-81,1996-09-08 00:00:00,82.49605560302734
chronos_nn5_weekly,55:target,55:target::origin=0,0,-80,1996-09-15 00:00:00,88.99263763427734
chronos_nn5_weekly,55:target,55:target::origin=0,0,-79,1996-09-22 00:00:00,73.1194076538086
chronos_nn5_weekly,55:target,55:target::origin=0,0,-78,1996-09-29 00:00:00,102.3540267944336
chronos_nn5_weekly,55:target,55:target::origin=0,0,-77,1996-10-06 00:00:00,92.34613037109375
chronos_nn5_weekly,55:target,55:target::origin=0,0,-76,1996-10-13 00:00:00,77.1173095703125
chronos_nn5_weekly,55:target,55:target::origin=0,0,-75,1996-10-20 00:00:00,85.09994506835938
chronos_nn5_weekly,55:target,55:target::origin=0,0,-74,1996-10-27 00:00:00,77.03375244140625
chronos_nn5_weekly,55:target,55:target::origin=0,0,-73,1996-11-03 00:00:00,82.37769317626953
chronos_nn5_weekly,55:target,55:target::origin=0,0,-72,1996-11-10 00:00:00,80.43135070800781
chronos_nn5_weekly,55:target,55:target::origin=0,0,-71,1996-11-17 00:00:00,86.08627319335938
chronos_nn5_weekly,55:target,55:target::origin=0,0,-70,1996-11-24 00:00:00,101.78853607177734
chronos_nn5_weekly,55:target,55:target::origin=0,0,-69,1996-12-01 00:00:00,150.67294311523438
chronos_nn5_weekly,55:target,55:target::origin=0,0,-68,1996-12-08 00:00:00,124.94739532470703
chronos_nn5_weekly,55:target,55:target::origin=0,0,-67,1996-12-15 00:00:00,116.9779052734375
chronos_nn5_weekly,55:target,55:target::origin=0,0,-66,1996-12-22 00:00:00,181.58863830566406
chronos_nn5_weekly,55:target,55:target::origin=0,0,-65,1996-12-29 00:00:00,80.65491485595703
chronos_nn5_weekly,55:target,55:target::origin=0,0,-64,1997-01-05 00:00:00,76.68556213378906
chronos_nn5_weekly,55:target,55:target::origin=0,0,-63,1997-01-12 00:00:00,79.66859436035156
chronos_nn5_weekly,55:target,55:target::origin=0,0,-62,1997-01-19 00:00:00,99.63177490234375
chronos_nn5_weekly,55:target,55:target::origin=0,0,-61,1997-01-26 00:00:00,84.91583251953125
chronos_nn5_weekly,55:target,55:target::origin=0,0,-60,1997-02-02 00:00:00,80.76012420654297
chronos_nn5_weekly,55:target,55:target::origin=0,0,-59,1997-02-09 00:00:00,75.71015167236328
chronos_nn5_weekly,55:target,55:target::origin=0,0,-58,1997-02-16 00:00:00,76.45975494384766
chronos_nn5_weekly,55:target,55:target::origin=0,0,-57,1997-02-23 00:00:00,80.11573028564453
chronos_nn5_weekly,55:target,55:target::origin=0,0,-56,1997-03-02 00:00:00,87.1646499633789
chronos_nn5_weekly,55:target,55:target::origin=0,0,-55,1997-03-09 00:00:00,80.12887573242188
chronos_nn5_weekly,55:target,55:target::origin=0,0,-54,1997-03-16 00:00:00,78.49816131591797
chronos_nn5_weekly,55:target,55:target::origin=0,0,-53,1997-03-23 00:00:00,78.31404876708984
chronos_nn5_weekly,55:target,55:target::origin=0,0,-52,1997-03-30 00:00:00,113.0326156616211
chronos_nn5_weekly,55:target,55:target::origin=0,0,-51,1997-04-06 00:00:00,91.01788330078125
chronos_nn5_weekly,55:target,55:target::origin=0,0,-50,1997-04-13 00:00:00,75.3550796508789
chronos_nn5_weekly,55:target,55:target::origin=0,0,-49,1997-04-20 00:00:00,79.99736785888672
chronos_nn5_weekly,55:target,55:target::origin=0,0,-48,1997-04-27 00:00:00,79.74749755859375
chronos_nn5_weekly,55:target,55:target::origin=0,0,-47,1997-05-04 00:00:00,93.31930541992188
chronos_nn5_weekly,55:target,55:target::origin=0,0,-46,1997-05-11 00:00:00,82.35139465332031
chronos_nn5_weekly,55:target,55:target::origin=0,0,-45,1997-05-18 00:00:00,78.7480239868164
chronos_nn5_weekly,55:target,55:target::origin=0,0,-44,1997-05-25 00:00:00,79.05049896240234
chronos_nn5_weekly,55:target,55:target::origin=0,0,-43,1997-06-01 00:00:00,99.7632827758789
chronos_nn5_weekly,55:target,55:target::origin=0,0,-42,1997-06-08 00:00:00,83.08784484863281
chronos_nn5_weekly,55:target,55:target::origin=0,0,-41,1997-06-15 00:00:00,92.20996856689453
chronos_nn5_weekly,55:target,55:target::origin=0,0,-40,1997-06-22 00:00:00,72.77972412109375
chronos_nn5_weekly,55:target,55:target::origin=0,0,-39,1997-06-29 00:00:00,95.08153533935547
chronos_nn5_weekly,55:target,55:target::origin=0,0,-38,1997-07-06 00:00:00,87.57232666015625
chronos_nn5_weekly,55:target,55:target::origin=0,0,-37,1997-07-13 00:00:00,90.43923950195312
chronos_nn5_weekly,55:target,55:target::origin=0,0,-36,1997-07-20 00:00:00,86.52025604248047
chronos_nn5_weekly,55:target,55:target::origin=0,0,-35,1997-07-27 00:00:00,81.15465545654297
chronos_nn5_weekly,55:target,55:target::origin=0,0,-34,1997-08-03 00:00:00,89.38716125488281
chronos_nn5_weekly,55:target,55:target::origin=0,0,-33,1997-08-10 00:00:00,68.42451477050781
chronos_nn5_weekly,55:target,55:target::origin=0,0,-32,1997-08-17 00:00:00,80.41819763183594
chronos_nn5_weekly,55:target,55:target::origin=0,0,-31,1997-08-24 00:00:00,71.58074951171875
chronos_nn5_weekly,55:target,55:target::origin=0,0,-30,1997-08-31 00:00:00,93.47711944580078
chronos_nn5_weekly,55:target,55:target::origin=0,0,-29,1997-09-07 00:00:00,83.16675567626953
chronos_nn5_weekly,55:target,55:target::origin=0,0,-28,1997-09-14 00:00:00,79.69490051269531
chronos_nn5_weekly,55:target,55:target::origin=0,0,-27,1997-09-21 00:00:00,77.76170349121094
chronos_nn5_weekly,55:target,55:target::origin=0,0,-26,1997-09-28 00:00:00,84.82377624511719
chronos_nn5_weekly,55:target,55:target::origin=0,0,-25,1997-10-05 00:00:00,76.5255126953125
chronos_nn5_weekly,55:target,55:target::origin=0,0,-24,1997-10-12 00:00:00,82.8248291015625
chronos_nn5_weekly,55:target,55:target::origin=0,0,-23,1997-10-19 00:00:00,72.00157928466797
chronos_nn5_weekly,55:target,55:target::origin=0,0,-22,1997-10-26 00:00:00,59.194766998291016
chronos_nn5_weekly,55:target,55:target::origin=0,0,-21,1997-11-02 00:00:00,94.87112426757812
chronos_nn5_weekly,55:target,55:target::origin=0,0,-20,1997-11-09 00:00:00,89.92635345458984
chronos_nn5_weekly,55:target,55:target::origin=0,0,-19,1997-11-16 00:00:00,83.33082580566406
chronos_nn5_weekly,55:target,55:target::origin=0,0,-18,1997-11-23 00:00:00,85.19200134277344
chronos_nn5_weekly,55:target,55:target::origin=0,0,-17,1997-11-30 00:00:00,70.12098693847656
chronos_nn5_weekly,55:target,55:target::origin=0,0,-16,1997-12-07 00:00:00,80.57601165771484
chronos_nn5_weekly,55:target,55:target::origin=0,0,-15,1997-12-14 00:00:00,102.16991424560547
chronos_nn5_weekly,55:target,55:target::origin=0,0,-14,1997-12-21 00:00:00,139.33456420898438
chronos_nn5_weekly,55:target,55:target::origin=0,0,-13,1997-12-28 00:00:00,85.00788879394531
chronos_nn5_weekly,55:target,55:target::origin=0,0,-12,1998-01-04 00:00:00,66.45186614990234
chronos_nn5_weekly,55:target,55:target::origin=0,0,-11,1998-01-11 00:00:00,61.57285690307617
chronos_nn5_weekly,55:target,55:target::origin=0,0,-10,1998-01-18 00:00:00,67.54339599609375
chronos_nn5_weekly,55:target,55:target::origin=0,0,-9,1998-01-25 00:00:00,66.25460052490234
chronos_nn5_weekly,55:target,55:target::origin=0,0,-8,1998-02-01 00:00:00,71.81746673583984
chronos_nn5_weekly,55:target,55:target::origin=0,0,-7,1998-02-08 00:00:00,43.04313659667969
chronos_nn5_weekly,55:target,55:target::origin=0,0,-6,1998-02-15 00:00:00,71.2519760131836
chronos_nn5_weekly,55:target,55:target::origin=0,0,-5,1998-02-22 00:00:00,74.1057357788086
chronos_nn5_weekly,55:target,55:target::origin=0,0,-4,1998-03-01 00:00:00,79.1425552368164
chronos_nn5_weekly,55:target,55:target::origin=0,0,-3,1998-03-08 00:00:00,70.44976043701172
chronos_nn5_weekly,55:target,55:target::origin=0,0,-2,1998-03-15 00:00:00,76.59127044677734
chronos_nn5_weekly,55:target,55:target::origin=0,0,-1,1998-03-22 00:00:00,63.42714309692383
official_usgs_streamflow,08158000,08158000::origin=0,0,-512,2025-02-05 00:00:00,147.0
official_usgs_streamflow,08158000,08158000::origin=0,0,-511,2025-02-06 00:00:00,128.0
official_usgs_streamflow,08158000,08158000::origin=0,0,-510,2025-02-07 00:00:00,131.0
official_usgs_streamflow,08158000,08158000::origin=0,0,-509,2025-02-08 00:00:00,108.0
official_usgs_streamflow,08158000,08158000::origin=0,0,-508,2025-02-09 00:00:00,120.0
official_usgs_streamflow,08158000,08158000::origin=0,0,-507,2025-02-10 00:00:00,118.0
official_usgs_streamflow,08158000,08158000::origin=0,0,-506,2025-02-11 00:00:00,411.0
official_usgs_streamflow,08158000,08158000::origin=0,0,-505,2025-02-12 00:00:00,180.0
official_usgs_streamflow,08158000,08158000::origin=0,0,-504,2025-02-13 00:00:00,139.0
official_usgs_streamflow,08158000,08158000::origin=0,0,-503,2025-02-14 00:00:00,120.0
official_usgs_streamflow,08158000,08158000::origin=0,0,-502,2025-02-15 00:00:00,113.0
official_usgs_streamflow,08158000,08158000::origin=0,0,-501,2025-02-16 00:00:00,108.0
official_usgs_streamflow,08158000,08158000::origin=0,0,-500,2025-02-17 00:00:00,98.30000305175781
official_usgs_streamflow,08158000,08158000::origin=0,0,-499,2025-02-18 00:00:00,87.5
official_usgs_streamflow,08158000,08158000::origin=0,0,-498,2025-02-19 00:00:00,86.5
official_usgs_streamflow,08158000,08158000::origin=0,0,-497,2025-02-20 00:00:00,92.30000305175781
official_usgs_streamflow,08158000,08158000::origin=0,0,-496,2025-02-21 00:00:00,79.5
official_usgs_streamflow,08158000,08158000::origin=0,0,-495,2025-02-22 00:00:00,75.69999694824219
official_usgs_streamflow,08158000,08158000::origin=0,0,-494,2025-02-23 00:00:00,95.0
official_usgs_streamflow,08158000,08158000::origin=0,0,-493,2025-02-24 00:00:00,112.0
official_usgs_streamflow,08158000,08158000::origin=0,0,-492,2025-02-25 00:00:00,98.9000015258789
official_usgs_streamflow,08158000,08158000::origin=0,0,-491,2025-02-26 00:00:00,123.0
official_usgs_streamflow,08158000,08158000::origin=0,0,-490,2025-02-27 00:00:00,130.0
official_usgs_streamflow,08158000,08158000::origin=0,0,-489,2025-02-28 00:00:00,127.0
official_usgs_streamflow,08158000,08158000::origin=0,0,-488,2025-03-01 00:00:00,132.0
official_usgs_streamflow,08158000,08158000::origin=0,0,-487,2025-03-02 00:00:00,126.0
official_usgs_streamflow,08158000,08158000::origin=0,0,-486,2025-03-03 00:00:00,122.0
official_usgs_streamflow,08158000,08158000::origin=0,0,-485,2025-03-04 00:00:00,120.0
official_usgs_streamflow,08158000,08158000::origin=0,0,-484,2025-03-05 00:00:00,94.30000305175781
official_usgs_streamflow,08158000,08158000::origin=0,0,-483,2025-03-06 00:00:00,104.0
official_usgs_streamflow,08158000,08158000::origin=0,0,-482,2025-03-07 00:00:00,100.0
official_usgs_streamflow,08158000,08158000::origin=0,0,-481,2025-03-08 00:00:00,101.0
official_usgs_streamflow,08158000,08158000::origin=0,0,-480,2025-03-09 00:00:00,106.0
official_usgs_streamflow,08158000,08158000::origin=0,0,-479,2025-03-10 00:00:00,135.0
official_usgs_streamflow,08158000,08158000::origin=0,0,-478,2025-03-11 00:00:00,73.9000015258789
official_usgs_streamflow,08158000,08158000::origin=0,0,-477,2025-03-12 00:00:00,104.0
official_usgs_streamflow,08158000,08158000::origin=0,0,-476,2025-03-13 00:00:00,111.0
official_usgs_streamflow,08158000,08158000::origin=0,0,-475,2025-03-14 00:00:00,123.0
official_usgs_streamflow,08158000,08158000::origin=0,0,-474,2025-03-15 00:00:00,115.0
official_usgs_streamflow,08158000,08158000::origin=0,0,-473,2025-03-16 00:00:00,110.0
official_usgs_streamflow,08158000,08158000::origin=0,0,-472,2025-03-17 00:00:00,110.0
official_usgs_streamflow,08158000,08158000::origin=0,0,-471,2025-03-18 00:00:00,117.0
official_usgs_streamflow,08158000,08158000::origin=0,0,-470,2025-03-19 00:00:00,140.0
official_usgs_streamflow,08158000,08158000::origin=0,0,-469,2025-03-20 00:00:00,145.0
official_usgs_streamflow,08158000,08158000::origin=0,0,-468,2025-03-21 00:00:00,152.0
official_usgs_streamflow,08158000,08158000::origin=0,0,-467,2025-03-22 00:00:00,156.0
official_usgs_streamflow,08158000,08158000::origin=0,0,-466,2025-03-23 00:00:00,229.0
official_usgs_streamflow,08158000,08158000::origin=0,0,-465,2025-03-24 00:00:00,284.0
official_usgs_streamflow,08158000,08158000::origin=0,0,-464,2025-03-25 00:00:00,200.0
official_usgs_streamflow,08158000,08158000::origin=0,0,-463,2025-03-26 00:00:00,214.0
official_usgs_streamflow,08158000,08158000::origin=0,0,-462,2025-03-27 00:00:00,238.0
official_usgs_streamflow,08158000,08158000::origin=0,0,-461,2025-03-28 00:00:00,173.0
official_usgs_streamflow,08158000,08158000::origin=0,0,-460,2025-03-29 00:00:00,156.0
official_usgs_streamflow,08158000,08158000::origin=0,0,-459,2025-03-30 00:00:00,117.0
official_usgs_streamflow,08158000,08158000::origin=0,0,-458,2025-03-31 00:00:00,133.0
official_usgs_streamflow,08158000,08158000::origin=0,0,-457,2025-04-01 00:00:00,136.0
official_usgs_streamflow,08158000,08158000::origin=0,0,-456,2025-04-02 00:00:00,171.0
official_usgs_streamflow,08158000,08158000::origin=0,0,-455,2025-04-03 00:00:00,120.0
official_usgs_streamflow,08158000,08158000::origin=0,0,-454,2025-04-04 00:00:00,249.0
official_usgs_streamflow,08158000,08158000::origin=0,0,-453,2025-04-05 00:00:00,182.0
official_usgs_streamflow,08158000,08158000::origin=0,0,-452,2025-04-06 00:00:00,179.0
official_usgs_streamflow,08158000,08158000::origin=0,0,-451,2025-04-07 00:00:00,198.0
official_usgs_streamflow,08158000,08158000::origin=0,0,-450,2025-04-08 00:00:00,148.0
official_usgs_streamflow,08158000,08158000::origin=0,0,-449,2025-04-09 00:00:00,164.0
official_usgs_streamflow,08158000,08158000::origin=0,0,-448,2025-04-10 00:00:00,169.0
official_usgs_streamflow,08158000,08158000::origin=0,0,-447,2025-04-11 00:00:00,166.0
official_usgs_streamflow,08158000,08158000::origin=0,0,-446,2025-04-12 00:00:00,163.0
official_usgs_streamflow,08158000,08158000::origin=0,0,-445,2025-04-13 00:00:00,197.0
official_usgs_streamflow,08158000,08158000::origin=0,0,-444,2025-04-14 00:00:00,207.0
official_usgs_streamflow,08158000,08158000::origin=0,0,-443,2025-04-15 00:00:00,200.0
official_usgs_streamflow,08158000,08158000::origin=0,0,-442,2025-04-16 00:00:00,198.0
official_usgs_streamflow,08158000,08158000::origin=0,0,-441,2025-04-17 00:00:00,208.0
official_usgs_streamflow,08158000,08158000::origin=0,0,-440,2025-04-18 00:00:00,224.0
official_usgs_streamflow,08158000,08158000::origin=0,0,-439,2025-04-19 00:00:00,234.0
official_usgs_streamflow,08158000,08158000::origin=0,0,-438,2025-04-20 00:00:00,235.0
official_usgs_streamflow,08158000,08158000::origin=0,0,-437,2025-04-21 00:00:00,297.0
official_usgs_streamflow,08158000,08158000::origin=0,0,-436,2025-04-22 00:00:00,260.0
official_usgs_streamflow,08158000,08158000::origin=0,0,-435,2025-04-23 00:00:00,450.0
official_usgs_streamflow,08158000,08158000::origin=0,0,-434,2025-04-24 00:00:00,228.0
official_usgs_streamflow,08158000,08158000::origin=0,0,-433,2025-04-25 00:00:00,236.0
official_usgs_streamflow,08158000,08158000::origin=0,0,-432,2025-04-26 00:00:00,292.0
official_usgs_streamflow,08158000,08158000::origin=0,0,-431,2025-04-27 00:00:00,317.0
official_usgs_streamflow,08158000,08158000::origin=0,0,-430,2025-04-28 00:00:00,309.0
official_usgs_streamflow,08158000,08158000::origin=0,0,-429,2025-04-29 00:00:00,319.0
official_usgs_streamflow,08158000,08158000::origin=0,0,-428,2025-04-30 00:00:00,282.0
official_usgs_streamflow,08158000,08158000::origin=0,0,-427,2025-05-01 00:00:00,269.0
official_usgs_streamflow,08158000,08158000::origin=0,0,-426,2025-05-02 00:00:00,283.0
official_usgs_streamflow,08158000,08158000::origin=0,0,-425,2025-05-03 00:00:00,301.0
official_usgs_streamflow,08158000,08158000::origin=0,0,-424,2025-05-04 00:00:00,313.0
official_usgs_streamflow,08158000,08158000::origin=0,0,-423,2025-05-05 00:00:00,490.0
official_usgs_streamflow,08158000,08158000::origin=0,0,-422,2025-05-06 00:00:00,303.0
official_usgs_streamflow,08158000,08158000::origin=0,0,-421,2025-05-07 00:00:00,164.0
official_usgs_streamflow,08158000,08158000::origin=0,0,-420,2025-05-08 00:00:00,205.0
official_usgs_streamflow,08158000,08158000::origin=0,0,-419,2025-05-09 00:00:00,206.0
official_usgs_streamflow,08158000,08158000::origin=0,0,-418,2025-05-10 00:00:00,253.0
official_usgs_streamflow,08158000,08158000::origin=0,0,-417,2025-05-11 00:00:00,257.0
official_usgs_streamflow,08158000,08158000::origin=0,0,-416,2025-05-12 00:00:00,255.0
official_usgs_streamflow,08158000,08158000::origin=0,0,-415,2025-05-13 00:00:00,253.0
official_usgs_streamflow,08158000,08158000::origin=0,0,-414,2025-05-14 00:00:00,328.0
official_usgs_streamflow,08158000,08158000::origin=0,0,-413,2025-05-15 00:00:00,337.0
official_usgs_streamflow,08158000,08158000::origin=0,0,-412,2025-05-16 00:00:00,408.0
official_usgs_streamflow,08158000,08158000::origin=0,0,-411,2025-05-17 00:00:00,407.0
official_usgs_streamflow,08158000,08158000::origin=0,0,-410,2025-05-18 00:00:00,493.0
official_usgs_streamflow,08158000,08158000::origin=0,0,-409,2025-05-19 00:00:00,508.0
official_usgs_streamflow,08158000,08158000::origin=0,0,-408,2025-05-20 00:00:00,493.0
official_usgs_streamflow,08158000,08158000::origin=0,0,-407,2025-05-21 00:00:00,468.0
official_usgs_streamflow,08158000,08158000::origin=0,0,-406,2025-05-22 00:00:00,473.0
official_usgs_streamflow,08158000,08158000::origin=0,0,-405,2025-05-23 00:00:00,529.0
official_usgs_streamflow,08158000,08158000::origin=0,0,-404,2025-05-24 00:00:00,462.0
official_usgs_streamflow,08158000,08158000::origin=0,0,-403,2025-05-25 00:00:00,437.0
official_usgs_streamflow,08158000,08158000::origin=0,0,-402,2025-05-26 00:00:00,902.0
official_usgs_streamflow,08158000,08158000::origin=0,0,-401,2025-05-27 00:00:00,871.0
official_usgs_streamflow,08158000,08158000::origin=0,0,-400,2025-05-28 00:00:00,1260.0
official_usgs_streamflow,08158000,08158000::origin=0,0,-399,2025-05-29 00:00:00,501.0
official_usgs_streamflow,08158000,08158000::origin=0,0,-398,2025-05-30 00:00:00,499.0
official_usgs_streamflow,08158000,08158000::origin=0,0,-397,2025-05-31 00:00:00,383.0
official_usgs_streamflow,08158000,08158000::origin=0,0,-396,2025-06-01 00:00:00,448.0
official_usgs_streamflow,08158000,08158000::origin=0,0,-395,2025-06-02 00:00:00,518.0
official_usgs_streamflow,08158000,08158000::origin=0,0,-394,2025-06-03 00:00:00,477.0
official_usgs_streamflow,08158000,08158000::origin=0,0,-393,2025-06-04 00:00:00,386.0
official_usgs_streamflow,08158000,08158000::origin=0,0,-392,2025-06-05 00:00:00,295.0
official_usgs_streamflow,08158000,08158000::origin=0,0,-391,2025-06-06 00:00:00,417.0
official_usgs_streamflow,08158000,08158000::origin=0,0,-390,2025-06-07 00:00:00,480.0
official_usgs_streamflow,08158000,08158000::origin=0,0,-389,2025-06-08 00:00:00,499.0
official_usgs_streamflow,08158000,08158000::origin=0,0,-388,2025-06-09 00:00:00,520.0
official_usgs_streamflow,08158000,08158000::origin=0,0,-387,2025-06-10 00:00:00,545.0
official_usgs_streamflow,08158000,08158000::origin=0,0,-386,2025-06-11 00:00:00,657.0
official_usgs_streamflow,08158000,08158000::origin=0,0,-385,2025-06-12 00:00:00,333.0
official_usgs_streamflow,08158000,08158000::origin=0,0,-384,2025-06-13 00:00:00,346.0
official_usgs_streamflow,08158000,08158000::origin=0,0,-383,2025-06-14 00:00:00,517.0
official_usgs_streamflow,08158000,08158000::origin=0,0,-382,2025-06-15 00:00:00,628.0
official_usgs_streamflow,08158000,08158000::origin=0,0,-381,2025-06-16 00:00:00,677.0
official_usgs_streamflow,08158000,08158000::origin=0,0,-380,2025-06-17 00:00:00,610.0
official_usgs_streamflow,08158000,08158000::origin=0,0,-379,2025-06-18 00:00:00,507.0
official_usgs_streamflow,08158000,08158000::origin=0,0,-378,2025-06-19 00:00:00,467.0
official_usgs_streamflow,08158000,08158000::origin=0,0,-377,2025-06-20 00:00:00,512.0
official_usgs_streamflow,08158000,08158000::origin=0,0,-376,2025-06-21 00:00:00,675.0
official_usgs_streamflow,08158000,08158000::origin=0,0,-375,2025-06-22 00:00:00,655.0
official_usgs_streamflow,08158000,08158000::origin=0,0,-374,2025-06-23 00:00:00,629.0
official_usgs_streamflow,08158000,08158000::origin=0,0,-373,2025-06-24 00:00:00,818.0
official_usgs_streamflow,08158000,08158000::origin=0,0,-372,2025-06-25 00:00:00,718.0
official_usgs_streamflow,08158000,08158000::origin=0,0,-371,2025-06-26 00:00:00,529.0
official_usgs_streamflow,08158000,08158000::origin=0,0,-370,2025-06-27 00:00:00,529.0
official_usgs_streamflow,08158000,08158000::origin=0,0,-369,2025-06-28 00:00:00,542.0
official_usgs_streamflow,08158000,08158000::origin=0,0,-368,2025-06-29 00:00:00,537.0
official_usgs_streamflow,08158000,08158000::origin=0,0,-367,2025-06-30 00:00:00,536.0
official_usgs_streamflow,08158000,08158000::origin=0,0,-366,2025-07-01 00:00:00,525.0
official_usgs_streamflow,08158000,08158000::origin=0,0,-365,2025-07-02 00:00:00,560.0
official_usgs_streamflow,08158000,08158000::origin=0,0,-364,2025-07-03 00:00:00,971.0
official_usgs_streamflow,08158000,08158000::origin=0,0,-363,2025-07-04 00:00:00,376.0
official_usgs_streamflow,08158000,08158000::origin=0,0,-362,2025-07-05 00:00:00,6010.0
official_usgs_streamflow,08158000,08158000::origin=0,0,-361,2025-07-06 00:00:00,1130.0
official_usgs_streamflow,08158000,08158000::origin=0,0,-360,2025-07-07 00:00:00,239.0
official_usgs_streamflow,08158000,08158000::origin=0,0,-359,2025-07-08 00:00:00,171.0
official_usgs_streamflow,08158000,08158000::origin=0,0,-358,2025-07-09 00:00:00,334.0
official_usgs_streamflow,08158000,08158000::origin=0,0,-357,2025-07-10 00:00:00,237.0
official_usgs_streamflow,08158000,08158000::origin=0,0,-356,2025-07-11 00:00:00,163.0
official_usgs_streamflow,08158000,08158000::origin=0,0,-355,2025-07-12 00:00:00,153.0
official_usgs_streamflow,08158000,08158000::origin=0,0,-354,2025-07-13 00:00:00,219.0
official_usgs_streamflow,08158000,08158000::origin=0,0,-353,2025-07-14 00:00:00,222.0
official_usgs_streamflow,08158000,08158000::origin=0,0,-352,2025-07-15 00:00:00,177.0
official_usgs_streamflow,08158000,08158000::origin=0,0,-351,2025-07-16 00:00:00,161.0
official_usgs_streamflow,08158000,08158000::origin=0,0,-350,2025-07-17 00:00:00,140.0
official_usgs_streamflow,08158000,08158000::origin=0,0,-349,2025-07-18 00:00:00,175.0
official_usgs_streamflow,08158000,08158000::origin=0,0,-348,2025-07-19 00:00:00,320.0
official_usgs_streamflow,08158000,08158000::origin=0,0,-347,2025-07-20 00:00:00,375.0
official_usgs_streamflow,08158000,08158000::origin=0,0,-346,2025-07-21 00:00:00,410.0
official_usgs_streamflow,08158000,08158000::origin=0,0,-345,2025-07-22 00:00:00,439.0
official_usgs_streamflow,08158000,08158000::origin=0,0,-344,2025-07-23 00:00:00,502.0
official_usgs_streamflow,08158000,08158000::origin=0,0,-343,2025-07-24 00:00:00,597.0
official_usgs_streamflow,08158000,08158000::origin=0,0,-342,2025-07-25 00:00:00,699.0
official_usgs_streamflow,08158000,08158000::origin=0,0,-341,2025-07-26 00:00:00,708.0
official_usgs_streamflow,08158000,08158000::origin=0,0,-340,2025-07-27 00:00:00,714.0
official_usgs_streamflow,08158000,08158000::origin=0,0,-339,2025-07-28 00:00:00,607.0
official_usgs_streamflow,08158000,08158000::origin=0,0,-338,2025-07-29 00:00:00,424.0
official_usgs_streamflow,08158000,08158000::origin=0,0,-337,2025-07-30 00:00:00,455.0
official_usgs_streamflow,08158000,08158000::origin=0,0,-336,2025-07-31 00:00:00,409.0
official_usgs_streamflow,08158000,08158000::origin=0,0,-335,2025-08-01 00:00:00,382.0
official_usgs_streamflow,08158000,08158000::origin=0,0,-334,2025-08-02 00:00:00,460.0
official_usgs_streamflow,08158000,08158000::origin=0,0,-333,2025-08-03 00:00:00,503.0
official_usgs_streamflow,08158000,08158000::origin=0,0,-332,2025-08-04 00:00:00,266.0
official_usgs_streamflow,08158000,08158000::origin=0,0,-331,2025-08-05 00:00:00,745.0
official_usgs_streamflow,08158000,08158000::origin=0,0,-330,2025-08-06 00:00:00,766.0
official_usgs_streamflow,08158000,08158000::origin=0,0,-329,2025-08-07 00:00:00,711.0
official_usgs_streamflow,08158000,08158000::origin=0,0,-328,2025-08-08 00:00:00,666.0
official_usgs_streamflow,08158000,08158000::origin=0,0,-327,2025-08-09 00:00:00,789.0
official_usgs_streamflow,08158000,08158000::origin=0,0,-326,2025-08-10 00:00:00,764.0
official_usgs_streamflow,08158000,08158000::origin=0,0,-325,2025-08-11 00:00:00,755.0
official_usgs_streamflow,08158000,08158000::origin=0,0,-324,2025-08-12 00:00:00,706.0
official_usgs_streamflow,08158000,08158000::origin=0,0,-323,2025-08-13 00:00:00,690.0
official_usgs_streamflow,08158000,08158000::origin=0,0,-322,2025-08-14 00:00:00,696.0
official_usgs_streamflow,08158000,08158000::origin=0,0,-321,2025-08-15 00:00:00,777.0
official_usgs_streamflow,08158000,08158000::origin=0,0,-320,2025-08-16 00:00:00,722.0
official_usgs_streamflow,08158000,08158000::origin=0,0,-319,2025-08-17 00:00:00,749.0
official_usgs_streamflow,08158000,08158000::origin=0,0,-318,2025-08-18 00:00:00,732.0
official_usgs_streamflow,08158000,08158000::origin=0,0,-317,2025-08-19 00:00:00,815.0
official_usgs_streamflow,08158000,08158000::origin=0,0,-316,2025-08-20 00:00:00,841.0
official_usgs_streamflow,08158000,08158000::origin=0,0,-315,2025-08-21 00:00:00,1150.0
official_usgs_streamflow,08158000,08158000::origin=0,0,-314,2025-08-22 00:00:00,951.0
official_usgs_streamflow,08158000,08158000::origin=0,0,-313,2025-08-23 00:00:00,893.0
official_usgs_streamflow,08158000,08158000::origin=0,0,-312,2025-08-24 00:00:00,1000.0
official_usgs_streamflow,08158000,08158000::origin=0,0,-311,2025-08-25 00:00:00,1020.0
official_usgs_streamflow,08158000,08158000::origin=0,0,-310,2025-08-26 00:00:00,978.0
official_usgs_streamflow,08158000,08158000::origin=0,0,-309,2025-08-27 00:00:00,1170.0
official_usgs_streamflow,08158000,08158000::origin=0,0,-308,2025-08-28 00:00:00,857.0
official_usgs_streamflow,08158000,08158000::origin=0,0,-307,2025-08-29 00:00:00,1020.0
official_usgs_streamflow,08158000,08158000::origin=0,0,-306,2025-08-30 00:00:00,902.0
official_usgs_streamflow,08158000,08158000::origin=0,0,-305,2025-08-31 00:00:00,872.0
official_usgs_streamflow,08158000,08158000::origin=0,0,-304,2025-09-01 00:00:00,1110.0
official_usgs_streamflow,08158000,08158000::origin=0,0,-303,2025-09-02 00:00:00,1080.0
official_usgs_streamflow,08158000,08158000::origin=0,0,-302,2025-09-03 00:00:00,998.0
official_usgs_streamflow,08158000,08158000::origin=0,0,-301,2025-09-04 00:00:00,911.0
official_usgs_streamflow,08158000,08158000::origin=0,0,-300,2025-09-05 00:00:00,894.0
official_usgs_streamflow,08158000,08158000::origin=0,0,-299,2025-09-06 00:00:00,849.0
official_usgs_streamflow,08158000,08158000::origin=0,0,-298,2025-09-07 00:00:00,991.0
official_usgs_streamflow,08158000,08158000::origin=0,0,-297,2025-09-08 00:00:00,880.0
official_usgs_streamflow,08158000,08158000::origin=0,0,-296,2025-09-09 00:00:00,793.0
official_usgs_streamflow,08158000,08158000::origin=0,0,-295,2025-09-10 00:00:00,758.0
official_usgs_streamflow,08158000,08158000::origin=0,0,-294,2025-09-11 00:00:00,665.0
official_usgs_streamflow,08158000,08158000::origin=0,0,-293,2025-09-12 00:00:00,684.0
official_usgs_streamflow,08158000,08158000::origin=0,0,-292,2025-09-13 00:00:00,749.0
official_usgs_streamflow,08158000,08158000::origin=0,0,-291,2025-09-14 00:00:00,812.0
official_usgs_streamflow,08158000,08158000::origin=0,0,-290,2025-09-15 00:00:00,862.0
official_usgs_streamflow,08158000,08158000::origin=0,0,-289,2025-09-16 00:00:00,971.0
official_usgs_streamflow,08158000,08158000::origin=0,0,-288,2025-09-17 00:00:00,935.0
official_usgs_streamflow,08158000,08158000::origin=0,0,-287,2025-09-18 00:00:00,945.0
official_usgs_streamflow,08158000,08158000::origin=0,0,-286,2025-09-19 00:00:00,890.0
official_usgs_streamflow,08158000,08158000::origin=0,0,-285,2025-09-20 00:00:00,929.0
official_usgs_streamflow,08158000,08158000::origin=0,0,-284,2025-09-21 00:00:00,933.0
official_usgs_streamflow,08158000,08158000::origin=0,0,-283,2025-09-22 00:00:00,999.0
official_usgs_streamflow,08158000,08158000::origin=0,0,-282,2025-09-23 00:00:00,1030.0
official_usgs_streamflow,08158000,08158000::origin=0,0,-281,2025-09-24 00:00:00,873.0
official_usgs_streamflow,08158000,08158000::origin=0,0,-280,2025-09-25 00:00:00,953.0
official_usgs_streamflow,08158000,08158000::origin=0,0,-279,2025-09-26 00:00:00,894.0
official_usgs_streamflow,08158000,08158000::origin=0,0,-278,2025-09-27 00:00:00,888.0
official_usgs_streamflow,08158000,08158000::origin=0,0,-277,2025-09-28 00:00:00,891.0
official_usgs_streamflow,08158000,08158000::origin=0,0,-276,2025-09-29 00:00:00,878.0
official_usgs_streamflow,08158000,08158000::origin=0,0,-275,2025-09-30 00:00:00,915.0
official_usgs_streamflow,08158000,08158000::origin=0,0,-274,2025-10-01 00:00:00,904.0
official_usgs_streamflow,08158000,08158000::origin=0,0,-273,2025-10-02 00:00:00,906.0
official_usgs_streamflow,08158000,08158000::origin=0,0,-272,2025-10-03 00:00:00,1000.0
official_usgs_streamflow,08158000,08158000::origin=0,0,-271,2025-10-04 00:00:00,977.0
official_usgs_streamflow,08158000,08158000::origin=0,0,-270,2025-10-05 00:00:00,967.0
official_usgs_streamflow,08158000,08158000::origin=0,0,-269,2025-10-06 00:00:00,930.0
official_usgs_streamflow,08158000,08158000::origin=0,0,-268,2025-10-07 00:00:00,830.0
official_usgs_streamflow,08158000,08158000::origin=0,0,-267,2025-10-08 00:00:00,985.0
official_usgs_streamflow,08158000,08158000::origin=0,0,-266,2025-10-09 00:00:00,913.0
official_usgs_streamflow,08158000,08158000::origin=0,0,-265,2025-10-10 00:00:00,1010.0
official_usgs_streamflow,08158000,08158000::origin=0,0,-264,2025-10-11 00:00:00,555.0
official_usgs_streamflow,08158000,08158000::origin=0,0,-263,2025-10-12 00:00:00,315.0
official_usgs_streamflow,08158000,08158000::origin=0,0,-262,2025-10-13 00:00:00,328.0
official_usgs_streamflow,08158000,08158000::origin=0,0,-261,2025-10-14 00:00:00,409.0
official_usgs_streamflow,08158000,08158000::origin=0,0,-260,2025-10-15 00:00:00,398.0
official_usgs_streamflow,08158000,08158000::origin=0,0,-259,2025-10-16 00:00:00,279.0
official_usgs_streamflow,08158000,08158000::origin=0,0,-258,2025-10-17 00:00:00,166.0
official_usgs_streamflow,08158000,08158000::origin=0,0,-257,2025-10-18 00:00:00,97.80000305175781
official_usgs_streamflow,08158000,08158000::origin=0,0,-256,2025-10-19 00:00:00,118.0
official_usgs_streamflow,08158000,08158000::origin=0,0,-255,2025-10-20 00:00:00,166.0
official_usgs_streamflow,08158000,08158000::origin=0,0,-254,2025-10-21 00:00:00,122.0
official_usgs_streamflow,08158000,08158000::origin=0,0,-253,2025-10-22 00:00:00,103.0
official_usgs_streamflow,08158000,08158000::origin=0,0,-252,2025-10-23 00:00:00,144.0
official_usgs_streamflow,08158000,08158000::origin=0,0,-251,2025-10-24 00:00:00,104.0
official_usgs_streamflow,08158000,08158000::origin=0,0,-250,2025-10-25 00:00:00,1060.0
official_usgs_streamflow,08158000,08158000::origin=0,0,-249,2025-10-26 00:00:00,707.0
official_usgs_streamflow,08158000,08158000::origin=0,0,-248,2025-10-27 00:00:00,141.0
official_usgs_streamflow,08158000,08158000::origin=0,0,-247,2025-10-28 00:00:00,84.30000305175781
official_usgs_streamflow,08158000,08158000::origin=0,0,-246,2025-10-29 00:00:00,58.20000076293945
official_usgs_streamflow,08158000,08158000::origin=0,0,-245,2025-10-30 00:00:00,61.0
official_usgs_streamflow,08158000,08158000::origin=0,0,-244,2025-10-31 00:00:00,141.0
official_usgs_streamflow,08158000,08158000::origin=0,0,-243,2025-11-01 00:00:00,181.0
official_usgs_streamflow,08158000,08158000::origin=0,0,-242,2025-11-02 00:00:00,176.0
official_usgs_streamflow,08158000,08158000::origin=0,0,-241,2025-11-03 00:00:00,152.0
official_usgs_streamflow,08158000,08158000::origin=0,0,-240,2025-11-04 00:00:00,96.0
official_usgs_streamflow,08158000,08158000::origin=0,0,-239,2025-11-05 00:00:00,133.0
official_usgs_streamflow,08158000,08158000::origin=0,0,-238,2025-11-06 00:00:00,85.30000305175781
official_usgs_streamflow,08158000,08158000::origin=0,0,-237,2025-11-07 00:00:00,109.0
official_usgs_streamflow,08158000,08158000::origin=0,0,-236,2025-11-08 00:00:00,137.0
official_usgs_streamflow,08158000,08158000::origin=0,0,-235,2025-11-09 00:00:00,88.0
official_usgs_streamflow,08158000,08158000::origin=0,0,-234,2025-11-10 00:00:00,103.0
official_usgs_streamflow,08158000,08158000::origin=0,0,-233,2025-11-11 00:00:00,130.0
official_usgs_streamflow,08158000,08158000::origin=0,0,-232,2025-11-12 00:00:00,84.69999694824219
official_usgs_streamflow,08158000,08158000::origin=0,0,-231,2025-11-13 00:00:00,117.0
official_usgs_streamflow,08158000,08158000::origin=0,0,-230,2025-11-14 00:00:00,128.0
official_usgs_streamflow,08158000,08158000::origin=0,0,-229,2025-11-15 00:00:00,84.9000015258789
official_usgs_streamflow,08158000,08158000::origin=0,0,-228,2025-11-16 00:00:00,121.0
official_usgs_streamflow,08158000,08158000::origin=0,0,-227,2025-11-17 00:00:00,123.0
official_usgs_streamflow,08158000,08158000::origin=0,0,-226,2025-11-18 00:00:00,115.0
official_usgs_streamflow,08158000,08158000::origin=0,0,-225,2025-11-19 00:00:00,127.0
official_usgs_streamflow,08158000,08158000::origin=0,0,-224,2025-11-20 00:00:00,178.0
official_usgs_streamflow,08158000,08158000::origin=0,0,-223,2025-11-21 00:00:00,212.0
official_usgs_streamflow,08158000,08158000::origin=0,0,-222,2025-11-22 00:00:00,131.0
official_usgs_streamflow,08158000,08158000::origin=0,0,-221,2025-11-23 00:00:00,116.0
official_usgs_streamflow,08158000,08158000::origin=0,0,-220,2025-11-24 00:00:00,97.19999694824219
official_usgs_streamflow,08158000,08158000::origin=0,0,-219,2025-11-25 00:00:00,125.0
official_usgs_streamflow,08158000,08158000::origin=0,0,-218,2025-11-26 00:00:00,137.0
official_usgs_streamflow,08158000,08158000::origin=0,0,-217,2025-11-27 00:00:00,188.0
official_usgs_streamflow,08158000,08158000::origin=0,0,-216,2025-11-28 00:00:00,235.0
official_usgs_streamflow,08158000,08158000::origin=0,0,-215,2025-11-29 00:00:00,268.0
official_usgs_streamflow,08158000,08158000::origin=0,0,-214,2025-11-30 00:00:00,269.0
official_usgs_streamflow,08158000,08158000::origin=0,0,-213,2025-12-01 00:00:00,249.0
official_usgs_streamflow,08158000,08158000::origin=0,0,-212,2025-12-02 00:00:00,203.0
official_usgs_streamflow,08158000,08158000::origin=0,0,-211,2025-12-03 00:00:00,203.0
official_usgs_streamflow,08158000,08158000::origin=0,0,-210,2025-12-04 00:00:00,104.0
official_usgs_streamflow,08158000,08158000::origin=0,0,-209,2025-12-05 00:00:00,139.0
official_usgs_streamflow,08158000,08158000::origin=0,0,-208,2025-12-06 00:00:00,90.80000305175781
official_usgs_streamflow,08158000,08158000::origin=0,0,-207,2025-12-07 00:00:00,90.30000305175781
official_usgs_streamflow,08158000,08158000::origin=0,0,-206,2025-12-08 00:00:00,177.0
official_usgs_streamflow,08158000,08158000::origin=0,0,-205,2025-12-09 00:00:00,233.0
official_usgs_streamflow,08158000,08158000::origin=0,0,-204,2025-12-10 00:00:00,153.0
official_usgs_streamflow,08158000,08158000::origin=0,0,-203,2025-12-11 00:00:00,50.400001525878906
official_usgs_streamflow,08158000,08158000::origin=0,0,-202,2025-12-12 00:00:00,161.0
official_usgs_streamflow,08158000,08158000::origin=0,0,-201,2025-12-13 00:00:00,74.5999984741211
official_usgs_streamflow,08158000,08158000::origin=0,0,-200,2025-12-14 00:00:00,147.0
official_usgs_streamflow,08158000,08158000::origin=0,0,-199,2025-12-15 00:00:00,74.5999984741211
official_usgs_streamflow,08158000,08158000::origin=0,0,-198,2025-12-16 00:00:00,136.0
official_usgs_streamflow,08158000,08158000::origin=0,0,-197,2025-12-17 00:00:00,169.0
official_usgs_streamflow,08158000,08158000::origin=0,0,-196,2025-12-18 00:00:00,119.0
official_usgs_streamflow,08158000,08158000::origin=0,0,-195,2025-12-19 00:00:00,281.0
official_usgs_streamflow,08158000,08158000::origin=0,0,-194,2025-12-20 00:00:00,151.0
official_usgs_streamflow,08158000,08158000::origin=0,0,-193,2025-12-21 00:00:00,135.0
official_usgs_streamflow,08158000,08158000::origin=0,0,-192,2025-12-22 00:00:00,229.0
official_usgs_streamflow,08158000,08158000::origin=0,0,-191,2025-12-23 00:00:00,225.0
official_usgs_streamflow,08158000,08158000::origin=0,0,-190,2025-12-24 00:00:00,158.0
official_usgs_streamflow,08158000,08158000::origin=0,0,-189,2025-12-25 00:00:00,451.0
official_usgs_streamflow,08158000,08158000::origin=0,0,-188,2025-12-26 00:00:00,560.0
official_usgs_streamflow,08158000,08158000::origin=0,0,-187,2025-12-27 00:00:00,556.0
official_usgs_streamflow,08158000,08158000::origin=0,0,-186,2025-12-28 00:00:00,566.0
official_usgs_streamflow,08158000,08158000::origin=0,0,-185,2025-12-29 00:00:00,559.0
official_usgs_streamflow,08158000,08158000::origin=0,0,-184,2025-12-30 00:00:00,620.0
official_usgs_streamflow,08158000,08158000::origin=0,0,-183,2025-12-31 00:00:00,644.0
official_usgs_streamflow,08158000,08158000::origin=0,0,-182,2026-01-01 00:00:00,639.0
official_usgs_streamflow,08158000,08158000::origin=0,0,-181,2026-01-02 00:00:00,631.0
official_usgs_streamflow,08158000,08158000::origin=0,0,-180,2026-01-03 00:00:00,636.0
official_usgs_streamflow,08158000,08158000::origin=0,0,-179,2026-01-04 00:00:00,632.0
official_usgs_streamflow,08158000,08158000::origin=0,0,-178,2026-01-05 00:00:00,622.0
official_usgs_streamflow,08158000,08158000::origin=0,0,-177,2026-01-06 00:00:00,605.0
official_usgs_streamflow,08158000,08158000::origin=0,0,-176,2026-01-07 00:00:00,617.0
official_usgs_streamflow,08158000,08158000::origin=0,0,-175,2026-01-08 00:00:00,624.0
official_usgs_streamflow,08158000,08158000::origin=0,0,-174,2026-01-09 00:00:00,625.0
official_usgs_streamflow,08158000,08158000::origin=0,0,-173,2026-01-10 00:00:00,421.0
official_usgs_streamflow,08158000,08158000::origin=0,0,-172,2026-01-11 00:00:00,294.0
official_usgs_streamflow,08158000,08158000::origin=0,0,-171,2026-01-12 00:00:00,321.0
official_usgs_streamflow,08158000,08158000::origin=0,0,-170,2026-01-13 00:00:00,303.0
official_usgs_streamflow,08158000,08158000::origin=0,0,-169,2026-01-14 00:00:00,318.0
official_usgs_streamflow,08158000,08158000::origin=0,0,-168,2026-01-15 00:00:00,301.0
official_usgs_streamflow,08158000,08158000::origin=0,0,-167,2026-01-16 00:00:00,203.0
official_usgs_streamflow,08158000,08158000::origin=0,0,-166,2026-01-17 00:00:00,211.0
official_usgs_streamflow,08158000,08158000::origin=0,0,-165,2026-01-18 00:00:00,207.0
official_usgs_streamflow,08158000,08158000::origin=0,0,-164,2026-01-19 00:00:00,207.0
official_usgs_streamflow,08158000,08158000::origin=0,0,-163,2026-01-20 00:00:00,140.0
official_usgs_streamflow,08158000,08158000::origin=0,0,-162,2026-01-21 00:00:00,220.0
official_usgs_streamflow,08158000,08158000::origin=0,0,-161,2026-01-22 00:00:00,164.0
official_usgs_streamflow,08158000,08158000::origin=0,0,-160,2026-01-23 00:00:00,218.0
official_usgs_streamflow,08158000,08158000::origin=0,0,-159,2026-01-24 00:00:00,304.0
official_usgs_streamflow,08158000,08158000::origin=0,0,-158,2026-01-25 00:00:00,276.0
official_usgs_streamflow,08158000,08158000::origin=0,0,-157,2026-01-26 00:00:00,253.0
official_usgs_streamflow,08158000,08158000::origin=0,0,-156,2026-01-27 00:00:00,177.0
official_usgs_streamflow,08158000,08158000::origin=0,0,-155,2026-01-28 00:00:00,156.0
official_usgs_streamflow,08158000,08158000::origin=0,0,-154,2026-01-29 00:00:00,154.0
official_usgs_streamflow,08158000,08158000::origin=0,0,-153,2026-01-30 00:00:00,158.0
official_usgs_streamflow,08158000,08158000::origin=0,0,-152,2026-01-31 00:00:00,155.0
official_usgs_streamflow,08158000,08158000::origin=0,0,-151,2026-02-01 00:00:00,82.30000305175781
official_usgs_streamflow,08158000,08158000::origin=0,0,-150,2026-02-02 00:00:00,155.0
official_usgs_streamflow,08158000,08158000::origin=0,0,-149,2026-02-03 00:00:00,149.0
official_usgs_streamflow,08158000,08158000::origin=0,0,-148,2026-02-04 00:00:00,75.9000015258789
official_usgs_streamflow,08158000,08158000::origin=0,0,-147,2026-02-05 00:00:00,166.0
official_usgs_streamflow,08158000,08158000::origin=0,0,-146,2026-02-06 00:00:00,137.0
official_usgs_streamflow,08158000,08158000::origin=0,0,-145,2026-02-07 00:00:00,181.0
official_usgs_streamflow,08158000,08158000::origin=0,0,-144,2026-02-08 00:00:00,212.0
official_usgs_streamflow,08158000,08158000::origin=0,0,-143,2026-02-09 00:00:00,200.0
official_usgs_streamflow,08158000,08158000::origin=0,0,-142,2026-02-10 00:00:00,211.0
official_usgs_streamflow,08158000,08158000::origin=0,0,-141,2026-02-11 00:00:00,193.0
official_usgs_streamflow,08158000,08158000::origin=0,0,-140,2026-02-12 00:00:00,231.0
official_usgs_streamflow,08158000,08158000::origin=0,0,-139,2026-02-13 00:00:00,184.0
official_usgs_streamflow,08158000,08158000::origin=0,0,-138,2026-02-14 00:00:00,222.0
official_usgs_streamflow,08158000,08158000::origin=0,0,-137,2026-02-15 00:00:00,248.0
official_usgs_streamflow,08158000,08158000::origin=0,0,-136,2026-02-16 00:00:00,202.0
official_usgs_streamflow,08158000,08158000::origin=0,0,-135,2026-02-17 00:00:00,113.0
official_usgs_streamflow,08158000,08158000::origin=0,0,-134,2026-02-18 00:00:00,162.0
official_usgs_streamflow,08158000,08158000::origin=0,0,-133,2026-02-19 00:00:00,147.0
official_usgs_streamflow,08158000,08158000::origin=0,0,-132,2026-02-20 00:00:00,152.0
official_usgs_streamflow,08158000,08158000::origin=0,0,-131,2026-02-21 00:00:00,152.0
official_usgs_streamflow,08158000,08158000::origin=0,0,-130,2026-02-22 00:00:00,147.0
official_usgs_streamflow,08158000,08158000::origin=0,0,-129,2026-02-23 00:00:00,148.0
official_usgs_streamflow,08158000,08158000::origin=0,0,-128,2026-02-24 00:00:00,188.0
official_usgs_streamflow,08158000,08158000::origin=0,0,-127,2026-02-25 00:00:00,219.0
official_usgs_streamflow,08158000,08158000::origin=0,0,-126,2026-02-26 00:00:00,250.0
official_usgs_streamflow,08158000,08158000::origin=0,0,-125,2026-02-27 00:00:00,269.0
official_usgs_streamflow,08158000,08158000::origin=0,0,-124,2026-02-28 00:00:00,236.0
official_usgs_streamflow,08158000,08158000::origin=0,0,-123,2026-03-01 00:00:00,235.0
official_usgs_streamflow,08158000,08158000::origin=0,0,-122,2026-03-02 00:00:00,187.0
official_usgs_streamflow,08158000,08158000::origin=0,0,-121,2026-03-03 00:00:00,200.0
official_usgs_streamflow,08158000,08158000::origin=0,0,-120,2026-03-04 00:00:00,270.0
official_usgs_streamflow,08158000,08158000::origin=0,0,-119,2026-03-05 00:00:00,252.0
official_usgs_streamflow,08158000,08158000::origin=0,0,-118,2026-03-06 00:00:00,287.0
official_usgs_streamflow,08158000,08158000::origin=0,0,-117,2026-03-07 00:00:00,293.0
official_usgs_streamflow,08158000,08158000::origin=0,0,-116,2026-03-08 00:00:00,363.0
official_usgs_streamflow,08158000,08158000::origin=0,0,-115,2026-03-09 00:00:00,337.0
official_usgs_streamflow,08158000,08158000::origin=0,0,-114,2026-03-10 00:00:00,279.0
official_usgs_streamflow,08158000,08158000::origin=0,0,-113,2026-03-11 00:00:00,430.0
official_usgs_streamflow,08158000,08158000::origin=0,0,-112,2026-03-12 00:00:00,337.0
official_usgs_streamflow,08158000,08158000::origin=0,0,-111,2026-03-13 00:00:00,316.0
official_usgs_streamflow,08158000,08158000::origin=0,0,-110,2026-03-14 00:00:00,305.0
official_usgs_streamflow,08158000,08158000::origin=0,0,-109,2026-03-15 00:00:00,298.0
official_usgs_streamflow,08158000,08158000::origin=0,0,-108,2026-03-16 00:00:00,301.0
official_usgs_streamflow,08158000,08158000::origin=0,0,-107,2026-03-17 00:00:00,289.0
official_usgs_streamflow,08158000,08158000::origin=0,0,-106,2026-03-18 00:00:00,300.0
official_usgs_streamflow,08158000,08158000::origin=0,0,-105,2026-03-19 00:00:00,291.0
official_usgs_streamflow,08158000,08158000::origin=0,0,-104,2026-03-20 00:00:00,340.0
official_usgs_streamflow,08158000,08158000::origin=0,0,-103,2026-03-21 00:00:00,324.0
official_usgs_streamflow,08158000,08158000::origin=0,0,-102,2026-03-22 00:00:00,361.0
official_usgs_streamflow,08158000,08158000::origin=0,0,-101,2026-03-23 00:00:00,405.0
official_usgs_streamflow,08158000,08158000::origin=0,0,-100,2026-03-24 00:00:00,404.0
official_usgs_streamflow,08158000,08158000::origin=0,0,-99,2026-03-25 00:00:00,425.0
official_usgs_streamflow,08158000,08158000::origin=0,0,-98,2026-03-26 00:00:00,553.0
official_usgs_streamflow,08158000,08158000::origin=0,0,-97,2026-03-27 00:00:00,534.0
official_usgs_streamflow,08158000,08158000::origin=0,0,-96,2026-03-28 00:00:00,574.0
official_usgs_streamflow,08158000,08158000::origin=0,0,-95,2026-03-29 00:00:00,650.0
official_usgs_streamflow,08158000,08158000::origin=0,0,-94,2026-03-30 00:00:00,736.0
official_usgs_streamflow,08158000,08158000::origin=0,0,-93,2026-03-31 00:00:00,706.0
official_usgs_streamflow,08158000,08158000::origin=0,0,-92,2026-04-01 00:00:00,783.0
official_usgs_streamflow,08158000,08158000::origin=0,0,-91,2026-04-02 00:00:00,1350.0
official_usgs_streamflow,08158000,08158000::origin=0,0,-90,2026-04-03 00:00:00,961.0
official_usgs_streamflow,08158000,08158000::origin=0,0,-89,2026-04-04 00:00:00,1010.0
official_usgs_streamflow,08158000,08158000::origin=0,0,-88,2026-04-05 00:00:00,896.0
official_usgs_streamflow,08158000,08158000::origin=0,0,-87,2026-04-06 00:00:00,856.0
official_usgs_streamflow,08158000,08158000::origin=0,0,-86,2026-04-07 00:00:00,846.0
official_usgs_streamflow,08158000,08158000::origin=0,0,-85,2026-04-08 00:00:00,834.0
official_usgs_streamflow,08158000,08158000::origin=0,0,-84,2026-04-09 00:00:00,1030.0
official_usgs_streamflow,08158000,08158000::origin=0,0,-83,2026-04-10 00:00:00,914.0
official_usgs_streamflow,08158000,08158000::origin=0,0,-82,2026-04-11 00:00:00,841.0
official_usgs_streamflow,08158000,08158000::origin=0,0,-81,2026-04-12 00:00:00,854.0
official_usgs_streamflow,08158000,08158000::origin=0,0,-80,2026-04-13 00:00:00,698.0
official_usgs_streamflow,08158000,08158000::origin=0,0,-79,2026-04-14 00:00:00,610.0
official_usgs_streamflow,08158000,08158000::origin=0,0,-78,2026-04-15 00:00:00,535.0
official_usgs_streamflow,08158000,08158000::origin=0,0,-77,2026-04-16 00:00:00,516.0
official_usgs_streamflow,08158000,08158000::origin=0,0,-76,2026-04-17 00:00:00,509.0
official_usgs_streamflow,08158000,08158000::origin=0,0,-75,2026-04-18 00:00:00,570.0
official_usgs_streamflow,08158000,08158000::origin=0,0,-74,2026-04-19 00:00:00,590.0
official_usgs_streamflow,08158000,08158000::origin=0,0,-73,2026-04-20 00:00:00,637.0
official_usgs_streamflow,08158000,08158000::origin=0,0,-72,2026-04-21 00:00:00,736.0
official_usgs_streamflow,08158000,08158000::origin=0,0,-71,2026-04-22 00:00:00,305.0
official_usgs_streamflow,08158000,08158000::origin=0,0,-70,2026-04-23 00:00:00,238.0
official_usgs_streamflow,08158000,08158000::origin=0,0,-69,2026-04-24 00:00:00,349.0
official_usgs_streamflow,08158000,08158000::origin=0,0,-68,2026-04-25 00:00:00,286.0
official_usgs_streamflow,08158000,08158000::origin=0,0,-67,2026-04-26 00:00:00,295.0
official_usgs_streamflow,08158000,08158000::origin=0,0,-66,2026-04-27 00:00:00,334.0
official_usgs_streamflow,08158000,08158000::origin=0,0,-65,2026-04-28 00:00:00,377.0
official_usgs_streamflow,08158000,08158000::origin=0,0,-64,2026-04-29 00:00:00,380.0
official_usgs_streamflow,08158000,08158000::origin=0,0,-63,2026-04-30 00:00:00,800.0
official_usgs_streamflow,08158000,08158000::origin=0,0,-62,2026-05-01 00:00:00,695.0
official_usgs_streamflow,08158000,08158000::origin=0,0,-61,2026-05-02 00:00:00,229.0
official_usgs_streamflow,08158000,08158000::origin=0,0,-60,2026-05-03 00:00:00,288.0
official_usgs_streamflow,08158000,08158000::origin=0,0,-59,2026-05-04 00:00:00,314.0
official_usgs_streamflow,08158000,08158000::origin=0,0,-58,2026-05-05 00:00:00,278.0
official_usgs_streamflow,08158000,08158000::origin=0,0,-57,2026-05-06 00:00:00,335.0
official_usgs_streamflow,08158000,08158000::origin=0,0,-56,2026-05-07 00:00:00,283.0
official_usgs_streamflow,08158000,08158000::origin=0,0,-55,2026-05-08 00:00:00,335.0
official_usgs_streamflow,08158000,08158000::origin=0,0,-54,2026-05-09 00:00:00,375.0
official_usgs_streamflow,08158000,08158000::origin=0,0,-53,2026-05-10 00:00:00,514.0
official_usgs_streamflow,08158000,08158000::origin=0,0,-52,2026-05-11 00:00:00,353.0
official_usgs_streamflow,08158000,08158000::origin=0,0,-51,2026-05-12 00:00:00,131.0
official_usgs_streamflow,08158000,08158000::origin=0,0,-50,2026-05-13 00:00:00,156.0
official_usgs_streamflow,08158000,08158000::origin=0,0,-49,2026-05-14 00:00:00,323.0
official_usgs_streamflow,08158000,08158000::origin=0,0,-48,2026-05-15 00:00:00,497.0
official_usgs_streamflow,08158000,08158000::origin=0,0,-47,2026-05-16 00:00:00,459.0
official_usgs_streamflow,08158000,08158000::origin=0,0,-46,2026-05-17 00:00:00,531.0
official_usgs_streamflow,08158000,08158000::origin=0,0,-45,2026-05-18 00:00:00,532.0
official_usgs_streamflow,08158000,08158000::origin=0,0,-44,2026-05-19 00:00:00,588.0
official_usgs_streamflow,08158000,08158000::origin=0,0,-43,2026-05-20 00:00:00,484.0
official_usgs_streamflow,08158000,08158000::origin=0,0,-42,2026-05-21 00:00:00,610.0
official_usgs_streamflow,08158000,08158000::origin=0,0,-41,2026-05-22 00:00:00,424.0
official_usgs_streamflow,08158000,08158000::origin=0,0,-40,2026-05-23 00:00:00,279.0
official_usgs_streamflow,08158000,08158000::origin=0,0,-39,2026-05-24 00:00:00,644.0
official_usgs_streamflow,08158000,08158000::origin=0,0,-38,2026-05-25 00:00:00,643.0
official_usgs_streamflow,08158000,08158000::origin=0,0,-37,2026-05-26 00:00:00,746.0
official_usgs_streamflow,08158000,08158000::origin=0,0,-36,2026-05-27 00:00:00,1070.0
official_usgs_streamflow,08158000,08158000::origin=0,0,-35,2026-05-28 00:00:00,382.0
official_usgs_streamflow,08158000,08158000::origin=0,0,-34,2026-05-29 00:00:00,596.0
official_usgs_streamflow,08158000,08158000::origin=0,0,-33,2026-05-30 00:00:00,492.0
official_usgs_streamflow,08158000,08158000::origin=0,0,-32,2026-05-31 00:00:00,599.0
official_usgs_streamflow,08158000,08158000::origin=0,0,-31,2026-06-01 00:00:00,560.0
official_usgs_streamflow,08158000,08158000::origin=0,0,-30,2026-06-02 00:00:00,932.0
official_usgs_streamflow,08158000,08158000::origin=0,0,-29,2026-06-03 00:00:00,944.0
official_usgs_streamflow,08158000,08158000::origin=0,0,-28,2026-06-04 00:00:00,637.0
official_usgs_streamflow,08158000,08158000::origin=0,0,-27,2026-06-05 00:00:00,842.0
official_usgs_streamflow,08158000,08158000::origin=0,0,-26,2026-06-06 00:00:00,1000.0
official_usgs_streamflow,08158000,08158000::origin=0,0,-25,2026-06-07 00:00:00,913.0
official_usgs_streamflow,08158000,08158000::origin=0,0,-24,2026-06-08 00:00:00,934.0
official_usgs_streamflow,08158000,08158000::origin=0,0,-23,2026-06-09 00:00:00,933.0
official_usgs_streamflow,08158000,08158000::origin=0,0,-22,2026-06-10 00:00:00,917.0
official_usgs_streamflow,08158000,08158000::origin=0,0,-21,2026-06-11 00:00:00,897.0
official_usgs_streamflow,08158000,08158000::origin=0,0,-20,2026-06-12 00:00:00,890.0
official_usgs_streamflow,08158000,08158000::origin=0,0,-19,2026-06-13 00:00:00,892.0
official_usgs_streamflow,08158000,08158000::origin=0,0,-18,2026-06-14 00:00:00,953.0
official_usgs_streamflow,08158000,08158000::origin=0,0,-17,2026-06-15 00:00:00,3820.0
official_usgs_streamflow,08158000,08158000::origin=0,0,-16,2026-06-16 00:00:00,531.0
official_usgs_streamflow,08158000,08158000::origin=0,0,-15,2026-06-17 00:00:00,296.0
official_usgs_streamflow,08158000,08158000::origin=0,0,-14,2026-06-18 00:00:00,313.0
official_usgs_streamflow,08158000,08158000::origin=0,0,-13,2026-06-19 00:00:00,484.0
official_usgs_streamflow,08158000,08158000::origin=0,0,-12,2026-06-20 00:00:00,659.0
official_usgs_streamflow,08158000,08158000::origin=0,0,-11,2026-06-21 00:00:00,594.0
official_usgs_streamflow,08158000,08158000::origin=0,0,-10,2026-06-22 00:00:00,590.0
official_usgs_streamflow,08158000,08158000::origin=0,0,-9,2026-06-23 00:00:00,487.0
official_usgs_streamflow,08158000,08158000::origin=0,0,-8,2026-06-24 00:00:00,459.0
official_usgs_streamflow,08158000,08158000::origin=0,0,-7,2026-06-25 00:00:00,465.0
official_usgs_streamflow,08158000,08158000::origin=0,0,-6,2026-06-26 00:00:00,464.0
official_usgs_streamflow,08158000,08158000::origin=0,0,-5,2026-06-27 00:00:00,704.0
official_usgs_streamflow,08158000,08158000::origin=0,0,-4,2026-06-28 00:00:00,824.0
official_usgs_streamflow,08158000,08158000::origin=0,0,-3,2026-06-29 00:00:00,750.0
official_usgs_streamflow,08158000,08158000::origin=0,0,-2,2026-06-30 00:00:00,485.0
official_usgs_streamflow,08158000,08158000::origin=0,0,-1,2026-07-01 00:00:00,603.0
