dataset,series_id,item_id,origin,model,repetition,seed,forecast_distribution,step,timestamp,actual,point_forecast,mean_forecast,q_10,q_20,q_30,q_40,q_50,q_60,q_70,q_80,q_90
chronos_m1_yearly,90:target,90:target::origin=0,0,chronos_t5_tiny,0,1288419292,chronos_samples,0,1988-12-31 00:00:00,3.4800000190734863,3.37272047996521,3.404923439025879,3.084991455078125,3.1783604621887207,3.2583909034729004,3.326988458633423,3.37272047996521,3.4870500564575195,3.56326961517334,3.63948917388916,3.7366695404052734
chronos_m1_yearly,90:target,90:target::origin=0,0,chronos_t5_tiny,0,1288419292,chronos_samples,1,1989-12-31 00:00:00,3.6500000953674316,3.37272047996521,3.420738935470581,3.0087714195251465,3.163116455078125,3.2583909034729004,3.3155555725097656,3.37272047996521,3.418452501296997,3.582324504852295,3.700465202331543,3.870053768157959
chronos_m1_yearly,90:target,90:target::origin=0,0,chronos_t5_tiny,0,1288419292,chronos_samples,2,1990-12-31 00:00:00,4.480000019073486,3.4013030529022217,3.4277892112731934,2.907780408859253,3.125006675720215,3.2393360137939453,3.3155555725097656,3.4013030529022217,3.4489402770996094,3.607095718383789,3.7690632343292236,4.0034379959106445
chronos_m1_yearly,90:target,90:target::origin=0,0,chronos_t5_tiny,0,1288419292,chronos_samples,3,1991-12-31 00:00:00,4.380000114440918,3.353665351867676,3.4178805351257324,2.854426860809326,3.0868968963623047,3.214564561843872,3.2888786792755127,3.353665351867676,3.5327818393707275,3.626150608062744,3.807173013687134,4.060603141784668
chronos_m1_yearly,90:target,90:target::origin=0,0,chronos_t5_tiny,0,1288419292,chronos_samples,4,1992-12-31 00:00:00,4.809999942779541,3.3631930351257324,3.398635149002075,2.816317081451416,3.006865978240967,3.170738458633423,3.2965006828308105,3.3631930351257324,3.4679951667785645,3.63948917388916,3.772873878479004,4.131105899810791
chronos_m1_yearly,90:target,90:target::origin=0,0,chronos_t5_tiny,0,1288419292,chronos_samples,5,1993-12-31 00:00:00,4.710000038146973,3.3155555725097656,3.3311808109283447,2.5914688110351562,2.8734817504882812,3.037353992462158,3.201226234436035,3.3155555725097656,3.4756171703338623,3.60137939453125,3.7347640991210938,4.171121120452881
chronos_m1_yearly,90:target,90:target::origin=0,0,moirai_2_0_small,0,1146296277,moirai_quantiles_no_mean,0,1988-12-31 00:00:00,3.4800000190734863,3.2126553058624268,3.2126553058624268,2.490536689758301,2.8642542362213135,3.0429277420043945,3.145744800567627,3.2126553058624268,3.282827854156494,3.359829902648926,3.4452996253967285,3.615424394607544
chronos_m1_yearly,90:target,90:target::origin=0,0,moirai_2_0_small,0,1146296277,moirai_quantiles_no_mean,1,1989-12-31 00:00:00,3.6500000953674316,3.2198891639709473,3.2198891639709473,2.016162872314453,2.618683099746704,2.9204235076904297,3.0970025062561035,3.2198891639709473,3.341468095779419,3.4640958309173584,3.6023149490356445,3.8412675857543945
chronos_m1_yearly,90:target,90:target::origin=0,0,moirai_2_0_small,0,1146296277,moirai_quantiles_no_mean,2,1990-12-31 00:00:00,4.480000019073486,3.035240650177002,3.035240650177002,1.6452287435531616,2.3104958534240723,2.684171676635742,2.8920273780822754,3.035240650177002,3.1742749214172363,3.319875717163086,3.4816641807556152,3.7605223655700684
chronos_m1_yearly,90:target,90:target::origin=0,0,moirai_2_0_small,0,1146296277,moirai_quantiles_no_mean,3,1991-12-31 00:00:00,4.380000114440918,2.9596192836761475,2.9596192836761475,1.4736623764038086,2.137744188308716,2.569640636444092,2.8046391010284424,2.9596192836761475,3.107832908630371,3.261176109313965,3.429823875427246,3.7179083824157715
chronos_m1_yearly,90:target,90:target::origin=0,0,moirai_2_0_small,0,1146296277,moirai_quantiles_no_mean,4,1992-12-31 00:00:00,4.809999942779541,2.954878330230713,2.954878330230713,1.3789414167404175,2.032780408859253,2.5083553791046143,2.78428316116333,2.954878330230713,3.112955093383789,3.266634702682495,3.4359395503997803,3.725733518600464
chronos_m1_yearly,90:target,90:target::origin=0,0,moirai_2_0_small,0,1146296277,moirai_quantiles_no_mean,5,1993-12-31 00:00:00,4.710000038146973,3.0141587257385254,3.0141587257385254,1.3914536237716675,2.0396833419799805,2.5266377925872803,2.8270349502563477,3.0141587257385254,3.172675609588623,3.326050281524658,3.481386423110962,3.7542388439178467
chronos_m1_yearly,90:target,90:target::origin=0,0,seasonal_naive,0,1530226048,degenerate,0,1988-12-31 00:00:00,3.4800000190734863,3.3399999141693115,3.3399999141693115,3.3399999141693115,3.3399999141693115,3.3399999141693115,3.3399999141693115,3.3399999141693115,3.3399999141693115,3.3399999141693115,3.3399999141693115,3.3399999141693115
chronos_m1_yearly,90:target,90:target::origin=0,0,seasonal_naive,0,1530226048,degenerate,1,1989-12-31 00:00:00,3.6500000953674316,3.3399999141693115,3.3399999141693115,3.3399999141693115,3.3399999141693115,3.3399999141693115,3.3399999141693115,3.3399999141693115,3.3399999141693115,3.3399999141693115,3.3399999141693115,3.3399999141693115
chronos_m1_yearly,90:target,90:target::origin=0,0,seasonal_naive,0,1530226048,degenerate,2,1990-12-31 00:00:00,4.480000019073486,3.3399999141693115,3.3399999141693115,3.3399999141693115,3.3399999141693115,3.3399999141693115,3.3399999141693115,3.3399999141693115,3.3399999141693115,3.3399999141693115,3.3399999141693115,3.3399999141693115
chronos_m1_yearly,90:target,90:target::origin=0,0,seasonal_naive,0,1530226048,degenerate,3,1991-12-31 00:00:00,4.380000114440918,3.3399999141693115,3.3399999141693115,3.3399999141693115,3.3399999141693115,3.3399999141693115,3.3399999141693115,3.3399999141693115,3.3399999141693115,3.3399999141693115,3.3399999141693115,3.3399999141693115
chronos_m1_yearly,90:target,90:target::origin=0,0,seasonal_naive,0,1530226048,degenerate,4,1992-12-31 00:00:00,4.809999942779541,3.3399999141693115,3.3399999141693115,3.3399999141693115,3.3399999141693115,3.3399999141693115,3.3399999141693115,3.3399999141693115,3.3399999141693115,3.3399999141693115,3.3399999141693115,3.3399999141693115
chronos_m1_yearly,90:target,90:target::origin=0,0,seasonal_naive,0,1530226048,degenerate,5,1993-12-31 00:00:00,4.710000038146973,3.3399999141693115,3.3399999141693115,3.3399999141693115,3.3399999141693115,3.3399999141693115,3.3399999141693115,3.3399999141693115,3.3399999141693115,3.3399999141693115,3.3399999141693115,3.3399999141693115
chronos_m1_yearly,90:target,90:target::origin=0,0,arima_2_1_2,0,148919152,gaussian,0,1988-12-31 00:00:00,3.4800000190734863,3.494281053543091,3.494281053543091,3.3801705837249756,3.419342279434204,3.4475879669189453,3.4717228412628174,3.494281053543091,3.5168392658233643,3.5409741401672363,3.5692198276519775,3.608391523361206
chronos_m1_yearly,90:target,90:target::origin=0,0,arima_2_1_2,0,148919152,gaussian,1,1989-12-31 00:00:00,3.6500000953674316,3.6774165630340576,3.6774165630340576,3.4196839332580566,3.5081584453582764,3.5719544887542725,3.6264660358428955,3.6774165630340576,3.7283670902252197,3.7828786373138428,3.846674919128418,3.9351489543914795
chronos_m1_yearly,90:target,90:target::origin=0,0,arima_2_1_2,0,148919152,gaussian,2,1990-12-31 00:00:00,4.480000019073486,3.8109493255615234,3.8109493255615234,3.3954265117645264,3.538067102432251,3.640920877456665,3.7288055419921875,3.8109493255615234,3.8930931091308594,3.980977773666382,4.083831787109375,4.226471900939941
chronos_m1_yearly,90:target,90:target::origin=0,0,arima_2_1_2,0,148919152,gaussian,3,1991-12-31 00:00:00,4.380000114440918,3.957634210586548,3.957634210586548,3.3661811351776123,3.5692148208618164,3.715616464614868,3.8407111167907715,3.957634210586548,4.074557304382324,4.199652194976807,4.346053600311279,4.549087047576904
chronos_m1_yearly,90:target,90:target::origin=0,0,arima_2_1_2,0,148919152,gaussian,4,1992-12-31 00:00:00,4.809999942779541,4.071542263031006,4.071542263031006,3.296734571456909,3.5627102851867676,3.7544972896575928,3.91837215423584,4.071542263031006,4.224712371826172,4.38858699798584,4.580374240875244,4.846349716186523
chronos_m1_yearly,90:target,90:target::origin=0,0,arima_2_1_2,0,148919152,gaussian,5,1993-12-31 00:00:00,4.710000038146973,4.190011501312256,4.190011501312256,3.223345994949341,3.555182456970215,3.794459819793701,3.998913526535034,4.190011501312256,4.381109714508057,4.5855631828308105,4.824840545654297,5.156676769256592
chronos_m1_yearly,90:target,90:target::origin=0,0,auto_arima,0,2681911482,gaussian,0,1988-12-31 00:00:00,3.4800000190734863,4.080779552459717,4.080779552459717,3.9912877082824707,4.022008419036865,4.04416036605835,4.0630879402160645,4.080779552459717,4.098471164703369,4.117398738861084,4.139550685882568,4.170271396636963
chronos_m1_yearly,90:target,90:target::origin=0,0,auto_arima,0,2681911482,gaussian,1,1989-12-31 00:00:00,3.6500000953674316,5.092611312866211,5.092611312866211,5.003436088562012,5.034048080444336,5.056121349334717,5.074982643127441,5.092611312866211,5.1102399826049805,5.129101276397705,5.151174545288086,5.18178653717041
chronos_m1_yearly,90:target,90:target::origin=0,0,auto_arima,0,2681911482,gaussian,2,1990-12-31 00:00:00,4.480000019073486,6.778173923492432,6.778173923492432,6.671011924743652,6.707798480987549,6.734323978424072,6.756989479064941,6.778173923492432,6.799358367919922,6.822023868560791,6.8485493659973145,6.885335922241211
chronos_m1_yearly,90:target,90:target::origin=0,0,auto_arima,0,2681911482,gaussian,3,1991-12-31 00:00:00,4.380000114440918,9.526941299438477,9.526941299438477,9.382458686828613,9.432056427001953,9.467820167541504,9.49837875366211,9.526941299438477,9.555503845214844,9.58606243133545,9.621826171875,9.67142391204834
chronos_m1_yearly,90:target,90:target::origin=0,0,auto_arima,0,2681911482,gaussian,4,1992-12-31 00:00:00,4.809999942779541,14.009553909301758,14.009553909301758,13.795424461364746,13.86893081665039,13.921934127807617,13.967223167419434,14.009553909301758,14.051884651184082,14.097173690795898,14.150177001953125,14.22368335723877
chronos_m1_yearly,90:target,90:target::origin=0,0,auto_arima,0,2681911482,gaussian,5,1993-12-31 00:00:00,4.710000038146973,21.319671630859375,21.319671630859375,20.984600067138672,21.09962272644043,21.18256187438965,21.25343132019043,21.319671630859375,21.38591194152832,21.4567813873291,21.53972053527832,21.654743194580078
chronos_m1_yearly,90:target,90:target::origin=0,0,prophet,0,3358925276,samples,0,1988-12-31 00:00:00,3.4800000190734863,3.1168007850646973,3.1083319187164307,2.9420969486236572,3.0134737491607666,3.049823045730591,3.0835399627685547,3.1168007850646973,3.1425795555114746,3.1781818866729736,3.204312562942505,3.2405099868774414
chronos_m1_yearly,90:target,90:target::origin=0,0,prophet,0,3358925276,samples,1,1989-12-31 00:00:00,3.6500000953674316,3.2615180015563965,3.258089780807495,3.092205762863159,3.1644039154052734,3.192768096923828,3.229032516479492,3.2615180015563965,3.2950491905212402,3.319263219833374,3.3537983894348145,3.4210968017578125
chronos_m1_yearly,90:target,90:target::origin=0,0,prophet,0,3358925276,samples,2,1990-12-31 00:00:00,4.480000019073486,3.4070544242858887,3.4207427501678467,3.2593467235565186,3.3180973529815674,3.341477155685425,3.3768630027770996,3.4070544242858887,3.431854009628296,3.481588363647461,3.515537738800049,3.5825815200805664
chronos_m1_yearly,90:target,90:target::origin=0,0,prophet,0,3358925276,samples,3,1991-12-31 00:00:00,4.380000114440918,3.5939667224884033,3.596224784851074,3.4442086219787598,3.4939498901367188,3.5359554290771484,3.565747022628784,3.5939667224884033,3.6328113079071045,3.6634328365325928,3.699080467224121,3.7659988403320312
chronos_m1_yearly,90:target,90:target::origin=0,0,prophet,0,3358925276,samples,4,1992-12-31 00:00:00,4.809999942779541,3.5147018432617188,3.511033535003662,3.3713598251342773,3.407897472381592,3.44870662689209,3.48191237449646,3.5147018432617188,3.537287950515747,3.562633514404297,3.620072364807129,3.668835401535034
chronos_m1_yearly,90:target,90:target::origin=0,0,prophet,0,3358925276,samples,5,1993-12-31 00:00:00,4.710000038146973,3.6746506690979004,3.6607913970947266,3.513129711151123,3.58455228805542,3.6197426319122314,3.6541812419891357,3.6746506690979004,3.7009737491607666,3.733766794204712,3.7788286209106445,3.8202390670776367
chronos_m1_yearly,90:target,90:target::origin=0,0,deepar,0,1641975837,samples,0,1988-12-31 00:00:00,3.4800000190734863,3.776893138885498,3.7649776935577393,3.6962673664093018,3.7192161083221436,3.7440805435180664,3.760354995727539,3.776893138885498,3.785869836807251,3.795745372772217,3.807527542114258,3.827749729156494
chronos_m1_yearly,90:target,90:target::origin=0,0,deepar,0,1641975837,samples,1,1989-12-31 00:00:00,3.6500000953674316,3.9129655361175537,3.9161553382873535,3.8522534370422363,3.8755197525024414,3.891469717025757,3.9040534496307373,3.9129655361175537,3.925766944885254,3.9367740154266357,3.9552316665649414,3.981180429458618
chronos_m1_yearly,90:target,90:target::origin=0,0,deepar,0,1641975837,samples,2,1990-12-31 00:00:00,4.480000019073486,4.013643264770508,4.00996208190918,3.947970151901245,3.970846176147461,3.987112283706665,4.001600742340088,4.013643264770508,4.0235700607299805,4.0381293296813965,4.049675464630127,4.067741870880127
chronos_m1_yearly,90:target,90:target::origin=0,0,deepar,0,1641975837,samples,3,1991-12-31 00:00:00,4.380000114440918,4.085057735443115,4.078914642333984,4.030243396759033,4.04433012008667,4.058757305145264,4.069094181060791,4.085057735443115,4.092766761779785,4.102827072143555,4.115315914154053,4.129133701324463
chronos_m1_yearly,90:target,90:target::origin=0,0,deepar,0,1641975837,samples,4,1992-12-31 00:00:00,4.809999942779541,4.126047134399414,4.1250433921813965,4.078341007232666,4.090459823608398,4.096158504486084,4.1136369705200195,4.126047134399414,4.132561683654785,4.144724369049072,4.160357475280762,4.176676273345947
chronos_m1_yearly,90:target,90:target::origin=0,0,deepar,0,1641975837,samples,5,1993-12-31 00:00:00,4.710000038146973,4.152534484863281,4.155787467956543,4.10309362411499,4.126251220703125,4.136356830596924,4.142692565917969,4.152534484863281,4.164981842041016,4.1760478019714355,4.191110134124756,4.219048023223877
chronos_m4_hourly,207:target,207:target::origin=0,0,chronos_t5_tiny,0,862793191,chronos_samples,0,2010-06-02 12:00:00,17.700000762939453,17.729656219482422,17.754589080810547,17.591144561767578,17.591144561767578,17.729656219482422,17.729656219482422,17.729656219482422,17.785062789916992,17.8681697845459,17.8681697845459,17.882020950317383
chronos_m4_hourly,207:target,207:target::origin=0,0,chronos_t5_tiny,0,862793191,chronos_samples,1,2010-06-02 13:00:00,17.700000762939453,17.4526309967041,17.476177215576172,17.314119338989258,17.424928665161133,17.4526309967041,17.4526309967041,17.4526309967041,17.508037567138672,17.591144561767578,17.591144561767578,17.591144561767578
chronos_m4_hourly,207:target,207:target::origin=0,0,chronos_t5_tiny,0,862793191,chronos_samples,2,2010-06-02 14:00:00,17.100000381469727,17.037092208862305,17.003847122192383,16.89858055114746,16.89858055114746,16.89858055114746,17.037092208862305,17.037092208862305,17.037092208862305,17.037092208862305,17.037092208862305,17.17560577392578
chronos_m4_hourly,207:target,207:target::origin=0,0,chronos_t5_tiny,0,862793191,chronos_samples,3,2010-06-02 15:00:00,16.799999237060547,16.621553421020508,16.66726303100586,16.48303985595703,16.621553421020508,16.621553421020508,16.621553421020508,16.621553421020508,16.76006507873535,16.76006507873535,16.76006507873535,16.76006507873535
chronos_m4_hourly,207:target,207:target::origin=0,0,chronos_t5_tiny,0,862793191,chronos_samples,4,2010-06-02 16:00:00,16.5,16.344528198242188,16.35283851623535,16.20601463317871,16.20601463317871,16.344528198242188,16.344528198242188,16.344528198242188,16.344528198242188,16.344528198242188,16.48303985595703,16.48303985595703
chronos_m4_hourly,207:target,207:target::origin=0,0,chronos_t5_tiny,0,862793191,chronos_samples,5,2010-06-02 17:00:00,16.200000762939453,16.20601463317871,16.16168975830078,16.067501068115234,16.067501068115234,16.067501068115234,16.067501068115234,16.20601463317871,16.20601463317871,16.20601463317871,16.20601463317871,16.344528198242188
chronos_m4_hourly,207:target,207:target::origin=0,0,chronos_t5_tiny,0,862793191,chronos_samples,6,2010-06-02 18:00:00,16.5,16.48303985595703,16.478883743286133,16.344528198242188,16.344528198242188,16.344528198242188,16.48303985595703,16.48303985595703,16.48303985595703,16.48303985595703,16.621553421020508,16.621553421020508
chronos_m4_hourly,207:target,207:target::origin=0,0,chronos_t5_tiny,0,862793191,chronos_samples,7,2010-06-02 19:00:00,17.899999618530273,17.8681697845459,17.83631134033203,17.729656219482422,17.729656219482422,17.729656219482422,17.729656219482422,17.8681697845459,17.8681697845459,17.8681697845459,17.8681697845459,18.006683349609375
chronos_m4_hourly,207:target,207:target::origin=0,0,chronos_t5_tiny,0,862793191,chronos_samples,8,2010-06-02 20:00:00,19.399999618530273,19.39181137084961,19.39458465576172,19.253299713134766,19.39181137084961,19.39181137084961,19.39181137084961,19.39181137084961,19.39181137084961,19.39181137084961,19.39181137084961,19.530324935913086
chronos_m4_hourly,207:target,207:target::origin=0,0,chronos_t5_tiny,0,862793191,chronos_samples,9,2010-06-02 21:00:00,20.899999618530273,20.776941299438477,20.825422286987305,20.638429641723633,20.776941299438477,20.776941299438477,20.776941299438477,20.776941299438477,20.776941299438477,20.915454864501953,20.915454864501953,20.915454864501953
chronos_m4_hourly,207:target,207:target::origin=0,0,chronos_t5_tiny,0,862793191,chronos_samples,10,2010-06-02 22:00:00,22.200000762939453,22.16206932067871,22.216089248657227,22.16206932067871,22.16206932067871,22.16206932067871,22.16206932067871,22.16206932067871,22.16206932067871,22.30058479309082,22.30058479309082,22.30058479309082
chronos_m4_hourly,207:target,207:target::origin=0,0,chronos_t5_tiny,0,862793191,chronos_samples,11,2010-06-02 23:00:00,23.299999237060547,23.270174026489258,23.261865615844727,23.131662368774414,23.131662368774414,23.270174026489258,23.270174026489258,23.270174026489258,23.270174026489258,23.270174026489258,23.270174026489258,23.408687591552734
chronos_m4_hourly,207:target,207:target::origin=0,0,chronos_t5_tiny,0,862793191,chronos_samples,12,2010-06-03 00:00:00,24.200000762939453,24.239765167236328,24.206523895263672,24.10125160217285,24.10125160217285,24.10125160217285,24.239765167236328,24.239765167236328,24.239765167236328,24.239765167236328,24.239765167236328,24.253616333007812
chronos_m4_hourly,207:target,207:target::origin=0,0,chronos_t5_tiny,0,862793191,chronos_samples,13,2010-06-03 01:00:00,24.799999237060547,24.655305862426758,24.742570877075195,24.655305862426758,24.655305862426758,24.655305862426758,24.655305862426758,24.655305862426758,24.7938175201416,24.7938175201416,24.7938175201416,24.932331085205078
chronos_m4_hourly,207:target,207:target::origin=0,0,chronos_t5_tiny,0,862793191,chronos_samples,14,2010-06-03 02:00:00,25.200000762939453,25.070844650268555,25.135942459106445,25.070844650268555,25.070844650268555,25.070844650268555,25.070844650268555,25.070844650268555,25.2093563079834,25.2093563079834,25.2093563079834,25.2093563079834
chronos_m4_hourly,207:target,207:target::origin=0,0,chronos_t5_tiny,0,862793191,chronos_samples,15,2010-06-03 03:00:00,25.200000762939453,25.2093563079834,25.214895248413086,25.070844650268555,25.070844650268555,25.167802810668945,25.2093563079834,25.2093563079834,25.2093563079834,25.25090980529785,25.347869873046875,25.347869873046875
chronos_m4_hourly,207:target,207:target::origin=0,0,chronos_t5_tiny,0,862793191,chronos_samples,16,2010-06-03 04:00:00,24.899999618530273,24.932331085205078,24.953109741210938,24.7938175201416,24.7938175201416,24.932331085205078,24.932331085205078,24.932331085205078,24.932331085205078,25.070844650268555,25.070844650268555,25.070844650268555
chronos_m4_hourly,207:target,207:target::origin=0,0,chronos_t5_tiny,0,862793191,chronos_samples,17,2010-06-03 05:00:00,24.5,24.378276824951172,24.3907413482666,24.239765167236328,24.239765167236328,24.378276824951172,24.378276824951172,24.378276824951172,24.378276824951172,24.378276824951172,24.51679039001465,24.51679039001465
chronos_m4_hourly,207:target,207:target::origin=0,0,chronos_t5_tiny,0,862793191,chronos_samples,18,2010-06-03 06:00:00,23.799999237060547,23.685712814331055,23.641386032104492,23.54720115661621,23.54720115661621,23.54720115661621,23.685712814331055,23.685712814331055,23.685712814331055,23.685712814331055,23.685712814331055,23.82422637939453
chronos_m4_hourly,207:target,207:target::origin=0,0,chronos_t5_tiny,0,862793191,chronos_samples,19,2010-06-03 07:00:00,22.600000381469727,22.57761001586914,22.533283233642578,22.439098358154297,22.439098358154297,22.439098358154297,22.57761001586914,22.57761001586914,22.57761001586914,22.57761001586914,22.57761001586914,22.716123580932617
chronos_m4_hourly,207:target,207:target::origin=0,0,chronos_t5_tiny,0,862793191,chronos_samples,20,2010-06-03 08:00:00,21.200000762939453,21.192480087280273,21.204946517944336,21.05396842956543,21.192480087280273,21.192480087280273,21.192480087280273,21.192480087280273,21.192480087280273,21.33099365234375,21.33099365234375,21.33099365234375
chronos_m4_hourly,207:target,207:target::origin=0,0,chronos_t5_tiny,0,862793191,chronos_samples,21,2010-06-03 09:00:00,20.299999237060547,20.361404418945312,20.325389862060547,20.222890853881836,20.222890853881836,20.222890853881836,20.361404418945312,20.361404418945312,20.361404418945312,20.361404418945312,20.361404418945312,20.499916076660156
chronos_m4_hourly,207:target,207:target::origin=0,0,chronos_t5_tiny,0,862793191,chronos_samples,22,2010-06-03 10:00:00,19.600000381469727,19.530324935913086,19.506776809692383,19.39181137084961,19.39181137084961,19.530324935913086,19.530324935913086,19.530324935913086,19.530324935913086,19.530324935913086,19.530324935913086,19.66883659362793
chronos_m4_hourly,207:target,207:target::origin=0,0,chronos_t5_tiny,0,862793191,chronos_samples,23,2010-06-03 11:00:00,18.799999237060547,18.83776092529297,18.8059024810791,18.699247360229492,18.699247360229492,18.699247360229492,18.83776092529297,18.83776092529297,18.83776092529297,18.83776092529297,18.83776092529297,18.976272583007812
chronos_m4_hourly,207:target,207:target::origin=0,0,chronos_t5_tiny,0,862793191,chronos_samples,24,2010-06-03 12:00:00,17.899999618530273,17.8681697845459,17.915264129638672,17.729656219482422,17.729656219482422,17.8681697845459,17.8681697845459,17.8681697845459,18.006683349609375,18.006683349609375,18.006683349609375,18.14519691467285
chronos_m4_hourly,207:target,207:target::origin=0,0,chronos_t5_tiny,0,862793191,chronos_samples,25,2010-06-03 13:00:00,17.799999237060547,17.591144561767578,17.61607551574707,17.4526309967041,17.56344223022461,17.591144561767578,17.591144561767578,17.591144561767578,17.591144561767578,17.729656219482422,17.729656219482422,17.729656219482422
chronos_m4_hourly,207:target,207:target::origin=0,0,chronos_t5_tiny,0,862793191,chronos_samples,26,2010-06-03 14:00:00,17.299999237060547,17.17560577392578,17.139591217041016,17.037092208862305,17.037092208862305,17.037092208862305,17.120201110839844,17.17560577392578,17.17560577392578,17.17560577392578,17.17560577392578,17.314119338989258
chronos_m4_hourly,207:target,207:target::origin=0,0,chronos_t5_tiny,0,862793191,chronos_samples,27,2010-06-03 15:00:00,16.899999618530273,16.76006507873535,16.760066986083984,16.621553421020508,16.621553421020508,16.76006507873535,16.76006507873535,16.76006507873535,16.76006507873535,16.76006507873535,16.89858055114746,16.89858055114746
chronos_m4_hourly,207:target,207:target::origin=0,0,chronos_t5_tiny,0,862793191,chronos_samples,28,2010-06-03 16:00:00,16.700000762939453,16.344528198242188,16.405471801757812,16.20601463317871,16.344528198242188,16.344528198242188,16.344528198242188,16.344528198242188,16.48303985595703,16.48303985595703,16.48303985595703,16.621553421020508
chronos_m4_hourly,207:target,207:target::origin=0,0,chronos_t5_tiny,0,862793191,chronos_samples,29,2010-06-03 17:00:00,16.399999618530273,16.20601463317871,16.21709442138672,16.067501068115234,16.067501068115234,16.20601463317871,16.20601463317871,16.20601463317871,16.20601463317871,16.344528198242188,16.344528198242188,16.344528198242188
chronos_m4_hourly,207:target,207:target::origin=0,0,chronos_t5_tiny,0,862793191,chronos_samples,30,2010-06-03 18:00:00,16.600000381469727,16.621553421020508,16.610471725463867,16.48303985595703,16.48303985595703,16.48303985595703,16.48303985595703,16.621553421020508,16.621553421020508,16.621553421020508,16.76006507873535,16.76006507873535
chronos_m4_hourly,207:target,207:target::origin=0,0,chronos_t5_tiny,0,862793191,chronos_samples,31,2010-06-03 19:00:00,18.100000381469727,18.006683349609375,17.973438262939453,17.8681697845459,17.8681697845459,17.8681697845459,17.8681697845459,18.006683349609375,18.006683349609375,18.006683349609375,18.006683349609375,18.14519691467285
chronos_m4_hourly,207:target,207:target::origin=0,0,chronos_t5_tiny,0,862793191,chronos_samples,32,2010-06-03 20:00:00,19.600000381469727,19.530324935913086,19.530324935913086,19.39181137084961,19.39181137084961,19.39181137084961,19.530324935913086,19.530324935913086,19.530324935913086,19.530324935913086,19.66883659362793,19.66883659362793
chronos_m4_hourly,207:target,207:target::origin=0,0,chronos_t5_tiny,0,862793191,chronos_samples,33,2010-06-03 21:00:00,21.100000381469727,20.915454864501953,20.966703414916992,20.776941299438477,20.915454864501953,20.915454864501953,20.915454864501953,20.915454864501953,21.05396842956543,21.05396842956543,21.05396842956543,21.05396842956543
chronos_m4_hourly,207:target,207:target::origin=0,0,chronos_t5_tiny,0,862793191,chronos_samples,34,2010-06-03 22:00:00,22.399999618530273,22.30058479309082,22.3670711517334,22.16206932067871,22.30058479309082,22.30058479309082,22.30058479309082,22.30058479309082,22.439098358154297,22.439098358154297,22.439098358154297,22.439098358154297
chronos_m4_hourly,207:target,207:target::origin=0,0,chronos_t5_tiny,0,862793191,chronos_samples,35,2010-06-03 23:00:00,23.5,23.408687591552734,23.436391830444336,23.270174026489258,23.408687591552734,23.408687591552734,23.408687591552734,23.408687591552734,23.408687591552734,23.54720115661621,23.54720115661621,23.54720115661621
chronos_m4_hourly,207:target,207:target::origin=0,0,chronos_t5_tiny,0,862793191,chronos_samples,36,2010-06-04 00:00:00,24.399999618530273,24.239765167236328,24.311790466308594,24.239765167236328,24.239765167236328,24.239765167236328,24.239765167236328,24.239765167236328,24.378276824951172,24.378276824951172,24.378276824951172,24.378276824951172
chronos_m4_hourly,207:target,207:target::origin=0,0,chronos_t5_tiny,0,862793191,chronos_samples,37,2010-06-04 01:00:00,25.0,24.932331085205078,24.8935489654541,24.7938175201416,24.7938175201416,24.7938175201416,24.932331085205078,24.932331085205078,24.932331085205078,24.932331085205078,24.932331085205078,25.070844650268555
chronos_m4_hourly,207:target,207:target::origin=0,0,chronos_t5_tiny,0,862793191,chronos_samples,38,2010-06-04 02:00:00,25.399999618530273,25.347869873046875,25.286924362182617,25.2093563079834,25.2093563079834,25.2093563079834,25.2093563079834,25.347869873046875,25.347869873046875,25.347869873046875,25.347869873046875,25.347869873046875
chronos_m4_hourly,207:target,207:target::origin=0,0,chronos_t5_tiny,0,862793191,chronos_samples,39,2010-06-04 03:00:00,25.299999237060547,25.347869873046875,25.360336303710938,25.2093563079834,25.2093563079834,25.347869873046875,25.347869873046875,25.347869873046875,25.347869873046875,25.48638153076172,25.48638153076172,25.48638153076172
chronos_m4_hourly,207:target,207:target::origin=0,0,chronos_t5_tiny,0,862793191,chronos_samples,40,2010-06-04 04:00:00,25.100000381469727,25.070844650268555,25.117937088012695,24.932331085205078,25.043142318725586,25.070844650268555,25.070844650268555,25.070844650268555,25.2093563079834,25.2093563079834,25.2093563079834,25.347869873046875
chronos_m4_hourly,207:target,207:target::origin=0,0,chronos_t5_tiny,0,862793191,chronos_samples,41,2010-06-04 05:00:00,24.600000381469727,24.51679039001465,24.545879364013672,24.378276824951172,24.378276824951172,24.51679039001465,24.51679039001465,24.51679039001465,24.655305862426758,24.655305862426758,24.655305862426758,24.669157028198242
chronos_m4_hourly,207:target,207:target::origin=0,0,chronos_t5_tiny,0,862793191,chronos_samples,42,2010-06-04 06:00:00,23.899999618530273,23.82422637939453,23.781286239624023,23.685712814331055,23.685712814331055,23.685712814331055,23.685712814331055,23.82422637939453,23.82422637939453,23.82422637939453,23.82422637939453,23.962739944458008
chronos_m4_hourly,207:target,207:target::origin=0,0,chronos_t5_tiny,0,862793191,chronos_samples,43,2010-06-04 07:00:00,22.700000762939453,22.716123580932617,22.666259765625,22.439098358154297,22.57761001586914,22.57761001586914,22.716123580932617,22.716123580932617,22.716123580932617,22.716123580932617,22.716123580932617,22.854637145996094
chronos_m4_hourly,207:target,207:target::origin=0,0,chronos_t5_tiny,0,862793191,chronos_samples,44,2010-06-04 08:00:00,21.299999237060547,21.33099365234375,21.3489990234375,21.192480087280273,21.192480087280273,21.33099365234375,21.33099365234375,21.33099365234375,21.33099365234375,21.469505310058594,21.469505310058594,21.60801887512207
chronos_m4_hourly,207:target,207:target::origin=0,0,chronos_t5_tiny,0,862793191,chronos_samples,45,2010-06-04 09:00:00,20.399999618530273,20.499916076660156,20.4389705657959,20.222890853881836,20.361404418945312,20.361404418945312,20.361404418945312,20.499916076660156,20.499916076660156,20.499916076660156,20.638429641723633,20.638429641723633
chronos_m4_hourly,207:target,207:target::origin=0,0,chronos_t5_tiny,0,862793191,chronos_samples,46,2010-06-04 10:00:00,19.700000762939453,19.66883659362793,19.643903732299805,19.530324935913086,19.530324935913086,19.530324935913086,19.66883659362793,19.66883659362793,19.66883659362793,19.66883659362793,19.807350158691406,19.807350158691406
chronos_m4_hourly,207:target,207:target::origin=0,0,chronos_t5_tiny,0,862793191,chronos_samples,47,2010-06-04 11:00:00,18.899999618530273,18.976272583007812,18.930564880371094,18.83776092529297,18.83776092529297,18.83776092529297,18.976272583007812,18.976272583007812,18.976272583007812,18.976272583007812,18.976272583007812,19.11478614807129
chronos_m4_hourly,207:target,207:target::origin=0,0,timesfm_2_5_200m,0,1095395625,timesfm_quantiles,0,2010-06-02 12:00:00,17.700000762939453,17.920534133911133,17.9508056640625,17.787010192871094,17.871124267578125,17.88855743408203,17.899450302124023,17.920534133911133,17.942779541015625,17.965229034423828,18.000356674194336,18.068811416625977
chronos_m4_hourly,207:target,207:target::origin=0,0,timesfm_2_5_200m,0,1095395625,timesfm_quantiles,1,2010-06-02 13:00:00,17.700000762939453,17.57533836364746,17.651325225830078,17.448287963867188,17.491764068603516,17.51698875427246,17.559823989868164,17.57533836364746,17.599828720092773,17.65709686279297,17.692384719848633,17.778467178344727
chronos_m4_hourly,207:target,207:target::origin=0,0,timesfm_2_5_200m,0,1095395625,timesfm_quantiles,2,2010-06-02 14:00:00,17.100000381469727,17.085811614990234,17.08818244934082,16.909574508666992,16.984086990356445,17.021501541137695,17.0531063079834,17.085811614990234,17.131668090820312,17.182300567626953,17.233287811279297,17.292518615722656
chronos_m4_hourly,207:target,207:target::origin=0,0,timesfm_2_5_200m,0,1095395625,timesfm_quantiles,3,2010-06-02 15:00:00,16.799999237060547,16.78734016418457,16.813030242919922,16.59625244140625,16.657705307006836,16.71076202392578,16.743871688842773,16.78734016418457,16.842376708984375,16.880796432495117,16.91593360900879,16.99024200439453
chronos_m4_hourly,207:target,207:target::origin=0,0,timesfm_2_5_200m,0,1095395625,timesfm_quantiles,4,2010-06-02 16:00:00,16.5,16.400875091552734,16.466663360595703,16.187789916992188,16.263633728027344,16.307336807250977,16.371734619140625,16.400875091552734,16.439104080200195,16.487966537475586,16.55309295654297,16.619972229003906
chronos_m4_hourly,207:target,207:target::origin=0,0,timesfm_2_5_200m,0,1095395625,timesfm_quantiles,5,2010-06-02 17:00:00,16.200000762939453,16.22430419921875,16.182649612426758,16.056106567382812,16.08647918701172,16.15610122680664,16.193994522094727,16.22430419921875,16.268592834472656,16.285493850708008,16.35281753540039,16.38153076171875
chronos_m4_hourly,207:target,207:target::origin=0,0,timesfm_2_5_200m,0,1095395625,timesfm_quantiles,6,2010-06-02 18:00:00,16.5,16.553768157958984,16.53272819519043,16.4027042388916,16.44778060913086,16.4981632232666,16.530776977539062,16.553768157958984,16.594621658325195,16.639490127563477,16.679840087890625,16.70552635192871
chronos_m4_hourly,207:target,207:target::origin=0,0,timesfm_2_5_200m,0,1095395625,timesfm_quantiles,7,2010-06-02 19:00:00,17.899999618530273,17.792613983154297,17.808433532714844,17.634191513061523,17.690523147583008,17.750272750854492,17.767148971557617,17.792613983154297,17.817354202270508,17.826215744018555,17.87541961669922,17.979354858398438
chronos_m4_hourly,207:target,207:target::origin=0,0,timesfm_2_5_200m,0,1095395625,timesfm_quantiles,8,2010-06-02 20:00:00,19.399999618530273,19.390275955200195,19.445981979370117,19.23322296142578,19.33565330505371,19.34524154663086,19.36767578125,19.390275955200195,19.42392921447754,19.465831756591797,19.467235565185547,19.555185317993164
chronos_m4_hourly,207:target,207:target::origin=0,0,timesfm_2_5_200m,0,1095395625,timesfm_quantiles,9,2010-06-02 21:00:00,20.899999618530273,20.858551025390625,20.803314208984375,20.70521354675293,20.76254653930664,20.785417556762695,20.831256866455078,20.858551025390625,20.888593673706055,20.925867080688477,20.954614639282227,21.005891799926758
chronos_m4_hourly,207:target,207:target::origin=0,0,timesfm_2_5_200m,0,1095395625,timesfm_quantiles,10,2010-06-02 22:00:00,22.200000762939453,22.189786911010742,22.196502685546875,22.00916862487793,22.06769371032715,22.138446807861328,22.166873931884766,22.189786911010742,22.23627471923828,22.251922607421875,22.32761001586914,22.34497833251953
chronos_m4_hourly,207:target,207:target::origin=0,0,timesfm_2_5_200m,0,1095395625,timesfm_quantiles,11,2010-06-02 23:00:00,23.299999237060547,23.339797973632812,23.352909088134766,23.177093505859375,23.213571548461914,23.244550704956055,23.28178596496582,23.339797973632812,23.383102416992188,23.431180953979492,23.46499252319336,23.53329086303711
chronos_m4_hourly,207:target,207:target::origin=0,0,timesfm_2_5_200m,0,1095395625,timesfm_quantiles,12,2010-06-03 00:00:00,24.200000762939453,24.181413650512695,24.123455047607422,23.998760223388672,24.094572067260742,24.155317306518555,24.181413650512695,24.181413650512695,24.2110538482666,24.236757278442383,24.311737060546875,24.418701171875
chronos_m4_hourly,207:target,207:target::origin=0,0,timesfm_2_5_200m,0,1095395625,timesfm_quantiles,13,2010-06-03 01:00:00,24.799999237060547,24.788082122802734,24.754629135131836,24.65086555480957,24.699932098388672,24.720354080200195,24.73481559753418,24.788082122802734,24.836559295654297,24.844234466552734,24.894100189208984,24.938739776611328
chronos_m4_hourly,207:target,207:target::origin=0,0,timesfm_2_5_200m,0,1095395625,timesfm_quantiles,14,2010-06-03 02:00:00,25.200000762939453,25.139694213867188,25.071327209472656,25.00244903564453,25.076980590820312,25.093650817871094,25.110301971435547,25.139694213867188,25.172630310058594,25.202760696411133,25.2121639251709,25.28099822998047
chronos_m4_hourly,207:target,207:target::origin=0,0,timesfm_2_5_200m,0,1095395625,timesfm_quantiles,15,2010-06-03 03:00:00,25.200000762939453,25.166858673095703,25.171524047851562,25.010780334472656,25.07911491394043,25.107603073120117,25.110004425048828,25.166858673095703,25.186851501464844,25.199907302856445,25.230226516723633,25.292484283447266
chronos_m4_hourly,207:target,207:target::origin=0,0,timesfm_2_5_200m,0,1095395625,timesfm_quantiles,16,2010-06-03 04:00:00,24.899999618530273,24.908817291259766,24.90871810913086,24.75337028503418,24.81399154663086,24.852083206176758,24.875934600830078,24.908817291259766,24.950525283813477,24.976337432861328,25.018001556396484,25.075212478637695
chronos_m4_hourly,207:target,207:target::origin=0,0,timesfm_2_5_200m,0,1095395625,timesfm_quantiles,17,2010-06-03 05:00:00,24.5,24.39052391052246,24.408950805664062,24.246347427368164,24.302663803100586,24.345226287841797,24.360305786132812,24.39052391052246,24.42355728149414,24.4414005279541,24.486814498901367,24.5430965423584
chronos_m4_hourly,207:target,207:target::origin=0,0,timesfm_2_5_200m,0,1095395625,timesfm_quantiles,18,2010-06-03 06:00:00,23.799999237060547,23.727985382080078,23.776573181152344,23.518234252929688,23.602706909179688,23.631690979003906,23.66903305053711,23.727985382080078,23.76306915283203,23.802961349487305,23.826770782470703,23.949357986450195
chronos_m4_hourly,207:target,207:target::origin=0,0,timesfm_2_5_200m,0,1095395625,timesfm_quantiles,19,2010-06-03 07:00:00,22.600000381469727,22.52652931213379,22.511329650878906,22.325056076049805,22.404489517211914,22.44399642944336,22.48217010498047,22.52652931213379,22.52652931213379,22.57229995727539,22.61774444580078,22.73240852355957
chronos_m4_hourly,207:target,207:target::origin=0,0,timesfm_2_5_200m,0,1095395625,timesfm_quantiles,20,2010-06-03 08:00:00,21.200000762939453,21.267818450927734,21.239299774169922,21.083213806152344,21.162450790405273,21.164024353027344,21.235210418701172,21.267818450927734,21.281797409057617,21.33356285095215,21.342525482177734,21.453964233398438
chronos_m4_hourly,207:target,207:target::origin=0,0,timesfm_2_5_200m,0,1095395625,timesfm_quantiles,21,2010-06-03 09:00:00,20.299999237060547,20.35581398010254,20.373775482177734,20.196016311645508,20.259517669677734,20.270902633666992,20.310693740844727,20.35581398010254,20.35581398010254,20.39887237548828,20.420560836791992,20.478206634521484
chronos_m4_hourly,207:target,207:target::origin=0,0,timesfm_2_5_200m,0,1095395625,timesfm_quantiles,22,2010-06-03 10:00:00,19.600000381469727,19.60841941833496,19.597654342651367,19.443538665771484,19.495437622070312,19.571584701538086,19.57546043395996,19.60841941833496,19.620954513549805,19.620954513549805,19.649677276611328,19.706138610839844
chronos_m4_hourly,207:target,207:target::origin=0,0,timesfm_2_5_200m,0,1095395625,timesfm_quantiles,23,2010-06-03 11:00:00,18.799999237060547,18.88961410522461,18.81913948059082,18.73194694519043,18.781661987304688,18.8795166015625,18.8795166015625,18.88961410522461,18.88961410522461,18.905014038085938,18.969799041748047,19.057645797729492
chronos_m4_hourly,207:target,207:target::origin=0,0,timesfm_2_5_200m,0,1095395625,timesfm_quantiles,24,2010-06-03 12:00:00,17.899999618530273,18.112831115722656,18.105070114135742,17.911245346069336,18.052379608154297,18.082422256469727,18.097272872924805,18.112831115722656,18.14015007019043,18.184814453125,18.201440811157227,18.308910369873047
chronos_m4_hourly,207:target,207:target::origin=0,0,timesfm_2_5_200m,0,1095395625,timesfm_quantiles,25,2010-06-03 13:00:00,17.799999237060547,17.7851619720459,17.738174438476562,17.58502769470215,17.684925079345703,17.725730895996094,17.759790420532227,17.7851619720459,17.79869842529297,17.870393753051758,17.901851654052734,18.02229881286621
chronos_m4_hourly,207:target,207:target::origin=0,0,timesfm_2_5_200m,0,1095395625,timesfm_quantiles,26,2010-06-03 14:00:00,17.299999237060547,17.294979095458984,17.286418914794922,17.04151153564453,17.145793914794922,17.2039852142334,17.24232292175293,17.294979095458984,17.32427978515625,17.431373596191406,17.439929962158203,17.545568466186523
chronos_m4_hourly,207:target,207:target::origin=0,0,timesfm_2_5_200m,0,1095395625,timesfm_quantiles,27,2010-06-03 15:00:00,16.899999618530273,16.977134704589844,16.9935302734375,16.756160736083984,16.810794830322266,16.919675827026367,16.959321975708008,16.977134704589844,17.012371063232422,17.07328224182129,17.122783660888672,17.19440460205078
chronos_m4_hourly,207:target,207:target::origin=0,0,timesfm_2_5_200m,0,1095395625,timesfm_quantiles,28,2010-06-03 16:00:00,16.700000762939453,16.626096725463867,16.60413360595703,16.426162719726562,16.489286422729492,16.568750381469727,16.621294021606445,16.626096725463867,16.651216506958008,16.712831497192383,16.76614761352539,16.8282470703125
chronos_m4_hourly,207:target,207:target::origin=0,0,timesfm_2_5_200m,0,1095395625,timesfm_quantiles,29,2010-06-03 17:00:00,16.399999618530273,16.443532943725586,16.381336212158203,16.16560935974121,16.292110443115234,16.371492385864258,16.386213302612305,16.443532943725586,16.49087142944336,16.50008773803711,16.53472137451172,16.670740127563477
chronos_m4_hourly,207:target,207:target::origin=0,0,timesfm_2_5_200m,0,1095395625,timesfm_quantiles,30,2010-06-03 18:00:00,16.600000381469727,16.761600494384766,16.767030715942383,16.517898559570312,16.643861770629883,16.75423812866211,16.75423812866211,16.761600494384766,16.796396255493164,16.796396255493164,16.866090774536133,16.98482894897461
chronos_m4_hourly,207:target,207:target::origin=0,0,timesfm_2_5_200m,0,1095395625,timesfm_quantiles,31,2010-06-03 19:00:00,18.100000381469727,18.016357421875,18.009614944458008,17.817087173461914,17.91886329650879,17.960582733154297,18.00986671447754,18.016357421875,18.016357421875,18.065792083740234,18.094745635986328,18.17116355895996
chronos_m4_hourly,207:target,207:target::origin=0,0,timesfm_2_5_200m,0,1095395625,timesfm_quantiles,32,2010-06-03 20:00:00,19.600000381469727,19.570390701293945,19.55767822265625,19.37224769592285,19.48452377319336,19.512191772460938,19.538122177124023,19.570390701293945,19.597793579101562,19.631010055541992,19.6419620513916,19.725605010986328
chronos_m4_hourly,207:target,207:target::origin=0,0,timesfm_2_5_200m,0,1095395625,timesfm_quantiles,33,2010-06-03 21:00:00,21.100000381469727,21.068607330322266,21.0412540435791,20.842864990234375,20.97276496887207,21.035146713256836,21.058372497558594,21.068607330322266,21.103099822998047,21.127445220947266,21.15923309326172,21.256187438964844
chronos_m4_hourly,207:target,207:target::origin=0,0,timesfm_2_5_200m,0,1095395625,timesfm_quantiles,34,2010-06-03 22:00:00,22.399999618530273,22.398679733276367,22.415271759033203,22.222862243652344,22.271509170532227,22.335004806518555,22.35249137878418,22.398679733276367,22.422061920166016,22.466388702392578,22.50664520263672,22.553062438964844
chronos_m4_hourly,207:target,207:target::origin=0,0,timesfm_2_5_200m,0,1095395625,timesfm_quantiles,35,2010-06-03 23:00:00,23.5,23.528579711914062,23.519275665283203,23.322784423828125,23.432058334350586,23.45298194885254,23.47918128967285,23.528579711914062,23.5614013671875,23.6170711517334,23.6170711517334,23.727636337280273
chronos_m4_hourly,207:target,207:target::origin=0,0,timesfm_2_5_200m,0,1095395625,timesfm_quantiles,36,2010-06-04 00:00:00,24.399999618530273,24.372514724731445,24.34039306640625,24.180145263671875,24.269001007080078,24.300357818603516,24.339393615722656,24.372514724731445,24.38772964477539,24.419151306152344,24.44952392578125,24.549053192138672
chronos_m4_hourly,207:target,207:target::origin=0,0,timesfm_2_5_200m,0,1095395625,timesfm_quantiles,37,2010-06-04 01:00:00,25.0,24.94013786315918,24.939800262451172,24.7762451171875,24.838232040405273,24.87842559814453,24.911067962646484,24.94013786315918,24.963565826416016,24.992219924926758,25.048166275024414,25.112716674804688
chronos_m4_hourly,207:target,207:target::origin=0,0,timesfm_2_5_200m,0,1095395625,timesfm_quantiles,38,2010-06-04 02:00:00,25.399999618530273,25.26547622680664,25.218994140625,25.109378814697266,25.196117401123047,25.217409133911133,25.26547622680664,25.26547622680664,25.28495216369629,25.316452026367188,25.373271942138672,25.478147506713867
chronos_m4_hourly,207:target,207:target::origin=0,0,timesfm_2_5_200m,0,1095395625,timesfm_quantiles,39,2010-06-04 03:00:00,25.299999237060547,25.276691436767578,25.27383804321289,25.117542266845703,25.19320297241211,25.2479190826416,25.273170471191406,25.276691436767578,25.30698013305664,25.339069366455078,25.38607406616211,25.440336227416992
chronos_m4_hourly,207:target,207:target::origin=0,0,timesfm_2_5_200m,0,1095395625,timesfm_quantiles,40,2010-06-04 04:00:00,25.100000381469727,25.024234771728516,24.94861602783203,24.852895736694336,24.943864822387695,24.990070343017578,25.024234771728516,25.024234771728516,25.057323455810547,25.092615127563477,25.136442184448242,25.232587814331055
chronos_m4_hourly,207:target,207:target::origin=0,0,timesfm_2_5_200m,0,1095395625,timesfm_quantiles,41,2010-06-04 05:00:00,24.600000381469727,24.540876388549805,24.5792236328125,24.36879539489746,24.45165252685547,24.51126480102539,24.51126480102539,24.540876388549805,24.60420799255371,24.608287811279297,24.681583404541016,24.75177574157715
chronos_m4_hourly,207:target,207:target::origin=0,0,timesfm_2_5_200m,0,1095395625,timesfm_quantiles,42,2010-06-04 06:00:00,23.899999618530273,23.837575912475586,23.799560546875,23.6090087890625,23.711029052734375,23.755531311035156,23.788318634033203,23.837575912475586,23.867090225219727,23.879867553710938,23.93556785583496,24.03426170349121
chronos_m4_hourly,207:target,207:target::origin=0,0,timesfm_2_5_200m,0,1095395625,timesfm_quantiles,43,2010-06-04 07:00:00,22.700000762939453,22.655559539794922,22.610279083251953,22.436952590942383,22.523509979248047,22.567466735839844,22.61840057373047,22.655559539794922,22.678564071655273,22.708402633666992,22.7552490234375,22.831363677978516
chronos_m4_hourly,207:target,207:target::origin=0,0,timesfm_2_5_200m,0,1095395625,timesfm_quantiles,44,2010-06-04 08:00:00,21.299999237060547,21.371267318725586,21.349653244018555,21.1877384185791,21.264240264892578,21.31576156616211,21.347942352294922,21.371267318725586,21.430660247802734,21.439165115356445,21.499757766723633,21.557151794433594
chronos_m4_hourly,207:target,207:target::origin=0,0,timesfm_2_5_200m,0,1095395625,timesfm_quantiles,45,2010-06-04 09:00:00,20.399999618530273,20.488061904907227,20.484590530395508,20.3376522064209,20.401641845703125,20.432958602905273,20.461570739746094,20.488061904907227,20.523319244384766,20.523319244384766,20.59343719482422,20.640953063964844
chronos_m4_hourly,207:target,207:target::origin=0,0,timesfm_2_5_200m,0,1095395625,timesfm_quantiles,46,2010-06-04 10:00:00,19.700000762939453,19.756834030151367,19.70660400390625,19.586612701416016,19.69362449645996,19.714059829711914,19.718597412109375,19.756834030151367,19.78940773010254,19.800617218017578,19.82040023803711,19.909334182739258
chronos_m4_hourly,207:target,207:target::origin=0,0,timesfm_2_5_200m,0,1095395625,timesfm_quantiles,47,2010-06-04 11:00:00,18.899999618530273,19.047203063964844,19.02810287475586,18.883100509643555,18.959964752197266,19.02488136291504,19.02488136291504,19.047203063964844,19.072463989257812,19.072463989257812,19.1076602935791,19.176368713378906
chronos_m4_hourly,207:target,207:target::origin=0,0,moirai_2_0_small,0,207043030,moirai_quantiles_no_mean,0,2010-06-02 12:00:00,17.700000762939453,17.98754119873047,17.98754119873047,17.821081161499023,17.87557601928711,17.911197662353516,17.95204734802246,17.98754119873047,18.01987648010254,18.061351776123047,18.085891723632812,18.137914657592773
chronos_m4_hourly,207:target,207:target::origin=0,0,moirai_2_0_small,0,207043030,moirai_quantiles_no_mean,1,2010-06-02 13:00:00,17.700000762939453,17.619646072387695,17.619646072387695,17.45215606689453,17.511323928833008,17.53974723815918,17.58816909790039,17.619646072387695,17.645830154418945,17.68349266052246,17.710630416870117,17.77765655517578
chronos_m4_hourly,207:target,207:target::origin=0,0,moirai_2_0_small,0,207043030,moirai_quantiles_no_mean,2,2010-06-02 14:00:00,17.100000381469727,17.254398345947266,17.254398345947266,17.052162170410156,17.12314224243164,17.168556213378906,17.218164443969727,17.254398345947266,17.281280517578125,17.312776565551758,17.335453033447266,17.416339874267578
chronos_m4_hourly,207:target,207:target::origin=0,0,moirai_2_0_small,0,207043030,moirai_quantiles_no_mean,3,2010-06-02 15:00:00,16.799999237060547,16.85995101928711,16.85995101928711,16.65175437927246,16.73157501220703,16.77368927001953,16.824569702148438,16.85995101928711,16.887657165527344,16.918418884277344,16.95165252685547,17.022994995117188
chronos_m4_hourly,207:target,207:target::origin=0,0,moirai_2_0_small,0,207043030,moirai_quantiles_no_mean,4,2010-06-02 16:00:00,16.5,16.562244415283203,16.562244415283203,16.384084701538086,16.441268920898438,16.488447189331055,16.524324417114258,16.562244415283203,16.5877685546875,16.625102996826172,16.662059783935547,16.73701286315918
chronos_m4_hourly,207:target,207:target::origin=0,0,moirai_2_0_small,0,207043030,moirai_quantiles_no_mean,5,2010-06-02 17:00:00,16.200000762939453,16.396821975708008,16.396821975708008,16.148117065429688,16.230260848999023,16.28972053527832,16.34683609008789,16.396821975708008,16.43834686279297,16.476688385009766,16.515607833862305,16.601715087890625
chronos_m4_hourly,207:target,207:target::origin=0,0,moirai_2_0_small,0,207043030,moirai_quantiles_no_mean,6,2010-06-02 18:00:00,16.5,16.736562728881836,16.736562728881836,16.515670776367188,16.585676193237305,16.6390380859375,16.691608428955078,16.736562728881836,16.771228790283203,16.806272506713867,16.837337493896484,16.92338752746582
chronos_m4_hourly,207:target,207:target::origin=0,0,moirai_2_0_small,0,207043030,moirai_quantiles_no_mean,7,2010-06-02 19:00:00,17.899999618530273,17.90311622619629,17.90311622619629,17.705669403076172,17.773935317993164,17.810077667236328,17.862211227416992,17.90311622619629,17.939937591552734,17.97571563720703,18.02345085144043,18.109643936157227
chronos_m4_hourly,207:target,207:target::origin=0,0,moirai_2_0_small,0,207043030,moirai_quantiles_no_mean,8,2010-06-02 20:00:00,19.399999618530273,19.389720916748047,19.389720916748047,19.194795608520508,19.27338218688965,19.311506271362305,19.353092193603516,19.389720916748047,19.430143356323242,19.470937728881836,19.5191707611084,19.61992835998535
chronos_m4_hourly,207:target,207:target::origin=0,0,moirai_2_0_small,0,207043030,moirai_quantiles_no_mean,9,2010-06-02 21:00:00,20.899999618530273,20.918027877807617,20.918027877807617,20.721492767333984,20.804304122924805,20.846046447753906,20.877500534057617,20.918027877807617,20.950035095214844,20.994953155517578,21.05380630493164,21.14163589477539
chronos_m4_hourly,207:target,207:target::origin=0,0,moirai_2_0_small,0,207043030,moirai_quantiles_no_mean,10,2010-06-02 22:00:00,22.200000762939453,22.25295639038086,22.25295639038086,22.07059669494629,22.16105842590332,22.19147491455078,22.221288681030273,22.25295639038086,22.27389907836914,22.313861846923828,22.37116050720215,22.47455596923828
chronos_m4_hourly,207:target,207:target::origin=0,0,moirai_2_0_small,0,207043030,moirai_quantiles_no_mean,11,2010-06-02 23:00:00,23.299999237060547,23.395957946777344,23.395957946777344,23.273216247558594,23.343732833862305,23.348155975341797,23.376096725463867,23.395957946777344,23.42450523376465,23.45647430419922,23.516742706298828,23.6281795501709
chronos_m4_hourly,207:target,207:target::origin=0,0,moirai_2_0_small,0,207043030,moirai_quantiles_no_mean,12,2010-06-03 00:00:00,24.200000762939453,24.272628784179688,24.272628784179688,24.14862823486328,24.24422264099121,24.25394058227539,24.2618408203125,24.272628784179688,24.286176681518555,24.317941665649414,24.376623153686523,24.52482032775879
chronos_m4_hourly,207:target,207:target::origin=0,0,moirai_2_0_small,0,207043030,moirai_quantiles_no_mean,13,2010-06-03 01:00:00,24.799999237060547,24.82969093322754,24.82969093322754,24.760005950927734,24.85515785217285,24.845760345458984,24.83904266357422,24.82969093322754,24.83098602294922,24.849491119384766,24.902774810791016,25.054901123046875
chronos_m4_hourly,207:target,207:target::origin=0,0,moirai_2_0_small,0,207043030,moirai_quantiles_no_mean,14,2010-06-03 02:00:00,25.200000762939453,25.240310668945312,25.240310668945312,25.140602111816406,25.237407684326172,25.250219345092773,25.242353439331055,25.240310668945312,25.238170623779297,25.256553649902344,25.306529998779297,25.45732879638672
chronos_m4_hourly,207:target,207:target::origin=0,0,moirai_2_0_small,0,207043030,moirai_quantiles_no_mean,15,2010-06-03 03:00:00,25.200000762939453,25.25459861755371,25.25459861755371,25.02792739868164,25.195192337036133,25.23748207092285,25.24302101135254,25.25459861755371,25.259740829467773,25.283193588256836,25.340625762939453,25.504383087158203
chronos_m4_hourly,207:target,207:target::origin=0,0,moirai_2_0_small,0,207043030,moirai_quantiles_no_mean,16,2010-06-03 04:00:00,24.899999618530273,24.988941192626953,24.988941192626953,24.723228454589844,24.902475357055664,24.950607299804688,24.974857330322266,24.988941192626953,25.000686645507812,25.01271629333496,25.06049346923828,25.19199562072754
chronos_m4_hourly,207:target,207:target::origin=0,0,moirai_2_0_small,0,207043030,moirai_quantiles_no_mean,17,2010-06-03 05:00:00,24.5,24.504770278930664,24.504770278930664,24.213163375854492,24.386377334594727,24.432937622070312,24.472753524780273,24.504770278930664,24.536170959472656,24.56494140625,24.612674713134766,24.746482849121094
chronos_m4_hourly,207:target,207:target::origin=0,0,moirai_2_0_small,0,207043030,moirai_quantiles_no_mean,18,2010-06-03 06:00:00,23.799999237060547,23.780864715576172,23.780864715576172,23.540599822998047,23.699169158935547,23.735458374023438,23.754261016845703,23.780864715576172,23.79796600341797,23.842370986938477,23.88899803161621,24.007482528686523
chronos_m4_hourly,207:target,207:target::origin=0,0,moirai_2_0_small,0,207043030,moirai_quantiles_no_mean,19,2010-06-03 07:00:00,22.600000381469727,22.56863021850586,22.56863021850586,22.41018295288086,22.518661499023438,22.53827667236328,22.5499210357666,22.56863021850586,22.591503143310547,22.622343063354492,22.662464141845703,22.77077865600586
chronos_m4_hourly,207:target,207:target::origin=0,0,moirai_2_0_small,0,207043030,moirai_quantiles_no_mean,20,2010-06-03 08:00:00,21.200000762939453,21.399919509887695,21.399919509887695,21.32971954345703,21.406158447265625,21.40845489501953,21.39805030822754,21.399919509887695,21.400890350341797,21.41080665588379,21.438507080078125,21.548446655273438
chronos_m4_hourly,207:target,207:target::origin=0,0,moirai_2_0_small,0,207043030,moirai_quantiles_no_mean,21,2010-06-03 09:00:00,20.299999237060547,20.435081481933594,20.435081481933594,20.34419822692871,20.413482666015625,20.41990089416504,20.422557830810547,20.435081481933594,20.444387435913086,20.470108032226562,20.508071899414062,20.620059967041016
chronos_m4_hourly,207:target,207:target::origin=0,0,moirai_2_0_small,0,207043030,moirai_quantiles_no_mean,22,2010-06-03 10:00:00,19.600000381469727,19.60630989074707,19.60630989074707,19.459287643432617,19.51589584350586,19.544239044189453,19.5722599029541,19.60630989074707,19.648168563842773,19.692707061767578,19.732450485229492,19.84177589416504
chronos_m4_hourly,207:target,207:target::origin=0,0,moirai_2_0_small,0,207043030,moirai_quantiles_no_mean,23,2010-06-03 11:00:00,18.799999237060547,18.874698638916016,18.874698638916016,18.690967559814453,18.764333724975586,18.7987003326416,18.832979202270508,18.874698638916016,18.918088912963867,18.960006713867188,19.004438400268555,19.102176666259766
chronos_m4_hourly,207:target,207:target::origin=0,0,moirai_2_0_small,0,207043030,moirai_quantiles_no_mean,24,2010-06-03 12:00:00,17.899999618530273,18.106407165527344,18.106407165527344,17.8603458404541,17.956390380859375,18.009414672851562,18.057031631469727,18.106407165527344,18.145307540893555,18.178531646728516,18.21967887878418,18.314743041992188
chronos_m4_hourly,207:target,207:target::origin=0,0,moirai_2_0_small,0,207043030,moirai_quantiles_no_mean,25,2010-06-03 13:00:00,17.799999237060547,17.74205780029297,17.74205780029297,17.48917579650879,17.58126449584961,17.64120864868164,17.6896915435791,17.74205780029297,17.793441772460938,17.82463264465332,17.86395835876465,17.940319061279297
chronos_m4_hourly,207:target,207:target::origin=0,0,moirai_2_0_small,0,207043030,moirai_quantiles_no_mean,26,2010-06-03 14:00:00,17.299999237060547,17.358654022216797,17.358654022216797,17.142152786254883,17.20801544189453,17.25326919555664,17.3000545501709,17.358654022216797,17.388961791992188,17.411943435668945,17.440399169921875,17.518333435058594
chronos_m4_hourly,207:target,207:target::origin=0,0,moirai_2_0_small,0,207043030,moirai_quantiles_no_mean,27,2010-06-03 15:00:00,16.899999618530273,17.01568603515625,17.01568603515625,16.787416458129883,16.86302375793457,16.92034339904785,16.964475631713867,17.01568603515625,17.059242248535156,17.09307861328125,17.11499786376953,17.165281295776367
chronos_m4_hourly,207:target,207:target::origin=0,0,moirai_2_0_small,0,207043030,moirai_quantiles_no_mean,28,2010-06-03 16:00:00,16.700000762939453,16.698400497436523,16.698400497436523,16.442676544189453,16.51791763305664,16.578035354614258,16.636348724365234,16.698400497436523,16.743976593017578,16.766817092895508,16.78592300415039,16.83524513244629
chronos_m4_hourly,207:target,207:target::origin=0,0,moirai_2_0_small,0,207043030,moirai_quantiles_no_mean,29,2010-06-03 17:00:00,16.399999618530273,16.525033950805664,16.525033950805664,16.23515510559082,16.32940673828125,16.398826599121094,16.46331214904785,16.525033950805664,16.57349967956543,16.604124069213867,16.61737060546875,16.659160614013672
chronos_m4_hourly,207:target,207:target::origin=0,0,moirai_2_0_small,0,207043030,moirai_quantiles_no_mean,30,2010-06-03 18:00:00,16.600000381469727,16.88725471496582,16.88725471496582,16.66366195678711,16.740253448486328,16.790264129638672,16.836511611938477,16.88725471496582,16.926883697509766,16.933948516845703,16.93672752380371,16.961414337158203
chronos_m4_hourly,207:target,207:target::origin=0,0,moirai_2_0_small,0,207043030,moirai_quantiles_no_mean,31,2010-06-03 19:00:00,18.100000381469727,18.135940551757812,18.135940551757812,17.900054931640625,17.96221160888672,18.02370834350586,18.071828842163086,18.135940551757812,18.173294067382812,18.19573974609375,18.216487884521484,18.263093948364258
chronos_m4_hourly,207:target,207:target::origin=0,0,moirai_2_0_small,0,207043030,moirai_quantiles_no_mean,32,2010-06-03 20:00:00,19.600000381469727,19.61326026916504,19.61326026916504,19.4379940032959,19.49497413635254,19.53074836730957,19.57468032836914,19.61326026916504,19.645931243896484,19.687639236450195,19.716609954833984,19.771696090698242
chronos_m4_hourly,207:target,207:target::origin=0,0,moirai_2_0_small,0,207043030,moirai_quantiles_no_mean,33,2010-06-03 21:00:00,21.100000381469727,21.081457138061523,21.081457138061523,20.999937057495117,21.022552490234375,21.040145874023438,21.04996109008789,21.081457138061523,21.09637451171875,21.121063232421875,21.151762008666992,21.211286544799805
chronos_m4_hourly,207:target,207:target::origin=0,0,moirai_2_0_small,0,207043030,moirai_quantiles_no_mean,34,2010-06-03 22:00:00,22.399999618530273,22.446470260620117,22.446470260620117,22.37590217590332,22.428955078125,22.44222640991211,22.438316345214844,22.446470260620117,22.45574188232422,22.466463088989258,22.50736427307129,22.573610305786133
chronos_m4_hourly,207:target,207:target::origin=0,0,moirai_2_0_small,0,207043030,moirai_quantiles_no_mean,35,2010-06-03 23:00:00,23.5,23.541847229003906,23.541847229003906,23.455554962158203,23.52893829345703,23.536544799804688,23.53972053527832,23.541847229003906,23.542953491210938,23.5609188079834,23.61599349975586,23.711135864257812
chronos_m4_hourly,207:target,207:target::origin=0,0,moirai_2_0_small,0,207043030,moirai_quantiles_no_mean,36,2010-06-04 00:00:00,24.399999618530273,24.463960647583008,24.463960647583008,24.333072662353516,24.437694549560547,24.457836151123047,24.450157165527344,24.463960647583008,24.471134185791016,24.494579315185547,24.540172576904297,24.650484085083008
chronos_m4_hourly,207:target,207:target::origin=0,0,moirai_2_0_small,0,207043030,moirai_quantiles_no_mean,37,2010-06-04 01:00:00,25.0,25.08222770690918,25.08222770690918,24.907747268676758,25.018306732177734,25.056955337524414,25.058956146240234,25.08222770690918,25.085323333740234,25.11441421508789,25.16790199279785,25.262325286865234
chronos_m4_hourly,207:target,207:target::origin=0,0,moirai_2_0_small,0,207043030,moirai_quantiles_no_mean,38,2010-06-04 02:00:00,25.399999618530273,25.42536163330078,25.42536163330078,25.278745651245117,25.3726863861084,25.40542984008789,25.41277313232422,25.42536163330078,25.445554733276367,25.46881103515625,25.5198917388916,25.63675308227539
chronos_m4_hourly,207:target,207:target::origin=0,0,moirai_2_0_small,0,207043030,moirai_quantiles_no_mean,39,2010-06-04 03:00:00,25.299999237060547,25.3724365234375,25.3724365234375,25.237659454345703,25.3278865814209,25.35381507873535,25.358524322509766,25.3724365234375,25.396974563598633,25.422809600830078,25.487060546875,25.598539352416992
chronos_m4_hourly,207:target,207:target::origin=0,0,moirai_2_0_small,0,207043030,moirai_quantiles_no_mean,40,2010-06-04 04:00:00,25.100000381469727,25.115276336669922,25.115276336669922,24.885995864868164,24.997074127197266,25.050506591796875,25.079347610473633,25.115276336669922,25.151046752929688,25.191293716430664,25.276512145996094,25.39740562438965
chronos_m4_hourly,207:target,207:target::origin=0,0,moirai_2_0_small,0,207043030,moirai_quantiles_no_mean,41,2010-06-04 05:00:00,24.600000381469727,24.542049407958984,24.542049407958984,24.323993682861328,24.418270111083984,24.464214324951172,24.491233825683594,24.542049407958984,24.587995529174805,24.639755249023438,24.734777450561523,24.908672332763672
chronos_m4_hourly,207:target,207:target::origin=0,0,moirai_2_0_small,0,207043030,moirai_quantiles_no_mean,42,2010-06-04 06:00:00,23.899999618530273,23.86297607421875,23.86297607421875,23.547266006469727,23.68359375,23.753318786621094,23.797718048095703,23.86297607421875,23.924131393432617,23.987337112426758,24.0848331451416,24.25345230102539
chronos_m4_hourly,207:target,207:target::origin=0,0,moirai_2_0_small,0,207043030,moirai_quantiles_no_mean,43,2010-06-04 07:00:00,22.700000762939453,22.705259323120117,22.705259323120117,22.337383270263672,22.478988647460938,22.568376541137695,22.638582229614258,22.705259323120117,22.771507263183594,22.848154067993164,22.92985725402832,23.085580825805664
chronos_m4_hourly,207:target,207:target::origin=0,0,moirai_2_0_small,0,207043030,moirai_quantiles_no_mean,44,2010-06-04 08:00:00,21.299999237060547,21.54066276550293,21.54066276550293,21.278621673583984,21.379413604736328,21.445789337158203,21.496471405029297,21.54066276550293,21.585315704345703,21.64065170288086,21.702922821044922,21.82592010498047
chronos_m4_hourly,207:target,207:target::origin=0,0,moirai_2_0_small,0,207043030,moirai_quantiles_no_mean,45,2010-06-04 09:00:00,20.399999618530273,20.60614585876465,20.60614585876465,20.368240356445312,20.444486618041992,20.50386619567871,20.55414581298828,20.60614585876465,20.650434494018555,20.707069396972656,20.768190383911133,20.868457794189453
chronos_m4_hourly,207:target,207:target::origin=0,0,moirai_2_0_small,0,207043030,moirai_quantiles_no_mean,46,2010-06-04 10:00:00,19.700000762939453,19.784866333007812,19.784866333007812,19.547569274902344,19.61474609375,19.675146102905273,19.728343963623047,19.784866333007812,19.833864212036133,19.887880325317383,19.955745697021484,20.04841423034668
chronos_m4_hourly,207:target,207:target::origin=0,0,moirai_2_0_small,0,207043030,moirai_quantiles_no_mean,47,2010-06-04 11:00:00,18.899999618530273,19.00102996826172,19.00102996826172,18.779996871948242,18.839502334594727,18.888874053955078,18.947738647460938,19.00102996826172,19.04234504699707,19.08902931213379,19.15196418762207,19.23351287841797
chronos_m4_hourly,207:target,207:target::origin=0,0,seasonal_naive,0,2273841927,degenerate,0,2010-06-02 12:00:00,17.700000762939453,17.600000381469727,17.600000381469727,17.600000381469727,17.600000381469727,17.600000381469727,17.600000381469727,17.600000381469727,17.600000381469727,17.600000381469727,17.600000381469727,17.600000381469727
chronos_m4_hourly,207:target,207:target::origin=0,0,seasonal_naive,0,2273841927,degenerate,1,2010-06-02 13:00:00,17.700000762939453,17.399999618530273,17.399999618530273,17.399999618530273,17.399999618530273,17.399999618530273,17.399999618530273,17.399999618530273,17.399999618530273,17.399999618530273,17.399999618530273,17.399999618530273
chronos_m4_hourly,207:target,207:target::origin=0,0,seasonal_naive,0,2273841927,degenerate,2,2010-06-02 14:00:00,17.100000381469727,16.899999618530273,16.899999618530273,16.899999618530273,16.899999618530273,16.899999618530273,16.899999618530273,16.899999618530273,16.899999618530273,16.899999618530273,16.899999618530273,16.899999618530273
chronos_m4_hourly,207:target,207:target::origin=0,0,seasonal_naive,0,2273841927,degenerate,3,2010-06-02 15:00:00,16.799999237060547,16.600000381469727,16.600000381469727,16.600000381469727,16.600000381469727,16.600000381469727,16.600000381469727,16.600000381469727,16.600000381469727,16.600000381469727,16.600000381469727,16.600000381469727
chronos_m4_hourly,207:target,207:target::origin=0,0,seasonal_naive,0,2273841927,degenerate,4,2010-06-02 16:00:00,16.5,16.299999237060547,16.299999237060547,16.299999237060547,16.299999237060547,16.299999237060547,16.299999237060547,16.299999237060547,16.299999237060547,16.299999237060547,16.299999237060547,16.299999237060547
chronos_m4_hourly,207:target,207:target::origin=0,0,seasonal_naive,0,2273841927,degenerate,5,2010-06-02 17:00:00,16.200000762939453,16.100000381469727,16.100000381469727,16.100000381469727,16.100000381469727,16.100000381469727,16.100000381469727,16.100000381469727,16.100000381469727,16.100000381469727,16.100000381469727,16.100000381469727
chronos_m4_hourly,207:target,207:target::origin=0,0,seasonal_naive,0,2273841927,degenerate,6,2010-06-02 18:00:00,16.5,16.299999237060547,16.299999237060547,16.299999237060547,16.299999237060547,16.299999237060547,16.299999237060547,16.299999237060547,16.299999237060547,16.299999237060547,16.299999237060547,16.299999237060547
chronos_m4_hourly,207:target,207:target::origin=0,0,seasonal_naive,0,2273841927,degenerate,7,2010-06-02 19:00:00,17.899999618530273,17.700000762939453,17.700000762939453,17.700000762939453,17.700000762939453,17.700000762939453,17.700000762939453,17.700000762939453,17.700000762939453,17.700000762939453,17.700000762939453,17.700000762939453
chronos_m4_hourly,207:target,207:target::origin=0,0,seasonal_naive,0,2273841927,degenerate,8,2010-06-02 20:00:00,19.399999618530273,19.200000762939453,19.200000762939453,19.200000762939453,19.200000762939453,19.200000762939453,19.200000762939453,19.200000762939453,19.200000762939453,19.200000762939453,19.200000762939453,19.200000762939453
chronos_m4_hourly,207:target,207:target::origin=0,0,seasonal_naive,0,2273841927,degenerate,9,2010-06-02 21:00:00,20.899999618530273,20.700000762939453,20.700000762939453,20.700000762939453,20.700000762939453,20.700000762939453,20.700000762939453,20.700000762939453,20.700000762939453,20.700000762939453,20.700000762939453,20.700000762939453
chronos_m4_hourly,207:target,207:target::origin=0,0,seasonal_naive,0,2273841927,degenerate,10,2010-06-02 22:00:00,22.200000762939453,22.0,22.0,22.0,22.0,22.0,22.0,22.0,22.0,22.0,22.0,22.0
chronos_m4_hourly,207:target,207:target::origin=0,0,seasonal_naive,0,2273841927,degenerate,11,2010-06-02 23:00:00,23.299999237060547,23.100000381469727,23.100000381469727,23.100000381469727,23.100000381469727,23.100000381469727,23.100000381469727,23.100000381469727,23.100000381469727,23.100000381469727,23.100000381469727,23.100000381469727
chronos_m4_hourly,207:target,207:target::origin=0,0,seasonal_naive,0,2273841927,degenerate,12,2010-06-03 00:00:00,24.200000762939453,24.100000381469727,24.100000381469727,24.100000381469727,24.100000381469727,24.100000381469727,24.100000381469727,24.100000381469727,24.100000381469727,24.100000381469727,24.100000381469727,24.100000381469727
chronos_m4_hourly,207:target,207:target::origin=0,0,seasonal_naive,0,2273841927,degenerate,13,2010-06-03 01:00:00,24.799999237060547,24.600000381469727,24.600000381469727,24.600000381469727,24.600000381469727,24.600000381469727,24.600000381469727,24.600000381469727,24.600000381469727,24.600000381469727,24.600000381469727,24.600000381469727
chronos_m4_hourly,207:target,207:target::origin=0,0,seasonal_naive,0,2273841927,degenerate,14,2010-06-03 02:00:00,25.200000762939453,25.100000381469727,25.100000381469727,25.100000381469727,25.100000381469727,25.100000381469727,25.100000381469727,25.100000381469727,25.100000381469727,25.100000381469727,25.100000381469727,25.100000381469727
chronos_m4_hourly,207:target,207:target::origin=0,0,seasonal_naive,0,2273841927,degenerate,15,2010-06-03 03:00:00,25.200000762939453,25.0,25.0,25.0,25.0,25.0,25.0,25.0,25.0,25.0,25.0,25.0
chronos_m4_hourly,207:target,207:target::origin=0,0,seasonal_naive,0,2273841927,degenerate,16,2010-06-03 04:00:00,24.899999618530273,24.700000762939453,24.700000762939453,24.700000762939453,24.700000762939453,24.700000762939453,24.700000762939453,24.700000762939453,24.700000762939453,24.700000762939453,24.700000762939453,24.700000762939453
chronos_m4_hourly,207:target,207:target::origin=0,0,seasonal_naive,0,2273841927,degenerate,17,2010-06-03 05:00:00,24.5,24.299999237060547,24.299999237060547,24.299999237060547,24.299999237060547,24.299999237060547,24.299999237060547,24.299999237060547,24.299999237060547,24.299999237060547,24.299999237060547,24.299999237060547
chronos_m4_hourly,207:target,207:target::origin=0,0,seasonal_naive,0,2273841927,degenerate,18,2010-06-03 06:00:00,23.799999237060547,23.600000381469727,23.600000381469727,23.600000381469727,23.600000381469727,23.600000381469727,23.600000381469727,23.600000381469727,23.600000381469727,23.600000381469727,23.600000381469727,23.600000381469727
chronos_m4_hourly,207:target,207:target::origin=0,0,seasonal_naive,0,2273841927,degenerate,19,2010-06-03 07:00:00,22.600000381469727,22.399999618530273,22.399999618530273,22.399999618530273,22.399999618530273,22.399999618530273,22.399999618530273,22.399999618530273,22.399999618530273,22.399999618530273,22.399999618530273,22.399999618530273
chronos_m4_hourly,207:target,207:target::origin=0,0,seasonal_naive,0,2273841927,degenerate,20,2010-06-03 08:00:00,21.200000762939453,21.100000381469727,21.100000381469727,21.100000381469727,21.100000381469727,21.100000381469727,21.100000381469727,21.100000381469727,21.100000381469727,21.100000381469727,21.100000381469727,21.100000381469727
chronos_m4_hourly,207:target,207:target::origin=0,0,seasonal_naive,0,2273841927,degenerate,21,2010-06-03 09:00:00,20.299999237060547,20.200000762939453,20.200000762939453,20.200000762939453,20.200000762939453,20.200000762939453,20.200000762939453,20.200000762939453,20.200000762939453,20.200000762939453,20.200000762939453,20.200000762939453
chronos_m4_hourly,207:target,207:target::origin=0,0,seasonal_naive,0,2273841927,degenerate,22,2010-06-03 10:00:00,19.600000381469727,19.399999618530273,19.399999618530273,19.399999618530273,19.399999618530273,19.399999618530273,19.399999618530273,19.399999618530273,19.399999618530273,19.399999618530273,19.399999618530273,19.399999618530273
chronos_m4_hourly,207:target,207:target::origin=0,0,seasonal_naive,0,2273841927,degenerate,23,2010-06-03 11:00:00,18.799999237060547,18.700000762939453,18.700000762939453,18.700000762939453,18.700000762939453,18.700000762939453,18.700000762939453,18.700000762939453,18.700000762939453,18.700000762939453,18.700000762939453,18.700000762939453
chronos_m4_hourly,207:target,207:target::origin=0,0,seasonal_naive,0,2273841927,degenerate,24,2010-06-03 12:00:00,17.899999618530273,17.600000381469727,17.600000381469727,17.600000381469727,17.600000381469727,17.600000381469727,17.600000381469727,17.600000381469727,17.600000381469727,17.600000381469727,17.600000381469727,17.600000381469727
chronos_m4_hourly,207:target,207:target::origin=0,0,seasonal_naive,0,2273841927,degenerate,25,2010-06-03 13:00:00,17.799999237060547,17.399999618530273,17.399999618530273,17.399999618530273,17.399999618530273,17.399999618530273,17.399999618530273,17.399999618530273,17.399999618530273,17.399999618530273,17.399999618530273,17.399999618530273
chronos_m4_hourly,207:target,207:target::origin=0,0,seasonal_naive,0,2273841927,degenerate,26,2010-06-03 14:00:00,17.299999237060547,16.899999618530273,16.899999618530273,16.899999618530273,16.899999618530273,16.899999618530273,16.899999618530273,16.899999618530273,16.899999618530273,16.899999618530273,16.899999618530273,16.899999618530273
chronos_m4_hourly,207:target,207:target::origin=0,0,seasonal_naive,0,2273841927,degenerate,27,2010-06-03 15:00:00,16.899999618530273,16.600000381469727,16.600000381469727,16.600000381469727,16.600000381469727,16.600000381469727,16.600000381469727,16.600000381469727,16.600000381469727,16.600000381469727,16.600000381469727,16.600000381469727
chronos_m4_hourly,207:target,207:target::origin=0,0,seasonal_naive,0,2273841927,degenerate,28,2010-06-03 16:00:00,16.700000762939453,16.299999237060547,16.299999237060547,16.299999237060547,16.299999237060547,16.299999237060547,16.299999237060547,16.299999237060547,16.299999237060547,16.299999237060547,16.299999237060547,16.299999237060547
chronos_m4_hourly,207:target,207:target::origin=0,0,seasonal_naive,0,2273841927,degenerate,29,2010-06-03 17:00:00,16.399999618530273,16.100000381469727,16.100000381469727,16.100000381469727,16.100000381469727,16.100000381469727,16.100000381469727,16.100000381469727,16.100000381469727,16.100000381469727,16.100000381469727,16.100000381469727
chronos_m4_hourly,207:target,207:target::origin=0,0,seasonal_naive,0,2273841927,degenerate,30,2010-06-03 18:00:00,16.600000381469727,16.299999237060547,16.299999237060547,16.299999237060547,16.299999237060547,16.299999237060547,16.299999237060547,16.299999237060547,16.299999237060547,16.299999237060547,16.299999237060547,16.299999237060547
chronos_m4_hourly,207:target,207:target::origin=0,0,seasonal_naive,0,2273841927,degenerate,31,2010-06-03 19:00:00,18.100000381469727,17.700000762939453,17.700000762939453,17.700000762939453,17.700000762939453,17.700000762939453,17.700000762939453,17.700000762939453,17.700000762939453,17.700000762939453,17.700000762939453,17.700000762939453
chronos_m4_hourly,207:target,207:target::origin=0,0,seasonal_naive,0,2273841927,degenerate,32,2010-06-03 20:00:00,19.600000381469727,19.200000762939453,19.200000762939453,19.200000762939453,19.200000762939453,19.200000762939453,19.200000762939453,19.200000762939453,19.200000762939453,19.200000762939453,19.200000762939453,19.200000762939453
chronos_m4_hourly,207:target,207:target::origin=0,0,seasonal_naive,0,2273841927,degenerate,33,2010-06-03 21:00:00,21.100000381469727,20.700000762939453,20.700000762939453,20.700000762939453,20.700000762939453,20.700000762939453,20.700000762939453,20.700000762939453,20.700000762939453,20.700000762939453,20.700000762939453,20.700000762939453
chronos_m4_hourly,207:target,207:target::origin=0,0,seasonal_naive,0,2273841927,degenerate,34,2010-06-03 22:00:00,22.399999618530273,22.0,22.0,22.0,22.0,22.0,22.0,22.0,22.0,22.0,22.0,22.0
chronos_m4_hourly,207:target,207:target::origin=0,0,seasonal_naive,0,2273841927,degenerate,35,2010-06-03 23:00:00,23.5,23.100000381469727,23.100000381469727,23.100000381469727,23.100000381469727,23.100000381469727,23.100000381469727,23.100000381469727,23.100000381469727,23.100000381469727,23.100000381469727,23.100000381469727
chronos_m4_hourly,207:target,207:target::origin=0,0,seasonal_naive,0,2273841927,degenerate,36,2010-06-04 00:00:00,24.399999618530273,24.100000381469727,24.100000381469727,24.100000381469727,24.100000381469727,24.100000381469727,24.100000381469727,24.100000381469727,24.100000381469727,24.100000381469727,24.100000381469727,24.100000381469727
chronos_m4_hourly,207:target,207:target::origin=0,0,seasonal_naive,0,2273841927,degenerate,37,2010-06-04 01:00:00,25.0,24.600000381469727,24.600000381469727,24.600000381469727,24.600000381469727,24.600000381469727,24.600000381469727,24.600000381469727,24.600000381469727,24.600000381469727,24.600000381469727,24.600000381469727
chronos_m4_hourly,207:target,207:target::origin=0,0,seasonal_naive,0,2273841927,degenerate,38,2010-06-04 02:00:00,25.399999618530273,25.100000381469727,25.100000381469727,25.100000381469727,25.100000381469727,25.100000381469727,25.100000381469727,25.100000381469727,25.100000381469727,25.100000381469727,25.100000381469727,25.100000381469727
chronos_m4_hourly,207:target,207:target::origin=0,0,seasonal_naive,0,2273841927,degenerate,39,2010-06-04 03:00:00,25.299999237060547,25.0,25.0,25.0,25.0,25.0,25.0,25.0,25.0,25.0,25.0,25.0
chronos_m4_hourly,207:target,207:target::origin=0,0,seasonal_naive,0,2273841927,degenerate,40,2010-06-04 04:00:00,25.100000381469727,24.700000762939453,24.700000762939453,24.700000762939453,24.700000762939453,24.700000762939453,24.700000762939453,24.700000762939453,24.700000762939453,24.700000762939453,24.700000762939453,24.700000762939453
chronos_m4_hourly,207:target,207:target::origin=0,0,seasonal_naive,0,2273841927,degenerate,41,2010-06-04 05:00:00,24.600000381469727,24.299999237060547,24.299999237060547,24.299999237060547,24.299999237060547,24.299999237060547,24.299999237060547,24.299999237060547,24.299999237060547,24.299999237060547,24.299999237060547,24.299999237060547
chronos_m4_hourly,207:target,207:target::origin=0,0,seasonal_naive,0,2273841927,degenerate,42,2010-06-04 06:00:00,23.899999618530273,23.600000381469727,23.600000381469727,23.600000381469727,23.600000381469727,23.600000381469727,23.600000381469727,23.600000381469727,23.600000381469727,23.600000381469727,23.600000381469727,23.600000381469727
chronos_m4_hourly,207:target,207:target::origin=0,0,seasonal_naive,0,2273841927,degenerate,43,2010-06-04 07:00:00,22.700000762939453,22.399999618530273,22.399999618530273,22.399999618530273,22.399999618530273,22.399999618530273,22.399999618530273,22.399999618530273,22.399999618530273,22.399999618530273,22.399999618530273,22.399999618530273
chronos_m4_hourly,207:target,207:target::origin=0,0,seasonal_naive,0,2273841927,degenerate,44,2010-06-04 08:00:00,21.299999237060547,21.100000381469727,21.100000381469727,21.100000381469727,21.100000381469727,21.100000381469727,21.100000381469727,21.100000381469727,21.100000381469727,21.100000381469727,21.100000381469727,21.100000381469727
chronos_m4_hourly,207:target,207:target::origin=0,0,seasonal_naive,0,2273841927,degenerate,45,2010-06-04 09:00:00,20.399999618530273,20.200000762939453,20.200000762939453,20.200000762939453,20.200000762939453,20.200000762939453,20.200000762939453,20.200000762939453,20.200000762939453,20.200000762939453,20.200000762939453,20.200000762939453
chronos_m4_hourly,207:target,207:target::origin=0,0,seasonal_naive,0,2273841927,degenerate,46,2010-06-04 10:00:00,19.700000762939453,19.399999618530273,19.399999618530273,19.399999618530273,19.399999618530273,19.399999618530273,19.399999618530273,19.399999618530273,19.399999618530273,19.399999618530273,19.399999618530273,19.399999618530273
chronos_m4_hourly,207:target,207:target::origin=0,0,seasonal_naive,0,2273841927,degenerate,47,2010-06-04 11:00:00,18.899999618530273,18.700000762939453,18.700000762939453,18.700000762939453,18.700000762939453,18.700000762939453,18.700000762939453,18.700000762939453,18.700000762939453,18.700000762939453,18.700000762939453,18.700000762939453
chronos_m4_hourly,207:target,207:target::origin=0,0,arima_2_1_2,0,261917535,gaussian,0,2010-06-02 12:00:00,17.700000762939453,18.15713119506836,18.15713119506836,17.809497833251953,17.9288330078125,18.014883041381836,18.088407516479492,18.15713119506836,18.225854873657227,18.299379348754883,18.38542938232422,18.504764556884766
chronos_m4_hourly,207:target,207:target::origin=0,0,arima_2_1_2,0,261917535,gaussian,1,2010-06-02 13:00:00,17.700000762939453,17.80323600769043,17.80323600769043,17.00528907775879,17.279207229614258,17.476722717285156,17.645490646362305,17.80323600769043,17.960981369018555,18.129749298095703,18.3272647857666,18.60118293762207
chronos_m4_hourly,207:target,207:target::origin=0,0,arima_2_1_2,0,261917535,gaussian,2,2010-06-02 14:00:00,17.100000381469727,17.652687072753906,17.652687072753906,16.3597412109375,16.8035831451416,17.12362289428711,17.39708709716797,17.652687072753906,17.908287048339844,18.181751251220703,18.50179100036621,18.945632934570312
chronos_m4_hourly,207:target,207:target::origin=0,0,arima_2_1_2,0,261917535,gaussian,3,2010-06-02 15:00:00,16.799999237060547,17.70367431640625,17.70367431640625,15.92111587524414,16.533031463623047,16.974266052246094,17.35128402709961,17.70367431640625,18.05606460571289,18.433082580566406,18.874317169189453,19.48623275756836
chronos_m4_hourly,207:target,207:target::origin=0,0,arima_2_1_2,0,261917535,gaussian,4,2010-06-02 16:00:00,16.5,17.939380645751953,17.939380645751953,15.710794448852539,16.47582244873047,17.027462005615234,17.498815536499023,17.939380645751953,18.379945755004883,18.851299285888672,19.402938842773438,20.167966842651367
chronos_m4_hourly,207:target,207:target::origin=0,0,arima_2_1_2,0,261917535,gaussian,5,2010-06-02 17:00:00,16.200000762939453,18.330223083496094,18.330223083496094,15.726282119750977,16.620161056518555,17.264711380004883,17.81545639038086,18.330223083496094,18.844989776611328,19.395734786987305,20.040285110473633,20.93416404724121
chronos_m4_hourly,207:target,207:target::origin=0,0,arima_2_1_2,0,261917535,gaussian,6,2010-06-02 18:00:00,16.5,18.836881637573242,18.836881637573242,15.943809509277344,16.936941146850586,17.653060913085938,18.264957427978516,18.836881637573242,19.40880584716797,20.020702362060547,20.7368221282959,21.72995376586914
chronos_m4_hourly,207:target,207:target::origin=0,0,arima_2_1_2,0,261917535,gaussian,7,2010-06-02 19:00:00,17.899999618530273,19.413883209228516,19.413883209228516,16.32164764404297,17.383150100708008,18.1485652923584,18.80258560180664,19.413883209228516,20.02518081665039,20.679201126098633,21.444618225097656,22.50611686706543
chronos_m4_hourly,207:target,207:target::origin=0,0,arima_2_1_2,0,261917535,gaussian,8,2010-06-02 20:00:00,19.399999618530273,20.013408660888672,20.013408660888672,16.804304122924805,17.90592384338379,18.70026969909668,19.37900733947754,20.013408660888672,20.647809982299805,21.326547622680664,22.120893478393555,23.22251319885254
chronos_m4_hourly,207:target,207:target::origin=0,0,arima_2_1_2,0,261917535,gaussian,9,2010-06-02 21:00:00,20.899999618530273,20.58902931213379,20.58902931213379,17.327672958374023,18.447229385375977,19.25450897216797,19.944299697875977,20.58902931213379,21.2337589263916,21.92354965209961,22.7308292388916,23.850385665893555
chronos_m4_hourly,207:target,207:target::origin=0,0,arima_2_1_2,0,261917535,gaussian,10,2010-06-02 22:00:00,22.200000762939453,21.099105834960938,21.099105834960938,17.825300216674805,18.94913101196289,19.759490966796875,20.451913833618164,21.099105834960938,21.74629783630371,22.438720703125,23.249080657958984,24.372909545898438
chronos_m4_hourly,207:target,207:target::origin=0,0,arima_2_1_2,0,261917535,gaussian,11,2010-06-02 23:00:00,23.299999237060547,21.509593963623047,21.509593963623047,18.235780715942383,19.3596134185791,20.16997718811035,20.862401962280273,21.509593963623047,22.15678596496582,22.849210739135742,23.659574508666992,24.783405303955078
chronos_m4_hourly,207:target,207:target::origin=0,0,arima_2_1_2,0,261917535,gaussian,12,2010-06-03 00:00:00,24.200000762939453,21.79612159729004,21.79612159729004,18.510887145996094,19.638641357421875,20.45182991027832,21.146671295166016,21.79612159729004,22.445571899414062,23.140413284301758,23.953601837158203,25.081356048583984
chronos_m4_hourly,207:target,207:target::origin=0,0,arima_2_1_2,0,261917535,gaussian,13,2010-06-03 01:00:00,24.799999237060547,21.945178985595703,21.945178985595703,18.622655868530273,19.76321029663086,20.585628509521484,21.28835678100586,21.945178985595703,22.602001190185547,23.304729461669922,24.12714958190918,25.267702102661133
chronos_m4_hourly,207:target,207:target::origin=0,0,arima_2_1_2,0,261917535,gaussian,14,2010-06-03 02:00:00,25.200000762939453,21.954444885253906,21.954444885253906,18.5667667388916,19.729686737060547,20.568235397338867,21.28474235534668,21.954444885253906,22.624147415161133,23.340654373168945,24.179203033447266,25.34212303161621
chronos_m4_hourly,207:target,207:target::origin=0,0,arima_2_1_2,0,261917535,gaussian,15,2010-06-03 03:00:00,25.200000762939453,21.832233428955078,21.832233428955078,18.360450744628906,19.552242279052734,20.41160774230957,21.145904541015625,21.832233428955078,22.51856231689453,23.252859115600586,24.112224578857422,25.30401611328125
chronos_m4_hourly,207:target,207:target::origin=0,0,arima_2_1_2,0,261917535,gaussian,16,2010-06-03 04:00:00,24.899999618530273,21.5961856842041,21.5961856842041,18.036029815673828,19.25815773010254,20.1393985748291,20.892385482788086,21.5961856842041,22.299985885620117,23.0529727935791,23.934213638305664,25.156341552734375
chronos_m4_hourly,207:target,207:target::origin=0,0,arima_2_1_2,0,261917535,gaussian,17,2010-06-03 05:00:00,24.5,21.271345138549805,21.271345138549805,17.633085250854492,18.88202476501465,19.7825984954834,20.552104949951172,21.271345138549805,21.990585327148438,22.76009178161621,23.66066551208496,24.909605026245117
chronos_m4_hourly,207:target,207:target::origin=0,0,arima_2_1_2,0,261917535,gaussian,18,2010-06-03 06:00:00,23.799999237060547,20.887805938720703,20.887805938720703,17.191709518432617,18.46050453186035,19.37539291381836,20.157133102416992,20.887805938720703,21.618478775024414,22.400218963623047,23.315107345581055,24.583900451660156
chronos_m4_hourly,207:target,207:target::origin=0,0,arima_2_1_2,0,261917535,gaussian,19,2010-06-03 07:00:00,22.600000381469727,20.478120803833008,20.478120803833008,16.747819900512695,18.028356552124023,18.951711654663086,19.740686416625977,20.478120803833008,21.21555519104004,22.00452995300293,22.927885055541992,24.20842170715332
chronos_m4_hourly,207:target,207:target::origin=0,0,arima_2_1_2,0,261917535,gaussian,20,2010-06-03 08:00:00,21.200000762939453,20.074710845947266,20.074710845947266,16.33052635192871,17.615829467773438,18.542621612548828,19.334531784057617,20.074710845947266,20.814889907836914,21.606800079345703,22.533594131469727,23.818893432617188
chronos_m4_hourly,207:target,207:target::origin=0,0,arima_2_1_2,0,261917535,gaussian,21,2010-06-03 09:00:00,20.299999237060547,19.707433700561523,19.707433700561523,15.96127700805664,17.247255325317383,18.174537658691406,18.96686363220215,19.707433700561523,20.4480037689209,21.24032974243164,22.167612075805664,23.453590393066406
chronos_m4_hourly,207:target,207:target::origin=0,0,arima_2_1_2,0,261917535,gaussian,22,2010-06-03 10:00:00,19.600000381469727,19.401514053344727,19.401514053344727,15.654471397399902,16.940753936767578,17.868255615234375,18.660770416259766,19.401514053344727,20.14225959777832,20.934772491455078,21.862274169921875,23.148555755615234
chronos_m4_hourly,207:target,207:target::origin=0,0,arima_2_1_2,0,261917535,gaussian,23,2010-06-03 11:00:00,18.799999237060547,19.175949096679688,19.175949096679688,15.419078826904297,16.7087345123291,17.638668060302734,18.43326187133789,19.175949096679688,19.918636322021484,20.71323013305664,21.643163681030273,22.932819366455078
chronos_m4_hourly,207:target,207:target::origin=0,0,arima_2_1_2,0,261917535,gaussian,24,2010-06-03 12:00:00,17.899999618530273,19.042478561401367,19.042478561401367,15.26047420501709,16.558759689331055,17.49491310119629,18.294822692871094,19.042478561401367,19.79013442993164,20.590044021606445,21.526199340820312,22.824481964111328
chronos_m4_hourly,207:target,207:target::origin=0,0,arima_2_1_2,0,261917535,gaussian,25,2010-06-03 13:00:00,17.799999237060547,19.00518226623535,19.00518226623535,15.18163776397705,16.494182586669922,17.44061851501465,18.24931526184082,19.00518226623535,19.761051177978516,20.569746017456055,21.51618194580078,22.828725814819336
chronos_m4_hourly,207:target,207:target::origin=0,0,arima_2_1_2,0,261917535,gaussian,26,2010-06-03 14:00:00,17.299999237060547,19.060657501220703,19.060657501220703,15.183127403259277,16.514204025268555,17.4740047454834,18.294116973876953,19.060657501220703,19.827198028564453,20.647310256958008,21.60711097717285,22.938186645507812
chronos_m4_hourly,207:target,207:target::origin=0,0,arima_2_1_2,0,261917535,gaussian,27,2010-06-03 15:00:00,16.899999618530273,19.198768615722656,19.198768615722656,15.262056350708008,16.613449096679688,17.58789825439453,18.420528411865234,19.198768615722656,19.977008819580078,20.80963897705078,21.784088134765625,23.135480880737305
chronos_m4_hourly,207:target,207:target::origin=0,0,arima_2_1_2,0,261917535,gaussian,28,2010-06-03 16:00:00,16.700000762939453,19.403823852539062,19.403823852539062,15.41079044342041,16.781517028808594,17.769906997680664,18.614450454711914,19.403823852539062,20.19319725036621,21.03774070739746,22.02613067626953,23.3968563079834
chronos_m4_hourly,207:target,207:target::origin=0,0,arima_2_1_2,0,261917535,gaussian,29,2010-06-03 17:00:00,16.399999618530273,19.656129837036133,19.656129837036133,15.616255760192871,17.003061294555664,18.0030460357666,18.85749626159668,19.656129837036133,20.454763412475586,21.309213638305664,22.3091983795166,23.696002960205078
chronos_m4_hourly,207:target,207:target::origin=0,0,arima_2_1_2,0,261917535,gaussian,30,2010-06-03 18:00:00,16.600000381469727,19.9337100982666,19.9337100982666,15.860211372375488,17.258560180664062,18.26686668395996,19.128429412841797,19.9337100982666,20.738990783691406,21.600553512573242,22.60886001586914,24.0072078704834
chronos_m4_hourly,207:target,207:target::origin=0,0,arima_2_1_2,0,261917535,gaussian,31,2010-06-03 19:00:00,18.100000381469727,20.214115142822266,20.214115142822266,16.120615005493164,17.525829315185547,18.53908920288086,19.40488052368164,20.214115142822266,21.02334976196289,21.889141082763672,22.902400970458984,24.307613372802734
chronos_m4_hourly,207:target,207:target::origin=0,0,arima_2_1_2,0,261917535,gaussian,32,2010-06-03 20:00:00,19.600000381469727,20.476125717163086,20.476125717163086,16.373760223388672,17.782018661499023,18.79747200012207,19.665138244628906,20.476125717163086,21.287113189697266,22.1547794342041,23.17023277282715,24.5784912109375
chronos_m4_hourly,207:target,207:target::origin=0,0,arima_2_1_2,0,261917535,gaussian,33,2010-06-03 21:00:00,21.100000381469727,20.70127296447754,20.70127296447754,16.596858978271484,18.00581932067871,19.021780014038086,19.889881134033203,20.70127296447754,21.512666702270508,22.380765914916992,23.396726608276367,24.805686950683594
chronos_m4_hourly,207:target,207:target::origin=0,0,arima_2_1_2,0,261917535,gaussian,34,2010-06-03 22:00:00,22.399999618530273,20.87504005432129,20.87504005432129,16.77062225341797,18.179584503173828,19.195545196533203,20.06364631652832,20.87504005432129,21.686433792114258,22.554534912109375,23.57049560546875,24.97945785522461
chronos_m4_hourly,207:target,207:target::origin=0,0,arima_2_1_2,0,261917535,gaussian,35,2010-06-03 23:00:00,23.5,20.987703323364258,20.987703323364258,16.88142204284668,18.29102325439453,19.307445526123047,20.175941467285156,20.987703323364258,21.79946517944336,22.66796112060547,23.684383392333984,25.093984603881836
chronos_m4_hourly,207:target,207:target::origin=0,0,arima_2_1_2,0,261917535,gaussian,36,2010-06-04 00:00:00,24.399999618530273,21.03474998474121,21.03474998474121,16.9226016998291,18.334217071533203,19.352092742919922,20.22182846069336,21.03474998474121,21.847671508789062,22.7174072265625,23.73528289794922,25.14689826965332
chronos_m4_hourly,207:target,207:target::origin=0,0,arima_2_1_2,0,261917535,gaussian,37,2010-06-04 01:00:00,25.0,21.016878128051758,21.016878128051758,16.894760131835938,18.309799194335938,19.330141067504883,20.20198631286621,21.016878128051758,21.831769943237305,22.703615188598633,23.723957061767578,25.138996124267578
chronos_m4_hourly,207:target,207:target::origin=0,0,arima_2_1_2,0,261917535,gaussian,38,2010-06-04 02:00:00,25.399999618530273,20.939613342285156,20.939613342285156,16.80498504638672,18.22431755065918,19.247756958007812,20.12224769592285,20.939613342285156,21.75697898864746,22.6314697265625,23.654909133911133,25.074241638183594
chronos_m4_hourly,207:target,207:target::origin=0,0,arima_2_1_2,0,261917535,gaussian,39,2010-06-04 03:00:00,25.299999237060547,20.812578201293945,20.812578201293945,16.665302276611328,18.088977813720703,19.11554718017578,19.992712020874023,20.812578201293945,21.632444381713867,22.50960922241211,23.536178588867188,24.959854125976562
chronos_m4_hourly,207:target,207:target::origin=0,0,arima_2_1_2,0,261917535,gaussian,40,2010-06-04 04:00:00,25.100000381469727,20.64851188659668,20.64851188659668,16.490741729736328,17.918018341064453,18.947185516357422,19.82657241821289,20.64851188659668,21.4704532623291,22.349838256835938,23.379005432128906,24.80628204345703
chronos_m4_hourly,207:target,207:target::origin=0,0,arima_2_1_2,0,261917535,gaussian,41,2010-06-04 05:00:00,24.600000381469727,20.462108612060547,20.462108612060547,16.297405242919922,17.727062225341797,18.757946014404297,19.638797760009766,20.462108612060547,21.285419464111328,22.166271209716797,23.197154998779297,24.626811981201172
chronos_m4_hourly,207:target,207:target::origin=0,0,arima_2_1_2,0,261917535,gaussian,42,2010-06-04 06:00:00,23.899999618530273,20.268789291381836,20.268789291381836,16.100839614868164,17.5316104888916,18.56329917907715,19.444835662841797,20.268789291381836,21.092742919921875,21.974279403686523,23.00596809387207,24.436738967895508
chronos_m4_hourly,207:target,207:target::origin=0,0,arima_2_1_2,0,261917535,gaussian,43,2010-06-04 07:00:00,22.700000762939453,20.083505630493164,20.083505630493164,15.914880752563477,17.345884323120117,18.37773895263672,19.25942039489746,20.083505630493164,20.9075927734375,21.78927230834961,22.82112693786621,24.25213050842285
chronos_m4_hourly,207:target,207:target::origin=0,0,arima_2_1_2,0,261917535,gaussian,44,2010-06-04 08:00:00,21.299999237060547,19.91963768005371,19.91963768005371,15.750962257385254,17.181983947753906,18.213850021362305,19.09554100036621,19.91963768005371,20.74373435974121,21.625425338745117,22.65729331970215,24.08831214904785
chronos_m4_hourly,207:target,207:target::origin=0,0,arima_2_1_2,0,261917535,gaussian,45,2010-06-04 09:00:00,20.399999618530273,19.78809928894043,19.78809928894043,15.617846488952637,17.049407958984375,18.0816650390625,18.96369171142578,19.78809928894043,20.612506866455078,21.49453353881836,22.526790618896484,23.958351135253906
chronos_m4_hourly,207:target,207:target::origin=0,0,arima_2_1_2,0,261917535,gaussian,46,2010-06-04 10:00:00,19.700000762939453,19.696674346923828,19.696674346923828,15.521607398986816,16.954822540283203,17.988271713256836,18.871315002441406,19.696674346923828,20.52203369140625,21.40507698059082,22.438526153564453,23.871740341186523
chronos_m4_hourly,207:target,207:target::origin=0,0,arima_2_1_2,0,261917535,gaussian,47,2010-06-04 11:00:00,18.899999618530273,19.649635314941406,19.649635314941406,15.465726852416992,16.901975631713867,17.93761444091797,18.822526931762695,19.649635314941406,20.476743698120117,21.361656188964844,22.397294998168945,23.83354377746582
chronos_m4_hourly,207:target,207:target::origin=0,0,auto_arima,0,2784031153,gaussian,0,2010-06-02 12:00:00,17.700000762939453,18.077585220336914,18.077585220336914,17.726499557495117,17.847021102905273,17.933923721313477,18.008180618286133,18.077585220336914,18.146989822387695,18.22124671936035,18.308149337768555,18.42867088317871
chronos_m4_hourly,207:target,207:target::origin=0,0,auto_arima,0,2784031153,gaussian,1,2010-06-02 13:00:00,17.700000762939453,17.55421257019043,17.55421257019043,16.74236488342285,17.021055221557617,17.22201156616211,17.393720626831055,17.55421257019043,17.714704513549805,17.88641357421875,18.087369918823242,18.366060256958008
chronos_m4_hourly,207:target,207:target::origin=0,0,auto_arima,0,2784031153,gaussian,2,2010-06-02 14:00:00,17.100000381469727,17.159528732299805,17.159528732299805,15.843866348266602,16.29550552368164,16.621170043945312,16.899438858032227,17.159528732299805,17.419618606567383,17.697887420654297,18.02355194091797,18.475191116333008
chronos_m4_hourly,207:target,207:target::origin=0,0,auto_arima,0,2784031153,gaussian,3,2010-06-02 15:00:00,16.799999237060547,16.91213035583496,16.91213035583496,15.10062313079834,15.7224760055542,16.170875549316406,16.554018020629883,16.91213035583496,17.27024269104004,17.653385162353516,18.101783752441406,18.723636627197266
chronos_m4_hourly,207:target,207:target::origin=0,0,auto_arima,0,2784031153,gaussian,4,2010-06-02 16:00:00,16.5,16.81903839111328,16.81903839111328,14.557670593261719,15.333951950073242,15.893705368041992,16.371994018554688,16.81903839111328,17.266082763671875,17.74437141418457,18.30412483215332,19.080406188964844
chronos_m4_hourly,207:target,207:target::origin=0,0,auto_arima,0,2784031153,gaussian,5,2010-06-02 17:00:00,16.200000762939453,16.876008987426758,16.876008987426758,14.237226486206055,15.14306640625,15.79624080657959,16.354352951049805,16.876008987426758,17.39766502380371,17.955778121948242,18.608951568603516,19.51479148864746
chronos_m4_hourly,207:target,207:target::origin=0,0,auto_arima,0,2784031153,gaussian,6,2010-06-02 18:00:00,16.5,17.068622589111328,17.068622589111328,14.139751434326172,15.145173072814941,15.870152473449707,16.489620208740234,17.068622589111328,17.647624969482422,18.267093658447266,18.99207305908203,19.997493743896484
chronos_m4_hourly,207:target,207:target::origin=0,0,auto_arima,0,2784031153,gaussian,7,2010-06-02 19:00:00,17.899999618530273,17.37398910522461,17.37398910522461,14.245615005493164,15.3195219039917,16.093883514404297,16.75554847717285,17.37398910522461,17.992429733276367,18.654094696044922,19.428457260131836,20.502363204956055
chronos_m4_hourly,207:target,207:target::origin=0,0,auto_arima,0,2784031153,gaussian,8,2010-06-02 20:00:00,19.399999618530273,17.762943267822266,17.762943267822266,14.517741203308105,15.631752014160156,16.435033798217773,17.12140655517578,17.762943267822266,18.40447998046875,19.090852737426758,19.894134521484375,21.00814437866211
chronos_m4_hourly,207:target,207:target::origin=0,0,auto_arima,0,2784031153,gaussian,9,2010-06-02 21:00:00,20.899999618530273,18.202510833740234,18.202510833740234,14.905403137207031,16.037233352661133,16.853361129760742,17.55071258544922,18.202510833740234,18.85430908203125,19.551660537719727,20.367788314819336,21.499618530273438
chronos_m4_hourly,207:target,207:target::origin=0,0,auto_arima,0,2784031153,gaussian,10,2010-06-02 22:00:00,22.200000762939453,18.65848159790039,18.65848159790039,15.349388122558594,16.485332489013672,17.304428100585938,18.004314422607422,18.65848159790039,19.31264877319336,20.012535095214844,20.83163070678711,21.967575073242188
chronos_m4_hourly,207:target,207:target::origin=0,0,auto_arima,0,2784031153,gaussian,11,2010-06-02 23:00:00,23.299999237060547,19.097883224487305,19.097883224487305,15.788737297058105,16.924699783325195,17.74380874633789,18.44370460510254,19.097883224487305,19.75206184387207,20.45195770263672,21.271066665649414,22.407028198242188
chronos_m4_hourly,207:target,207:target::origin=0,0,auto_arima,0,2784031153,gaussian,12,2010-06-03 00:00:00,24.200000762939453,19.49118995666504,19.49118995666504,16.16878890991211,17.309301376342773,18.131690979003906,18.834392547607422,19.49118995666504,20.147987365722656,20.850688934326172,21.673078536987305,22.813589096069336
chronos_m4_hourly,207:target,207:target::origin=0,0,auto_arima,0,2784031153,gaussian,13,2010-06-03 01:00:00,24.799999237060547,19.814151763916016,19.814151763916016,16.449068069458008,17.604230880737305,18.43718719482422,19.148916244506836,19.814151763916016,20.479387283325195,21.191116333007812,22.024072647094727,23.179235458374023
chronos_m4_hourly,207:target,207:target::origin=0,0,auto_arima,0,2784031153,gaussian,14,2010-06-03 02:00:00,25.200000762939453,20.04911994934082,20.04911994934082,16.60824203491211,17.789424896240234,18.64113998413086,19.368900299072266,20.04911994934082,20.729339599609375,21.45709991455078,22.308815002441406,23.48999786376953
chronos_m4_hourly,207:target,207:target::origin=0,0,auto_arima,0,2784031153,gaussian,15,2010-06-03 03:00:00,25.200000762939453,20.185815811157227,20.185815811157227,16.644071578979492,17.859880447387695,18.736562728881836,19.48565673828125,20.185815811157227,20.885974884033203,21.635068893432617,22.511751174926758,23.72756004333496
chronos_m4_hourly,207:target,207:target::origin=0,0,auto_arima,0,2784031153,gaussian,16,2010-06-03 04:00:00,24.899999618530273,20.221534729003906,20.221534729003906,16.568893432617188,17.822769165039062,18.726903915405273,19.499452590942383,20.221534729003906,20.94361686706543,21.71616554260254,22.62030029296875,23.874176025390625
chronos_m4_hourly,207:target,207:target::origin=0,0,auto_arima,0,2784031153,gaussian,17,2010-06-03 05:00:00,24.5,20.160810470581055,20.160810470581055,16.403400421142578,17.6932430267334,18.623308181762695,19.41801643371582,20.160810470581055,20.90360450744629,21.698312759399414,22.62837791442871,23.91822052001953
chronos_m4_hourly,207:target,207:target::origin=0,0,auto_arima,0,2784031153,gaussian,18,2010-06-03 06:00:00,23.799999237060547,20.014596939086914,20.014596939086914,16.171228408813477,17.490577697753906,18.44192123413086,19.254810333251953,20.014596939086914,20.774383544921875,21.58727264404297,22.538616180419922,23.85796546936035
chronos_m4_hourly,207:target,207:target::origin=0,0,auto_arima,0,2784031153,gaussian,19,2010-06-03 07:00:00,22.600000381469727,19.799053192138672,19.799053192138672,15.895268440246582,17.2353572845459,18.201656341552734,19.02732276916504,19.799053192138672,20.570783615112305,21.39645004272461,22.362749099731445,23.702836990356445
chronos_m4_hourly,207:target,207:target::origin=0,0,auto_arima,0,2784031153,gaussian,20,2010-06-03 08:00:00,21.200000762939453,19.53404998779297,19.53404998779297,15.595669746398926,16.947635650634766,17.922496795654297,18.75547981262207,19.53404998779297,20.312620162963867,21.14560317993164,22.120464324951172,23.472429275512695
chronos_m4_hourly,207:target,207:target::origin=0,0,auto_arima,0,2784031153,gaussian,21,2010-06-03 09:00:00,20.299999237060547,19.241533279418945,19.241533279418945,15.289134979248047,16.645912170410156,17.624244689941406,18.46019172668457,19.241533279418945,20.02287483215332,20.858821868896484,21.837154388427734,23.193931579589844
chronos_m4_hourly,207:target,207:target::origin=0,0,auto_arima,0,2784031153,gaussian,22,2010-06-03 10:00:00,19.600000381469727,18.943838119506836,18.943838119506836,14.98916244506836,16.346721649169922,17.32561683654785,18.162046432495117,18.943838119506836,19.725629806518555,20.56205940246582,21.54095458984375,22.898513793945312
chronos_m4_hourly,207:target,207:target::origin=0,0,auto_arima,0,2784031153,gaussian,23,2010-06-03 11:00:00,18.799999237060547,18.662109375,18.662109375,14.706981658935547,16.064695358276367,17.043703079223633,17.88022804260254,18.662109375,19.44399070739746,20.280515670776367,21.259523391723633,22.617237091064453
chronos_m4_hourly,207:target,207:target::origin=0,0,auto_arima,0,2784031153,gaussian,24,2010-06-03 12:00:00,17.899999618530273,18.41490364074707,18.41490364074707,14.452739715576172,15.81286907196045,16.79361915588379,17.63163185119629,18.41490364074707,19.19817543029785,20.03618812561035,21.016937255859375,22.37706756591797
chronos_m4_hourly,207:target,207:target::origin=0,0,auto_arima,0,2784031153,gaussian,25,2010-06-03 13:00:00,17.799999237060547,18.21707534790039,18.21707534790039,14.23638916015625,15.602876663208008,16.588211059570312,17.43014144897461,18.21707534790039,19.004009246826172,19.84593963623047,20.831274032592773,22.19776153564453
chronos_m4_hourly,207:target,207:target::origin=0,0,auto_arima,0,2784031153,gaussian,26,2010-06-03 14:00:00,17.299999237060547,18.07900047302246,18.07900047302246,14.06777286529541,15.444745063781738,16.437639236450195,17.286029815673828,18.07900047302246,18.871971130371094,19.720361709594727,20.7132568359375,22.090227127075195
chronos_m4_hourly,207:target,207:target::origin=0,0,auto_arima,0,2784031153,gaussian,27,2010-06-03 15:00:00,16.899999618530273,18.00615882873535,18.00615882873535,13.955703735351562,15.346141815185547,16.348745346069336,17.205432891845703,18.00615882873535,18.806884765625,19.663572311401367,20.666175842285156,22.05661392211914
chronos_m4_hourly,207:target,207:target::origin=0,0,auto_arima,0,2784031153,gaussian,28,2010-06-03 16:00:00,16.700000762939453,17.999094009399414,17.999094009399414,13.906376838684082,15.311322212219238,16.324386596679688,17.190013885498047,17.999094009399414,18.80817413330078,19.67380142211914,20.686864852905273,22.091812133789062
chronos_m4_hourly,207:target,207:target::origin=0,0,auto_arima,0,2784031153,gaussian,29,2010-06-03 17:00:00,16.399999618530273,18.053720474243164,18.053720474243164,13.921737670898438,15.34016227722168,16.362947463989258,17.23687744140625,18.053720474243164,18.870563507080078,19.74449348449707,20.76727867126465,22.18570327758789
chronos_m4_hourly,207:target,207:target::origin=0,0,auto_arima,0,2784031153,gaussian,30,2010-06-03 18:00:00,16.600000381469727,18.16193389892578,18.16193389892578,13.998408317565918,15.427660942077637,16.458253860473633,17.338855743408203,18.16193389892578,18.98501205444336,19.86561393737793,20.896207809448242,22.32546043395996
chronos_m4_hourly,207:target,207:target::origin=0,0,auto_arima,0,2784031153,gaussian,31,2010-06-03 19:00:00,18.100000381469727,18.31244659423828,18.31244659423828,14.127486228942871,15.56409740447998,16.599994659423828,17.485130310058594,18.31244659423828,19.13976287841797,20.024898529052734,21.0607967376709,22.497406005859375
chronos_m4_hourly,207:target,207:target::origin=0,0,auto_arima,0,2784031153,gaussian,32,2010-06-03 20:00:00,19.600000381469727,18.49180793762207,18.49180793762207,14.29529857635498,15.73587417602539,16.774629592895508,17.662208557128906,18.49180793762207,19.321407318115234,20.208986282348633,21.24774169921875,22.688316345214844
chronos_m4_hourly,207:target,207:target::origin=0,0,auto_arima,0,2784031153,gaussian,33,2010-06-03 21:00:00,21.100000381469727,18.68548583984375,18.68548583984375,14.484886169433594,15.92686653137207,16.96663475036621,17.855077743530273,18.68548583984375,19.515893936157227,20.40433692932129,21.44410514831543,22.886085510253906
chronos_m4_hourly,207:target,207:target::origin=0,0,auto_arima,0,2784031153,gaussian,34,2010-06-03 22:00:00,22.399999618530273,18.878965377807617,18.878965377807617,14.678001403808594,16.120105743408203,17.15996551513672,18.048486709594727,18.878965377807617,19.709444046020508,20.597965240478516,21.63782501220703,23.07992935180664
chronos_m4_hourly,207:target,207:target::origin=0,0,auto_arima,0,2784031153,gaussian,35,2010-06-03 23:00:00,23.5,19.058752059936523,19.058752059936523,14.857213973999023,16.299514770507812,17.33951759338379,18.228158950805664,19.058752059936523,19.889345169067383,20.777986526489258,21.817989349365234,23.260290145874023
chronos_m4_hourly,207:target,207:target::origin=0,0,auto_arima,0,2784031153,gaussian,36,2010-06-04 00:00:00,24.399999618530273,19.213247299194336,19.213247299194336,15.007822036743164,16.451457977294922,17.492422103881836,18.381885528564453,19.213247299194336,20.04460906982422,20.934072494506836,21.97503662109375,23.418672561645508
chronos_m4_hourly,207:target,207:target::origin=0,0,auto_arima,0,2784031153,gaussian,37,2010-06-04 01:00:00,25.0,19.333425521850586,19.333425521850586,15.119234085083008,16.565879821777344,17.609012603759766,18.50033187866211,19.333425521850586,20.166519165039062,21.057838439941406,22.100971221923828,23.547616958618164
chronos_m4_hourly,207:target,207:target::origin=0,0,auto_arima,0,2784031153,gaussian,38,2010-06-04 02:00:00,25.399999618530273,19.413284301757812,19.413284301757812,15.185616493225098,16.63688850402832,17.68335723876953,18.577526092529297,19.413284301757812,20.249042510986328,21.143211364746094,22.189680099487305,23.64095115661621
chronos_m4_hourly,207:target,207:target::origin=0,0,auto_arima,0,2784031153,gaussian,39,2010-06-04 03:00:00,25.299999237060547,19.450056076049805,19.450056076049805,15.20580768585205,16.662771224975586,17.71334457397461,18.611019134521484,19.450056076049805,20.289093017578125,21.186767578125,22.237340927124023,23.694303512573242
chronos_m4_hourly,207:target,207:target::origin=0,0,auto_arima,0,2784031153,gaussian,40,2010-06-04 04:00:00,25.100000381469727,19.444171905517578,19.444171905517578,15.182631492614746,16.645530700683594,17.70038414001465,18.601716995239258,19.444171905517578,20.2866268157959,21.187959671020508,22.242813110351562,23.705711364746094
chronos_m4_hourly,207:target,207:target::origin=0,0,auto_arima,0,2784031153,gaussian,41,2010-06-04 05:00:00,24.600000381469727,19.39901351928711,19.39901351928711,15.121883392333984,16.590133666992188,17.648847579956055,18.553476333618164,19.39901351928711,20.244550704956055,21.149179458618164,22.20789337158203,23.676143646240234
chronos_m4_hourly,207:target,207:target::origin=0,0,auto_arima,0,2784031153,gaussian,42,2010-06-04 06:00:00,23.899999618530273,19.320465087890625,19.320465087890625,15.031229019165039,16.50363540649414,17.565343856811523,18.472536087036133,19.320465087890625,20.168394088745117,21.075586318969727,22.13729476928711,23.60970115661621
chronos_m4_hourly,207:target,207:target::origin=0,0,auto_arima,0,2784031153,gaussian,43,2010-06-04 07:00:00,22.700000762939453,19.21633529663086,19.21633529663086,14.919244766235352,16.39434814453125,17.45800018310547,18.366853713989258,19.21633529663086,20.06581687927246,20.97467041015625,22.03832244873047,23.513425827026367
chronos_m4_hourly,207:target,207:target::origin=0,0,auto_arima,0,2784031153,gaussian,44,2010-06-04 08:00:00,21.299999237060547,19.095672607421875,19.095672607421875,14.794663429260254,16.2711124420166,17.335735321044922,18.24541473388672,19.095672607421875,19.94593048095703,20.855609893798828,21.92023277282715,23.39668083190918
chronos_m4_hourly,207:target,207:target::origin=0,0,auto_arima,0,2784031153,gaussian,45,2010-06-04 09:00:00,20.399999618530273,18.968055725097656,18.968055725097656,14.665885925292969,16.142732620239258,17.207643508911133,18.117568969726562,18.968055725097656,19.81854248046875,20.72846794128418,21.793378829956055,23.270225524902344
chronos_m4_hourly,207:target,207:target::origin=0,0,auto_arima,0,2784031153,gaussian,46,2010-06-04 10:00:00,19.700000762939453,18.84287452697754,18.84287452697754,14.540678024291992,16.017534255981445,17.08245086669922,17.992382049560547,18.84287452697754,19.69336700439453,20.60329818725586,21.668214797973633,23.145071029663086
chronos_m4_hourly,207:target,207:target::origin=0,0,auto_arima,0,2784031153,gaussian,47,2010-06-04 11:00:00,18.899999618530273,18.728700637817383,18.728700637817383,14.426015853881836,15.90303897857666,16.968076705932617,17.87811279296875,18.728700637817383,19.579288482666016,20.48932456970215,21.55436134338379,23.03138542175293
chronos_m4_hourly,207:target,207:target::origin=0,0,prophet,0,2250394630,samples,0,2010-06-02 12:00:00,17.700000762939453,18.000524520874023,17.999300003051758,17.82370948791504,17.886167526245117,17.927146911621094,17.957544326782227,18.000524520874023,18.03336524963379,18.058284759521484,18.09852409362793,18.1806640625
chronos_m4_hourly,207:target,207:target::origin=0,0,prophet,0,2250394630,samples,1,2010-06-02 13:00:00,17.700000762939453,17.50339126586914,17.520132064819336,17.320459365844727,17.367023468017578,17.417827606201172,17.45975685119629,17.50339126586914,17.552309036254883,17.58953857421875,17.645069122314453,17.69290542602539
chronos_m4_hourly,207:target,207:target::origin=0,0,prophet,0,2250394630,samples,2,2010-06-02 14:00:00,17.100000381469727,17.03284454345703,17.038362503051758,16.827695846557617,16.900922775268555,16.952472686767578,16.9941349029541,17.03284454345703,17.072044372558594,17.111732482910156,17.15203094482422,17.209312438964844
chronos_m4_hourly,207:target,207:target::origin=0,0,prophet,0,2250394630,samples,3,2010-06-02 15:00:00,16.799999237060547,16.509193420410156,16.51842498779297,16.324003219604492,16.393455505371094,16.433849334716797,16.464275360107422,16.509193420410156,16.559825897216797,16.601770401000977,16.662334442138672,16.732685089111328
chronos_m4_hourly,207:target,207:target::origin=0,0,prophet,0,2250394630,samples,4,2010-06-02 16:00:00,16.5,16.067718505859375,16.066144943237305,15.879820823669434,15.953117370605469,16.008657455444336,16.033403396606445,16.067718505859375,16.103273391723633,16.151325225830078,16.198999404907227,16.250988006591797
chronos_m4_hourly,207:target,207:target::origin=0,0,prophet,0,2250394630,samples,5,2010-06-02 17:00:00,16.200000762939453,15.908199310302734,15.924145698547363,15.743939399719238,15.79509449005127,15.833198547363281,15.877256393432617,15.908199310302734,15.954656600952148,16.001659393310547,16.06332015991211,16.13816261291504
chronos_m4_hourly,207:target,207:target::origin=0,0,prophet,0,2250394630,samples,6,2010-06-02 18:00:00,16.5,16.356807708740234,16.347225189208984,16.17360496520996,16.216182708740234,16.282297134399414,16.3065128326416,16.356807708740234,16.39344596862793,16.44851303100586,16.486417770385742,16.548227310180664
chronos_m4_hourly,207:target,207:target::origin=0,0,prophet,0,2250394630,samples,7,2010-06-02 19:00:00,17.899999618530273,17.4237060546875,17.428007125854492,17.259157180786133,17.315114974975586,17.355253219604492,17.39528465270996,17.4237060546875,17.482654571533203,17.517147064208984,17.57107925415039,17.64280891418457
chronos_m4_hourly,207:target,207:target::origin=0,0,prophet,0,2250394630,samples,8,2010-06-02 20:00:00,19.399999618530273,19.00898551940918,19.003650665283203,18.80580711364746,18.855926513671875,18.91107749938965,18.972461700439453,19.00898551940918,19.054628372192383,19.105878829956055,19.153249740600586,19.21561622619629
chronos_m4_hourly,207:target,207:target::origin=0,0,prophet,0,2250394630,samples,9,2010-06-02 21:00:00,20.899999618530273,20.73653221130371,20.72572135925293,20.532987594604492,20.606443405151367,20.664432525634766,20.709087371826172,20.73653221130371,20.77210235595703,20.799423217773438,20.841978073120117,20.929506301879883
chronos_m4_hourly,207:target,207:target::origin=0,0,prophet,0,2250394630,samples,10,2010-06-02 22:00:00,22.200000762939453,22.24382972717285,22.24959945678711,22.059507369995117,22.114675521850586,22.168317794799805,22.207138061523438,22.24382972717285,22.27554702758789,22.30535125732422,22.36748695373535,22.458086013793945
chronos_m4_hourly,207:target,207:target::origin=0,0,prophet,0,2250394630,samples,11,2010-06-02 23:00:00,23.299999237060547,23.414522171020508,23.40374183654785,23.236330032348633,23.278858184814453,23.32491111755371,23.363794326782227,23.414522171020508,23.457656860351562,23.49563217163086,23.54360580444336,23.59266471862793
chronos_m4_hourly,207:target,207:target::origin=0,0,prophet,0,2250394630,samples,12,2010-06-03 00:00:00,24.200000762939453,24.210567474365234,24.218067169189453,23.9929256439209,24.065826416015625,24.13507080078125,24.173412322998047,24.210567474365234,24.248428344726562,24.29474449157715,24.333637237548828,24.392070770263672
chronos_m4_hourly,207:target,207:target::origin=0,0,prophet,0,2250394630,samples,13,2010-06-03 01:00:00,24.799999237060547,24.79736328125,24.808700561523438,24.6106014251709,24.68086814880371,24.717531204223633,24.770660400390625,24.79736328125,24.836177825927734,24.885364532470703,24.925357818603516,24.998029708862305
chronos_m4_hourly,207:target,207:target::origin=0,0,prophet,0,2250394630,samples,14,2010-06-03 02:00:00,25.200000762939453,25.229206085205078,25.229896545410156,25.037498474121094,25.089632034301758,25.1379337310791,25.191940307617188,25.229206085205078,25.26490592956543,25.307174682617188,25.35563087463379,25.412303924560547
chronos_m4_hourly,207:target,207:target::origin=0,0,prophet,0,2250394630,samples,15,2010-06-03 03:00:00,25.200000762939453,25.399581909179688,25.416507720947266,25.213943481445312,25.281774520874023,25.32864761352539,25.36553382873535,25.399581909179688,25.441211700439453,25.490131378173828,25.529539108276367,25.600940704345703
chronos_m4_hourly,207:target,207:target::origin=0,0,prophet,0,2250394630,samples,16,2010-06-03 04:00:00,24.899999618530273,25.26456642150879,25.249385833740234,25.0362548828125,25.112464904785156,25.17378807067871,25.21498680114746,25.26456642150879,25.299537658691406,25.329206466674805,25.37738037109375,25.438100814819336
chronos_m4_hourly,207:target,207:target::origin=0,0,prophet,0,2250394630,samples,17,2010-06-03 05:00:00,24.5,24.708187103271484,24.669719696044922,24.521799087524414,24.585634231567383,24.62407684326172,24.65592384338379,24.708187103271484,24.738693237304688,24.760395050048828,24.809186935424805,24.88031005859375
chronos_m4_hourly,207:target,207:target::origin=0,0,prophet,0,2250394630,samples,18,2010-06-03 06:00:00,23.799999237060547,23.736530303955078,23.740161895751953,23.57392692565918,23.636791229248047,23.66584014892578,23.706052780151367,23.736530303955078,23.776147842407227,23.813920974731445,23.857948303222656,23.902421951293945
chronos_m4_hourly,207:target,207:target::origin=0,0,prophet,0,2250394630,samples,19,2010-06-03 07:00:00,22.600000381469727,22.615032196044922,22.613615036010742,22.443626403808594,22.49405288696289,22.52958869934082,22.576501846313477,22.615032196044922,22.658491134643555,22.698362350463867,22.734281539916992,22.816146850585938
chronos_m4_hourly,207:target,207:target::origin=0,0,prophet,0,2250394630,samples,20,2010-06-03 08:00:00,21.200000762939453,21.450349807739258,21.45451545715332,21.26358985900879,21.32992935180664,21.378089904785156,21.41559600830078,21.450349807739258,21.490264892578125,21.537487030029297,21.581392288208008,21.674335479736328
chronos_m4_hourly,207:target,207:target::origin=0,0,prophet,0,2250394630,samples,21,2010-06-03 09:00:00,20.299999237060547,20.366588592529297,20.382814407348633,20.191030502319336,20.250900268554688,20.297548294067383,20.338254928588867,20.366588592529297,20.395057678222656,20.433515548706055,20.46632957458496,20.541351318359375
chronos_m4_hourly,207:target,207:target::origin=0,0,prophet,0,2250394630,samples,22,2010-06-03 10:00:00,19.600000381469727,19.462554931640625,19.46623992919922,19.28152847290039,19.34210205078125,19.380117416381836,19.425012588500977,19.462554931640625,19.4910831451416,19.53044891357422,19.595338821411133,19.646846771240234
chronos_m4_hourly,207:target,207:target::origin=0,0,prophet,0,2250394630,samples,23,2010-06-03 11:00:00,18.799999237060547,18.753280639648438,18.7314453125,18.568220138549805,18.631319046020508,18.671079635620117,18.706050872802734,18.753280639648438,18.779844284057617,18.810134887695312,18.857986450195312,18.923620223999023
chronos_m4_hourly,207:target,207:target::origin=0,0,prophet,0,2250394630,samples,24,2010-06-03 12:00:00,17.899999618530273,18.14000701904297,18.160175323486328,17.955442428588867,18.014707565307617,18.062646865844727,18.091127395629883,18.14000701904297,18.18083381652832,18.225605010986328,18.26703453063965,18.33291244506836
chronos_m4_hourly,207:target,207:target::origin=0,0,prophet,0,2250394630,samples,25,2010-06-03 13:00:00,17.799999237060547,17.700910568237305,17.680906295776367,17.474987030029297,17.566560745239258,17.615333557128906,17.666112899780273,17.700910568237305,17.74234962463379,17.778486251831055,17.827224731445312,17.876827239990234
chronos_m4_hourly,207:target,207:target::origin=0,0,prophet,0,2250394630,samples,26,2010-06-03 14:00:00,17.299999237060547,17.16791534423828,17.198755264282227,17.014869689941406,17.055953979492188,17.091419219970703,17.1341609954834,17.16791534423828,17.213401794433594,17.251426696777344,17.308839797973633,17.349563598632812
chronos_m4_hourly,207:target,207:target::origin=0,0,prophet,0,2250394630,samples,27,2010-06-03 15:00:00,16.899999618530273,16.66490364074707,16.678165435791016,16.476974487304688,16.547588348388672,16.59212875366211,16.627233505249023,16.66490364074707,16.704858779907227,16.744699478149414,16.792766571044922,16.86619758605957
chronos_m4_hourly,207:target,207:target::origin=0,0,prophet,0,2250394630,samples,28,2010-06-03 16:00:00,16.700000762939453,16.240461349487305,16.22496223449707,16.021183013916016,16.10504913330078,16.1622371673584,16.21400260925293,16.240461349487305,16.30187225341797,16.327991485595703,16.359464645385742,16.410329818725586
chronos_m4_hourly,207:target,207:target::origin=0,0,prophet,0,2250394630,samples,29,2010-06-03 17:00:00,16.399999618530273,16.08835220336914,16.081777572631836,15.91485595703125,15.97510814666748,16.01349639892578,16.046117782592773,16.08835220336914,16.12367820739746,16.16537857055664,16.214296340942383,16.270999908447266
chronos_m4_hourly,207:target,207:target::origin=0,0,prophet,0,2250394630,samples,30,2010-06-03 18:00:00,16.600000381469727,16.516719818115234,16.503421783447266,16.33511734008789,16.40024185180664,16.442495346069336,16.47669219970703,16.516719818115234,16.5488224029541,16.56548500061035,16.609073638916016,16.691688537597656
chronos_m4_hourly,207:target,207:target::origin=0,0,prophet,0,2250394630,samples,31,2010-06-03 19:00:00,18.100000381469727,17.562593460083008,17.582529067993164,17.404457092285156,17.464141845703125,17.506057739257812,17.53058433532715,17.562593460083008,17.601160049438477,17.633691787719727,17.687454223632812,17.757789611816406
chronos_m4_hourly,207:target,207:target::origin=0,0,prophet,0,2250394630,samples,32,2010-06-03 20:00:00,19.600000381469727,19.155933380126953,19.156282424926758,18.95591926574707,19.034881591796875,19.084697723388672,19.11819076538086,19.155933380126953,19.195022583007812,19.241451263427734,19.281240463256836,19.334413528442383
chronos_m4_hourly,207:target,207:target::origin=0,0,prophet,0,2250394630,samples,33,2010-06-03 21:00:00,21.100000381469727,20.86480712890625,20.876264572143555,20.707050323486328,20.76535987854004,20.801528930664062,20.838333129882812,20.86480712890625,20.886280059814453,20.921279907226562,20.970855712890625,21.040016174316406
chronos_m4_hourly,207:target,207:target::origin=0,0,prophet,0,2250394630,samples,34,2010-06-03 22:00:00,22.399999618530273,22.39946174621582,22.397878646850586,22.201797485351562,22.25546646118164,22.314523696899414,22.363279342651367,22.39946174621582,22.432693481445312,22.48946762084961,22.529836654663086,22.605440139770508
chronos_m4_hourly,207:target,207:target::origin=0,0,prophet,0,2250394630,samples,35,2010-06-03 23:00:00,23.5,23.533645629882812,23.54960823059082,23.305749893188477,23.41282081604004,23.46430778503418,23.508272171020508,23.533645629882812,23.567922592163086,23.62277603149414,23.664710998535156,23.738033294677734
chronos_m4_hourly,207:target,207:target::origin=0,0,prophet,0,2250394630,samples,36,2010-06-04 00:00:00,24.399999618530273,24.376571655273438,24.36139678955078,24.153667449951172,24.22938346862793,24.291872024536133,24.33246421813965,24.376571655273438,24.4078426361084,24.44556999206543,24.494218826293945,24.555301666259766
chronos_m4_hourly,207:target,207:target::origin=0,0,prophet,0,2250394630,samples,37,2010-06-04 01:00:00,25.0,24.953140258789062,24.949399948120117,24.755151748657227,24.83498191833496,24.8742733001709,24.927268981933594,24.953140258789062,24.98273277282715,25.026357650756836,25.070674896240234,25.121152877807617
chronos_m4_hourly,207:target,207:target::origin=0,0,prophet,0,2250394630,samples,38,2010-06-04 02:00:00,25.399999618530273,25.36495590209961,25.367902755737305,25.208520889282227,25.249143600463867,25.28944969177246,25.32108497619629,25.36495590209961,25.411184310913086,25.454174041748047,25.496112823486328,25.552980422973633
chronos_m4_hourly,207:target,207:target::origin=0,0,prophet,0,2250394630,samples,39,2010-06-04 03:00:00,25.299999237060547,25.540246963500977,25.55179214477539,25.36374282836914,25.426647186279297,25.470317840576172,25.504480361938477,25.540246963500977,25.5765380859375,25.615095138549805,25.68505096435547,25.75464630126953
chronos_m4_hourly,207:target,207:target::origin=0,0,prophet,0,2250394630,samples,40,2010-06-04 04:00:00,25.100000381469727,25.365467071533203,25.38194465637207,25.18691635131836,25.25733184814453,25.313064575195312,25.34369659423828,25.365467071533203,25.403316497802734,25.43701934814453,25.481998443603516,25.53338623046875
chronos_m4_hourly,207:target,207:target::origin=0,0,prophet,0,2250394630,samples,41,2010-06-04 05:00:00,24.600000381469727,24.801828384399414,24.799589157104492,24.64419174194336,24.698190689086914,24.733266830444336,24.76308250427246,24.801828384399414,24.842971801757812,24.89274024963379,24.94392204284668,24.98212242126465
chronos_m4_hourly,207:target,207:target::origin=0,0,prophet,0,2250394630,samples,42,2010-06-04 06:00:00,23.899999618530273,23.870532989501953,23.867403030395508,23.6812686920166,23.749666213989258,23.806020736694336,23.845552444458008,23.870532989501953,23.90865707397461,23.94987678527832,23.994138717651367,24.058496475219727
chronos_m4_hourly,207:target,207:target::origin=0,0,prophet,0,2250394630,samples,43,2010-06-04 07:00:00,22.700000762939453,22.753164291381836,22.738319396972656,22.553281784057617,22.63581085205078,22.675033569335938,22.715993881225586,22.753164291381836,22.78360366821289,22.824995040893555,22.862939834594727,22.910871505737305
chronos_m4_hourly,207:target,207:target::origin=0,0,prophet,0,2250394630,samples,44,2010-06-04 08:00:00,21.299999237060547,21.561317443847656,21.57680892944336,21.371105194091797,21.43326759338379,21.473094940185547,21.52315330505371,21.561317443847656,21.59402084350586,21.630292892456055,21.685810089111328,21.750335693359375
chronos_m4_hourly,207:target,207:target::origin=0,0,prophet,0,2250394630,samples,45,2010-06-04 09:00:00,20.399999618530273,20.506006240844727,20.50284767150879,20.32769012451172,20.3887939453125,20.440038681030273,20.482812881469727,20.506006240844727,20.538599014282227,20.565410614013672,20.605514526367188,20.67105484008789
chronos_m4_hourly,207:target,207:target::origin=0,0,prophet,0,2250394630,samples,46,2010-06-04 10:00:00,19.700000762939453,19.58523178100586,19.584190368652344,19.430089950561523,19.479042053222656,19.515605926513672,19.55868148803711,19.58523178100586,19.622827529907227,19.66463851928711,19.7100887298584,19.791902542114258
chronos_m4_hourly,207:target,207:target::origin=0,0,prophet,0,2250394630,samples,47,2010-06-04 11:00:00,18.899999618530273,18.84891128540039,18.847517013549805,18.67452049255371,18.739049911499023,18.77710723876953,18.812057495117188,18.84891128540039,18.89785385131836,18.92649269104004,18.966690063476562,19.038896560668945
chronos_m4_hourly,207:target,207:target::origin=0,0,deepar,0,4005131104,samples,0,2010-06-02 12:00:00,17.700000762939453,17.980371475219727,17.910568237304688,17.47187614440918,17.61784553527832,17.70294189453125,17.812793731689453,17.980371475219727,18.026533126831055,18.12830352783203,18.244998931884766,18.33708381652832
chronos_m4_hourly,207:target,207:target::origin=0,0,deepar,0,4005131104,samples,1,2010-06-02 13:00:00,17.700000762939453,17.360315322875977,17.354795455932617,17.009878158569336,17.141454696655273,17.228742599487305,17.309284210205078,17.360315322875977,17.432764053344727,17.506542205810547,17.568599700927734,17.693857192993164
chronos_m4_hourly,207:target,207:target::origin=0,0,deepar,0,4005131104,samples,2,2010-06-02 14:00:00,17.100000381469727,16.83699607849121,16.851707458496094,16.36233139038086,16.604598999023438,16.689062118530273,16.78139877319336,16.83699607849121,16.97056007385254,17.045541763305664,17.156452178955078,17.264007568359375
chronos_m4_hourly,207:target,207:target::origin=0,0,deepar,0,4005131104,samples,3,2010-06-02 15:00:00,16.799999237060547,16.393033981323242,16.356359481811523,15.875285148620605,16.081993103027344,16.260379791259766,16.3184757232666,16.393033981323242,16.48187255859375,16.56062126159668,16.646604537963867,16.7368221282959
chronos_m4_hourly,207:target,207:target::origin=0,0,deepar,0,4005131104,samples,4,2010-06-02 16:00:00,16.5,15.998144149780273,16.020767211914062,15.53122615814209,15.706624031066895,15.81108570098877,15.911842346191406,15.998144149780273,16.0869083404541,16.235361099243164,16.37234115600586,16.473276138305664
chronos_m4_hourly,207:target,207:target::origin=0,0,deepar,0,4005131104,samples,5,2010-06-02 17:00:00,16.200000762939453,15.968208312988281,15.92323112487793,15.503372192382812,15.670927047729492,15.754765510559082,15.854485511779785,15.968208312988281,16.023773193359375,16.11851692199707,16.211833953857422,16.35222625732422
chronos_m4_hourly,207:target,207:target::origin=0,0,deepar,0,4005131104,samples,6,2010-06-02 18:00:00,16.5,16.26141929626465,16.25360870361328,15.654067993164062,15.932256698608398,16.12322235107422,16.21101188659668,16.26141929626465,16.31178855895996,16.457447052001953,16.534852981567383,16.78541374206543
chronos_m4_hourly,207:target,207:target::origin=0,0,deepar,0,4005131104,samples,7,2010-06-02 19:00:00,17.899999618530273,17.222888946533203,17.232023239135742,16.766653060913086,16.93561363220215,17.04363250732422,17.117122650146484,17.222888946533203,17.299102783203125,17.3680477142334,17.528972625732422,17.772005081176758
chronos_m4_hourly,207:target,207:target::origin=0,0,deepar,0,4005131104,samples,8,2010-06-02 20:00:00,19.399999618530273,18.666261672973633,18.652498245239258,18.152565002441406,18.31476593017578,18.43425178527832,18.491668701171875,18.666261672973633,18.743940353393555,18.831785202026367,18.954816818237305,19.122711181640625
chronos_m4_hourly,207:target,207:target::origin=0,0,deepar,0,4005131104,samples,9,2010-06-02 21:00:00,20.899999618530273,20.319400787353516,20.331483840942383,19.717161178588867,19.950191497802734,20.112016677856445,20.223548889160156,20.319400787353516,20.486581802368164,20.57631492614746,20.697834014892578,20.921823501586914
chronos_m4_hourly,207:target,207:target::origin=0,0,deepar,0,4005131104,samples,10,2010-06-02 22:00:00,22.200000762939453,21.691171646118164,21.647184371948242,21.09220314025879,21.34323501586914,21.47171401977539,21.54787826538086,21.691171646118164,21.799013137817383,21.877113342285156,22.018434524536133,22.101104736328125
chronos_m4_hourly,207:target,207:target::origin=0,0,deepar,0,4005131104,samples,11,2010-06-02 23:00:00,23.299999237060547,22.634798049926758,22.664295196533203,22.212970733642578,22.320146560668945,22.491252899169922,22.526535034179688,22.634798049926758,22.74512481689453,22.84480857849121,22.966388702392578,23.251358032226562
chronos_m4_hourly,207:target,207:target::origin=0,0,deepar,0,4005131104,samples,12,2010-06-03 00:00:00,24.200000762939453,23.76371955871582,23.715333938598633,23.09685516357422,23.40800666809082,23.568918228149414,23.671403884887695,23.76371955871582,23.817127227783203,23.917741775512695,24.048568725585938,24.25306510925293
chronos_m4_hourly,207:target,207:target::origin=0,0,deepar,0,4005131104,samples,13,2010-06-03 01:00:00,24.799999237060547,24.69259262084961,24.59563446044922,24.121999740600586,24.36747169494629,24.49331283569336,24.61233901977539,24.69259262084961,24.75657081604004,24.83145523071289,24.871427536010742,25.035825729370117
chronos_m4_hourly,207:target,207:target::origin=0,0,deepar,0,4005131104,samples,14,2010-06-03 02:00:00,25.200000762939453,25.030820846557617,25.044851303100586,24.416980743408203,24.659021377563477,24.820329666137695,24.9946231842041,25.030820846557617,25.14594078063965,25.26792335510254,25.37334442138672,25.578405380249023
chronos_m4_hourly,207:target,207:target::origin=0,0,deepar,0,4005131104,samples,15,2010-06-03 03:00:00,25.200000762939453,25.165491104125977,25.118478775024414,24.517555236816406,24.791481018066406,24.971471786499023,25.061269760131836,25.165491104125977,25.270994186401367,25.34775733947754,25.445449829101562,25.62534523010254
chronos_m4_hourly,207:target,207:target::origin=0,0,deepar,0,4005131104,samples,16,2010-06-03 04:00:00,24.899999618530273,24.81082534790039,24.80626678466797,24.40629005432129,24.530866622924805,24.64474105834961,24.726978302001953,24.81082534790039,24.885831832885742,24.978824615478516,25.161081314086914,25.24901580810547
chronos_m4_hourly,207:target,207:target::origin=0,0,deepar,0,4005131104,samples,17,2010-06-03 05:00:00,24.5,24.51251792907715,24.482959747314453,23.996313095092773,24.213768005371094,24.315967559814453,24.462417602539062,24.51251792907715,24.549169540405273,24.643909454345703,24.772066116333008,25.025318145751953
chronos_m4_hourly,207:target,207:target::origin=0,0,deepar,0,4005131104,samples,18,2010-06-03 06:00:00,23.799999237060547,23.646827697753906,23.673524856567383,23.237573623657227,23.4073543548584,23.492725372314453,23.568368911743164,23.646827697753906,23.710479736328125,23.822839736938477,23.989124298095703,24.148359298706055
chronos_m4_hourly,207:target,207:target::origin=0,0,deepar,0,4005131104,samples,19,2010-06-03 07:00:00,22.600000381469727,22.593671798706055,22.586376190185547,22.15767478942871,22.356130599975586,22.408803939819336,22.46659278869629,22.593671798706055,22.668088912963867,22.781944274902344,22.85001564025879,23.008970260620117
chronos_m4_hourly,207:target,207:target::origin=0,0,deepar,0,4005131104,samples,20,2010-06-03 08:00:00,21.200000762939453,21.29884147644043,21.2718505859375,20.783172607421875,20.972888946533203,21.111940383911133,21.19719886779785,21.29884147644043,21.391019821166992,21.48162269592285,21.568498611450195,21.757591247558594
chronos_m4_hourly,207:target,207:target::origin=0,0,deepar,0,4005131104,samples,21,2010-06-03 09:00:00,20.299999237060547,20.239728927612305,20.228239059448242,19.75049591064453,19.937707901000977,20.047393798828125,20.15263557434082,20.239728927612305,20.311420440673828,20.4195556640625,20.52047348022461,20.69666290283203
chronos_m4_hourly,207:target,207:target::origin=0,0,deepar,0,4005131104,samples,22,2010-06-03 10:00:00,19.600000381469727,19.39402961730957,19.36908531188965,18.950424194335938,19.132984161376953,19.257387161254883,19.317184448242188,19.39402961730957,19.428773880004883,19.509429931640625,19.59931182861328,19.772642135620117
chronos_m4_hourly,207:target,207:target::origin=0,0,deepar,0,4005131104,samples,23,2010-06-03 11:00:00,18.799999237060547,18.500778198242188,18.5230655670166,18.14362144470215,18.271183013916016,18.360240936279297,18.422365188598633,18.500778198242188,18.58595848083496,18.682477951049805,18.79012680053711,18.93501091003418
chronos_m4_hourly,207:target,207:target::origin=0,0,deepar,0,4005131104,samples,24,2010-06-03 12:00:00,17.899999618530273,17.9215030670166,17.951400756835938,17.576828002929688,17.65536880493164,17.783266067504883,17.84938621520996,17.9215030670166,18.000364303588867,18.098552703857422,18.204132080078125,18.344884872436523
chronos_m4_hourly,207:target,207:target::origin=0,0,deepar,0,4005131104,samples,25,2010-06-03 13:00:00,17.799999237060547,17.311546325683594,17.331403732299805,16.88123321533203,17.056711196899414,17.14028549194336,17.239883422851562,17.311546325683594,17.40524673461914,17.49485969543457,17.636974334716797,17.77132797241211
chronos_m4_hourly,207:target,207:target::origin=0,0,deepar,0,4005131104,samples,26,2010-06-03 14:00:00,17.299999237060547,16.856901168823242,16.845359802246094,16.402414321899414,16.57848358154297,16.700145721435547,16.75883674621582,16.856901168823242,16.928264617919922,17.001699447631836,17.102813720703125,17.308269500732422
chronos_m4_hourly,207:target,207:target::origin=0,0,deepar,0,4005131104,samples,27,2010-06-03 15:00:00,16.899999618530273,16.391395568847656,16.39163589477539,16.038991928100586,16.15058708190918,16.20821762084961,16.31426429748535,16.391395568847656,16.46941566467285,16.535432815551758,16.636314392089844,16.771181106567383
chronos_m4_hourly,207:target,207:target::origin=0,0,deepar,0,4005131104,samples,28,2010-06-03 16:00:00,16.700000762939453,16.040246963500977,15.987987518310547,15.523770332336426,15.742303848266602,15.86221694946289,15.965048789978027,16.040246963500977,16.15493392944336,16.24703598022461,16.35873794555664,16.50177764892578
chronos_m4_hourly,207:target,207:target::origin=0,0,deepar,0,4005131104,samples,29,2010-06-03 17:00:00,16.399999618530273,15.98132610321045,15.963852882385254,15.467392921447754,15.618592262268066,15.749046325683594,15.891117095947266,15.98132610321045,16.017778396606445,16.16918182373047,16.402420043945312,16.564130783081055
chronos_m4_hourly,207:target,207:target::origin=0,0,deepar,0,4005131104,samples,30,2010-06-03 18:00:00,16.600000381469727,16.318439483642578,16.283714294433594,15.6882905960083,15.913036346435547,16.06691551208496,16.232656478881836,16.318439483642578,16.372352600097656,16.491310119628906,16.632505416870117,16.84579849243164
chronos_m4_hourly,207:target,207:target::origin=0,0,deepar,0,4005131104,samples,31,2010-06-03 19:00:00,18.100000381469727,17.279062271118164,17.27526092529297,16.81256866455078,16.953310012817383,17.026535034179688,17.16530418395996,17.279062271118164,17.34746551513672,17.4361572265625,17.606843948364258,17.776775360107422
chronos_m4_hourly,207:target,207:target::origin=0,0,deepar,0,4005131104,samples,32,2010-06-03 20:00:00,19.600000381469727,18.577781677246094,18.548254013061523,17.90918731689453,18.10432243347168,18.3608341217041,18.488361358642578,18.577781677246094,18.697046279907227,18.81649398803711,18.9764347076416,19.147905349731445
chronos_m4_hourly,207:target,207:target::origin=0,0,deepar,0,4005131104,samples,33,2010-06-03 21:00:00,21.100000381469727,20.284103393554688,20.264326095581055,19.762569427490234,19.940162658691406,20.046873092651367,20.168798446655273,20.284103393554688,20.35761070251465,20.435230255126953,20.538578033447266,20.714128494262695
chronos_m4_hourly,207:target,207:target::origin=0,0,deepar,0,4005131104,samples,34,2010-06-03 22:00:00,22.399999618530273,21.659805297851562,21.616287231445312,21.08993911743164,21.2227725982666,21.382417678833008,21.559389114379883,21.659805297851562,21.747499465942383,21.824871063232422,21.886863708496094,22.094650268554688
chronos_m4_hourly,207:target,207:target::origin=0,0,deepar,0,4005131104,samples,35,2010-06-03 23:00:00,23.5,22.60175132751465,22.614208221435547,22.123851776123047,22.32245635986328,22.446237564086914,22.558700561523438,22.60175132751465,22.687883377075195,22.747661590576172,22.881439208984375,23.144058227539062
chronos_m4_hourly,207:target,207:target::origin=0,0,deepar,0,4005131104,samples,36,2010-06-04 00:00:00,24.399999618530273,23.78895378112793,23.76241683959961,23.336566925048828,23.47354507446289,23.563066482543945,23.70697784423828,23.78895378112793,23.84476089477539,23.9223575592041,23.989093780517578,24.308839797973633
chronos_m4_hourly,207:target,207:target::origin=0,0,deepar,0,4005131104,samples,37,2010-06-04 01:00:00,25.0,24.67241096496582,24.627756118774414,24.131406784057617,24.33583641052246,24.439857482910156,24.53643035888672,24.67241096496582,24.71542739868164,24.83257293701172,24.94463348388672,25.199499130249023
chronos_m4_hourly,207:target,207:target::origin=0,0,deepar,0,4005131104,samples,38,2010-06-04 02:00:00,25.399999618530273,25.087541580200195,25.0811824798584,24.595783233642578,24.81316566467285,24.888051986694336,24.95710563659668,25.087541580200195,25.2059268951416,25.304378509521484,25.456525802612305,25.605266571044922
chronos_m4_hourly,207:target,207:target::origin=0,0,deepar,0,4005131104,samples,39,2010-06-04 03:00:00,25.299999237060547,25.138469696044922,25.137451171875,24.736644744873047,24.828449249267578,24.950340270996094,25.04673957824707,25.138469696044922,25.215784072875977,25.28312873840332,25.42174530029297,25.681629180908203
chronos_m4_hourly,207:target,207:target::origin=0,0,deepar,0,4005131104,samples,40,2010-06-04 04:00:00,25.100000381469727,25.039718627929688,24.996431350708008,24.31934356689453,24.727834701538086,24.8333683013916,24.93570899963379,25.039718627929688,25.10002326965332,25.17885398864746,25.30994987487793,25.43607521057129
chronos_m4_hourly,207:target,207:target::origin=0,0,deepar,0,4005131104,samples,41,2010-06-04 05:00:00,24.600000381469727,24.48289680480957,24.45203399658203,24.024730682373047,24.167160034179688,24.2665958404541,24.335071563720703,24.48289680480957,24.553064346313477,24.657649993896484,24.808473587036133,24.959192276000977
chronos_m4_hourly,207:target,207:target::origin=0,0,deepar,0,4005131104,samples,42,2010-06-04 06:00:00,23.899999618530273,23.698795318603516,23.718238830566406,23.244508743286133,23.398595809936523,23.506072998046875,23.616430282592773,23.698795318603516,23.776344299316406,23.872966766357422,24.012849807739258,24.183088302612305
chronos_m4_hourly,207:target,207:target::origin=0,0,deepar,0,4005131104,samples,43,2010-06-04 07:00:00,22.700000762939453,22.55952262878418,22.556194305419922,22.123119354248047,22.25703239440918,22.364728927612305,22.465057373046875,22.55952262878418,22.60809898376465,22.691808700561523,22.78799057006836,22.988004684448242
chronos_m4_hourly,207:target,207:target::origin=0,0,deepar,0,4005131104,samples,44,2010-06-04 08:00:00,21.299999237060547,21.53364372253418,21.51364517211914,21.201814651489258,21.299474716186523,21.3525333404541,21.44742774963379,21.53364372253418,21.560457229614258,21.624286651611328,21.714263916015625,21.83987808227539
chronos_m4_hourly,207:target,207:target::origin=0,0,deepar,0,4005131104,samples,45,2010-06-04 09:00:00,20.399999618530273,20.294597625732422,20.254196166992188,19.79874610900879,19.981430053710938,20.107595443725586,20.230857849121094,20.294597625732422,20.340316772460938,20.487285614013672,20.556598663330078,20.654293060302734
chronos_m4_hourly,207:target,207:target::origin=0,0,deepar,0,4005131104,samples,46,2010-06-04 10:00:00,19.700000762939453,19.420305252075195,19.42186737060547,19.024580001831055,19.19916534423828,19.278160095214844,19.38461685180664,19.420305252075195,19.467815399169922,19.559452056884766,19.619083404541016,19.736806869506836
chronos_m4_hourly,207:target,207:target::origin=0,0,deepar,0,4005131104,samples,47,2010-06-04 11:00:00,18.899999618530273,18.52729034423828,18.548866271972656,18.131065368652344,18.310617446899414,18.401145935058594,18.476045608520508,18.52729034423828,18.606698989868164,18.731019973754883,18.821199417114258,18.947973251342773
chronos_weather,subset=rain|364:target,subset=rain|364:target::origin=0,0,chronos_t5_tiny,0,146537211,chronos_samples,0,1974-07-27 00:00:00,0.0,3.386244173952946e-08,0.31312552094459534,3.386244173952946e-08,3.386244173952946e-08,3.386244173952946e-08,3.386244173952946e-08,3.386244173952946e-08,3.386244173952946e-08,3.386244173952946e-08,0.3945169150829315,0.9951775670051575
chronos_weather,subset=rain|364:target,subset=rain|364:target::origin=0,0,chronos_t5_tiny,0,146537211,chronos_samples,1,1974-07-28 00:00:00,0.0,3.386244173952946e-08,0.3360501229763031,3.386244173952946e-08,3.386244173952946e-08,3.386244173952946e-08,3.386244173952946e-08,3.386244173952946e-08,3.386244173952946e-08,3.386244173952946e-08,0.1954813301563263,1.2279776334762573
chronos_weather,subset=rain|364:target,subset=rain|364:target::origin=0,0,chronos_t5_tiny,0,146537211,chronos_samples,2,1974-07-29 00:00:00,0.0,3.386244173952946e-08,0.8066269755363464,3.386244173952946e-08,3.386244173952946e-08,3.386244173952946e-08,3.386244173952946e-08,3.386244173952946e-08,3.386244173952946e-08,0.1954813301563263,0.6433120965957642,1.2084298133850098
chronos_weather,subset=rain|364:target,subset=rain|364:target::origin=0,0,chronos_t5_tiny,0,146537211,chronos_samples,3,1974-07-30 00:00:00,0.0,3.386244173952946e-08,0.4233058989048004,3.386244173952946e-08,3.386244173952946e-08,3.386244173952946e-08,3.386244173952946e-08,3.386244173952946e-08,3.386244173952946e-08,3.386244173952946e-08,0.2381327748298645,1.0555981397628784
chronos_weather,subset=rain|364:target,subset=rain|364:target::origin=0,0,chronos_t5_tiny,0,146537211,chronos_samples,4,1974-07-31 00:00:00,0.0,3.386244173952946e-08,0.7252355813980103,3.386244173952946e-08,3.386244173952946e-08,3.386244173952946e-08,3.386244173952946e-08,3.386244173952946e-08,3.386244173952946e-08,3.386244173952946e-08,0.1954813301563263,1.6207174062728882
chronos_weather,subset=rain|364:target,subset=rain|364:target::origin=0,0,chronos_t5_tiny,0,146537211,chronos_samples,5,1974-08-01 00:00:00,0.0,3.386244173952946e-08,0.5153598189353943,3.386244173952946e-08,3.386244173952946e-08,3.386244173952946e-08,3.386244173952946e-08,3.386244173952946e-08,3.386244173952946e-08,3.386244173952946e-08,0.1954813301563263,2.0081260204315186
chronos_weather,subset=rain|364:target,subset=rain|364:target::origin=0,0,chronos_t5_tiny,0,146537211,chronos_samples,6,1974-08-02 00:00:00,0.6000000238418579,3.386244173952946e-08,0.7545577883720398,3.386244173952946e-08,3.386244173952946e-08,3.386244173952946e-08,3.386244173952946e-08,3.386244173952946e-08,3.386244173952946e-08,3.386244173952946e-08,0.40873366594314575,1.4643316268920898
chronos_weather,subset=rain|364:target,subset=rain|364:target::origin=0,0,chronos_t5_tiny,0,146537211,chronos_samples,7,1974-08-03 00:00:00,0.0,3.386244173952946e-08,0.32414355874061584,3.386244173952946e-08,3.386244173952946e-08,3.386244173952946e-08,3.386244173952946e-08,3.386244173952946e-08,3.386244173952946e-08,3.386244173952946e-08,0.1954813301563263,0.6237627863883972
chronos_weather,subset=rain|364:target,subset=rain|364:target::origin=0,0,chronos_t5_tiny,0,146537211,chronos_samples,8,1974-08-04 00:00:00,0.0,3.386244173952946e-08,0.16100555658340454,3.386244173952946e-08,3.386244173952946e-08,3.386244173952946e-08,3.386244173952946e-08,3.386244173952946e-08,3.386244173952946e-08,3.386244173952946e-08,0.1954813301563263,0.4282814860343933
chronos_weather,subset=rain|364:target,subset=rain|364:target::origin=0,0,chronos_t5_tiny,0,146537211,chronos_samples,9,1974-08-05 00:00:00,0.0,3.386244173952946e-08,0.23599925637245178,3.386244173952946e-08,3.386244173952946e-08,3.386244173952946e-08,3.386244173952946e-08,3.386244173952946e-08,3.386244173952946e-08,3.386244173952946e-08,3.386244173952946e-08,0.1954813301563263
chronos_weather,subset=rain|364:target,subset=rain|364:target::origin=0,0,chronos_t5_tiny,0,146537211,chronos_samples,10,1974-08-06 00:00:00,0.20000000298023224,3.386244173952946e-08,0.13754777610301971,3.386244173952946e-08,3.386244173952946e-08,3.386244173952946e-08,3.386244173952946e-08,3.386244173952946e-08,3.386244173952946e-08,3.386244173952946e-08,3.386244173952946e-08,0.1954813301563263
chronos_weather,subset=rain|364:target,subset=rain|364:target::origin=0,0,chronos_t5_tiny,0,146537211,chronos_samples,11,1974-08-07 00:00:00,0.0,3.386244173952946e-08,0.1142677366733551,3.386244173952946e-08,3.386244173952946e-08,3.386244173952946e-08,3.386244173952946e-08,3.386244173952946e-08,3.386244173952946e-08,3.386244173952946e-08,3.386244173952946e-08,0.1954813301563263
chronos_weather,subset=rain|364:target,subset=rain|364:target::origin=0,0,chronos_t5_tiny,0,146537211,chronos_samples,12,1974-08-08 00:00:00,2.4000000953674316,3.386244173952946e-08,0.18215304613113403,3.386244173952946e-08,3.386244173952946e-08,3.386244173952946e-08,3.386244173952946e-08,3.386244173952946e-08,3.386244173952946e-08,3.386244173952946e-08,3.386244173952946e-08,3.386244173952946e-08
chronos_weather,subset=rain|364:target,subset=rain|364:target::origin=0,0,chronos_t5_tiny,0,146537211,chronos_samples,13,1974-08-09 00:00:00,0.0,3.386244173952946e-08,0.595507025718689,3.386244173952946e-08,3.386244173952946e-08,3.386244173952946e-08,3.386244173952946e-08,3.386244173952946e-08,3.386244173952946e-08,3.386244173952946e-08,3.386244173952946e-08,0.21680623292922974
chronos_weather,subset=rain|364:target,subset=rain|364:target::origin=0,0,chronos_t5_tiny,0,146537211,chronos_samples,14,1974-08-10 00:00:00,0.0,3.386244173952946e-08,0.27260762453079224,3.386244173952946e-08,3.386244173952946e-08,3.386244173952946e-08,3.386244173952946e-08,3.386244173952946e-08,3.386244173952946e-08,3.386244173952946e-08,3.386244173952946e-08,0.40873366594314575
chronos_weather,subset=rain|364:target,subset=rain|364:target::origin=0,0,chronos_t5_tiny,0,146537211,chronos_samples,15,1974-08-11 00:00:00,0.0,3.386244173952946e-08,0.5349079370498657,3.386244173952946e-08,3.386244173952946e-08,3.386244173952946e-08,3.386244173952946e-08,3.386244173952946e-08,3.386244173952946e-08,3.386244173952946e-08,3.386244173952946e-08,0.40873366594314575
chronos_weather,subset=rain|364:target,subset=rain|364:target::origin=0,0,chronos_t5_tiny,0,146537211,chronos_samples,16,1974-08-12 00:00:00,0.0,3.386244173952946e-08,0.47573038935661316,3.386244173952946e-08,3.386244173952946e-08,3.386244173952946e-08,3.386244173952946e-08,3.386244173952946e-08,3.386244173952946e-08,3.386244173952946e-08,3.386244173952946e-08,3.386244173952946e-08
chronos_weather,subset=rain|364:target,subset=rain|364:target::origin=0,0,chronos_t5_tiny,0,146537211,chronos_samples,17,1974-08-13 00:00:00,0.0,3.386244173952946e-08,0.2619449496269226,3.386244173952946e-08,3.386244173952946e-08,3.386244173952946e-08,3.386244173952946e-08,3.386244173952946e-08,3.386244173952946e-08,3.386244173952946e-08,3.386244173952946e-08,0.6433106064796448
chronos_weather,subset=rain|364:target,subset=rain|364:target::origin=0,0,chronos_t5_tiny,0,146537211,chronos_samples,18,1974-08-14 00:00:00,0.0,3.386244173952946e-08,0.2813153862953186,3.386244173952946e-08,3.386244173952946e-08,3.386244173952946e-08,3.386244173952946e-08,3.386244173952946e-08,3.386244173952946e-08,3.386244173952946e-08,3.386244173952946e-08,0.7996962666511536
chronos_weather,subset=rain|364:target,subset=rain|364:target::origin=0,0,chronos_t5_tiny,0,146537211,chronos_samples,19,1974-08-15 00:00:00,0.4000000059604645,3.386244173952946e-08,0.28220394253730774,3.386244173952946e-08,3.386244173952946e-08,3.386244173952946e-08,3.386244173952946e-08,3.386244173952946e-08,3.386244173952946e-08,3.386244173952946e-08,0.1954813301563263,1.0360503196716309
chronos_weather,subset=rain|364:target,subset=rain|364:target::origin=0,0,chronos_t5_tiny,0,146537211,chronos_samples,20,1974-08-16 00:00:00,0.0,3.386244173952946e-08,0.19601444900035858,3.386244173952946e-08,3.386244173952946e-08,3.386244173952946e-08,3.386244173952946e-08,3.386244173952946e-08,3.386244173952946e-08,3.386244173952946e-08,0.1954813301563263,0.40873366594314575
chronos_weather,subset=rain|364:target,subset=rain|364:target::origin=0,0,chronos_t5_tiny,0,146537211,chronos_samples,21,1974-08-17 00:00:00,0.0,3.386244173952946e-08,0.32218873500823975,3.386244173952946e-08,3.386244173952946e-08,3.386244173952946e-08,3.386244173952946e-08,3.386244173952946e-08,3.386244173952946e-08,3.386244173952946e-08,0.23102419078350067,1.19243586063385
chronos_weather,subset=rain|364:target,subset=rain|364:target::origin=0,0,chronos_t5_tiny,0,146537211,chronos_samples,22,1974-08-18 00:00:00,0.0,3.386244173952946e-08,0.6715671420097351,3.386244173952946e-08,3.386244173952946e-08,3.386244173952946e-08,3.386244173952946e-08,3.386244173952946e-08,3.386244173952946e-08,0.05864352732896805,0.1954813301563263,0.8192440867424011
chronos_weather,subset=rain|364:target,subset=rain|364:target::origin=0,0,chronos_t5_tiny,0,146537211,chronos_samples,23,1974-08-19 00:00:00,0.0,3.386244173952946e-08,0.32414355874061584,3.386244173952946e-08,3.386244173952946e-08,3.386244173952946e-08,3.386244173952946e-08,3.386244173952946e-08,3.386244173952946e-08,3.386244173952946e-08,0.1954813301563263,0.7996962666511536
chronos_weather,subset=rain|364:target,subset=rain|364:target::origin=0,0,chronos_t5_tiny,0,146537211,chronos_samples,24,1974-08-20 00:00:00,0.0,3.386244173952946e-08,0.7735728621482849,3.386244173952946e-08,3.386244173952946e-08,3.386244173952946e-08,3.386244173952946e-08,3.386244173952946e-08,3.386244173952946e-08,0.1954813301563263,0.40873366594314575,1.0555981397628784
chronos_weather,subset=rain|364:target,subset=rain|364:target::origin=0,0,chronos_t5_tiny,0,146537211,chronos_samples,25,1974-08-21 00:00:00,0.0,3.386244173952946e-08,0.8565635085105896,3.386244173952946e-08,3.386244173952946e-08,3.386244173952946e-08,3.386244173952946e-08,3.386244173952946e-08,3.386244173952946e-08,0.05864352732896805,0.6042149662971497,1.483879566192627
chronos_weather,subset=rain|364:target,subset=rain|364:target::origin=0,0,chronos_t5_tiny,0,146537211,chronos_samples,26,1974-08-22 00:00:00,0.0,3.386244173952946e-08,0.5766698718070984,3.386244173952946e-08,3.386244173952946e-08,3.386244173952946e-08,3.386244173952946e-08,3.386244173952946e-08,3.386244173952946e-08,0.1954813301563263,0.6042149662971497,2.2427029609680176
chronos_weather,subset=rain|364:target,subset=rain|364:target::origin=0,0,chronos_t5_tiny,0,146537211,chronos_samples,27,1974-08-23 00:00:00,0.0,3.386244173952946e-08,0.46808892488479614,3.386244173952946e-08,3.386244173952946e-08,3.386244173952946e-08,3.386244173952946e-08,3.386244173952946e-08,3.386244173952946e-08,3.386244173952946e-08,0.3945169150829315,1.2475254535675049
chronos_weather,subset=rain|364:target,subset=rain|364:target::origin=0,0,chronos_t5_tiny,0,146537211,chronos_samples,28,1974-08-24 00:00:00,0.0,3.386244173952946e-08,0.5157152414321899,3.386244173952946e-08,3.386244173952946e-08,3.386244173952946e-08,3.386244173952946e-08,3.386244173952946e-08,0.1954813301563263,0.40873366594314575,0.7996962666511536,2.0081260204315186
chronos_weather,subset=rain|364:target,subset=rain|364:target::origin=0,0,chronos_t5_tiny,0,146537211,chronos_samples,29,1974-08-25 00:00:00,0.0,3.386244173952946e-08,1.250547170639038,3.386244173952946e-08,3.386244173952946e-08,3.386244173952946e-08,3.386244173952946e-08,3.386244173952946e-08,0.07819285243749619,0.25412482023239136,0.6042149662971497,2.4186365604400635
chronos_weather,subset=rain|364:target,subset=rain|364:target::origin=0,0,timesfm_2_5_200m,0,666578186,timesfm_quantiles,0,1974-07-27 00:00:00,0.0,0.12350821495056152,0.7803235054016113,0.0,0.0,0.0,0.025302648544311523,0.12350821495056152,0.27877140045166016,0.5000702142715454,0.8652635812759399,1.7651664018630981
chronos_weather,subset=rain|364:target,subset=rain|364:target::origin=0,0,timesfm_2_5_200m,0,666578186,timesfm_quantiles,1,1974-07-28 00:00:00,0.0,0.15126967430114746,1.020958423614502,0.0,0.0,0.0,0.05813431739807129,0.15126967430114746,0.2795579433441162,0.5884336233139038,1.0555522441864014,2.0873067378997803
chronos_weather,subset=rain|364:target,subset=rain|364:target::origin=0,0,timesfm_2_5_200m,0,666578186,timesfm_quantiles,2,1974-07-29 00:00:00,0.0,0.1807396411895752,0.9534246921539307,0.0,0.0,0.023764371871948242,0.0644984245300293,0.1807396411895752,0.3705575466156006,0.6613541841506958,1.2308775186538696,2.3820996284484863
chronos_weather,subset=rain|364:target,subset=rain|364:target::origin=0,0,timesfm_2_5_200m,0,666578186,timesfm_quantiles,3,1974-07-30 00:00:00,0.0,0.17333006858825684,1.1086825132369995,0.0,0.0,0.0,0.08902120590209961,0.17333006858825684,0.3352949619293213,0.6593396663665771,1.2559783458709717,2.6143391132354736
chronos_weather,subset=rain|364:target,subset=rain|364:target::origin=0,0,timesfm_2_5_200m,0,666578186,timesfm_quantiles,4,1974-07-31 00:00:00,0.0,0.20089125633239746,1.1624189615249634,0.0,0.010529279708862305,0.03753972053527832,0.09121823310852051,0.20089125633239746,0.3721346855163574,0.7161701917648315,1.3440486192703247,2.769197702407837
chronos_weather,subset=rain|364:target,subset=rain|364:target::origin=0,0,timesfm_2_5_200m,0,666578186,timesfm_quantiles,5,1974-08-01 00:00:00,0.0,0.17343449592590332,1.257652997970581,0.0,0.010371208190917969,0.06738519668579102,0.06836175918579102,0.17343449592590332,0.35081982612609863,0.6659493446350098,1.3393572568893433,2.8432061672210693
chronos_weather,subset=rain|364:target,subset=rain|364:target::origin=0,0,timesfm_2_5_200m,0,666578186,timesfm_quantiles,6,1974-08-02 00:00:00,0.6000000238418579,0.16286849975585938,1.2336311340332031,0.0,0.0,0.007025241851806641,0.07141995429992676,0.16286849975585938,0.33851075172424316,0.6563018560409546,1.3464244604110718,2.9896109104156494
chronos_weather,subset=rain|364:target,subset=rain|364:target::origin=0,0,timesfm_2_5_200m,0,666578186,timesfm_quantiles,7,1974-08-03 00:00:00,0.0,0.1830458641052246,1.2500380277633667,0.0,0.012794971466064453,0.09065628051757812,0.09065628051757812,0.1830458641052246,0.34900403022766113,0.6186474561691284,1.3552031517028809,3.1406989097595215
chronos_weather,subset=rain|364:target,subset=rain|364:target::origin=0,0,timesfm_2_5_200m,0,666578186,timesfm_quantiles,8,1974-08-04 00:00:00,0.0,0.1959078311920166,1.3883247375488281,0.016813278198242188,0.07009482383728027,0.07009482383728027,0.13033103942871094,0.1959078311920166,0.35018205642700195,0.6607623100280762,1.3907582759857178,3.129408836364746
chronos_weather,subset=rain|364:target,subset=rain|364:target::origin=0,0,timesfm_2_5_200m,0,666578186,timesfm_quantiles,9,1974-08-05 00:00:00,0.0,0.18777728080749512,1.451514482498169,0.02849888801574707,0.07460308074951172,0.07460308074951172,0.1043999195098877,0.18777728080749512,0.33338189125061035,0.6534911394119263,1.3386943340301514,3.1922943592071533
chronos_weather,subset=rain|364:target,subset=rain|364:target::origin=0,0,timesfm_2_5_200m,0,666578186,timesfm_quantiles,10,1974-08-06 00:00:00,0.20000000298023224,0.17547369003295898,1.313918948173523,0.00433659553527832,0.040961265563964844,0.040961265563964844,0.10236406326293945,0.17547369003295898,0.31217479705810547,0.6434760093688965,1.3954803943634033,3.184598922729492
chronos_weather,subset=rain|364:target,subset=rain|364:target::origin=0,0,timesfm_2_5_200m,0,666578186,timesfm_quantiles,11,1974-08-07 00:00:00,0.0,0.16608905792236328,1.443286418914795,0.0,0.0053730010986328125,0.03597307205200195,0.04739952087402344,0.16608905792236328,0.331695556640625,0.6655490398406982,1.3988111019134521,3.338207483291626
chronos_weather,subset=rain|364:target,subset=rain|364:target::origin=0,0,timesfm_2_5_200m,0,666578186,timesfm_quantiles,12,1974-08-08 00:00:00,2.4000000953674316,0.14259862899780273,1.395606279373169,0.0,0.04212355613708496,0.08916139602661133,0.09695267677307129,0.14259862899780273,0.2324521541595459,0.5930202007293701,1.371351957321167,3.373591184616089
chronos_weather,subset=rain|364:target,subset=rain|364:target::origin=0,0,timesfm_2_5_200m,0,666578186,timesfm_quantiles,13,1974-08-09 00:00:00,0.0,0.15478968620300293,1.4111793041229248,0.05267024040222168,0.07450056076049805,0.07450056076049805,0.09626197814941406,0.15478968620300293,0.35239100456237793,0.6820061206817627,1.4064364433288574,3.39821720123291
chronos_weather,subset=rain|364:target,subset=rain|364:target::origin=0,0,timesfm_2_5_200m,0,666578186,timesfm_quantiles,14,1974-08-10 00:00:00,0.0,0.16444706916809082,1.398347020149231,0.0487055778503418,0.11190533638000488,0.1309213638305664,0.13501644134521484,0.16444706916809082,0.30418872833251953,0.6622207164764404,1.4402481317520142,3.451815605163574
chronos_weather,subset=rain|364:target,subset=rain|364:target::origin=0,0,timesfm_2_5_200m,0,666578186,timesfm_quantiles,15,1974-08-11 00:00:00,0.0,0.19464898109436035,1.3940743207931519,0.09897780418395996,0.11162781715393066,0.11162781715393066,0.11162781715393066,0.19464898109436035,0.36219072341918945,0.6351792812347412,1.4538753032684326,3.5716559886932373
chronos_weather,subset=rain|364:target,subset=rain|364:target::origin=0,0,timesfm_2_5_200m,0,666578186,timesfm_quantiles,16,1974-08-12 00:00:00,0.0,0.16759681701660156,1.416566014289856,0.0801076889038086,0.0965268611907959,0.10139203071594238,0.10139203071594238,0.16759681701660156,0.32511353492736816,0.6509360074996948,1.494492769241333,3.528796911239624
chronos_weather,subset=rain|364:target,subset=rain|364:target::origin=0,0,timesfm_2_5_200m,0,666578186,timesfm_quantiles,17,1974-08-13 00:00:00,0.0,0.17710661888122559,1.4983959197998047,0.09259796142578125,0.1115720272064209,0.11813473701477051,0.14004230499267578,0.17710661888122559,0.28326892852783203,0.6142020225524902,1.460425615310669,3.553856372833252
chronos_weather,subset=rain|364:target,subset=rain|364:target::origin=0,0,timesfm_2_5_200m,0,666578186,timesfm_quantiles,18,1974-08-14 00:00:00,0.0,0.1917858123779297,1.5014293193817139,0.05343770980834961,0.12566256523132324,0.12566256523132324,0.14741182327270508,0.1917858123779297,0.3618810176849365,0.6890020370483398,1.5070083141326904,3.700556755065918
chronos_weather,subset=rain|364:target,subset=rain|364:target::origin=0,0,timesfm_2_5_200m,0,666578186,timesfm_quantiles,19,1974-08-15 00:00:00,0.4000000059604645,0.17392683029174805,1.4545600414276123,0.020177125930786133,0.10993456840515137,0.10993456840515137,0.16636443138122559,0.17392683029174805,0.2519807815551758,0.626753568649292,1.4737892150878906,3.725780487060547
chronos_weather,subset=rain|364:target,subset=rain|364:target::origin=0,0,timesfm_2_5_200m,0,666578186,timesfm_quantiles,20,1974-08-16 00:00:00,0.0,0.19034171104431152,1.4968833923339844,0.05828380584716797,0.10506415367126465,0.10506415367126465,0.16607117652893066,0.19034171104431152,0.3074073791503906,0.7066589593887329,1.5094990730285645,3.746915102005005
chronos_weather,subset=rain|364:target,subset=rain|364:target::origin=0,0,timesfm_2_5_200m,0,666578186,timesfm_quantiles,21,1974-08-17 00:00:00,0.0,0.1850743293762207,1.4430099725723267,0.09592366218566895,0.09592366218566895,0.11210870742797852,0.15989208221435547,0.1850743293762207,0.3106803894042969,0.6748095750808716,1.5946290493011475,3.770958423614502
chronos_weather,subset=rain|364:target,subset=rain|364:target::origin=0,0,timesfm_2_5_200m,0,666578186,timesfm_quantiles,22,1974-08-18 00:00:00,0.0,0.16818475723266602,1.4985458850860596,0.09189081192016602,0.09654521942138672,0.09654521942138672,0.1132357120513916,0.16818475723266602,0.33015012741088867,0.6565455198287964,1.606412649154663,3.8278651237487793
chronos_weather,subset=rain|364:target,subset=rain|364:target::origin=0,0,timesfm_2_5_200m,0,666578186,timesfm_quantiles,23,1974-08-19 00:00:00,0.0,0.17573809623718262,1.4864386320114136,0.043958187103271484,0.10831618309020996,0.14806532859802246,0.17573809623718262,0.17573809623718262,0.27670955657958984,0.6767553091049194,1.6307077407836914,3.953843593597412
chronos_weather,subset=rain|364:target,subset=rain|364:target::origin=0,0,timesfm_2_5_200m,0,666578186,timesfm_quantiles,24,1974-08-20 00:00:00,0.0,0.16473150253295898,1.346016764640808,0.03214406967163086,0.11585092544555664,0.11585092544555664,0.13711977005004883,0.16473150253295898,0.3476998805999756,0.7109944820404053,1.6227972507476807,4.011558532714844
chronos_weather,subset=rain|364:target,subset=rain|364:target::origin=0,0,timesfm_2_5_200m,0,666578186,timesfm_quantiles,25,1974-08-21 00:00:00,0.0,0.1577439308166504,1.4634844064712524,0.0,0.08500790596008301,0.10452842712402344,0.10452842712402344,0.1577439308166504,0.33796072006225586,0.700863242149353,1.6434338092803955,3.9850940704345703
chronos_weather,subset=rain|364:target,subset=rain|364:target::origin=0,0,timesfm_2_5_200m,0,666578186,timesfm_quantiles,26,1974-08-22 00:00:00,0.0,0.1882026195526123,1.5134207010269165,0.03394675254821777,0.08615708351135254,0.08615708351135254,0.12330746650695801,0.1882026195526123,0.37641382217407227,0.7612597942352295,1.7210434675216675,4.078096866607666
chronos_weather,subset=rain|364:target,subset=rain|364:target::origin=0,0,timesfm_2_5_200m,0,666578186,timesfm_quantiles,27,1974-08-23 00:00:00,0.0,0.18955111503601074,1.4955153465270996,0.0,0.06246018409729004,0.07769227027893066,0.1381232738494873,0.18955111503601074,0.3005971908569336,0.7507401704788208,1.677551507949829,4.050898551940918
chronos_weather,subset=rain|364:target,subset=rain|364:target::origin=0,0,timesfm_2_5_200m,0,666578186,timesfm_quantiles,28,1974-08-24 00:00:00,0.0,0.1842045783996582,1.5421112775802612,0.0,0.07033634185791016,0.10779976844787598,0.1517176628112793,0.1842045783996582,0.2525668144226074,0.6931923627853394,1.6445398330688477,4.133232593536377
chronos_weather,subset=rain|364:target,subset=rain|364:target::origin=0,0,timesfm_2_5_200m,0,666578186,timesfm_quantiles,29,1974-08-25 00:00:00,0.0,0.15865850448608398,1.50038480758667,0.0,0.022725582122802734,0.022725582122802734,0.022725582122802734,0.15865850448608398,0.3816647529602051,0.6808745861053467,1.6187798976898193,4.168036937713623
chronos_weather,subset=rain|364:target,subset=rain|364:target::origin=0,0,moirai_2_0_small,0,1835423875,moirai_quantiles_no_mean,0,1974-07-27 00:00:00,0.0,-0.0015916824340820312,-0.0015916824340820312,0.012218713760375977,0.0188596248626709,0.02572035789489746,0.017548799514770508,-0.0015916824340820312,-0.006404876708984375,0.056181907653808594,0.3997769355773926,2.116605043411255
chronos_weather,subset=rain|364:target,subset=rain|364:target::origin=0,0,moirai_2_0_small,0,1835423875,moirai_quantiles_no_mean,1,1974-07-28 00:00:00,0.0,0.015955686569213867,0.015955686569213867,0.035669565200805664,0.016829729080200195,0.021486282348632812,0.03150129318237305,0.015955686569213867,0.021800994873046875,0.12253618240356445,0.5802621841430664,2.75087308883667
chronos_weather,subset=rain|364:target,subset=rain|364:target::origin=0,0,moirai_2_0_small,0,1835423875,moirai_quantiles_no_mean,2,1974-07-29 00:00:00,0.0,0.02672553062438965,0.02672553062438965,0.017794370651245117,0.010482072830200195,0.01837897300720215,0.03891777992248535,0.02672553062438965,0.03387451171875,0.14678215980529785,0.6603307723999023,3.023397922515869
chronos_weather,subset=rain|364:target,subset=rain|364:target::origin=0,0,moirai_2_0_small,0,1835423875,moirai_quantiles_no_mean,3,1974-07-30 00:00:00,0.0,0.03934907913208008,0.03934907913208008,0.040131330490112305,0.03149676322937012,0.04064297676086426,0.05577230453491211,0.03934907913208008,0.02852654457092285,0.08740854263305664,0.5387619733810425,2.9194037914276123
chronos_weather,subset=rain|364:target,subset=rain|364:target::origin=0,0,moirai_2_0_small,0,1835423875,moirai_quantiles_no_mean,4,1974-07-31 00:00:00,0.0,0.04533123970031738,0.04533123970031738,0.02651667594909668,0.016948461532592773,0.03232145309448242,0.04819679260253906,0.04533123970031738,0.03130364418029785,0.07638049125671387,0.5176551342010498,2.884446620941162
chronos_weather,subset=rain|364:target,subset=rain|364:target::origin=0,0,moirai_2_0_small,0,1835423875,moirai_quantiles_no_mean,5,1974-08-01 00:00:00,0.0,0.05123281478881836,0.05123281478881836,0.0011749267578125,0.01311945915222168,0.022472620010375977,0.05008721351623535,0.05123281478881836,0.04338407516479492,0.10069394111633301,0.5740081071853638,3.007227659225464
chronos_weather,subset=rain|364:target,subset=rain|364:target::origin=0,0,moirai_2_0_small,0,1835423875,moirai_quantiles_no_mean,6,1974-08-02 00:00:00,0.6000000238418579,0.04348421096801758,0.04348421096801758,0.029652118682861328,0.02857685089111328,0.036633968353271484,0.04941296577453613,0.04348421096801758,0.04652881622314453,0.11267662048339844,0.5837935209274292,3.0337259769439697
chronos_weather,subset=rain|364:target,subset=rain|364:target::origin=0,0,moirai_2_0_small,0,1835423875,moirai_quantiles_no_mean,7,1974-08-03 00:00:00,0.0,0.04439067840576172,0.04439067840576172,0.02464461326599121,0.03336811065673828,0.032984256744384766,0.053648948669433594,0.04439067840576172,0.047444820404052734,0.09531450271606445,0.5690689086914062,2.9910104274749756
chronos_weather,subset=rain|364:target,subset=rain|364:target::origin=0,0,moirai_2_0_small,0,1835423875,moirai_quantiles_no_mean,8,1974-08-04 00:00:00,0.0,0.055715084075927734,0.055715084075927734,0.010658502578735352,0.021905899047851562,0.031087875366210938,0.04275774955749512,0.055715084075927734,0.05400896072387695,0.1228640079498291,0.5834048986434937,3.0156686305999756
chronos_weather,subset=rain|364:target,subset=rain|364:target::origin=0,0,moirai_2_0_small,0,1835423875,moirai_quantiles_no_mean,9,1974-08-05 00:00:00,0.0,0.04064345359802246,0.04064345359802246,0.007643222808837891,0.011046171188354492,0.023682594299316406,0.04027748107910156,0.04064345359802246,0.05675244331359863,0.13210248947143555,0.6073981523513794,3.0525753498077393
chronos_weather,subset=rain|364:target,subset=rain|364:target::origin=0,0,moirai_2_0_small,0,1835423875,moirai_quantiles_no_mean,10,1974-08-06 00:00:00,0.20000000298023224,0.052195072174072266,0.052195072174072266,-0.00682830810546875,0.01244497299194336,0.02550220489501953,0.03786420822143555,0.052195072174072266,0.07127785682678223,0.14493250846862793,0.614768385887146,3.050381660461426
chronos_weather,subset=rain|364:target,subset=rain|364:target::origin=0,0,moirai_2_0_small,0,1835423875,moirai_quantiles_no_mean,11,1974-08-07 00:00:00,0.0,0.02599930763244629,0.02599930763244629,-0.03014397621154785,-0.008023738861083984,0.00022935867309570312,0.02308034896850586,0.02599930763244629,0.04220938682556152,0.1120295524597168,0.5979229211807251,3.078274965286255
chronos_weather,subset=rain|364:target,subset=rain|364:target::origin=0,0,moirai_2_0_small,0,1835423875,moirai_quantiles_no_mean,12,1974-08-08 00:00:00,2.4000000953674316,0.04317736625671387,0.04317736625671387,0.014893054962158203,0.023518085479736328,0.029548168182373047,0.04128456115722656,0.04317736625671387,0.03413724899291992,0.09087634086608887,0.5779480934143066,3.0829083919525146
chronos_weather,subset=rain|364:target,subset=rain|364:target::origin=0,0,moirai_2_0_small,0,1835423875,moirai_quantiles_no_mean,13,1974-08-09 00:00:00,0.0,0.033223628997802734,0.033223628997802734,-0.010958194732666016,0.0008790493011474609,0.016056060791015625,0.0327153205871582,0.033223628997802734,0.0406498908996582,0.09302330017089844,0.6116809844970703,3.1761398315429688
chronos_weather,subset=rain|364:target,subset=rain|364:target::origin=0,0,moirai_2_0_small,0,1835423875,moirai_quantiles_no_mean,14,1974-08-10 00:00:00,0.0,0.04021120071411133,0.04021120071411133,-0.021575927734375,0.0042057037353515625,0.017693042755126953,0.03450179100036621,0.04021120071411133,0.05260729789733887,0.12177872657775879,0.6380243301391602,3.1782474517822266
chronos_weather,subset=rain|364:target,subset=rain|364:target::origin=0,0,moirai_2_0_small,0,1835423875,moirai_quantiles_no_mean,15,1974-08-11 00:00:00,0.0,0.04231572151184082,0.04231572151184082,-0.019939899444580078,0.0004987716674804688,0.017882347106933594,0.030369997024536133,0.04231572151184082,0.051177263259887695,0.10016345977783203,0.5952039957046509,3.124058723449707
chronos_weather,subset=rain|364:target,subset=rain|364:target::origin=0,0,moirai_2_0_small,0,1835423875,moirai_quantiles_no_mean,16,1974-08-12 00:00:00,0.0,0.04444313049316406,0.04444313049316406,-0.019799232482910156,0.007966756820678711,0.018306732177734375,0.04449176788330078,0.04444313049316406,0.058286428451538086,0.09942412376403809,0.5637885332107544,3.0193874835968018
chronos_weather,subset=rain|364:target,subset=rain|364:target::origin=0,0,moirai_2_0_small,0,1835423875,moirai_quantiles_no_mean,17,1974-08-13 00:00:00,0.0,0.05276131629943848,0.05276131629943848,-0.023776531219482422,0.013453960418701172,0.030511140823364258,0.05792379379272461,0.05276131629943848,0.06644892692565918,0.10502219200134277,0.5276859998703003,2.9376025199890137
chronos_weather,subset=rain|364:target,subset=rain|364:target::origin=0,0,moirai_2_0_small,0,1835423875,moirai_quantiles_no_mean,18,1974-08-14 00:00:00,0.0,0.053461313247680664,0.053461313247680664,0.0016512870788574219,0.012430667877197266,0.03626060485839844,0.04906868934631348,0.053461313247680664,0.05698585510253906,0.0852348804473877,0.5101176500320435,2.89656400680542
chronos_weather,subset=rain|364:target,subset=rain|364:target::origin=0,0,moirai_2_0_small,0,1835423875,moirai_quantiles_no_mean,19,1974-08-15 00:00:00,0.4000000059604645,0.05892038345336914,0.05892038345336914,-0.016150236129760742,0.01949286460876465,0.03273963928222656,0.05221128463745117,0.05892038345336914,0.053800106048583984,0.09144997596740723,0.5253652334213257,2.9315078258514404
chronos_weather,subset=rain|364:target,subset=rain|364:target::origin=0,0,moirai_2_0_small,0,1835423875,moirai_quantiles_no_mean,20,1974-08-16 00:00:00,0.0,0.04454183578491211,0.04454183578491211,-0.010043144226074219,0.020100831985473633,0.03127884864807129,0.04588437080383301,0.04454183578491211,0.04377174377441406,0.08555912971496582,0.5333951711654663,2.9725966453552246
chronos_weather,subset=rain|364:target,subset=rain|364:target::origin=0,0,moirai_2_0_small,0,1835423875,moirai_quantiles_no_mean,21,1974-08-17 00:00:00,0.0,0.0446321964263916,0.0446321964263916,0.01861429214477539,0.029146909713745117,0.038056373596191406,0.04499387741088867,0.0446321964263916,0.04953956604003906,0.10719680786132812,0.5825133323669434,3.080918788909912
chronos_weather,subset=rain|364:target,subset=rain|364:target::origin=0,0,moirai_2_0_small,0,1835423875,moirai_quantiles_no_mean,22,1974-08-18 00:00:00,0.0,0.040702104568481445,0.040702104568481445,0.02048015594482422,0.035993337631225586,0.031984806060791016,0.0458984375,0.040702104568481445,0.04847860336303711,0.11174559593200684,0.6084403991699219,3.124770164489746
chronos_weather,subset=rain|364:target,subset=rain|364:target::origin=0,0,moirai_2_0_small,0,1835423875,moirai_quantiles_no_mean,23,1974-08-19 00:00:00,0.0,0.0479741096496582,0.0479741096496582,0.01926398277282715,0.024405956268310547,0.03927469253540039,0.04178261756896973,0.0479741096496582,0.05880331993103027,0.12398552894592285,0.6340082883834839,3.1662707328796387
chronos_weather,subset=rain|364:target,subset=rain|364:target::origin=0,0,moirai_2_0_small,0,1835423875,moirai_quantiles_no_mean,24,1974-08-20 00:00:00,0.0,0.048064231872558594,0.048064231872558594,0.015928268432617188,0.02988266944885254,0.04122567176818848,0.052304744720458984,0.048064231872558594,0.05759882926940918,0.12681174278259277,0.6123877763748169,3.159472942352295
chronos_weather,subset=rain|364:target,subset=rain|364:target::origin=0,0,moirai_2_0_small,0,1835423875,moirai_quantiles_no_mean,25,1974-08-21 00:00:00,0.0,0.0492253303527832,0.0492253303527832,0.0074346065521240234,0.027081966400146484,0.03402352333068848,0.04603886604309082,0.0492253303527832,0.0688621997833252,0.1294536590576172,0.6279734373092651,3.1674458980560303
chronos_weather,subset=rain|364:target,subset=rain|364:target::origin=0,0,moirai_2_0_small,0,1835423875,moirai_quantiles_no_mean,26,1974-08-22 00:00:00,0.0,0.0571742057800293,0.0571742057800293,0.006866455078125,0.025218725204467773,0.043501853942871094,0.049489736557006836,0.0571742057800293,0.06847381591796875,0.14573955535888672,0.6094504594802856,3.1345348358154297
chronos_weather,subset=rain|364:target,subset=rain|364:target::origin=0,0,moirai_2_0_small,0,1835423875,moirai_quantiles_no_mean,27,1974-08-23 00:00:00,0.0,0.041534423828125,0.041534423828125,0.0006241798400878906,0.015088081359863281,0.027818679809570312,0.043897390365600586,0.041534423828125,0.06265425682067871,0.12627577781677246,0.5858948230743408,3.116966724395752
chronos_weather,subset=rain|364:target,subset=rain|364:target::origin=0,0,moirai_2_0_small,0,1835423875,moirai_quantiles_no_mean,28,1974-08-24 00:00:00,0.0,0.04980015754699707,0.04980015754699707,0.01902461051940918,0.03713345527648926,0.04565095901489258,0.055724143981933594,0.04980015754699707,0.04981875419616699,0.09505629539489746,0.5335836410522461,3.0696191787719727
chronos_weather,subset=rain|364:target,subset=rain|364:target::origin=0,0,moirai_2_0_small,0,1835423875,moirai_quantiles_no_mean,29,1974-08-25 00:00:00,0.0,0.04420185089111328,0.04420185089111328,-0.0031926631927490234,0.025195837020874023,0.03672504425048828,0.04577946662902832,0.04420185089111328,0.04286050796508789,0.0910489559173584,0.5129110813140869,3.0644657611846924
chronos_weather,subset=rain|364:target,subset=rain|364:target::origin=0,0,seasonal_naive,0,26819991,degenerate,0,1974-07-27 00:00:00,0.0,0.0,0.0,0.0,0.0,0.0,0.0,0.0,0.0,0.0,0.0,0.0
chronos_weather,subset=rain|364:target,subset=rain|364:target::origin=0,0,seasonal_naive,0,26819991,degenerate,1,1974-07-28 00:00:00,0.0,0.0,0.0,0.0,0.0,0.0,0.0,0.0,0.0,0.0,0.0,0.0
chronos_weather,subset=rain|364:target,subset=rain|364:target::origin=0,0,seasonal_naive,0,26819991,degenerate,2,1974-07-29 00:00:00,0.0,0.0,0.0,0.0,0.0,0.0,0.0,0.0,0.0,0.0,0.0,0.0
chronos_weather,subset=rain|364:target,subset=rain|364:target::origin=0,0,seasonal_naive,0,26819991,degenerate,3,1974-07-30 00:00:00,0.0,0.0,0.0,0.0,0.0,0.0,0.0,0.0,0.0,0.0,0.0,0.0
chronos_weather,subset=rain|364:target,subset=rain|364:target::origin=0,0,seasonal_naive,0,26819991,degenerate,4,1974-07-31 00:00:00,0.0,0.0,0.0,0.0,0.0,0.0,0.0,0.0,0.0,0.0,0.0,0.0
chronos_weather,subset=rain|364:target,subset=rain|364:target::origin=0,0,seasonal_naive,0,26819991,degenerate,5,1974-08-01 00:00:00,0.0,0.20000000298023224,0.20000000298023224,0.20000000298023224,0.20000000298023224,0.20000000298023224,0.20000000298023224,0.20000000298023224,0.20000000298023224,0.20000000298023224,0.20000000298023224,0.20000000298023224
chronos_weather,subset=rain|364:target,subset=rain|364:target::origin=0,0,seasonal_naive,0,26819991,degenerate,6,1974-08-02 00:00:00,0.6000000238418579,0.0,0.0,0.0,0.0,0.0,0.0,0.0,0.0,0.0,0.0,0.0
chronos_weather,subset=rain|364:target,subset=rain|364:target::origin=0,0,seasonal_naive,0,26819991,degenerate,7,1974-08-03 00:00:00,0.0,0.0,0.0,0.0,0.0,0.0,0.0,0.0,0.0,0.0,0.0,0.0
chronos_weather,subset=rain|364:target,subset=rain|364:target::origin=0,0,seasonal_naive,0,26819991,degenerate,8,1974-08-04 00:00:00,0.0,0.0,0.0,0.0,0.0,0.0,0.0,0.0,0.0,0.0,0.0,0.0
chronos_weather,subset=rain|364:target,subset=rain|364:target::origin=0,0,seasonal_naive,0,26819991,degenerate,9,1974-08-05 00:00:00,0.0,0.0,0.0,0.0,0.0,0.0,0.0,0.0,0.0,0.0,0.0,0.0
chronos_weather,subset=rain|364:target,subset=rain|364:target::origin=0,0,seasonal_naive,0,26819991,degenerate,10,1974-08-06 00:00:00,0.20000000298023224,0.0,0.0,0.0,0.0,0.0,0.0,0.0,0.0,0.0,0.0,0.0
chronos_weather,subset=rain|364:target,subset=rain|364:target::origin=0,0,seasonal_naive,0,26819991,degenerate,11,1974-08-07 00:00:00,0.0,0.0,0.0,0.0,0.0,0.0,0.0,0.0,0.0,0.0,0.0,0.0
chronos_weather,subset=rain|364:target,subset=rain|364:target::origin=0,0,seasonal_naive,0,26819991,degenerate,12,1974-08-08 00:00:00,2.4000000953674316,0.20000000298023224,0.20000000298023224,0.20000000298023224,0.20000000298023224,0.20000000298023224,0.20000000298023224,0.20000000298023224,0.20000000298023224,0.20000000298023224,0.20000000298023224,0.20000000298023224
chronos_weather,subset=rain|364:target,subset=rain|364:target::origin=0,0,seasonal_naive,0,26819991,degenerate,13,1974-08-09 00:00:00,0.0,0.0,0.0,0.0,0.0,0.0,0.0,0.0,0.0,0.0,0.0,0.0
chronos_weather,subset=rain|364:target,subset=rain|364:target::origin=0,0,seasonal_naive,0,26819991,degenerate,14,1974-08-10 00:00:00,0.0,0.0,0.0,0.0,0.0,0.0,0.0,0.0,0.0,0.0,0.0,0.0
chronos_weather,subset=rain|364:target,subset=rain|364:target::origin=0,0,seasonal_naive,0,26819991,degenerate,15,1974-08-11 00:00:00,0.0,0.0,0.0,0.0,0.0,0.0,0.0,0.0,0.0,0.0,0.0,0.0
chronos_weather,subset=rain|364:target,subset=rain|364:target::origin=0,0,seasonal_naive,0,26819991,degenerate,16,1974-08-12 00:00:00,0.0,0.0,0.0,0.0,0.0,0.0,0.0,0.0,0.0,0.0,0.0,0.0
chronos_weather,subset=rain|364:target,subset=rain|364:target::origin=0,0,seasonal_naive,0,26819991,degenerate,17,1974-08-13 00:00:00,0.0,0.0,0.0,0.0,0.0,0.0,0.0,0.0,0.0,0.0,0.0,0.0
chronos_weather,subset=rain|364:target,subset=rain|364:target::origin=0,0,seasonal_naive,0,26819991,degenerate,18,1974-08-14 00:00:00,0.0,0.0,0.0,0.0,0.0,0.0,0.0,0.0,0.0,0.0,0.0,0.0
chronos_weather,subset=rain|364:target,subset=rain|364:target::origin=0,0,seasonal_naive,0,26819991,degenerate,19,1974-08-15 00:00:00,0.4000000059604645,0.20000000298023224,0.20000000298023224,0.20000000298023224,0.20000000298023224,0.20000000298023224,0.20000000298023224,0.20000000298023224,0.20000000298023224,0.20000000298023224,0.20000000298023224,0.20000000298023224
chronos_weather,subset=rain|364:target,subset=rain|364:target::origin=0,0,seasonal_naive,0,26819991,degenerate,20,1974-08-16 00:00:00,0.0,0.0,0.0,0.0,0.0,0.0,0.0,0.0,0.0,0.0,0.0,0.0
chronos_weather,subset=rain|364:target,subset=rain|364:target::origin=0,0,seasonal_naive,0,26819991,degenerate,21,1974-08-17 00:00:00,0.0,0.0,0.0,0.0,0.0,0.0,0.0,0.0,0.0,0.0,0.0,0.0
chronos_weather,subset=rain|364:target,subset=rain|364:target::origin=0,0,seasonal_naive,0,26819991,degenerate,22,1974-08-18 00:00:00,0.0,0.0,0.0,0.0,0.0,0.0,0.0,0.0,0.0,0.0,0.0,0.0
chronos_weather,subset=rain|364:target,subset=rain|364:target::origin=0,0,seasonal_naive,0,26819991,degenerate,23,1974-08-19 00:00:00,0.0,0.0,0.0,0.0,0.0,0.0,0.0,0.0,0.0,0.0,0.0,0.0
chronos_weather,subset=rain|364:target,subset=rain|364:target::origin=0,0,seasonal_naive,0,26819991,degenerate,24,1974-08-20 00:00:00,0.0,0.0,0.0,0.0,0.0,0.0,0.0,0.0,0.0,0.0,0.0,0.0
chronos_weather,subset=rain|364:target,subset=rain|364:target::origin=0,0,seasonal_naive,0,26819991,degenerate,25,1974-08-21 00:00:00,0.0,0.0,0.0,0.0,0.0,0.0,0.0,0.0,0.0,0.0,0.0,0.0
chronos_weather,subset=rain|364:target,subset=rain|364:target::origin=0,0,seasonal_naive,0,26819991,degenerate,26,1974-08-22 00:00:00,0.0,0.20000000298023224,0.20000000298023224,0.20000000298023224,0.20000000298023224,0.20000000298023224,0.20000000298023224,0.20000000298023224,0.20000000298023224,0.20000000298023224,0.20000000298023224,0.20000000298023224
chronos_weather,subset=rain|364:target,subset=rain|364:target::origin=0,0,seasonal_naive,0,26819991,degenerate,27,1974-08-23 00:00:00,0.0,0.0,0.0,0.0,0.0,0.0,0.0,0.0,0.0,0.0,0.0,0.0
chronos_weather,subset=rain|364:target,subset=rain|364:target::origin=0,0,seasonal_naive,0,26819991,degenerate,28,1974-08-24 00:00:00,0.0,0.0,0.0,0.0,0.0,0.0,0.0,0.0,0.0,0.0,0.0,0.0
chronos_weather,subset=rain|364:target,subset=rain|364:target::origin=0,0,seasonal_naive,0,26819991,degenerate,29,1974-08-25 00:00:00,0.0,0.0,0.0,0.0,0.0,0.0,0.0,0.0,0.0,0.0,0.0,0.0
chronos_weather,subset=rain|364:target,subset=rain|364:target::origin=0,0,arima_2_1_2,0,75120052,gaussian,0,1974-07-27 00:00:00,0.0,1.3483588695526123,1.3483588695526123,-5.919198513031006,-3.4243953227996826,-1.6254664659500122,-0.08834848552942276,1.3483588695526123,2.785066604614258,4.322184085845947,6.121113300323486,8.615915298461914
chronos_weather,subset=rain|364:target,subset=rain|364:target::origin=0,0,arima_2_1_2,0,75120052,gaussian,1,1974-07-28 00:00:00,0.0,1.8845914602279663,1.8845914602279663,-6.070336818695068,-3.3395731449127197,-1.3705004453659058,0.31199926137924194,1.8845914602279663,3.457184076309204,5.139683246612549,7.1087565422058105,9.839519500732422
chronos_weather,subset=rain|364:target,subset=rain|364:target::origin=0,0,arima_2_1_2,0,75120052,gaussian,2,1974-07-29 00:00:00,0.0,2.2202603816986084,2.2202603816986084,-5.906036853790283,-3.116445779800415,-1.1049543619155884,0.6137906312942505,2.2202603816986084,3.826730489730835,5.545475006103516,7.556966781616211,10.346556663513184
chronos_weather,subset=rain|364:target,subset=rain|364:target::origin=0,0,arima_2_1_2,0,75120052,gaussian,3,1974-07-30 00:00:00,0.0,2.290928602218628,2.290928602218628,-5.860594749450684,-3.0623438358306885,-1.0446083545684814,0.679472029209137,2.290928602218628,3.9023854732513428,5.626465320587158,7.644201278686523,10.442451477050781
chronos_weather,subset=rain|364:target,subset=rain|364:target::origin=0,0,arima_2_1_2,0,75120052,gaussian,4,1974-07-31 00:00:00,0.0,2.4067351818084717,2.4067351818084717,-5.75720739364624,-2.95469331741333,-0.933883547782898,0.7928234934806824,2.4067351818084717,4.020647048950195,5.747354030609131,7.768164157867432,10.570676803588867
chronos_weather,subset=rain|364:target,subset=rain|364:target::origin=0,0,arima_2_1_2,0,75120052,gaussian,5,1974-08-01 00:00:00,0.0,2.379317283630371,2.379317283630371,-5.78504753112793,-2.982388496398926,-0.9614742398262024,0.7653220891952515,2.379317283630371,3.9933128356933594,5.720108985900879,7.741023540496826,10.543681144714355
chronos_weather,subset=rain|364:target,subset=rain|364:target::origin=0,0,arima_2_1_2,0,75120052,gaussian,6,1974-08-02 00:00:00,0.6000000238418579,2.445854902267456,2.445854902267456,-5.720620155334473,-2.917236566543579,-0.8958000540733337,0.8314425945281982,2.445854902267456,4.060267448425293,5.787509918212891,7.80894660949707,10.61232852935791
chronos_weather,subset=rain|364:target,subset=rain|364:target::origin=0,0,arima_2_1_2,0,75120052,gaussian,7,1974-08-03 00:00:00,0.0,2.399284839630127,2.399284839630127,-5.767199993133545,-2.963813066482544,-0.9423741102218628,0.7848705649375916,2.399284839630127,4.013699531555176,5.740943908691406,7.762382984161377,10.565768241882324
chronos_weather,subset=rain|364:target,subset=rain|364:target::origin=0,0,arima_2_1_2,0,75120052,gaussian,8,1974-08-04 00:00:00,0.0,2.4533302783966064,2.4533302783966064,-5.714108943939209,-2.9103944301605225,-0.8887192606925964,0.8387272953987122,2.4533302783966064,4.067933559417725,5.795379638671875,7.8170552253723145,10.620768547058105
chronos_weather,subset=rain|364:target,subset=rain|364:target::origin=0,0,arima_2_1_2,0,75120052,gaussian,9,1974-08-05 00:00:00,0.0,2.404494524002075,2.404494524002075,-5.763060569763184,-2.959306478500366,-0.9376025199890137,0.7898685932159424,2.404494524002075,4.019120693206787,5.746591567993164,7.768295764923096,10.572049140930176
chronos_weather,subset=rain|364:target,subset=rain|364:target::origin=0,0,arima_2_1_2,0,75120052,gaussian,10,1974-08-06 00:00:00,0.20000000298023224,2.454043388366699,2.454043388366699,-5.714234352111816,-2.9102320671081543,-0.8883492350578308,0.8392747044563293,2.454043388366699,4.068812370300293,5.796435832977295,7.818319320678711,10.622320175170898
chronos_weather,subset=rain|364:target,subset=rain|364:target::origin=0,0,arima_2_1_2,0,75120052,gaussian,11,1974-08-07 00:00:00,0.0,2.4064886569976807,2.4064886569976807,-5.76191520690918,-2.9578697681427,-0.9359557032585144,0.7916949391365051,2.4064886569976807,4.02128267288208,5.748932838439941,7.770847320556641,10.574892044067383
chronos_weather,subset=rain|364:target,subset=rain|364:target::origin=0,0,arima_2_1_2,0,75120052,gaussian,12,1974-08-08 00:00:00,2.4000000953674316,2.453342914581299,2.453342914581299,-5.715699195861816,-2.9114346504211426,-0.8893625140190125,0.8384230732917786,2.453342914581299,4.068263053894043,5.796048164367676,7.818120956420898,10.622384071350098
chronos_weather,subset=rain|364:target,subset=rain|364:target::origin=0,0,arima_2_1_2,0,75120052,gaussian,13,1974-08-09 00:00:00,0.0,2.4077517986297607,2.4077517986297607,-5.761401653289795,-2.9570987224578857,-0.9349991679191589,0.7928099632263184,2.4077517986297607,4.022694110870361,5.750502586364746,7.772602558135986,10.576904296875
chronos_weather,subset=rain|364:target,subset=rain|364:target::origin=0,0,arima_2_1_2,0,75120052,gaussian,14,1974-08-10 00:00:00,0.0,2.4523773193359375,2.4523773193359375,-5.7173614501953125,-2.9128575325012207,-0.8906131982803345,0.8373197913169861,2.4523773193359375,4.067435264587402,5.79536771774292,7.817612648010254,10.622115135192871
chronos_weather,subset=rain|364:target,subset=rain|364:target::origin=0,0,arima_2_1_2,0,75120052,gaussian,15,1974-08-11 00:00:00,0.0,2.4088194370269775,2.4088194370269775,-5.761011600494385,-2.9564762115478516,-0.9342088103294373,0.7937436699867249,2.4088194370269775,4.023895740509033,5.751847743988037,7.774115562438965,10.578649520874023
chronos_weather,subset=rain|364:target,subset=rain|364:target::origin=0,0,arima_2_1_2,0,75120052,gaussian,16,1974-08-12 00:00:00,0.0,2.4513919353485107,2.4513919353485107,-5.718981742858887,-2.914259910583496,-0.8918583989143372,0.8362088799476624,2.4513919353485107,4.066575527191162,5.794642448425293,7.817044258117676,10.62176513671875
chronos_weather,subset=rain|364:target,subset=rain|364:target::origin=0,0,arima_2_1_2,0,75120052,gaussian,17,1974-08-13 00:00:00,0.0,2.409809112548828,2.409809112548828,-5.760638236999512,-2.9558913707733154,-0.9334714412689209,0.7946114540100098,2.409809112548828,4.025007247924805,5.753089904785156,7.775509834289551,10.580255508422852
chronos_weather,subset=rain|364:target,subset=rain|364:target::origin=0,0,arima_2_1_2,0,75120052,gaussian,18,1974-08-14 00:00:00,0.0,2.450437545776367,2.450437545776367,-5.720514297485352,-2.9155941009521484,-0.8930492997169495,0.8351401686668396,2.450437545776367,4.065735340118408,5.793924331665039,7.816469669342041,10.62138843536377
chronos_weather,subset=rain|364:target,subset=rain|364:target::origin=0,0,arima_2_1_2,0,75120052,gaussian,19,1974-08-15 00:00:00,0.4000000059604645,2.4107470512390137,2.4107470512390137,-5.7602620124816895,-2.955322265625,-0.9327633380889893,0.7954383492469788,2.4107470512390137,4.026056289672852,5.7542572021484375,7.7768168449401855,10.581755638122559
chronos_weather,subset=rain|364:target,subset=rain|364:target::origin=0,0,arima_2_1_2,0,75120052,gaussian,20,1974-08-16 00:00:00,0.0,2.44952392578125,2.44952392578125,-5.721953868865967,-2.916853189468384,-0.8941782116889954,0.8341225385665894,2.44952392578125,4.064925670623779,5.79322624206543,7.815901279449463,10.621001243591309
chronos_weather,subset=rain|364:target,subset=rain|364:target::origin=0,0,arima_2_1_2,0,75120052,gaussian,21,1974-08-17 00:00:00,0.0,2.4116411209106445,2.4116411209106445,-5.759880065917969,-2.9547643661499023,-0.9320787787437439,0.7962311506271362,2.4116411209106445,4.0270514488220215,5.755361080169678,7.77804708480835,10.583161354064941
chronos_weather,subset=rain|364:target,subset=rain|364:target::origin=0,0,arima_2_1_2,0,75120052,gaussian,22,1974-08-18 00:00:00,0.0,2.448651075363159,2.448651075363159,-5.723305702209473,-2.9180407524108887,-0.8952471017837524,0.8331549763679504,2.448651075363159,4.064147472381592,5.792549133300781,7.815343379974365,10.620607376098633
chronos_weather,subset=rain|364:target,subset=rain|364:target::origin=0,0,arima_2_1_2,0,75120052,gaussian,23,1974-08-19 00:00:00,0.0,2.412493944168091,2.412493944168091,-5.759493350982666,-2.9542179107666016,-0.9314167499542236,0.7969918251037598,2.412493944168091,4.02799654006958,5.756404876708984,7.779206275939941,10.584480285644531
chronos_weather,subset=rain|364:target,subset=rain|364:target::origin=0,0,arima_2_1_2,0,75120052,gaussian,24,1974-08-20 00:00:00,0.0,2.4478180408477783,2.4478180408477783,-5.724574565887451,-2.9191598892211914,-0.8962584137916565,0.8322358131408691,2.4478180408477783,4.063400745391846,5.791894435882568,7.814796447753906,10.620209693908691
chronos_weather,subset=rain|364:target,subset=rain|364:target::origin=0,0,arima_2_1_2,0,75120052,gaussian,25,1974-08-21 00:00:00,0.0,2.4133079051971436,2.4133079051971436,-5.759104251861572,-2.9536828994750977,-0.9307765960693359,0.797721803188324,2.4133079051971436,4.028894424438477,5.757392406463623,7.780299186706543,10.585719108581543
chronos_weather,subset=rain|364:target,subset=rain|364:target::origin=0,0,arima_2_1_2,0,75120052,gaussian,26,1974-08-22 00:00:00,0.0,2.4470226764678955,2.4470226764678955,-5.725767135620117,-2.9202160835266113,-0.8972163200378418,0.8313619494438171,2.4470226764678955,4.062683582305908,5.791261672973633,7.8142619132995605,10.61981201171875
chronos_weather,subset=rain|364:target,subset=rain|364:target::origin=0,0,arima_2_1_2,0,75120052,gaussian,27,1974-08-23 00:00:00,0.0,2.4140849113464355,2.4140849113464355,-5.75871467590332,-2.953160285949707,-0.9301580786705017,0.7984222173690796,2.4140849113464355,4.02974796295166,5.758327960968018,7.781330585479736,10.586883544921875
chronos_weather,subset=rain|364:target,subset=rain|364:target::origin=0,0,arima_2_1_2,0,75120052,gaussian,28,1974-08-24 00:00:00,0.0,2.4462637901306152,2.4462637901306152,-5.7268877029418945,-2.9212124347686768,-0.8981232643127441,0.8305315375328064,2.4462637901306152,4.0619964599609375,5.790650844573975,7.813740253448486,10.619414329528809
chronos_weather,subset=rain|364:target,subset=rain|364:target::origin=0,0,arima_2_1_2,0,75120052,gaussian,29,1974-08-25 00:00:00,0.0,2.4148263931274414,2.4148263931274414,-5.758326530456543,-2.952650785446167,-0.9295611381530762,0.7990939021110535,2.4148263931274414,4.030559062957764,5.759213924407959,7.782303810119629,10.58797836303711
chronos_weather,subset=rain|364:target,subset=rain|364:target::origin=0,0,auto_arima,0,1727098295,gaussian,0,1974-07-27 00:00:00,0.0,1.451513409614563,1.451513409614563,-5.802760601043701,-3.3125171661376953,-1.516876459121704,0.017431996762752533,1.451513409614563,2.8855950832366943,4.41990327835083,6.2155442237854,8.70578670501709
chronos_weather,subset=rain|364:target,subset=rain|364:target::origin=0,0,auto_arima,0,1727098295,gaussian,1,1974-07-28 00:00:00,0.0,2.127502679824829,2.127502679824829,-5.893704891204834,-3.140188694000244,-1.154710054397583,0.5418079495429993,2.127502679824829,3.713197708129883,5.409715175628662,7.3951945304870605,10.148709297180176
chronos_weather,subset=rain|364:target,subset=rain|364:target::origin=0,0,auto_arima,0,1727098295,gaussian,2,1974-07-29 00:00:00,0.0,2.4245834350585938,2.4245834350585938,-5.715911865234375,-2.9214470386505127,-0.9064409732818604,0.8153069019317627,2.4245834350585938,4.033860206604004,5.755608081817627,7.770614147186279,10.565077781677246
chronos_weather,subset=rain|364:target,subset=rain|364:target::origin=0,0,auto_arima,0,1727098295,gaussian,3,1974-07-30 00:00:00,0.0,2.4245834350585938,2.4245834350585938,-5.715911865234375,-2.9214470386505127,-0.9064409732818604,0.8153069019317627,2.4245834350585938,4.033860206604004,5.755608081817627,7.770614147186279,10.565077781677246
chronos_weather,subset=rain|364:target,subset=rain|364:target::origin=0,0,auto_arima,0,1727098295,gaussian,4,1974-07-31 00:00:00,0.0,2.4245834350585938,2.4245834350585938,-5.715911865234375,-2.9214470386505127,-0.9064409732818604,0.8153069019317627,2.4245834350585938,4.033860206604004,5.755608081817627,7.770614147186279,10.565077781677246
chronos_weather,subset=rain|364:target,subset=rain|364:target::origin=0,0,auto_arima,0,1727098295,gaussian,5,1974-08-01 00:00:00,0.0,2.4245834350585938,2.4245834350585938,-5.715911865234375,-2.9214470386505127,-0.9064409732818604,0.8153069019317627,2.4245834350585938,4.033860206604004,5.755608081817627,7.770614147186279,10.565077781677246
chronos_weather,subset=rain|364:target,subset=rain|364:target::origin=0,0,auto_arima,0,1727098295,gaussian,6,1974-08-02 00:00:00,0.6000000238418579,2.4245834350585938,2.4245834350585938,-5.715911865234375,-2.9214470386505127,-0.9064409732818604,0.8153069019317627,2.4245834350585938,4.033860206604004,5.755608081817627,7.770614147186279,10.565077781677246
chronos_weather,subset=rain|364:target,subset=rain|364:target::origin=0,0,auto_arima,0,1727098295,gaussian,7,1974-08-03 00:00:00,0.0,2.4245834350585938,2.4245834350585938,-5.715911865234375,-2.9214470386505127,-0.9064409732818604,0.8153069019317627,2.4245834350585938,4.033860206604004,5.755608081817627,7.770614147186279,10.565077781677246
chronos_weather,subset=rain|364:target,subset=rain|364:target::origin=0,0,auto_arima,0,1727098295,gaussian,8,1974-08-04 00:00:00,0.0,2.4245834350585938,2.4245834350585938,-5.715911865234375,-2.9214470386505127,-0.9064409732818604,0.8153069019317627,2.4245834350585938,4.033860206604004,5.755608081817627,7.770614147186279,10.565077781677246
chronos_weather,subset=rain|364:target,subset=rain|364:target::origin=0,0,auto_arima,0,1727098295,gaussian,9,1974-08-05 00:00:00,0.0,2.4245834350585938,2.4245834350585938,-5.715911865234375,-2.9214470386505127,-0.9064409732818604,0.8153069019317627,2.4245834350585938,4.033860206604004,5.755608081817627,7.770614147186279,10.565077781677246
chronos_weather,subset=rain|364:target,subset=rain|364:target::origin=0,0,auto_arima,0,1727098295,gaussian,10,1974-08-06 00:00:00,0.20000000298023224,2.4245834350585938,2.4245834350585938,-5.715911865234375,-2.9214470386505127,-0.9064409732818604,0.8153069019317627,2.4245834350585938,4.033860206604004,5.755608081817627,7.770614147186279,10.565077781677246
chronos_weather,subset=rain|364:target,subset=rain|364:target::origin=0,0,auto_arima,0,1727098295,gaussian,11,1974-08-07 00:00:00,0.0,2.4245834350585938,2.4245834350585938,-5.715911865234375,-2.9214470386505127,-0.9064409732818604,0.8153069019317627,2.4245834350585938,4.033860206604004,5.755608081817627,7.770614147186279,10.565077781677246
chronos_weather,subset=rain|364:target,subset=rain|364:target::origin=0,0,auto_arima,0,1727098295,gaussian,12,1974-08-08 00:00:00,2.4000000953674316,2.4245834350585938,2.4245834350585938,-5.715911865234375,-2.9214470386505127,-0.9064409732818604,0.8153069019317627,2.4245834350585938,4.033860206604004,5.755608081817627,7.770614147186279,10.565077781677246
chronos_weather,subset=rain|364:target,subset=rain|364:target::origin=0,0,auto_arima,0,1727098295,gaussian,13,1974-08-09 00:00:00,0.0,2.4245834350585938,2.4245834350585938,-5.715911865234375,-2.9214470386505127,-0.9064409732818604,0.8153069019317627,2.4245834350585938,4.033860206604004,5.755608081817627,7.770614147186279,10.565077781677246
chronos_weather,subset=rain|364:target,subset=rain|364:target::origin=0,0,auto_arima,0,1727098295,gaussian,14,1974-08-10 00:00:00,0.0,2.4245834350585938,2.4245834350585938,-5.715911865234375,-2.9214470386505127,-0.9064409732818604,0.8153069019317627,2.4245834350585938,4.033860206604004,5.755608081817627,7.770614147186279,10.565077781677246
chronos_weather,subset=rain|364:target,subset=rain|364:target::origin=0,0,auto_arima,0,1727098295,gaussian,15,1974-08-11 00:00:00,0.0,2.4245834350585938,2.4245834350585938,-5.715911865234375,-2.9214470386505127,-0.9064409732818604,0.8153069019317627,2.4245834350585938,4.033860206604004,5.755608081817627,7.770614147186279,10.565077781677246
chronos_weather,subset=rain|364:target,subset=rain|364:target::origin=0,0,auto_arima,0,1727098295,gaussian,16,1974-08-12 00:00:00,0.0,2.4245834350585938,2.4245834350585938,-5.715911865234375,-2.9214470386505127,-0.9064409732818604,0.8153069019317627,2.4245834350585938,4.033860206604004,5.755608081817627,7.770614147186279,10.565077781677246
chronos_weather,subset=rain|364:target,subset=rain|364:target::origin=0,0,auto_arima,0,1727098295,gaussian,17,1974-08-13 00:00:00,0.0,2.4245834350585938,2.4245834350585938,-5.715911865234375,-2.9214470386505127,-0.9064409732818604,0.8153069019317627,2.4245834350585938,4.033860206604004,5.755608081817627,7.770614147186279,10.565077781677246
chronos_weather,subset=rain|364:target,subset=rain|364:target::origin=0,0,auto_arima,0,1727098295,gaussian,18,1974-08-14 00:00:00,0.0,2.4245834350585938,2.4245834350585938,-5.715911865234375,-2.9214470386505127,-0.9064409732818604,0.8153069019317627,2.4245834350585938,4.033860206604004,5.755608081817627,7.770614147186279,10.565077781677246
chronos_weather,subset=rain|364:target,subset=rain|364:target::origin=0,0,auto_arima,0,1727098295,gaussian,19,1974-08-15 00:00:00,0.4000000059604645,2.4245834350585938,2.4245834350585938,-5.715911865234375,-2.9214470386505127,-0.9064409732818604,0.8153069019317627,2.4245834350585938,4.033860206604004,5.755608081817627,7.770614147186279,10.565077781677246
chronos_weather,subset=rain|364:target,subset=rain|364:target::origin=0,0,auto_arima,0,1727098295,gaussian,20,1974-08-16 00:00:00,0.0,2.4245834350585938,2.4245834350585938,-5.715911865234375,-2.9214470386505127,-0.9064409732818604,0.8153069019317627,2.4245834350585938,4.033860206604004,5.755608081817627,7.770614147186279,10.565077781677246
chronos_weather,subset=rain|364:target,subset=rain|364:target::origin=0,0,auto_arima,0,1727098295,gaussian,21,1974-08-17 00:00:00,0.0,2.4245834350585938,2.4245834350585938,-5.715911865234375,-2.9214470386505127,-0.9064409732818604,0.8153069019317627,2.4245834350585938,4.033860206604004,5.755608081817627,7.770614147186279,10.565077781677246
chronos_weather,subset=rain|364:target,subset=rain|364:target::origin=0,0,auto_arima,0,1727098295,gaussian,22,1974-08-18 00:00:00,0.0,2.4245834350585938,2.4245834350585938,-5.715911865234375,-2.9214470386505127,-0.9064409732818604,0.8153069019317627,2.4245834350585938,4.033860206604004,5.755608081817627,7.770614147186279,10.565077781677246
chronos_weather,subset=rain|364:target,subset=rain|364:target::origin=0,0,auto_arima,0,1727098295,gaussian,23,1974-08-19 00:00:00,0.0,2.4245834350585938,2.4245834350585938,-5.715911865234375,-2.9214470386505127,-0.9064409732818604,0.8153069019317627,2.4245834350585938,4.033860206604004,5.755608081817627,7.770614147186279,10.565077781677246
chronos_weather,subset=rain|364:target,subset=rain|364:target::origin=0,0,auto_arima,0,1727098295,gaussian,24,1974-08-20 00:00:00,0.0,2.4245834350585938,2.4245834350585938,-5.715911865234375,-2.9214470386505127,-0.9064409732818604,0.8153069019317627,2.4245834350585938,4.033860206604004,5.755608081817627,7.770614147186279,10.565077781677246
chronos_weather,subset=rain|364:target,subset=rain|364:target::origin=0,0,auto_arima,0,1727098295,gaussian,25,1974-08-21 00:00:00,0.0,2.4245834350585938,2.4245834350585938,-5.715911865234375,-2.9214470386505127,-0.9064409732818604,0.8153069019317627,2.4245834350585938,4.033860206604004,5.755608081817627,7.770614147186279,10.565077781677246
chronos_weather,subset=rain|364:target,subset=rain|364:target::origin=0,0,auto_arima,0,1727098295,gaussian,26,1974-08-22 00:00:00,0.0,2.4245834350585938,2.4245834350585938,-5.715911865234375,-2.9214470386505127,-0.9064409732818604,0.8153069019317627,2.4245834350585938,4.033860206604004,5.755608081817627,7.770614147186279,10.565077781677246
chronos_weather,subset=rain|364:target,subset=rain|364:target::origin=0,0,auto_arima,0,1727098295,gaussian,27,1974-08-23 00:00:00,0.0,2.4245834350585938,2.4245834350585938,-5.715911865234375,-2.9214470386505127,-0.9064409732818604,0.8153069019317627,2.4245834350585938,4.033860206604004,5.755608081817627,7.770614147186279,10.565077781677246
chronos_weather,subset=rain|364:target,subset=rain|364:target::origin=0,0,auto_arima,0,1727098295,gaussian,28,1974-08-24 00:00:00,0.0,2.4245834350585938,2.4245834350585938,-5.715911865234375,-2.9214470386505127,-0.9064409732818604,0.8153069019317627,2.4245834350585938,4.033860206604004,5.755608081817627,7.770614147186279,10.565077781677246
chronos_weather,subset=rain|364:target,subset=rain|364:target::origin=0,0,auto_arima,0,1727098295,gaussian,29,1974-08-25 00:00:00,0.0,2.4245834350585938,2.4245834350585938,-5.715911865234375,-2.9214470386505127,-0.9064409732818604,0.8153069019317627,2.4245834350585938,4.033860206604004,5.755608081817627,7.770614147186279,10.565077781677246
chronos_weather,subset=rain|364:target,subset=rain|364:target::origin=0,0,prophet,0,1659148243,samples,0,1974-07-27 00:00:00,0.0,2.9701037406921387,2.543830394744873,-5.2957048416137695,-3.7093324661254883,-1.2918833494186401,1.0875681638717651,2.9701037406921387,4.157793998718262,5.423426151275635,7.159121990203857,9.518829345703125
chronos_weather,subset=rain|364:target,subset=rain|364:target::origin=0,0,prophet,0,1659148243,samples,1,1974-07-28 00:00:00,0.0,2.8041837215423584,2.775786876678467,-5.480952739715576,-2.4725563526153564,-0.24574831128120422,1.246268391609192,2.8041837215423584,3.9487335681915283,5.410015106201172,7.347708225250244,9.912431716918945
chronos_weather,subset=rain|364:target,subset=rain|364:target::origin=0,0,prophet,0,1659148243,samples,2,1974-07-29 00:00:00,0.0,3.021108388900757,2.4285600185394287,-4.800881862640381,-2.868659019470215,-0.8169828653335571,1.1352545022964478,3.021108388900757,4.40704870223999,5.7049407958984375,7.9677605628967285,10.16999626159668
chronos_weather,subset=rain|364:target,subset=rain|364:target::origin=0,0,prophet,0,1659148243,samples,3,1974-07-30 00:00:00,0.0,2.2761969566345215,1.8149309158325195,-6.0749969482421875,-3.493121862411499,-1.6014378070831299,0.43436506390571594,2.2761969566345215,3.616243839263916,5.013418674468994,7.03323221206665,9.105737686157227
chronos_weather,subset=rain|364:target,subset=rain|364:target::origin=0,0,prophet,0,1659148243,samples,4,1974-07-31 00:00:00,0.0,3.60798716545105,3.094167709350586,-4.492352485656738,-1.997057318687439,0.03989417478442192,1.5039793252944946,3.60798716545105,5.060105323791504,6.452393531799316,8.309104919433594,11.454774856567383
chronos_weather,subset=rain|364:target,subset=rain|364:target::origin=0,0,prophet,0,1659148243,samples,5,1974-08-01 00:00:00,0.0,3.055022954940796,3.016085386276245,-5.0325188636779785,-2.283090353012085,-0.7843636870384216,1.6713513135910034,3.055022954940796,4.845543384552002,6.496433258056641,8.96129322052002,12.280952453613281
chronos_weather,subset=rain|364:target,subset=rain|364:target::origin=0,0,prophet,0,1659148243,samples,6,1974-08-02 00:00:00,0.6000000238418579,2.862734794616699,2.523195743560791,-3.4812724590301514,-1.8709802627563477,0.23824959993362427,1.876721739768982,2.862734794616699,4.343711853027344,6.128345012664795,7.968145370483398,10.807990074157715
chronos_weather,subset=rain|364:target,subset=rain|364:target::origin=0,0,prophet,0,1659148243,samples,7,1974-08-03 00:00:00,0.0,2.59661602973938,2.5490095615386963,-6.046517372131348,-3.0816650390625,-0.815756618976593,1.1851236820220947,2.59661602973938,4.326218605041504,5.643303871154785,7.168887615203857,8.964573860168457
chronos_weather,subset=rain|364:target,subset=rain|364:target::origin=0,0,prophet,0,1659148243,samples,8,1974-08-04 00:00:00,0.0,3.157756805419922,2.78096604347229,-5.023550987243652,-2.7756779193878174,-0.46895936131477356,1.3179166316986084,3.157756805419922,5.0532708168029785,6.256520748138428,7.957795143127441,9.855259895324707
chronos_weather,subset=rain|364:target,subset=rain|364:target::origin=0,0,prophet,0,1659148243,samples,9,1974-08-05 00:00:00,0.0,2.508328676223755,2.433738946914673,-6.743240833282471,-3.2590672969818115,-0.9869325757026672,0.9406324625015259,2.508328676223755,3.9933815002441406,5.866415977478027,8.265363693237305,10.468766212463379
chronos_weather,subset=rain|364:target,subset=rain|364:target::origin=0,0,prophet,0,1659148243,samples,10,1974-08-06 00:00:00,0.20000000298023224,0.7894046306610107,1.8201098442077637,-7.688453674316406,-4.258668899536133,-2.4600136280059814,-0.7232196927070618,0.7894046306610107,2.8053925037384033,4.523348331451416,6.729798316955566,10.03156566619873
chronos_weather,subset=rain|364:target,subset=rain|364:target::origin=0,0,prophet,0,1659148243,samples,11,1974-08-07 00:00:00,0.0,2.695871353149414,3.09934663772583,-4.8229756355285645,-2.873490810394287,-0.767606794834137,1.1392297744750977,2.695871353149414,4.391262531280518,6.8331756591796875,8.545406341552734,11.675882339477539
chronos_weather,subset=rain|364:target,subset=rain|364:target::origin=0,0,prophet,0,1659148243,samples,12,1974-08-08 00:00:00,2.4000000953674316,2.482302665710449,3.0212643146514893,-4.604664325714111,-2.3030667304992676,-0.7786139249801636,1.2847107648849487,2.482302665710449,3.6627626419067383,4.960726737976074,7.093671798706055,9.421173095703125
chronos_weather,subset=rain|364:target,subset=rain|364:target::origin=0,0,prophet,0,1659148243,samples,13,1974-08-09 00:00:00,0.0,1.6701463460922241,2.5283749103546143,-5.629090309143066,-2.830430030822754,-0.8819785118103027,0.5059036612510681,1.6701463460922241,3.6631085872650146,5.282382488250732,6.751709938049316,9.823709487915039
chronos_weather,subset=rain|364:target,subset=rain|364:target::origin=0,0,prophet,0,1659148243,samples,14,1974-08-10 00:00:00,0.0,3.0580058097839355,2.5541884899139404,-5.499683856964111,-2.5160739421844482,-0.5095316767692566,1.4744004011154175,3.0580058097839355,4.7443013191223145,6.159253120422363,7.273109436035156,10.007567405700684
chronos_weather,subset=rain|364:target,subset=rain|364:target::origin=0,0,prophet,0,1659148243,samples,15,1974-08-11 00:00:00,0.0,3.1618566513061523,2.786144971847534,-3.7852346897125244,-2.1568095684051514,0.18382903933525085,1.9009308815002441,3.1618566513061523,4.127914905548096,5.492666721343994,7.804099082946777,11.014408111572266
chronos_weather,subset=rain|364:target,subset=rain|364:target::origin=0,0,prophet,0,1659148243,samples,16,1974-08-12 00:00:00,0.0,3.4530627727508545,2.438918113708496,-4.2307915687561035,-1.6388919353485107,0.9920611381530762,1.971481442451477,3.4530627727508545,4.69711446762085,6.192240238189697,8.44382095336914,11.642085075378418
chronos_weather,subset=rain|364:target,subset=rain|364:target::origin=0,0,prophet,0,1659148243,samples,17,1974-08-13 00:00:00,0.0,1.1009738445281982,1.8252888917922974,-7.168549537658691,-3.9123270511627197,-1.9670380353927612,-0.1990584284067154,1.1009738445281982,3.4613983631134033,5.680797576904297,7.751381874084473,10.501551628112793
chronos_weather,subset=rain|364:target,subset=rain|364:target::origin=0,0,prophet,0,1659148243,samples,18,1974-08-14 00:00:00,0.0,3.4644553661346436,3.1045258045196533,-4.64113187789917,-2.1585237979888916,0.004530251491814852,1.5985628366470337,3.4644553661346436,5.14853048324585,6.1269659996032715,8.462634086608887,10.531371116638184
chronos_weather,subset=rain|364:target,subset=rain|364:target::origin=0,0,prophet,0,1659148243,samples,19,1974-08-15 00:00:00,0.4000000059604645,3.2171120643615723,3.0264434814453125,-5.197761058807373,-1.9413173198699951,-0.1551433950662613,1.253687858581543,3.2171120643615723,4.967281818389893,6.591165065765381,8.754496574401855,11.191819190979004
chronos_weather,subset=rain|364:target,subset=rain|364:target::origin=0,0,prophet,0,1659148243,samples,20,1974-08-16 00:00:00,0.0,2.945089817047119,2.5335538387298584,-5.899468898773193,-2.893406629562378,-0.9436928629875183,1.1002522706985474,2.945089817047119,4.337996006011963,6.219408988952637,7.752058982849121,10.71186351776123
chronos_weather,subset=rain|364:target,subset=rain|364:target::origin=0,0,prophet,0,1659148243,samples,21,1974-08-17 00:00:00,0.0,3.9150781631469727,2.5593676567077637,-4.723690509796143,-1.941994071006775,0.2636905908584595,1.6670591831207275,3.9150781631469727,5.0594305992126465,6.703398704528809,8.722685813903809,11.940275192260742
chronos_weather,subset=rain|364:target,subset=rain|364:target::origin=0,0,prophet,0,1659148243,samples,22,1974-08-18 00:00:00,0.0,3.1197166442871094,2.7913241386413574,-4.51723051071167,-1.8087821006774902,0.016431685537099838,1.2689117193222046,3.1197166442871094,4.734253883361816,6.2432637214660645,7.814645290374756,10.18797779083252
chronos_weather,subset=rain|364:target,subset=rain|364:target::origin=0,0,prophet,0,1659148243,samples,23,1974-08-19 00:00:00,0.0,2.7125303745269775,2.4440970420837402,-4.919620990753174,-2.429720878601074,-0.029850397258996964,1.3895083665847778,2.7125303745269775,3.8538851737976074,6.249714374542236,7.565289497375488,10.38105583190918
chronos_weather,subset=rain|364:target,subset=rain|364:target::origin=0,0,prophet,0,1659148243,samples,24,1974-08-20 00:00:00,0.0,1.7346621751785278,1.830467939376831,-5.534569263458252,-3.268512487411499,-2.004382848739624,0.11283158510923386,1.7346621751785278,3.230529546737671,4.696633338928223,6.973879814147949,9.856842994689941
chronos_weather,subset=rain|364:target,subset=rain|364:target::origin=0,0,prophet,0,1659148243,samples,25,1974-08-21 00:00:00,0.0,3.6187610626220703,3.1097047328948975,-5.853823661804199,-1.814185380935669,-0.5253883004188538,1.5094014406204224,3.6187610626220703,4.9708075523376465,5.987836837768555,8.545896530151367,10.97821044921875
chronos_weather,subset=rain|364:target,subset=rain|364:target::origin=0,0,prophet,0,1659148243,samples,26,1974-08-22 00:00:00,0.0,3.133262872695923,3.0316224098205566,-5.634833812713623,-3.020232677459717,-0.19348984956741333,1.6255587339401245,3.133262872695923,4.747893810272217,6.212443828582764,9.012420654296875,11.62657356262207
chronos_weather,subset=rain|364:target,subset=rain|364:target::origin=0,0,prophet,0,1659148243,samples,27,1974-08-23 00:00:00,0.0,1.82333242893219,2.5387330055236816,-6.440011978149414,-3.7777135372161865,-0.6885474324226379,0.7004952430725098,1.82333242893219,3.5062878131866455,5.304311275482178,7.7731122970581055,10.38647747039795
chronos_weather,subset=rain|364:target,subset=rain|364:target::origin=0,0,prophet,0,1659148243,samples,28,1974-08-24 00:00:00,0.0,2.753791570663452,2.564546585083008,-4.9749298095703125,-2.509082317352295,-0.4534478783607483,0.8117847442626953,2.753791570663452,3.8888840675354004,5.623325347900391,7.390560626983643,10.103775024414062
chronos_weather,subset=rain|364:target,subset=rain|364:target::origin=0,0,prophet,0,1659148243,samples,29,1974-08-25 00:00:00,0.0,2.7962584495544434,2.7965030670166016,-7.383153438568115,-3.8397305011749268,-1.568014144897461,1.0864856243133545,2.7962584495544434,4.533441543579102,5.95970344543457,7.556088447570801,9.958758354187012
chronos_weather,subset=rain|364:target,subset=rain|364:target::origin=0,0,deepar,0,2885226212,samples,0,1974-07-27 00:00:00,0.0,0.3787872791290283,0.47026917338371277,-0.5083522796630859,-0.018248116597533226,0.18703684210777283,0.29719674587249756,0.3787872791290283,0.44949886202812195,0.7048109173774719,1.096490502357483,1.333221673965454
chronos_weather,subset=rain|364:target,subset=rain|364:target::origin=0,0,deepar,0,2885226212,samples,1,1974-07-28 00:00:00,0.0,0.1743880808353424,0.18689456582069397,-0.08574100583791733,0.00516896415501833,0.08938971161842346,0.12777961790561676,0.1743880808353424,0.22593790292739868,0.2803059220314026,0.3976123034954071,0.5062780976295471
chronos_weather,subset=rain|364:target,subset=rain|364:target::origin=0,0,deepar,0,2885226212,samples,2,1974-07-29 00:00:00,0.0,0.07716307789087296,0.08386202901601791,-0.08145599812269211,-0.017977271229028702,0.020824028179049492,0.043249521404504776,0.07716307789087296,0.1005961000919342,0.1403563916683197,0.17900224030017853,0.2682323753833771
chronos_weather,subset=rain|364:target,subset=rain|364:target::origin=0,0,deepar,0,2885226212,samples,3,1974-07-30 00:00:00,0.0,0.02429225668311119,0.033300869166851044,-0.15591077506542206,-0.0764232724905014,-0.030931921675801277,0.0012706234119832516,0.02429225668311119,0.05025472491979599,0.08936743438243866,0.13259096443653107,0.20614562928676605
chronos_weather,subset=rain|364:target,subset=rain|364:target::origin=0,0,deepar,0,2885226212,samples,4,1974-07-31 00:00:00,0.0,0.005089072044938803,0.03275570273399353,-0.09718070924282074,-0.06261410564184189,-0.025267137214541435,-0.013891836628317833,0.005089072044938803,0.017593378201127052,0.047884613275527954,0.10462310910224915,0.1900825798511505
chronos_weather,subset=rain|364:target,subset=rain|364:target::origin=0,0,deepar,0,2885226212,samples,5,1974-08-01 00:00:00,0.0,0.012903894297778606,-0.006029039621353149,-0.22714534401893616,-0.12335769087076187,-0.06194113567471504,-0.0235226359218359,0.012903894297778606,0.05987556278705597,0.11398334801197052,0.164654940366745,0.32278093695640564
chronos_weather,subset=rain|364:target,subset=rain|364:target::origin=0,0,deepar,0,2885226212,samples,6,1974-08-02 00:00:00,0.6000000238418579,0.09835866838693619,0.15824514627456665,-0.31638991832733154,-0.1767006516456604,-0.12173837423324585,-0.010426025837659836,0.09835866838693619,0.18763995170593262,0.2991296947002411,0.4291320741176605,0.7730305194854736
chronos_weather,subset=rain|364:target,subset=rain|364:target::origin=0,0,deepar,0,2885226212,samples,7,1974-08-03 00:00:00,0.0,0.2234790325164795,0.5101001858711243,-0.6714489459991455,-0.425508052110672,-0.08523710817098618,0.09030905365943909,0.2234790325164795,0.5843531489372253,0.7315142750740051,1.023220181465149,1.668405294418335
chronos_weather,subset=rain|364:target,subset=rain|364:target::origin=0,0,deepar,0,2885226212,samples,8,1974-08-04 00:00:00,0.0,0.4764253795146942,0.4180905520915985,-1.7431002855300903,-0.5267924070358276,0.07685184478759766,0.30408933758735657,0.4764253795146942,0.7964228987693787,1.079183578491211,1.6732757091522217,2.0046451091766357
chronos_weather,subset=rain|364:target,subset=rain|364:target::origin=0,0,deepar,0,2885226212,samples,9,1974-08-05 00:00:00,0.0,0.30023494362831116,0.2438984364271164,-0.9840703010559082,-0.4112592041492462,-0.15609383583068848,0.10577451437711716,0.30023494362831116,0.4896380603313446,0.7222116589546204,0.9437918663024902,1.325985074043274
chronos_weather,subset=rain|364:target,subset=rain|364:target::origin=0,0,deepar,0,2885226212,samples,10,1974-08-06 00:00:00,0.20000000298023224,0.17027024924755096,0.13906879723072052,-0.2755089998245239,-0.12698149681091309,0.025001011788845062,0.115177221596241,0.17027024924755096,0.21731428802013397,0.3293432593345642,0.45238223671913147,0.6747332811355591
chronos_weather,subset=rain|364:target,subset=rain|364:target::origin=0,0,deepar,0,2885226212,samples,11,1974-08-07 00:00:00,0.0,0.06044575572013855,0.02380618080496788,-0.13477571308612823,-0.06583549827337265,-0.008524743840098381,0.03611377254128456,0.06044575572013855,0.09263664484024048,0.14199134707450867,0.1676434576511383,0.2788711190223694
chronos_weather,subset=rain|364:target,subset=rain|364:target::origin=0,0,deepar,0,2885226212,samples,12,1974-08-08 00:00:00,2.4000000953674316,0.003694329410791397,-0.0018541197059676051,-0.14401239156723022,-0.05070635676383972,-0.027239738032221794,-0.010160828940570354,0.003694329410791397,0.014754951931536198,0.039246816188097,0.06665180623531342,0.12448103725910187
chronos_weather,subset=rain|364:target,subset=rain|364:target::origin=0,0,deepar,0,2885226212,samples,13,1974-08-09 00:00:00,0.0,-0.01115071214735508,-0.08213813602924347,-0.09325870126485825,-0.04405106604099274,-0.026986174285411835,-0.01773807220160961,-0.01115071214735508,-0.0046390388160943985,0.0012787111336365342,0.01588384434580803,0.034562353044748306
chronos_weather,subset=rain|364:target,subset=rain|364:target::origin=0,0,deepar,0,2885226212,samples,14,1974-08-10 00:00:00,0.0,-0.011239912360906601,-0.01508298609405756,-0.06074792891740799,-0.0323745533823967,-0.02559368871152401,-0.02045312710106373,-0.011239912360906601,-0.005750374868512154,-0.002138688461855054,0.009651574306190014,0.027332767844200134
chronos_weather,subset=rain|364:target,subset=rain|364:target::origin=0,0,deepar,0,2885226212,samples,15,1974-08-11 00:00:00,0.0,-0.017792612314224243,-0.01971656084060669,-0.03744400292634964,-0.03251592442393303,-0.027518749237060547,-0.023695198819041252,-0.017792612314224243,-0.014881660230457783,-0.012073667719960213,-0.006485701072961092,0.0019290922209620476
chronos_weather,subset=rain|364:target,subset=rain|364:target::origin=0,0,deepar,0,2885226212,samples,16,1974-08-12 00:00:00,0.0,-0.016851594671607018,-0.018742283806204796,-0.037390273064374924,-0.027125613763928413,-0.022628437727689743,-0.019434308633208275,-0.016851594671607018,-0.013666880317032337,-0.008674894459545612,-0.0028777418192476034,0.0005751087446697056
chronos_weather,subset=rain|364:target,subset=rain|364:target::origin=0,0,deepar,0,2885226212,samples,17,1974-08-13 00:00:00,0.0,-0.016191279515624046,-0.02188427373766899,-0.05478120222687721,-0.030247056856751442,-0.022547343745827675,-0.019191564992070198,-0.016191279515624046,-0.011764139868319035,-0.007962019182741642,-0.0017466922290623188,0.005802832078188658
chronos_weather,subset=rain|364:target,subset=rain|364:target::origin=0,0,deepar,0,2885226212,samples,18,1974-08-14 00:00:00,0.0,-0.013491109013557434,-0.01154076587408781,-0.05151902511715889,-0.03581862896680832,-0.02922777272760868,-0.020628469064831734,-0.013491109013557434,-0.0056908633559942245,0.0015114109264686704,0.010424066334962845,0.025551453232765198
chronos_weather,subset=rain|364:target,subset=rain|364:target::origin=0,0,deepar,0,2885226212,samples,19,1974-08-15 00:00:00,0.4000000059604645,-0.004965821281075478,0.009663275443017483,-0.08441294729709625,-0.04121292009949684,-0.032478272914886475,-0.022377340123057365,-0.004965821281075478,0.008894086815416813,0.04483328387141228,0.07018979638814926,0.16576360166072845
chronos_weather,subset=rain|364:target,subset=rain|364:target::origin=0,0,deepar,0,2885226212,samples,20,1974-08-16 00:00:00,0.0,0.034592870622873306,0.052261680364608765,-0.1649208813905716,-0.06245029345154762,-0.02897058054804802,-0.00021958444267511368,0.034592870622873306,0.05754270404577255,0.11603278666734695,0.1902998685836792,0.4069814383983612
chronos_weather,subset=rain|364:target,subset=rain|364:target::origin=0,0,deepar,0,2885226212,samples,21,1974-08-17 00:00:00,0.0,0.05183173343539238,-0.0038147205486893654,-0.33778664469718933,-0.16952823102474213,-0.024754459038376808,0.009478447027504444,0.05183173343539238,0.08410827815532684,0.12366129457950592,0.18639600276947021,0.2885107696056366
chronos_weather,subset=rain|364:target,subset=rain|364:target::origin=0,0,deepar,0,2885226212,samples,22,1974-08-18 00:00:00,0.0,0.025486603379249573,0.08855163305997849,-0.47362127900123596,-0.16554085910320282,-0.07348334044218063,-0.02378987707197666,0.025486603379249573,0.09759443998336792,0.18945424258708954,0.34560561180114746,0.5629640817642212
chronos_weather,subset=rain|364:target,subset=rain|364:target::origin=0,0,deepar,0,2885226212,samples,23,1974-08-19 00:00:00,0.0,0.11666648834943771,0.1916903704404831,-0.24109792709350586,-0.07022520154714584,-0.008428060449659824,0.06344380974769592,0.11666648834943771,0.22409091889858246,0.3395872116088867,0.503156304359436,0.7893198132514954
chronos_weather,subset=rain|364:target,subset=rain|364:target::origin=0,0,deepar,0,2885226212,samples,24,1974-08-20 00:00:00,0.0,0.11647599190473557,0.12011720985174179,-0.22469651699066162,-0.035361841320991516,0.002185725374147296,0.08288724720478058,0.11647599190473557,0.15917234122753143,0.2492378056049347,0.31843796372413635,0.5225132703781128
chronos_weather,subset=rain|364:target,subset=rain|364:target::origin=0,0,deepar,0,2885226212,samples,25,1974-08-21 00:00:00,0.0,0.03702834993600845,0.06325964629650116,-0.08580128848552704,-0.02335105650126934,-0.010242853313684464,0.019649028778076172,0.03702834993600845,0.06067527085542679,0.09752441942691803,0.15098948776721954,0.2182358354330063
chronos_weather,subset=rain|364:target,subset=rain|364:target::origin=0,0,deepar,0,2885226212,samples,26,1974-08-22 00:00:00,0.0,0.004738851450383663,0.0043909926898777485,-0.10435616970062256,-0.04985099658370018,-0.03059420734643936,-0.010677221231162548,0.004738851450383663,0.027388188987970352,0.05757914483547211,0.09803573042154312,0.16007189452648163
chronos_weather,subset=rain|364:target,subset=rain|364:target::origin=0,0,deepar,0,2885226212,samples,27,1974-08-23 00:00:00,0.0,0.028594350442290306,0.01792772300541401,-0.17267848551273346,-0.07708549499511719,-0.03647589683532715,0.008019216358661652,0.028594350442290306,0.05365714058279991,0.08866593986749649,0.15969984233379364,0.25055068731307983
chronos_weather,subset=rain|364:target,subset=rain|364:target::origin=0,0,deepar,0,2885226212,samples,28,1974-08-24 00:00:00,0.0,-0.013400169089436531,-0.028609298169612885,-0.25153228640556335,-0.15484429895877838,-0.09798842668533325,-0.05904227867722511,-0.013400169089436531,0.009620578959584236,0.060067325830459595,0.0988720953464508,0.1655668020248413
chronos_weather,subset=rain|364:target,subset=rain|364:target::origin=0,0,deepar,0,2885226212,samples,29,1974-08-25 00:00:00,0.0,-0.023119192570447922,0.07276547700166702,-0.3352341651916504,-0.16622115671634674,-0.12700191140174866,-0.06298775225877762,-0.023119192570447922,0.023084811866283417,0.07104106992483139,0.17736439406871796,0.3167368769645691
external_national_illness,OT,OT::origin=0,0,chronos_t5_tiny,0,372023628,chronos_samples,0,2020-01-21 00:00:00,1579306.0,1605074.375,1600708.125,1525128.25,1548497.125,1574325.875,1587855.25,1605074.375,1617373.875,1629673.25,1649352.375,1666571.5
external_national_illness,OT,OT::origin=0,0,chronos_t5_tiny,0,372023628,chronos_samples,1,2020-01-28 00:00:00,1563623.0,1601999.5,1605136.0,1536812.625,1555876.75,1572481.0,1586625.25,1601999.5,1619833.75,1629673.25,1641972.75,1703469.75
external_national_illness,OT,OT::origin=0,0,chronos_t5_tiny,0,372023628,chronos_samples,2,2020-02-04 00:00:00,1601333.0,1598924.625,1604151.875,1517748.5,1549727.0,1562026.5,1580475.625,1598924.625,1617373.875,1631518.125,1667801.5,1697935.0
external_national_illness,OT,OT::origin=0,0,chronos_t5_tiny,0,372023628,chronos_samples,3,2020-02-11 00:00:00,1640587.0,1611224.125,1607103.625,1494379.625,1525128.25,1549727.0,1578015.75,1611224.125,1623523.625,1649967.25,1667801.5,1729298.5
external_national_illness,OT,OT::origin=0,0,chronos_t5_tiny,0,372023628,chronos_samples,4,2020-02-18 00:00:00,1590088.0,1592775.0,1595788.375,1475315.5,1517748.625,1543577.375,1568176.125,1592775.0,1613684.0,1635207.875,1691170.375,1716384.125
external_national_illness,OT,OT::origin=0,0,chronos_t5_tiny,0,372023628,chronos_samples,5,2020-02-25 00:00:00,1423220.0,1583550.5,1584349.875,1445182.0,1494379.625,1525128.25,1555876.75,1583550.5,1607534.25,1637667.875,1669031.5,1722533.875
external_national_illness,OT,OT::origin=0,0,chronos_t5_tiny,0,372023628,chronos_samples,6,2020-03-03 00:00:00,1536943.0,1574325.875,1594804.5,1469165.75,1506679.0,1537427.625,1559566.625,1574325.875,1619833.75,1639512.75,1678871.0,1730528.5
external_national_illness,OT,OT::origin=0,0,chronos_t5_tiny,0,372023628,chronos_samples,7,2020-03-10 00:00:00,1552636.0,1574325.875,1587240.125,1461786.25,1498069.375,1525128.25,1553416.875,1574325.875,1605074.375,1641972.75,1691170.375,1740983.0
external_national_illness,OT,OT::origin=0,0,chronos_t5_tiny,0,372023628,chronos_samples,8,2020-03-17 00:00:00,1491798.0,1571251.0,1574449.0,1426732.875,1475930.5,1523283.375,1549727.0,1571251.0,1605074.375,1635823.0,1669031.5,1716384.125
external_national_illness,OT,OT::origin=0,0,chronos_t5_tiny,0,372023628,chronos_samples,9,2020-03-24 00:00:00,1361170.0,1574325.875,1571128.125,1426117.875,1479620.375,1517133.625,1549727.0,1574325.875,1598924.625,1631518.125,1672721.25,1753282.375
external_national_illness,OT,OT::origin=0,0,chronos_t5_tiny,0,372023628,chronos_samples,10,2020-03-31 00:00:00,1457151.0,1565101.25,1558890.125,1412588.625,1462401.125,1504834.125,1541117.5,1565101.25,1592775.0,1623523.625,1655502.125,1723148.75
external_national_illness,OT,OT::origin=0,0,chronos_t5_tiny,0,372023628,chronos_samples,11,2020-04-07 00:00:00,1581455.0,1549727.0,1549235.0,1395369.25,1445182.0,1488229.875,1531277.875,1549727.0,1592775.0,1619218.75,1655502.125,1705929.625
external_national_illness,OT,OT::origin=0,0,chronos_t5_tiny,0,372023628,chronos_samples,12,2020-04-14 00:00:00,1517183.0,1562026.5,1541240.375,1387989.625,1445182.0,1486385.0,1531277.875,1562026.5,1580475.625,1613069.0,1643202.75,1680715.875
external_national_illness,OT,OT::origin=0,0,chronos_t5_tiny,0,372023628,chronos_samples,13,2020-04-21 00:00:00,1513962.0,1522053.375,1523652.125,1346786.625,1426732.875,1478390.375,1500529.25,1522053.375,1576785.75,1592775.0,1635823.0,1691785.375
external_national_illness,OT,OT::origin=0,0,chronos_t5_tiny,0,372023628,chronos_samples,14,2020-04-28 00:00:00,1504061.0,1525128.25,1507048.0,1296359.0,1419353.25,1463631.125,1491919.75,1525128.25,1555876.75,1582320.5,1629673.25,1680715.875
external_national_illness,OT,OT::origin=0,0,chronos_t5_tiny,0,372023628,chronos_samples,15,2020-05-05 00:00:00,1479946.0,1512828.875,1495179.0,1289594.25,1383684.875,1435342.5,1469780.75,1512828.875,1549727.0,1576170.75,1618603.875,1673951.125
external_national_illness,OT,OT::origin=0,0,chronos_t5_tiny,0,372023628,chronos_samples,16,2020-05-12 00:00:00,1438348.0,1494379.625,1470149.75,1253925.875,1357856.0,1418738.25,1457481.375,1494379.625,1512828.875,1555876.75,1600154.625,1660421.875
external_national_illness,OT,OT::origin=0,0,chronos_t5_tiny,0,372023628,chronos_samples,17,2020-05-19 00:00:00,1381381.0,1475930.5,1451331.625,1234861.875,1332027.25,1389834.5,1426732.875,1475930.5,1512828.875,1531277.875,1587855.25,1655502.0
external_national_illness,OT,OT::origin=0,0,chronos_t5_tiny,0,372023628,chronos_samples,18,2020-05-26 00:00:00,1537636.0,1448256.75,1425502.875,1220717.5,1296358.875,1330797.375,1399674.0,1448256.75,1478390.375,1518978.5,1581705.625,1636438.0
external_national_illness,OT,OT::origin=0,0,chronos_t5_tiny,0,372023628,chronos_samples,19,2020-06-02 00:00:00,1525058.0,1408283.75,1394754.25,1166600.125,1248391.25,1308043.5,1387374.625,1408283.75,1453791.5,1490074.75,1528818.125,1619218.75
external_national_illness,OT,OT::origin=0,0,chronos_t5_tiny,0,372023628,chronos_samples,20,2020-06-09 00:00:00,1538038.0,1386759.75,1372799.875,1143231.125,1216412.75,1291439.125,1340636.875,1386759.75,1425502.875,1475930.5,1514058.875,1617373.875
external_national_illness,OT,OT::origin=0,0,chronos_t5_tiny,0,372023628,chronos_samples,21,2020-06-16 00:00:00,1528103.0,1359086.0,1347893.5,1113097.625,1186894.125,1253311.0,1307428.5,1359086.0,1395984.25,1439032.25,1501759.25,1601384.5
external_national_illness,OT,OT::origin=0,0,chronos_t5_tiny,0,372023628,chronos_samples,22,2020-06-23 00:00:00,1542813.0,1325262.625,1321388.375,1069434.625,1168445.0,1207803.25,1281599.625,1325262.625,1373845.25,1416278.375,1482080.25,1580475.625
external_national_illness,OT,OT::origin=0,0,chronos_t5_tiny,0,372023628,chronos_samples,23,2020-06-30 00:00:00,1509928.0,1309888.375,1311671.625,1063284.875,1153685.625,1199193.625,1264380.5,1309888.375,1364005.75,1403978.75,1493149.75,1564486.375
external_national_illness,OT,OT::origin=0,0,timesfm_2_5_200m,0,585681541,timesfm_quantiles,0,2020-01-21 00:00:00,1579306.0,1584530.5,1567583.0,1528561.25,1544459.375,1565446.875,1572156.0,1584530.5,1591701.125,1611756.625,1633890.75,1650266.0
external_national_illness,OT,OT::origin=0,0,timesfm_2_5_200m,0,585681541,timesfm_quantiles,1,2020-01-28 00:00:00,1563623.0,1591173.875,1598902.25,1515444.625,1542981.125,1556262.875,1571787.875,1591173.875,1613201.5,1622078.625,1648292.125,1682486.625
external_national_illness,OT,OT::origin=0,0,timesfm_2_5_200m,0,585681541,timesfm_quantiles,2,2020-02-04 00:00:00,1601333.0,1570658.5,1559349.875,1470812.0,1516447.875,1535915.0,1556139.5,1570658.5,1585026.5,1605327.25,1639176.875,1667782.5
external_national_illness,OT,OT::origin=0,0,timesfm_2_5_200m,0,585681541,timesfm_quantiles,3,2020-02-11 00:00:00,1640587.0,1584395.0,1604076.25,1463274.25,1514599.0,1547212.125,1556417.25,1584395.0,1616600.25,1621411.25,1645352.625,1704203.25
external_national_illness,OT,OT::origin=0,0,timesfm_2_5_200m,0,585681541,timesfm_quantiles,4,2020-02-18 00:00:00,1590088.0,1564991.75,1586908.5,1443990.25,1494141.5,1517637.5,1530261.125,1564991.75,1586006.0,1613447.5,1645357.0,1677151.125
external_national_illness,OT,OT::origin=0,0,timesfm_2_5_200m,0,585681541,timesfm_quantiles,5,2020-02-25 00:00:00,1423220.0,1599495.25,1562089.75,1463092.5,1516334.5,1547706.0,1570096.5,1599495.25,1633164.625,1648030.75,1681305.0,1722697.375
external_national_illness,OT,OT::origin=0,0,timesfm_2_5_200m,0,585681541,timesfm_quantiles,6,2020-03-03 00:00:00,1536943.0,1597039.375,1593809.0,1456174.75,1521221.25,1547046.875,1581234.25,1597039.375,1631470.0,1660374.5,1680567.625,1742649.5
external_national_illness,OT,OT::origin=0,0,timesfm_2_5_200m,0,585681541,timesfm_quantiles,7,2020-03-10 00:00:00,1552636.0,1572244.25,1573568.375,1435954.5,1502911.875,1517318.25,1553739.625,1572244.25,1612789.0,1638612.0,1670599.625,1739291.25
external_national_illness,OT,OT::origin=0,0,timesfm_2_5_200m,0,585681541,timesfm_quantiles,8,2020-03-17 00:00:00,1491798.0,1539641.125,1555179.625,1389424.75,1458965.125,1479891.0,1498369.25,1539641.125,1574054.25,1604305.75,1630511.25,1678796.125
external_national_illness,OT,OT::origin=0,0,timesfm_2_5_200m,0,585681541,timesfm_quantiles,9,2020-03-24 00:00:00,1361170.0,1510957.75,1494302.25,1355993.75,1414917.625,1442651.75,1477200.75,1510957.75,1534043.0,1562003.25,1613837.0,1642544.25
external_national_illness,OT,OT::origin=0,0,timesfm_2_5_200m,0,585681541,timesfm_quantiles,10,2020-03-31 00:00:00,1457151.0,1489889.0,1491548.0,1336102.25,1377965.625,1418443.25,1447968.5,1489889.0,1533166.875,1543575.75,1588696.0,1617194.5
external_national_illness,OT,OT::origin=0,0,timesfm_2_5_200m,0,585681541,timesfm_quantiles,11,2020-04-07 00:00:00,1581455.0,1523441.625,1499421.25,1367435.125,1430692.75,1450189.75,1484410.5,1523441.625,1557541.0,1588553.375,1612960.0,1683359.875
external_national_illness,OT,OT::origin=0,0,timesfm_2_5_200m,0,585681541,timesfm_quantiles,12,2020-04-14 00:00:00,1517183.0,1540098.625,1552493.5,1403818.0,1453982.875,1470509.75,1487654.25,1540098.625,1568645.25,1609982.0,1623484.875,1659048.75
external_national_illness,OT,OT::origin=0,0,timesfm_2_5_200m,0,585681541,timesfm_quantiles,13,2020-04-21 00:00:00,1513962.0,1560595.125,1562909.0,1425773.75,1469599.5,1515753.375,1536124.25,1560595.125,1595837.25,1616786.625,1654539.75,1714095.5
external_national_illness,OT,OT::origin=0,0,timesfm_2_5_200m,0,585681541,timesfm_quantiles,14,2020-04-28 00:00:00,1504061.0,1590071.375,1563955.375,1460786.25,1503301.5,1535036.75,1561395.375,1590071.375,1614373.75,1653937.625,1674882.5,1711664.125
external_national_illness,OT,OT::origin=0,0,timesfm_2_5_200m,0,585681541,timesfm_quantiles,15,2020-05-05 00:00:00,1479946.0,1589262.5,1622558.25,1476390.0,1509639.0,1553206.5,1563924.875,1589262.5,1624561.25,1644809.5,1681451.25,1723727.75
external_national_illness,OT,OT::origin=0,0,timesfm_2_5_200m,0,585681541,timesfm_quantiles,16,2020-05-12 00:00:00,1438348.0,1591465.5,1580011.5,1445994.75,1502625.875,1527099.0,1565711.25,1591465.5,1617216.25,1648217.5,1667813.75,1740464.0
external_national_illness,OT,OT::origin=0,0,timesfm_2_5_200m,0,585681541,timesfm_quantiles,17,2020-05-19 00:00:00,1381381.0,1585693.25,1622546.75,1459703.0,1501505.125,1543159.0,1575284.5,1585693.25,1624599.75,1651855.75,1704423.5,1738605.0
external_national_illness,OT,OT::origin=0,0,timesfm_2_5_200m,0,585681541,timesfm_quantiles,18,2020-05-26 00:00:00,1537636.0,1618703.0,1616795.125,1473067.375,1523517.0,1553112.25,1586910.625,1618703.0,1643857.875,1668400.0,1699470.5,1764336.75
external_national_illness,OT,OT::origin=0,0,timesfm_2_5_200m,0,585681541,timesfm_quantiles,19,2020-06-02 00:00:00,1525058.0,1601006.0,1603491.75,1442637.375,1499729.0,1540353.125,1550682.25,1601006.0,1630119.25,1656269.5,1704038.5,1743700.75
external_national_illness,OT,OT::origin=0,0,timesfm_2_5_200m,0,585681541,timesfm_quantiles,20,2020-06-09 00:00:00,1538038.0,1614574.5,1609166.25,1483284.0,1520787.75,1552918.5,1587042.625,1614574.5,1641346.0,1673259.125,1717890.125,1763108.125
external_national_illness,OT,OT::origin=0,0,timesfm_2_5_200m,0,585681541,timesfm_quantiles,21,2020-06-16 00:00:00,1528103.0,1601307.75,1626384.5,1461788.75,1504462.0,1547209.5,1558885.0,1601307.75,1633158.25,1651899.25,1701305.0,1763175.25
external_national_illness,OT,OT::origin=0,0,timesfm_2_5_200m,0,585681541,timesfm_quantiles,22,2020-06-23 00:00:00,1542813.0,1596710.875,1598844.75,1457750.0,1519940.0,1526576.75,1564561.25,1596710.875,1618915.75,1659226.25,1689219.625,1751987.5
external_national_illness,OT,OT::origin=0,0,timesfm_2_5_200m,0,585681541,timesfm_quantiles,23,2020-06-30 00:00:00,1509928.0,1601058.0,1590561.25,1481156.75,1504917.75,1520763.125,1570060.75,1601058.0,1630647.875,1673368.25,1713642.5,1750673.5
external_national_illness,OT,OT::origin=0,0,moirai_2_0_small,0,1559354554,moirai_quantiles_no_mean,0,2020-01-21 00:00:00,1579306.0,1590226.75,1590226.75,1500741.25,1540593.25,1560750.5,1577150.875,1590226.75,1602980.0,1618290.0,1636853.25,1664873.75
external_national_illness,OT,OT::origin=0,0,moirai_2_0_small,0,1559354554,moirai_quantiles_no_mean,1,2020-01-28 00:00:00,1563623.0,1570259.75,1570259.75,1444953.25,1501294.5,1529194.75,1551870.0,1570259.75,1586995.25,1607571.75,1632427.5,1673245.25
external_national_illness,OT,OT::origin=0,0,moirai_2_0_small,0,1559354554,moirai_quantiles_no_mean,2,2020-02-04 00:00:00,1601333.0,1565175.5,1565175.5,1418680.0,1483466.25,1518624.25,1542679.0,1565175.5,1584972.0,1609363.625,1636568.0,1683381.0
external_national_illness,OT,OT::origin=0,0,moirai_2_0_small,0,1559354554,moirai_quantiles_no_mean,3,2020-02-11 00:00:00,1640587.0,1549423.5,1549423.5,1379348.5,1453057.0,1493537.75,1522441.75,1549423.5,1572535.625,1598954.375,1630924.375,1682327.0
external_national_illness,OT,OT::origin=0,0,moirai_2_0_small,0,1559354554,moirai_quantiles_no_mean,4,2020-02-18 00:00:00,1590088.0,1527436.75,1527436.75,1343412.375,1420290.0,1465796.875,1498432.625,1527436.75,1553153.5,1582153.875,1617969.0,1672634.5
external_national_illness,OT,OT::origin=0,0,moirai_2_0_small,0,1559354554,moirai_quantiles_no_mean,5,2020-02-25 00:00:00,1423220.0,1531705.875,1531705.875,1336367.625,1417260.25,1464410.125,1499587.0,1531705.875,1558376.0,1589366.5,1626268.75,1684717.5
external_national_illness,OT,OT::origin=0,0,moirai_2_0_small,0,1559354554,moirai_quantiles_no_mean,6,2020-03-03 00:00:00,1536943.0,1534212.375,1534212.375,1320826.125,1406591.0,1459842.0,1499819.625,1534212.375,1564820.75,1600229.25,1640368.5,1702284.25
external_national_illness,OT,OT::origin=0,0,moirai_2_0_small,0,1559354554,moirai_quantiles_no_mean,7,2020-03-10 00:00:00,1552636.0,1532051.0,1532051.0,1307797.25,1397421.5,1452331.25,1494762.125,1532051.0,1563904.5,1599926.75,1642496.375,1705362.0
external_national_illness,OT,OT::origin=0,0,moirai_2_0_small,0,1559354554,moirai_quantiles_no_mean,8,2020-03-17 00:00:00,1491798.0,1516586.625,1516586.625,1287412.0,1378645.25,1435310.125,1477508.25,1516586.625,1549726.0,1586478.5,1629131.0,1693762.125
external_national_illness,OT,OT::origin=0,0,moirai_2_0_small,0,1559354554,moirai_quantiles_no_mean,9,2020-03-24 00:00:00,1361170.0,1534105.75,1534105.75,1293187.25,1390259.25,1448532.0,1493883.5,1534105.75,1567753.25,1604858.75,1649348.0,1714019.25
external_national_illness,OT,OT::origin=0,0,moirai_2_0_small,0,1559354554,moirai_quantiles_no_mean,10,2020-03-31 00:00:00,1457151.0,1537795.75,1537795.75,1286512.5,1386484.625,1447975.125,1495387.5,1537795.75,1572953.0,1610925.125,1656154.625,1726173.125
external_national_illness,OT,OT::origin=0,0,moirai_2_0_small,0,1559354554,moirai_quantiles_no_mean,11,2020-04-07 00:00:00,1581455.0,1545602.75,1545602.75,1284989.5,1388146.5,1452387.25,1502539.0,1545602.75,1581870.75,1622448.125,1668248.25,1738592.0
external_national_illness,OT,OT::origin=0,0,moirai_2_0_small,0,1559354554,moirai_quantiles_no_mean,12,2020-04-14 00:00:00,1517183.0,1536380.875,1536380.875,1269942.375,1375087.0,1440306.75,1491431.875,1536380.875,1573002.75,1612296.0,1655593.0,1724354.25
external_national_illness,OT,OT::origin=0,0,moirai_2_0_small,0,1559354554,moirai_quantiles_no_mean,13,2020-04-21 00:00:00,1513962.0,1537357.0,1537357.0,1261073.25,1370263.75,1439196.25,1491497.0,1537357.0,1573591.25,1612879.0,1656521.375,1726594.125
external_national_illness,OT,OT::origin=0,0,moirai_2_0_small,0,1559354554,moirai_quantiles_no_mean,14,2020-04-28 00:00:00,1504061.0,1526018.0,1526018.0,1253370.75,1360921.375,1428374.75,1480206.0,1526018.0,1562415.375,1600147.625,1644104.25,1714091.5
external_national_illness,OT,OT::origin=0,0,moirai_2_0_small,0,1559354554,moirai_quantiles_no_mean,15,2020-05-05 00:00:00,1479946.0,1508857.5,1508857.5,1227974.625,1338914.125,1408088.5,1462171.5,1508857.5,1547057.0,1586870.25,1633889.25,1709288.25
external_national_illness,OT,OT::origin=0,0,moirai_2_0_small,0,1559354554,moirai_quantiles_no_mean,16,2020-05-12 00:00:00,1438348.0,1462228.875,1462228.875,1180185.25,1289535.75,1358009.0,1413204.0,1462228.875,1502919.5,1544166.375,1594391.75,1674987.125
external_national_illness,OT,OT::origin=0,0,moirai_2_0_small,0,1559354554,moirai_quantiles_no_mean,17,2020-05-19 00:00:00,1381381.0,1385076.75,1385076.75,1097175.375,1205366.625,1275417.5,1332600.0,1385076.75,1429863.875,1475973.5,1531303.75,1621063.75
external_national_illness,OT,OT::origin=0,0,moirai_2_0_small,0,1559354554,moirai_quantiles_no_mean,18,2020-05-26 00:00:00,1537636.0,1332769.625,1332769.625,1037695.125,1148202.75,1217820.75,1276616.25,1332769.625,1381386.875,1432796.5,1493382.75,1588837.0
external_national_illness,OT,OT::origin=0,0,moirai_2_0_small,0,1559354554,moirai_quantiles_no_mean,19,2020-06-02 00:00:00,1525058.0,1278070.5,1278070.5,987834.25,1096327.0,1163204.25,1221652.75,1278070.5,1328307.375,1381931.25,1445698.375,1547673.875
external_national_illness,OT,OT::origin=0,0,moirai_2_0_small,0,1559354554,moirai_quantiles_no_mean,20,2020-06-09 00:00:00,1538038.0,1209297.75,1209297.75,930236.5,1032217.3125,1095892.875,1152110.875,1209297.75,1259606.75,1312132.75,1374269.25,1476465.75
external_national_illness,OT,OT::origin=0,0,moirai_2_0_small,0,1559354554,moirai_quantiles_no_mean,21,2020-06-16 00:00:00,1528103.0,1164366.375,1164366.375,899506.625,997984.0625,1057438.375,1109241.75,1164366.375,1214289.75,1264251.75,1324401.25,1423559.25
external_national_illness,OT,OT::origin=0,0,moirai_2_0_small,0,1559354554,moirai_quantiles_no_mean,22,2020-06-23 00:00:00,1542813.0,1143456.125,1143456.125,886440.1875,981043.5625,1038758.25,1088586.875,1143456.125,1192889.375,1243689.375,1303203.625,1404188.75
external_national_illness,OT,OT::origin=0,0,moirai_2_0_small,0,1559354554,moirai_quantiles_no_mean,23,2020-06-30 00:00:00,1509928.0,1112695.625,1112695.625,866590.125,957984.8125,1013142.9375,1060291.375,1112695.625,1161946.5,1210180.25,1268067.375,1366549.625
external_national_illness,OT,OT::origin=0,0,seasonal_naive,0,3165361988,degenerate,0,2020-01-21 00:00:00,1579306.0,1473831.0,1473831.0,1473831.0,1473831.0,1473831.0,1473831.0,1473831.0,1473831.0,1473831.0,1473831.0,1473831.0
external_national_illness,OT,OT::origin=0,0,seasonal_naive,0,3165361988,degenerate,1,2020-01-28 00:00:00,1563623.0,1435369.0,1435369.0,1435369.0,1435369.0,1435369.0,1435369.0,1435369.0,1435369.0,1435369.0,1435369.0,1435369.0
external_national_illness,OT,OT::origin=0,0,seasonal_naive,0,3165361988,degenerate,2,2020-02-04 00:00:00,1601333.0,1463253.0,1463253.0,1463253.0,1463253.0,1463253.0,1463253.0,1463253.0,1463253.0,1463253.0,1463253.0,1463253.0
external_national_illness,OT,OT::origin=0,0,seasonal_naive,0,3165361988,degenerate,3,2020-02-11 00:00:00,1640587.0,1426928.0,1426928.0,1426928.0,1426928.0,1426928.0,1426928.0,1426928.0,1426928.0,1426928.0,1426928.0,1426928.0
external_national_illness,OT,OT::origin=0,0,seasonal_naive,0,3165361988,degenerate,4,2020-02-18 00:00:00,1590088.0,1484969.0,1484969.0,1484969.0,1484969.0,1484969.0,1484969.0,1484969.0,1484969.0,1484969.0,1484969.0,1484969.0
external_national_illness,OT,OT::origin=0,0,seasonal_naive,0,3165361988,degenerate,5,2020-02-25 00:00:00,1423220.0,1275199.0,1275199.0,1275199.0,1275199.0,1275199.0,1275199.0,1275199.0,1275199.0,1275199.0,1275199.0,1275199.0
external_national_illness,OT,OT::origin=0,0,seasonal_naive,0,3165361988,degenerate,6,2020-03-03 00:00:00,1536943.0,1476208.0,1476208.0,1476208.0,1476208.0,1476208.0,1476208.0,1476208.0,1476208.0,1476208.0,1476208.0,1476208.0
external_national_illness,OT,OT::origin=0,0,seasonal_naive,0,3165361988,degenerate,7,2020-03-10 00:00:00,1552636.0,1458774.0,1458774.0,1458774.0,1458774.0,1458774.0,1458774.0,1458774.0,1458774.0,1458774.0,1458774.0,1458774.0
external_national_illness,OT,OT::origin=0,0,seasonal_naive,0,3165361988,degenerate,8,2020-03-17 00:00:00,1491798.0,1424436.0,1424436.0,1424436.0,1424436.0,1424436.0,1424436.0,1424436.0,1424436.0,1424436.0,1424436.0,1424436.0
external_national_illness,OT,OT::origin=0,0,seasonal_naive,0,3165361988,degenerate,9,2020-03-24 00:00:00,1361170.0,1338669.0,1338669.0,1338669.0,1338669.0,1338669.0,1338669.0,1338669.0,1338669.0,1338669.0,1338669.0,1338669.0
external_national_illness,OT,OT::origin=0,0,seasonal_naive,0,3165361988,degenerate,10,2020-03-31 00:00:00,1457151.0,1426691.0,1426691.0,1426691.0,1426691.0,1426691.0,1426691.0,1426691.0,1426691.0,1426691.0,1426691.0,1426691.0
external_national_illness,OT,OT::origin=0,0,seasonal_naive,0,3165361988,degenerate,11,2020-04-07 00:00:00,1581455.0,1492251.0,1492251.0,1492251.0,1492251.0,1492251.0,1492251.0,1492251.0,1492251.0,1492251.0,1492251.0,1492251.0
external_national_illness,OT,OT::origin=0,0,seasonal_naive,0,3165361988,degenerate,12,2020-04-14 00:00:00,1517183.0,1489132.0,1489132.0,1489132.0,1489132.0,1489132.0,1489132.0,1489132.0,1489132.0,1489132.0,1489132.0,1489132.0
external_national_illness,OT,OT::origin=0,0,seasonal_naive,0,3165361988,degenerate,13,2020-04-21 00:00:00,1513962.0,1496826.0,1496826.0,1496826.0,1496826.0,1496826.0,1496826.0,1496826.0,1496826.0,1496826.0,1496826.0,1496826.0
external_national_illness,OT,OT::origin=0,0,seasonal_naive,0,3165361988,degenerate,14,2020-04-28 00:00:00,1504061.0,1575900.0,1575900.0,1575900.0,1575900.0,1575900.0,1575900.0,1575900.0,1575900.0,1575900.0,1575900.0,1575900.0
external_national_illness,OT,OT::origin=0,0,seasonal_naive,0,3165361988,degenerate,15,2020-05-05 00:00:00,1479946.0,1571657.0,1571657.0,1571657.0,1571657.0,1571657.0,1571657.0,1571657.0,1571657.0,1571657.0,1571657.0,1571657.0
external_national_illness,OT,OT::origin=0,0,seasonal_naive,0,3165361988,degenerate,16,2020-05-12 00:00:00,1438348.0,1533883.0,1533883.0,1533883.0,1533883.0,1533883.0,1533883.0,1533883.0,1533883.0,1533883.0,1533883.0,1533883.0
external_national_illness,OT,OT::origin=0,0,seasonal_naive,0,3165361988,degenerate,17,2020-05-19 00:00:00,1381381.0,1433517.0,1433517.0,1433517.0,1433517.0,1433517.0,1433517.0,1433517.0,1433517.0,1433517.0,1433517.0,1433517.0
external_national_illness,OT,OT::origin=0,0,seasonal_naive,0,3165361988,degenerate,18,2020-05-26 00:00:00,1537636.0,1466346.0,1466346.0,1466346.0,1466346.0,1466346.0,1466346.0,1466346.0,1466346.0,1466346.0,1466346.0,1466346.0
external_national_illness,OT,OT::origin=0,0,seasonal_naive,0,3165361988,degenerate,19,2020-06-02 00:00:00,1525058.0,1489410.0,1489410.0,1489410.0,1489410.0,1489410.0,1489410.0,1489410.0,1489410.0,1489410.0,1489410.0,1489410.0
external_national_illness,OT,OT::origin=0,0,seasonal_naive,0,3165361988,degenerate,20,2020-06-09 00:00:00,1538038.0,1425172.0,1425172.0,1425172.0,1425172.0,1425172.0,1425172.0,1425172.0,1425172.0,1425172.0,1425172.0,1425172.0
external_national_illness,OT,OT::origin=0,0,seasonal_naive,0,3165361988,degenerate,21,2020-06-16 00:00:00,1528103.0,1068755.0,1068755.0,1068755.0,1068755.0,1068755.0,1068755.0,1068755.0,1068755.0,1068755.0,1068755.0,1068755.0
external_national_illness,OT,OT::origin=0,0,seasonal_naive,0,3165361988,degenerate,22,2020-06-23 00:00:00,1542813.0,853431.0,853431.0,853431.0,853431.0,853431.0,853431.0,853431.0,853431.0,853431.0,853431.0,853431.0
external_national_illness,OT,OT::origin=0,0,seasonal_naive,0,3165361988,degenerate,23,2020-06-30 00:00:00,1509928.0,750546.0,750546.0,750546.0,750546.0,750546.0,750546.0,750546.0,750546.0,750546.0,750546.0,750546.0
external_national_illness,OT,OT::origin=0,0,arima_2_1_2,0,2784362378,gaussian,0,2020-01-21 00:00:00,1579306.0,1559461.375,1559461.375,1459744.5,1493975.25,1518658.0,1539748.5,1559461.375,1579174.25,1600264.75,1624947.5,1659178.25
external_national_illness,OT,OT::origin=0,0,arima_2_1_2,0,2784362378,gaussian,1,2020-01-28 00:00:00,1563623.0,1543768.125,1543768.125,1413311.125,1458094.375,1490386.125,1517978.375,1543768.125,1569557.875,1597150.125,1629442.0,1674225.125
external_national_illness,OT,OT::origin=0,0,arima_2_1_2,0,2784362378,gaussian,2,2020-02-04 00:00:00,1601333.0,1532073.0,1532073.0,1379810.0,1432078.75,1469768.25,1501972.5,1532073.0,1562173.5,1594377.75,1632067.25,1684336.0
external_national_illness,OT,OT::origin=0,0,arima_2_1_2,0,2784362378,gaussian,3,2020-02-11 00:00:00,1640587.0,1524106.25,1524106.25,1356660.125,1414141.0,1455588.625,1491004.25,1524106.25,1557208.25,1592623.875,1634071.5,1691552.25
external_national_illness,OT,OT::origin=0,0,arima_2_1_2,0,2784362378,gaussian,4,2020-02-18 00:00:00,1590088.0,1518054.25,1518054.25,1337497.125,1399478.75,1444171.75,1482360.375,1518054.25,1553748.25,1591936.75,1636629.75,1698611.375
external_national_illness,OT,OT::origin=0,0,arima_2_1_2,0,2784362378,gaussian,5,2020-02-25 00:00:00,1423220.0,1514027.625,1514027.625,1323001.625,1388576.875,1435861.375,1476264.125,1514027.625,1551791.125,1592193.875,1639478.375,1705053.625
external_national_illness,OT,OT::origin=0,0,arima_2_1_2,0,2784362378,gaussian,6,2020-03-03 00:00:00,1536943.0,1510881.0,1510881.0,1310093.375,1379019.625,1428720.375,1471187.75,1510881.0,1550574.25,1593041.625,1642742.375,1711668.625
external_national_illness,OT,OT::origin=0,0,arima_2_1_2,0,2784362378,gaussian,7,2020-03-10 00:00:00,1552636.0,1508859.375,1508859.375,1299666.0,1371477.75,1423259.125,1467504.375,1508859.375,1550214.375,1594459.625,1646241.0,1718052.75
external_national_illness,OT,OT::origin=0,0,arima_2_1_2,0,2784362378,gaussian,8,2020-03-17 00:00:00,1491798.0,1507212.25,1507212.25,1289896.0,1364496.25,1418288.25,1464251.5,1507212.25,1550173.0,1596136.25,1649928.25,1724528.5
external_national_illness,OT,OT::origin=0,0,arima_2_1_2,0,2784362378,gaussian,9,2020-03-24 00:00:00,1361170.0,1506207.625,1506207.625,1281570.375,1358683.75,1414287.875,1461799.625,1506207.625,1550615.625,1598127.375,1653731.5,1730844.875
external_national_illness,OT,OT::origin=0,0,arima_2_1_2,0,2784362378,gaussian,10,2020-03-31 00:00:00,1457151.0,1505337.25,1505337.25,1273511.5,1353092.5,1410476.0,1459508.125,1505337.25,1551166.375,1600198.5,1657582.0,1737163.0
external_national_illness,OT,OT::origin=0,0,arima_2_1_2,0,2784362378,gaussian,11,2020-04-07 00:00:00,1581455.0,1504845.875,1504845.875,1266354.5,1348223.75,1407257.125,1457699.0,1504845.875,1551992.75,1602434.625,1661468.0,1743337.25
external_national_illness,OT,OT::origin=0,0,arima_2_1_2,0,2784362378,gaussian,12,2020-04-14 00:00:00,1517183.0,1504379.875,1504379.875,1259301.5,1343431.875,1404095.75,1455930.875,1504379.875,1552828.875,1604664.0,1665327.875,1749458.25
external_national_illness,OT,OT::origin=0,0,arima_2_1_2,0,2784362378,gaussian,13,2020-04-21 00:00:00,1513962.0,1504145.75,1504145.75,1252847.25,1339112.875,1401316.375,1454467.125,1504145.75,1553824.375,1606975.125,1669178.625,1755444.25
external_national_illness,OT,OT::origin=0,0,arima_2_1_2,0,2784362378,gaussian,14,2020-04-28 00:00:00,1504061.0,1503891.875,1503891.875,1246434.0,1334814.0,1398542.25,1452995.625,1503891.875,1554788.125,1609241.5,1672969.75,1761349.75
external_national_illness,OT,OT::origin=0,0,arima_2_1_2,0,2784362378,gaussian,15,2020-05-05 00:00:00,1479946.0,1503785.25,1503785.25,1240440.25,1330841.125,1396026.625,1451725.125,1503785.25,1555845.375,1611543.875,1676729.375,1767130.25
external_national_illness,OT,OT::origin=0,0,arima_2_1_2,0,2784362378,gaussian,16,2020-05-12 00:00:00,1438348.0,1503643.625,1503643.625,1234468.0,1326870.5,1393499.125,1450430.875,1503643.625,1556856.375,1613788.125,1680416.875,1772819.25
external_national_illness,OT,OT::origin=0,0,arima_2_1_2,0,2784362378,gaussian,17,2020-05-19 00:00:00,1381381.0,1503599.0,1503599.0,1228803.375,1323135.125,1391154.875,1449275.25,1503599.0,1557922.75,1616043.125,1684062.875,1778394.625
external_national_illness,OT,OT::origin=0,0,arima_2_1_2,0,2784362378,gaussian,18,2020-05-26 00:00:00,1537636.0,1503517.75,1503517.75,1223158.75,1319400.25,1388797.125,1448094.25,1503517.75,1558941.375,1618238.375,1687635.25,1783876.75
external_national_illness,OT,OT::origin=0,0,arima_2_1_2,0,2784362378,gaussian,19,2020-06-02 00:00:00,1525058.0,1503502.5,1503502.5,1217748.75,1315842.125,1386574.375,1447012.5,1503502.5,1559992.5,1620430.625,1691162.875,1789256.25
external_national_illness,OT,OT::origin=0,0,arima_2_1_2,0,2784362378,gaussian,20,2020-06-09 00:00:00,1538038.0,1503454.25,1503454.25,1212363.0,1312288.625,1384342.125,1445909.125,1503454.25,1560999.5,1622566.375,1694619.875,1794545.375
external_national_illness,OT,OT::origin=0,0,arima_2_1_2,0,2784362378,gaussian,21,2020-06-16 00:00:00,1528103.0,1503452.25,1503452.25,1207162.375,1308872.625,1382212.875,1444879.375,1503452.25,1562025.125,1624691.625,1698031.875,1799742.125
external_national_illness,OT,OT::origin=0,0,arima_2_1_2,0,2784362378,gaussian,22,2020-06-23 00:00:00,1542813.0,1503422.5,1503422.5,1201991.625,1305466.625,1380079.375,1443833.25,1503422.5,1563011.75,1626765.625,1701378.375,1804853.375
external_national_illness,OT,OT::origin=0,0,arima_2_1_2,0,2784362378,gaussian,23,2020-06-30 00:00:00,1509928.0,1503425.875,1503425.875,1196970.625,1302170.375,1378026.875,1442843.375,1503425.875,1564008.375,1628824.875,1704681.375,1809881.125
external_national_illness,OT,OT::origin=0,0,auto_arima,0,2008663975,gaussian,0,2020-01-21 00:00:00,1579306.0,1586510.5,1586510.5,1502063.25,1531052.25,1551955.375,1569816.375,1586510.5,1603204.75,1621065.625,1641968.75,1670957.75
external_national_illness,OT,OT::origin=0,0,auto_arima,0,2008663975,gaussian,1,2020-01-28 00:00:00,1563623.0,1586145.875,1586145.875,1473843.375,1512394.5,1540192.625,1563945.0,1586145.875,1608346.75,1632099.125,1659897.25,1698448.375
external_national_illness,OT,OT::origin=0,0,auto_arima,0,2008663975,gaussian,2,2020-02-04 00:00:00,1601333.0,1586145.875,1586145.875,1450926.25,1497344.375,1530815.125,1559414.625,1586145.875,1612877.125,1641476.625,1674947.375,1721365.5
external_national_illness,OT,OT::origin=0,0,auto_arima,0,2008663975,gaussian,3,2020-02-11 00:00:00,1640587.0,1586145.875,1586145.875,1431365.75,1484498.625,1522811.125,1555547.75,1586145.875,1616744.0,1649480.625,1687793.125,1740926.0
external_national_illness,OT,OT::origin=0,0,auto_arima,0,2008663975,gaussian,4,2020-02-18 00:00:00,1590088.0,1586145.875,1586145.875,1414014.0,1473103.375,1515710.875,1552117.5,1586145.875,1620174.25,1656580.875,1699188.375,1758277.75
external_national_illness,OT,OT::origin=0,0,auto_arima,0,2008663975,gaussian,5,2020-02-25 00:00:00,1423220.0,1586145.875,1586145.875,1398257.875,1462756.0,1509263.625,1549002.75,1586145.875,1623289.0,1663028.125,1709535.75,1774033.875
external_national_illness,OT,OT::origin=0,0,auto_arima,0,2008663975,gaussian,6,2020-03-03 00:00:00,1536943.0,1586145.875,1586145.875,1383724.5,1453211.625,1503316.75,1546129.625,1586145.875,1626162.125,1668975.0,1719080.125,1788567.25
external_national_illness,OT,OT::origin=0,0,auto_arima,0,2008663975,gaussian,7,2020-03-10 00:00:00,1552636.0,1586145.875,1586145.875,1370166.875,1444308.0,1497769.0,1543449.5,1586145.875,1628842.25,1674522.75,1727983.75,1802124.875
external_national_illness,OT,OT::origin=0,0,auto_arima,0,2008663975,gaussian,8,2020-03-17 00:00:00,1491798.0,1586145.875,1586145.875,1357411.375,1435931.25,1492549.625,1540927.875,1586145.875,1631363.875,1679742.125,1736360.5,1814880.25
external_national_illness,OT,OT::origin=0,0,auto_arima,0,2008663975,gaussian,9,2020-03-24 00:00:00,1361170.0,1586145.875,1586145.875,1345330.625,1427997.625,1487606.25,1538539.625,1586145.875,1633752.125,1684685.5,1744294.125,1826961.125
external_national_illness,OT,OT::origin=0,0,auto_arima,0,2008663975,gaussian,10,2020-03-31 00:00:00,1457151.0,1586145.875,1586145.875,1333827.625,1420443.375,1482899.375,1536265.625,1586145.875,1636026.125,1689392.375,1751848.5,1838464.125
external_national_illness,OT,OT::origin=0,0,auto_arima,0,2008663975,gaussian,11,2020-04-07 00:00:00,1581455.0,1586145.875,1586145.875,1322826.75,1413218.75,1478397.75,1534090.875,1586145.875,1638200.875,1693894.0,1759073.0,1849465.0
external_national_illness,OT,OT::origin=0,0,auto_arima,0,2008663975,gaussian,12,2020-04-14 00:00:00,1517183.0,1586145.875,1586145.875,1312267.25,1406284.125,1474077.0,1532003.375,1586145.875,1640288.375,1698214.75,1766007.625,1860024.5
external_national_illness,OT,OT::origin=0,0,auto_arima,0,2008663975,gaussian,13,2020-04-21 00:00:00,1513962.0,1586145.875,1586145.875,1302100.0,1399607.125,1469916.625,1529993.5,1586145.875,1642298.25,1702375.125,1772684.625,1870191.625
external_national_illness,OT,OT::origin=0,0,auto_arima,0,2008663975,gaussian,14,2020-04-28 00:00:00,1504061.0,1586145.875,1586145.875,1292284.375,1393161.0,1465900.125,1528053.0,1586145.875,1644238.75,1706391.625,1779130.75,1880007.25
external_national_illness,OT,OT::origin=0,0,auto_arima,0,2008663975,gaussian,15,2020-05-05 00:00:00,1479946.0,1586145.875,1586145.875,1282786.25,1386923.375,1462013.625,1526175.375,1586145.875,1646116.375,1710278.125,1785368.375,1889505.5
external_national_illness,OT,OT::origin=0,0,auto_arima,0,2008663975,gaussian,16,2020-05-12 00:00:00,1438348.0,1586145.875,1586145.875,1273576.5,1380875.25,1458245.0,1524354.75,1586145.875,1647937.0,1714046.75,1791416.625,1898715.125
external_national_illness,OT,OT::origin=0,0,auto_arima,0,2008663975,gaussian,17,2020-05-19 00:00:00,1381381.0,1586145.875,1586145.875,1264630.625,1375000.125,1454584.375,1522586.25,1586145.875,1649705.5,1717707.375,1797291.625,1907661.125
external_national_illness,OT,OT::origin=0,0,auto_arima,0,2008663975,gaussian,18,2020-05-26 00:00:00,1537636.0,1586145.875,1586145.875,1255926.875,1369284.25,1451023.0,1520865.625,1586145.875,1651426.125,1721268.75,1803007.5,1916364.875
external_national_illness,OT,OT::origin=0,0,auto_arima,0,2008663975,gaussian,19,2020-06-02 00:00:00,1525058.0,1586145.875,1586145.875,1247446.75,1363715.25,1447553.0,1519189.25,1586145.875,1653102.625,1724738.75,1808576.625,1924845.0
external_national_illness,OT,OT::origin=0,0,auto_arima,0,2008663975,gaussian,20,2020-06-09 00:00:00,1538038.0,1586145.875,1586145.875,1239173.75,1358282.25,1444167.75,1517553.75,1586145.875,1654738.0,1728124.0,1814009.625,1933117.875
external_national_illness,OT,OT::origin=0,0,auto_arima,0,2008663975,gaussian,21,2020-06-16 00:00:00,1528103.0,1586145.875,1586145.875,1231093.625,1352975.75,1440861.375,1515956.375,1586145.875,1656335.375,1731430.375,1819316.0,1941198.125
external_national_illness,OT,OT::origin=0,0,auto_arima,0,2008663975,gaussian,22,2020-06-23 00:00:00,1542813.0,1586145.875,1586145.875,1223193.125,1347787.375,1437628.625,1514394.5,1586145.875,1657897.25,1734663.125,1824504.375,1949098.5
external_national_illness,OT,OT::origin=0,0,auto_arima,0,2008663975,gaussian,23,2020-06-30 00:00:00,1509928.0,1586145.875,1586145.875,1215461.125,1342709.625,1434464.75,1512866.0,1586145.875,1659425.75,1737827.0,1829582.125,1956830.625
external_national_illness,OT,OT::origin=0,0,prophet,0,3162063843,samples,0,2020-01-21 00:00:00,1579306.0,1584717.125,1574456.25,1456105.0,1504693.875,1540608.375,1560064.375,1584717.125,1603525.25,1631877.375,1649866.0,1684173.375
external_national_illness,OT,OT::origin=0,0,prophet,0,3162063843,samples,1,2020-01-28 00:00:00,1563623.0,1571458.0,1570749.25,1454879.625,1499430.75,1524970.0,1545639.0,1571458.0,1592416.875,1607099.375,1630114.375,1686665.5
external_national_illness,OT,OT::origin=0,0,prophet,0,3162063843,samples,2,2020-02-04 00:00:00,1601333.0,1560211.0,1550262.375,1437683.75,1486212.125,1511598.375,1528532.875,1560211.0,1579673.625,1599689.0,1628857.25,1655077.375
external_national_illness,OT,OT::origin=0,0,prophet,0,3162063843,samples,3,2020-02-11 00:00:00,1640587.0,1533417.25,1522798.0,1406076.0,1449401.125,1480916.375,1511711.75,1533417.25,1552651.0,1580711.375,1606466.375,1648504.125
external_national_illness,OT,OT::origin=0,0,prophet,0,3162063843,samples,4,2020-02-18 00:00:00,1590088.0,1497953.0,1507412.125,1394899.5,1434196.125,1455194.875,1480857.25,1497953.0,1518492.25,1542555.625,1569544.25,1607536.5
external_national_illness,OT,OT::origin=0,0,prophet,0,3162063843,samples,5,2020-02-25 00:00:00,1423220.0,1523865.25,1516042.75,1405151.75,1447234.25,1471931.625,1507395.5,1523865.25,1541139.125,1569076.5,1589989.0,1616700.75
external_national_illness,OT,OT::origin=0,0,prophet,0,3162063843,samples,6,2020-03-03 00:00:00,1536943.0,1532175.75,1535678.75,1426369.25,1466685.625,1487825.875,1512786.25,1532175.75,1551173.0,1567422.375,1590189.25,1629071.875
external_national_illness,OT,OT::origin=0,0,prophet,0,3162063843,samples,7,2020-03-10 00:00:00,1552636.0,1541652.5,1536174.125,1423503.0,1463877.125,1492456.375,1512069.5,1541652.5,1560747.625,1593421.125,1613520.375,1653865.125
external_national_illness,OT,OT::origin=0,0,prophet,0,3162063843,samples,8,2020-03-17 00:00:00,1491798.0,1507896.875,1502573.75,1382998.5,1431117.0,1453593.5,1487338.375,1507896.875,1536186.0,1564500.875,1595492.75,1620289.125
external_national_illness,OT,OT::origin=0,0,prophet,0,3162063843,samples,9,2020-03-24 00:00:00,1361170.0,1456317.75,1457201.5,1352294.0,1380105.0,1404857.75,1438529.5,1456317.75,1474211.25,1494681.875,1527000.375,1562745.375
external_national_illness,OT,OT::origin=0,0,prophet,0,3162063843,samples,10,2020-03-31 00:00:00,1457151.0,1441801.75,1442491.75,1331747.5,1369831.25,1399989.875,1418450.875,1441801.75,1457807.0,1481525.0,1507931.5,1541689.125
external_national_illness,OT,OT::origin=0,0,prophet,0,3162063843,samples,11,2020-04-07 00:00:00,1581455.0,1481501.25,1478938.0,1363738.875,1413866.875,1431152.75,1452437.25,1481501.25,1497848.875,1523844.0,1552944.625,1584161.0
external_national_illness,OT,OT::origin=0,0,prophet,0,3162063843,samples,12,2020-04-14 00:00:00,1517183.0,1548000.375,1543266.0,1439603.625,1478568.5,1500851.375,1523319.25,1548000.375,1572573.75,1595608.875,1613703.75,1647414.625
external_national_illness,OT,OT::origin=0,0,prophet,0,3162063843,samples,13,2020-04-21 00:00:00,1513962.0,1591373.0,1591418.25,1485353.375,1509963.75,1545425.375,1571397.0,1591373.0,1611576.5,1637022.375,1662765.875,1689384.375
external_national_illness,OT,OT::origin=0,0,prophet,0,3162063843,samples,14,2020-04-28 00:00:00,1504061.0,1590354.5,1601214.25,1498574.75,1528727.375,1557567.875,1579819.625,1590354.5,1617053.5,1640604.25,1678375.75,1710315.75
external_national_illness,OT,OT::origin=0,0,prophet,0,3162063843,samples,15,2020-05-05 00:00:00,1479946.0,1591339.5,1588484.125,1490715.625,1519079.0,1550024.125,1566340.375,1591339.5,1608153.0,1641575.375,1672358.625,1697432.375
external_national_illness,OT,OT::origin=0,0,prophet,0,3162063843,samples,16,2020-05-12 00:00:00,1438348.0,1583281.875,1582279.375,1467329.625,1501460.125,1533705.625,1557967.5,1583281.875,1602192.375,1621991.25,1647679.875,1693651.875
external_national_illness,OT,OT::origin=0,0,prophet,0,3162063843,samples,17,2020-05-19 00:00:00,1381381.0,1581518.75,1590916.0,1472043.875,1506849.5,1527302.0,1556001.25,1581518.75,1602639.625,1618830.0,1644651.5,1684645.75
external_national_illness,OT,OT::origin=0,0,prophet,0,3162063843,samples,18,2020-05-26 00:00:00,1537636.0,1597430.75,1597173.875,1503820.875,1541497.625,1558931.0,1577840.125,1597430.75,1623031.625,1648849.625,1671505.875,1707205.875
external_national_illness,OT,OT::origin=0,0,prophet,0,3162063843,samples,19,2020-06-02 00:00:00,1525058.0,1570330.5,1583327.75,1476569.5,1510340.0,1532709.5,1551986.375,1570330.5,1588521.0,1609145.375,1629635.125,1684836.25
external_national_illness,OT,OT::origin=0,0,prophet,0,3162063843,samples,20,2020-06-09 00:00:00,1538038.0,1556803.0,1552571.375,1435901.25,1477579.0,1502545.375,1529845.625,1556803.0,1590168.5,1614596.25,1646081.875,1676641.75
external_national_illness,OT,OT::origin=0,0,prophet,0,3162063843,samples,21,2020-06-16 00:00:00,1528103.0,1529616.75,1522531.875,1416771.625,1450807.5,1479702.625,1515459.75,1529616.75,1548798.75,1574904.75,1608064.0,1646822.75
external_national_illness,OT,OT::origin=0,0,prophet,0,3162063843,samples,22,2020-06-23 00:00:00,1542813.0,1517241.5,1503399.25,1400596.75,1438079.625,1458042.75,1490898.5,1517241.5,1539260.875,1560643.125,1584880.25,1633184.5
external_national_illness,OT,OT::origin=0,0,prophet,0,3162063843,samples,23,2020-06-30 00:00:00,1509928.0,1495684.375,1489958.375,1375086.5,1411233.625,1438494.875,1466095.125,1495684.375,1518672.5,1544467.625,1568990.375,1600129.75
external_national_illness,OT,OT::origin=0,0,deepar,0,541056097,samples,0,2020-01-21 00:00:00,1579306.0,1668268.5,1669561.0,1581364.625,1615938.5,1632917.25,1649867.375,1668268.5,1682600.125,1702114.875,1732237.75,1774434.75
external_national_illness,OT,OT::origin=0,0,deepar,0,541056097,samples,1,2020-01-28 00:00:00,1563623.0,1638407.875,1636327.25,1540373.0,1573486.375,1594672.0,1618674.75,1638407.875,1658341.375,1670501.625,1695289.625,1718484.875
external_national_illness,OT,OT::origin=0,0,deepar,0,541056097,samples,2,2020-02-04 00:00:00,1601333.0,1654910.25,1656270.875,1570536.875,1597522.0,1622622.625,1634574.0,1654910.25,1670745.25,1693122.75,1725321.5,1755079.75
external_national_illness,OT,OT::origin=0,0,deepar,0,541056097,samples,3,2020-02-11 00:00:00,1640587.0,1663446.125,1658631.0,1567656.5,1589912.125,1617978.375,1649187.5,1663446.125,1673925.75,1692676.75,1725354.5,1766441.375
external_national_illness,OT,OT::origin=0,0,deepar,0,541056097,samples,4,2020-02-18 00:00:00,1590088.0,1648546.375,1655347.5,1560864.75,1588390.0,1603554.125,1625152.625,1648546.375,1664669.0,1689222.25,1721183.25,1767412.125
external_national_illness,OT,OT::origin=0,0,deepar,0,541056097,samples,5,2020-02-25 00:00:00,1423220.0,1666253.375,1655685.75,1563202.25,1599963.5,1618223.625,1635392.125,1666253.375,1673807.0,1693911.375,1712852.5,1744421.375
external_national_illness,OT,OT::origin=0,0,deepar,0,541056097,samples,6,2020-03-03 00:00:00,1536943.0,1667083.5,1651969.0,1535645.75,1587856.75,1616965.75,1642097.875,1667083.5,1676701.625,1690538.25,1722911.75,1766330.125
external_national_illness,OT,OT::origin=0,0,deepar,0,541056097,samples,7,2020-03-10 00:00:00,1552636.0,1682643.625,1686871.625,1550282.75,1600604.625,1643028.875,1661534.875,1682643.625,1718466.75,1742353.75,1762253.875,1806454.625
external_national_illness,OT,OT::origin=0,0,deepar,0,541056097,samples,8,2020-03-17 00:00:00,1491798.0,1660222.875,1663260.75,1573253.625,1609724.875,1619410.25,1633026.875,1660222.875,1675548.375,1702787.375,1725138.25,1767408.5
external_national_illness,OT,OT::origin=0,0,deepar,0,541056097,samples,9,2020-03-24 00:00:00,1361170.0,1644270.75,1636718.25,1541264.625,1571084.75,1591928.375,1625241.5,1644270.75,1658363.0,1676029.5,1697802.25,1743204.875
external_national_illness,OT,OT::origin=0,0,deepar,0,541056097,samples,10,2020-03-31 00:00:00,1457151.0,1629105.5,1629016.75,1523046.125,1563939.875,1586702.0,1614703.5,1629105.5,1641194.75,1664739.75,1697136.25,1733966.75
external_national_illness,OT,OT::origin=0,0,deepar,0,541056097,samples,11,2020-04-07 00:00:00,1581455.0,1655427.375,1646993.5,1541869.75,1588441.75,1618674.75,1641433.25,1655427.375,1674545.625,1688266.5,1707898.0,1744879.5
external_national_illness,OT,OT::origin=0,0,deepar,0,541056097,samples,12,2020-04-14 00:00:00,1517183.0,1678241.875,1676501.25,1571926.375,1603435.625,1634311.25,1662519.25,1678241.875,1693382.875,1712996.375,1748946.75,1768375.375
external_national_illness,OT,OT::origin=0,0,deepar,0,541056097,samples,13,2020-04-21 00:00:00,1513962.0,1672946.875,1684445.5,1577612.875,1611411.875,1642484.5,1656534.25,1672946.875,1709495.375,1738579.125,1762481.75,1814579.0
external_national_illness,OT,OT::origin=0,0,deepar,0,541056097,samples,14,2020-04-28 00:00:00,1504061.0,1678245.75,1671919.875,1538553.375,1613620.375,1634810.625,1662143.75,1678245.75,1697376.625,1722518.375,1743428.75,1784150.0
external_national_illness,OT,OT::origin=0,0,deepar,0,541056097,samples,15,2020-05-05 00:00:00,1479946.0,1691028.25,1688175.0,1577325.625,1614090.625,1640838.625,1669229.375,1691028.25,1708069.125,1723004.375,1747347.625,1793035.0
external_national_illness,OT,OT::origin=0,0,deepar,0,541056097,samples,16,2020-05-12 00:00:00,1438348.0,1699188.25,1709114.25,1590739.125,1634802.125,1664597.5,1686751.0,1699188.25,1714678.875,1747563.625,1758038.375,1795849.25
external_national_illness,OT,OT::origin=0,0,deepar,0,541056097,samples,17,2020-05-19 00:00:00,1381381.0,1684094.0,1673612.625,1576906.625,1619801.75,1639344.0,1663626.375,1684094.0,1696259.25,1724895.625,1754514.375,1785206.5
external_national_illness,OT,OT::origin=0,0,deepar,0,541056097,samples,18,2020-05-26 00:00:00,1537636.0,1667663.125,1662440.625,1578358.875,1605695.75,1623667.375,1653642.125,1667663.125,1681330.5,1692362.5,1705177.75,1753306.875
external_national_illness,OT,OT::origin=0,0,deepar,0,541056097,samples,19,2020-06-02 00:00:00,1525058.0,1672974.5,1676299.375,1572832.125,1615195.625,1632561.0,1657124.0,1672974.5,1688768.0,1707082.875,1732890.625,1780321.5
external_national_illness,OT,OT::origin=0,0,deepar,0,541056097,samples,20,2020-06-09 00:00:00,1538038.0,1656674.625,1654049.625,1541484.5,1575204.875,1599673.75,1627057.25,1656674.625,1681484.375,1696781.5,1714133.125,1764377.875
external_national_illness,OT,OT::origin=0,0,deepar,0,541056097,samples,21,2020-06-16 00:00:00,1528103.0,1610834.875,1598156.0,1495757.25,1535077.875,1551677.75,1585360.75,1610834.875,1626862.75,1636611.875,1657565.5,1695349.875
external_national_illness,OT,OT::origin=0,0,deepar,0,541056097,samples,22,2020-06-23 00:00:00,1542813.0,1531464.5,1536894.75,1457392.5,1475664.0,1499615.625,1517516.75,1531464.5,1547172.75,1573625.625,1594011.625,1645788.75
external_national_illness,OT,OT::origin=0,0,deepar,0,541056097,samples,23,2020-06-30 00:00:00,1509928.0,1485733.625,1482619.0,1380082.625,1403148.0,1436811.5,1470777.125,1485733.625,1506566.75,1524108.25,1546047.625,1575124.75
external_traffic,431,431::origin=0,0,chronos_t5_tiny,0,1968596675,chronos_samples,0,2018-07-01 02:00:00,0.01730000041425228,0.017476504668593407,0.017384963110089302,0.013315432704985142,0.014563755132257938,0.015395969152450562,0.016644291579723358,0.017476504668593407,0.018308719620108604,0.019140934571623802,0.0203892569988966,0.021263079717755318
external_traffic,431,431::origin=0,0,chronos_t5_tiny,0,1968596675,chronos_samples,1,2018-07-01 03:00:00,0.013700000010430813,0.01414764765650034,0.013698250986635685,0.0099865747615695,0.011151676066219807,0.012483218684792519,0.013315432704985142,0.01414764765650034,0.014563755132257938,0.015104692429304123,0.01581207662820816,0.016644291579723358
external_traffic,431,431::origin=0,0,chronos_t5_tiny,0,1968596675,chronos_samples,2,2018-07-01 04:00:00,0.010900000110268593,0.012483218684792519,0.012354223988950253,0.008197314105927944,0.0099865747615695,0.010818788781762123,0.01165100373327732,0.012483218684792519,0.013065768405795097,0.01414764765650034,0.014646978117525578,0.017060397192835808
external_traffic,431,431::origin=0,0,chronos_t5_tiny,0,1968596675,chronos_samples,3,2018-07-01 05:00:00,0.008500000461935997,0.013107378967106342,0.01301999669522047,0.007864427752792835,0.0099865747615695,0.010693957097828388,0.01206711120903492,0.013107378967106342,0.01373154018074274,0.015104692429304123,0.016644291579723358,0.017892614006996155
external_traffic,431,431::origin=0,0,chronos_t5_tiny,0,1968596675,chronos_samples,4,2018-07-01 06:00:00,0.009700000286102295,0.016644291579723358,0.018645767122507095,0.009112749248743057,0.010735567659139633,0.012358387000858784,0.014979861676692963,0.016644291579723358,0.018475163727998734,0.022594621405005455,0.026297980919480324,0.02879462204873562
external_traffic,431,431::origin=0,0,chronos_t5_tiny,0,1968596675,chronos_samples,5,2018-07-01 07:00:00,0.015599999576807022,0.021429523825645447,0.03184468671679497,0.011151676066219807,0.01364831905812025,0.01610335148870945,0.018558384850621223,0.021429523825645447,0.026214761659502983,0.04860131815075874,0.057506024837493896,0.06324830651283264
external_traffic,431,431::origin=0,0,chronos_t5_tiny,0,1968596675,chronos_samples,6,2018-07-01 08:00:00,0.02370000071823597,0.026630863547325134,0.040624551475048065,0.01414764765650034,0.018308719620108604,0.020680531859397888,0.02396778017282486,0.026630863547325134,0.033455025404691696,0.055924803018569946,0.07415031641721725,0.08064158260822296
external_traffic,431,431::origin=0,0,chronos_t5_tiny,0,1968596675,chronos_samples,7,2018-07-01 09:00:00,0.03319999948143959,0.03620133176445961,0.044931259006261826,0.02034764736890793,0.0240509994328022,0.026506032794713974,0.030875161290168762,0.03620133176445961,0.041277844458818436,0.05925365537405014,0.0725691094994545,0.08035030961036682
external_traffic,431,431::origin=0,0,chronos_t5_tiny,0,1968596675,chronos_samples,8,2018-07-01 10:00:00,0.04470000043511391,0.04369126260280609,0.04957917705178261,0.02817046269774437,0.03204025700688362,0.033704690635204315,0.038365092128515244,0.04369126260280609,0.049932871013879776,0.06179191917181015,0.07098790258169174,0.07606440037488937
external_traffic,431,431::origin=0,0,chronos_t5_tiny,0,1968596675,chronos_samples,9,2018-07-01 11:00:00,0.05339999869465828,0.05222146213054657,0.05371528118848801,0.03495300933718681,0.03944696858525276,0.04273421689867973,0.047020118683576584,0.05222146213054657,0.05659058690071106,0.0629570260643959,0.06657715886831284,0.07439997047185898
external_traffic,431,431::origin=0,0,chronos_t5_tiny,0,1968596675,chronos_samples,10,2018-07-01 12:00:00,0.05939999967813492,0.05804695934057236,0.05771823972463608,0.042817436158657074,0.0476858951151371,0.050765085965394974,0.054177168756723404,0.05804695934057236,0.06091810390353203,0.0629570260643959,0.06666038185358047,0.07323487102985382
external_traffic,431,431::origin=0,0,chronos_t5_tiny,0,1968596675,chronos_samples,11,2018-07-01 13:00:00,0.06629999727010727,0.06054360792040825,0.06031475216150284,0.04781072586774826,0.05118119344115257,0.05384427681565285,0.059087228029966354,0.06054360792040825,0.06299864500761032,0.06449662148952484,0.06807515025138855,0.07265232503414154
external_traffic,431,431::origin=0,0,chronos_t5_tiny,0,1968596675,chronos_samples,12,2018-07-01 14:00:00,0.07050000131130219,0.06075166165828705,0.061226021498441696,0.049932871013879776,0.05359461531043053,0.0560496486723423,0.05933689326047897,0.06075166165828705,0.062416087836027145,0.06491272896528244,0.06740938127040863,0.0734013095498085
external_traffic,431,431::origin=0,0,chronos_t5_tiny,0,1968596675,chronos_samples,13,2018-07-01 15:00:00,0.06859999895095825,0.06116776913404465,0.06165877357125282,0.050307366997003555,0.05284561961889267,0.05758924409747124,0.06016911193728447,0.06116776913404465,0.06324830651283264,0.0654536634683609,0.06824158877134323,0.07415031641721725
external_traffic,431,431::origin=0,0,chronos_t5_tiny,0,1968596675,chronos_samples,14,2018-07-01 16:00:00,0.06930000334978104,0.06262414157390594,0.06315259635448456,0.049932871013879776,0.054010722786188126,0.05742280185222626,0.06058521941304207,0.06262414157390594,0.06424695998430252,0.06724293529987335,0.07198655605316162,0.07752077281475067
external_traffic,431,431::origin=0,0,chronos_t5_tiny,0,1968596675,chronos_samples,15,2018-07-01 17:00:00,0.0689999982714653,0.06408051401376724,0.0654287040233612,0.04947515204548836,0.054426830261945724,0.05783890560269356,0.061417434364557266,0.06408051401376724,0.06882414221763611,0.07115434110164642,0.07398387044668198,0.08118253201246262
external_traffic,431,431::origin=0,0,chronos_t5_tiny,0,1968596675,chronos_samples,16,2018-07-01 18:00:00,0.07119999825954437,0.06532883644104004,0.06504172086715698,0.050265759229660034,0.05317850783467293,0.0568818636238575,0.061999984085559845,0.06532883644104004,0.06699327379465103,0.07003084570169449,0.0734013170003891,0.07997580617666245
external_traffic,431,431::origin=0,0,chronos_t5_tiny,0,1968596675,chronos_samples,17,2018-07-01 19:00:00,0.07410000264644623,0.062416087836027145,0.06232871115207672,0.050765085965394974,0.05317850783467293,0.05534226447343826,0.058920785784721375,0.062416087836027145,0.06491272896528244,0.06699327379465103,0.06948991119861603,0.07598118484020233
external_traffic,431,431::origin=0,0,chronos_t5_tiny,0,1968596675,chronos_samples,18,2018-07-01 20:00:00,0.06930000334978104,0.054301999509334564,0.05453501641750336,0.04535569250583649,0.04735300689935684,0.049932871013879776,0.05143085867166519,0.054301999509334564,0.0562577024102211,0.058671120554208755,0.06116776913404465,0.06661877036094666
external_traffic,431,431::origin=0,0,chronos_t5_tiny,0,1968596675,chronos_samples,19,2018-07-01 21:00:00,0.052000001072883606,0.04597984999418259,0.04623783752322197,0.038697972893714905,0.0407785139977932,0.04315032437443733,0.04452347755432129,0.04597984999418259,0.04785233736038208,0.04922548681497574,0.05118119344115257,0.05496777221560478
external_traffic,431,431::origin=0,0,chronos_t5_tiny,0,1968596675,chronos_samples,20,2018-07-01 22:00:00,0.0421999990940094,0.0411946177482605,0.04130696877837181,0.034495290368795395,0.03703354671597481,0.039114080369472504,0.0403624065220356,0.0411946177482605,0.042442940175533295,0.04327515512704849,0.045855019241571426,0.049558375030756
external_traffic,431,431::origin=0,0,chronos_t5_tiny,0,1968596675,chronos_samples,21,2018-07-01 23:00:00,0.04129999876022339,0.038489922881126404,0.03893515467643738,0.031208043918013573,0.034120794385671616,0.03566039353609085,0.03728321194648743,0.038489922881126404,0.0403624065220356,0.042026832699775696,0.045106031000614166,0.0478939488530159
external_traffic,431,431::origin=0,0,chronos_t5_tiny,0,1968596675,chronos_samples,22,2018-07-02 00:00:00,0.03970000147819519,0.03287247195839882,0.0335465669631958,0.026131536811590195,0.02904428541660309,0.030375830829143524,0.03162415325641632,0.03287247195839882,0.03578522428870201,0.03703354671597481,0.03928052634000778,0.04123622924089432
external_traffic,431,431::origin=0,0,chronos_t5_tiny,0,1968596675,chronos_samples,23,2018-07-02 01:00:00,0.0284000001847744,0.026214757934212685,0.026297979056835175,0.01951543055474758,0.02080536261200905,0.022885898128151894,0.02455032803118229,0.026214757934212685,0.02762952260673046,0.02925233729183674,0.0309583842754364,0.035036228597164154
external_traffic,431,431::origin=0,0,timesfm_2_5_200m,0,2470299300,timesfm_quantiles,0,2018-07-01 02:00:00,0.01730000041425228,0.016608722507953644,0.016390156000852585,0.01257900521159172,0.014640368521213531,0.015740294009447098,0.015866097062826157,0.016608722507953644,0.017466913908720016,0.017550602555274963,0.018077611923217773,0.019849006086587906
external_traffic,431,431::origin=0,0,timesfm_2_5_200m,0,2470299300,timesfm_quantiles,1,2018-07-01 03:00:00,0.013700000010430813,0.014159370213747025,0.014596004039049149,0.01088109239935875,0.012401193380355835,0.012798380106687546,0.01396576315164566,0.014159370213747025,0.014308542013168335,0.015534460544586182,0.015740856528282166,0.016004107892513275
external_traffic,431,431::origin=0,0,timesfm_2_5_200m,0,2470299300,timesfm_quantiles,2,2018-07-01 04:00:00,0.010900000110268593,0.011864326894283295,0.011205434799194336,0.00854240357875824,0.009728819131851196,0.0108078233897686,0.010919459164142609,0.011864326894283295,0.012652721256017685,0.012652721256017685,0.013705089688301086,0.013889618217945099
external_traffic,431,431::origin=0,0,timesfm_2_5_200m,0,2470299300,timesfm_quantiles,3,2018-07-01 05:00:00,0.008500000461935997,0.010940678417682648,0.01177777349948883,0.0069313012063503265,0.00865938887000084,0.009670421481132507,0.010284680873155594,0.010940678417682648,0.011285204440355301,0.01188567653298378,0.012324333190917969,0.014242559671401978
external_traffic,431,431::origin=0,0,timesfm_2_5_200m,0,2470299300,timesfm_quantiles,4,2018-07-01 06:00:00,0.009700000286102295,0.013079613447189331,0.013797193765640259,0.00850076973438263,0.010092269629240036,0.0111275315284729,0.012071024626493454,0.013079613447189331,0.014222897589206696,0.015398010611534119,0.016282178461551666,0.01820927858352661
external_traffic,431,431::origin=0,0,timesfm_2_5_200m,0,2470299300,timesfm_quantiles,5,2018-07-01 07:00:00,0.015599999576807022,0.01965739205479622,0.020152416080236435,0.012830272316932678,0.015259962528944016,0.01741468533873558,0.01814078539609909,0.01965739205479622,0.021116171032190323,0.02177990972995758,0.02398618683218956,0.0265361238270998
external_traffic,431,431::origin=0,0,timesfm_2_5_200m,0,2470299300,timesfm_quantiles,6,2018-07-01 08:00:00,0.02370000071823597,0.023778241127729416,0.024411991238594055,0.01546509563922882,0.018439676612615585,0.0204092375934124,0.021937351673841476,0.023778241127729416,0.02599061094224453,0.028085265308618546,0.029785633087158203,0.03344199061393738
external_traffic,431,431::origin=0,0,timesfm_2_5_200m,0,2470299300,timesfm_quantiles,7,2018-07-01 09:00:00,0.03319999948143959,0.027654558420181274,0.02832147851586342,0.018304146826267242,0.02152811735868454,0.024671558290719986,0.025888625532388687,0.027654558420181274,0.029525522142648697,0.03159802407026291,0.03456800803542137,0.039664026349782944
external_traffic,431,431::origin=0,0,timesfm_2_5_200m,0,2470299300,timesfm_quantiles,8,2018-07-01 10:00:00,0.04470000043511391,0.034612469375133514,0.03438122570514679,0.0249691903591156,0.028666138648986816,0.030994966626167297,0.03216353803873062,0.034612469375133514,0.037269532680511475,0.03889531269669533,0.04155154153704643,0.04509274661540985
external_traffic,431,431::origin=0,0,timesfm_2_5_200m,0,2470299300,timesfm_quantiles,9,2018-07-01 11:00:00,0.05339999869465828,0.04113683104515076,0.04112755507230759,0.031995296478271484,0.03552839159965515,0.037093617022037506,0.03919888660311699,0.04113683104515076,0.043018240481615067,0.044924408197402954,0.046885035932064056,0.050805188715457916
external_traffic,431,431::origin=0,0,timesfm_2_5_200m,0,2470299300,timesfm_quantiles,10,2018-07-01 12:00:00,0.05939999967813492,0.05030496418476105,0.05100584030151367,0.041747212409973145,0.0448838546872139,0.04671099781990051,0.04875719174742699,0.05030496418476105,0.052078090608119965,0.05340501666069031,0.055911581963300705,0.05906982719898224
external_traffic,431,431::origin=0,0,timesfm_2_5_200m,0,2470299300,timesfm_quantiles,11,2018-07-01 13:00:00,0.06629999727010727,0.05434981361031532,0.054970789700746536,0.04659932851791382,0.04983869194984436,0.050436295568943024,0.05279269814491272,0.05434981361031532,0.055890072137117386,0.05800763517618179,0.058317456394433975,0.06233356520533562
external_traffic,431,431::origin=0,0,timesfm_2_5_200m,0,2470299300,timesfm_quantiles,12,2018-07-01 14:00:00,0.07050000131130219,0.05495308339595795,0.05508412793278694,0.04863317310810089,0.05021782964468002,0.05235270783305168,0.05372072756290436,0.05495308339595795,0.05582241714000702,0.05762246996164322,0.059466052800416946,0.06122356653213501
external_traffic,431,431::origin=0,0,timesfm_2_5_200m,0,2470299300,timesfm_quantiles,13,2018-07-01 15:00:00,0.06859999895095825,0.05643855780363083,0.05789479985833168,0.05025479570031166,0.05260607972741127,0.05432109162211418,0.055289581418037415,0.05643855780363083,0.058175258338451385,0.05913902819156647,0.06047013774514198,0.06344729661941528
external_traffic,431,431::origin=0,0,timesfm_2_5_200m,0,2470299300,timesfm_quantiles,14,2018-07-01 16:00:00,0.06930000334978104,0.05817602202296257,0.05735575035214424,0.050907909870147705,0.05382724106311798,0.05562586709856987,0.05690935254096985,0.05817602202296257,0.059437692165374756,0.060622867196798325,0.06235980987548828,0.06581193953752518
external_traffic,431,431::origin=0,0,timesfm_2_5_200m,0,2470299300,timesfm_quantiles,15,2018-07-01 17:00:00,0.0689999982714653,0.05846580117940903,0.05919601023197174,0.051722608506679535,0.05422447249293327,0.05641218647360802,0.05713654309511185,0.05846580117940903,0.060965392738580704,0.0616963729262352,0.06377475708723068,0.06715112179517746
external_traffic,431,431::origin=0,0,timesfm_2_5_200m,0,2470299300,timesfm_quantiles,16,2018-07-01 18:00:00,0.07119999825954437,0.05629979819059372,0.05578291043639183,0.04772517457604408,0.0503942109644413,0.05290111154317856,0.05451422184705734,0.05629979819059372,0.05801849439740181,0.05962958559393883,0.06221805885434151,0.06567229330539703
external_traffic,431,431::origin=0,0,timesfm_2_5_200m,0,2470299300,timesfm_quantiles,17,2018-07-01 19:00:00,0.07410000264644623,0.0589105486869812,0.058153003454208374,0.050258275121450424,0.05305944010615349,0.05527739226818085,0.057009946554899216,0.0589105486869812,0.060831524431705475,0.062089212238788605,0.06502487510442734,0.06887029111385345
external_traffic,431,431::origin=0,0,timesfm_2_5_200m,0,2470299300,timesfm_quantiles,18,2018-07-01 20:00:00,0.06930000334978104,0.05455546826124191,0.05539470911026001,0.04513348639011383,0.04854609817266464,0.05083119869232178,0.05235482007265091,0.05455546826124191,0.05682443082332611,0.058902889490127563,0.06125107407569885,0.06536659598350525
external_traffic,431,431::origin=0,0,timesfm_2_5_200m,0,2470299300,timesfm_quantiles,19,2018-07-01 21:00:00,0.052000001072883606,0.0452946200966835,0.04591100662946701,0.03629736229777336,0.040041372179985046,0.04161959886550903,0.043826743960380554,0.0452946200966835,0.04664766788482666,0.048823073506355286,0.050607968121767044,0.05480329692363739
external_traffic,431,431::origin=0,0,timesfm_2_5_200m,0,2470299300,timesfm_quantiles,20,2018-07-01 22:00:00,0.0421999990940094,0.04095727205276489,0.04107457771897316,0.03252267837524414,0.03633137792348862,0.03752676397562027,0.03954615816473961,0.04095727205276489,0.04270881041884422,0.04481140524148941,0.04625163599848747,0.05016036704182625
external_traffic,431,431::origin=0,0,timesfm_2_5_200m,0,2470299300,timesfm_quantiles,21,2018-07-01 23:00:00,0.04129999876022339,0.038209185004234314,0.03966367244720459,0.031033189967274666,0.033105622977018356,0.03503572195768356,0.03667121008038521,0.038209185004234314,0.03932739049196243,0.04130434989929199,0.042460449039936066,0.04566429555416107
external_traffic,431,431::origin=0,0,timesfm_2_5_200m,0,2470299300,timesfm_quantiles,22,2018-07-02 00:00:00,0.03970000147819519,0.03592657297849655,0.03534422814846039,0.02907736226916313,0.031922340393066406,0.03310910239815712,0.03420580178499222,0.03592657297849655,0.03756074979901314,0.038296137005090714,0.03924009948968887,0.04251754283905029
external_traffic,431,431::origin=0,0,timesfm_2_5_200m,0,2470299300,timesfm_quantiles,23,2018-07-02 01:00:00,0.0284000001847744,0.026998281478881836,0.027696071192622185,0.020941387861967087,0.023338142782449722,0.0249641016125679,0.026168392971158028,0.026998281478881836,0.02741302363574505,0.028757482767105103,0.029529837891459465,0.032812342047691345
external_traffic,431,431::origin=0,0,moirai_2_0_small,0,2792900947,moirai_quantiles_no_mean,0,2018-07-01 02:00:00,0.01730000041425228,0.01641913875937462,0.01641913875937462,0.013854481279850006,0.014906808733940125,0.015508279204368591,0.01595911756157875,0.01641913875937462,0.016782142221927643,0.017486244440078735,0.018408894538879395,0.019480865448713303
external_traffic,431,431::origin=0,0,moirai_2_0_small,0,2792900947,moirai_quantiles_no_mean,1,2018-07-01 03:00:00,0.013700000010430813,0.01195468008518219,0.01195468008518219,0.009288188070058823,0.010301467031240463,0.010936923325061798,0.011448811739683151,0.01195468008518219,0.012415092438459396,0.013091668486595154,0.013890009373426437,0.014780882745981216
external_traffic,431,431::origin=0,0,moirai_2_0_small,0,2792900947,moirai_quantiles_no_mean,2,2018-07-01 04:00:00,0.010900000110268593,0.009127289056777954,0.009127289056777954,0.006375335156917572,0.007394593209028244,0.008012883365154266,0.008625168353319168,0.009127289056777954,0.009565077722072601,0.010114379227161407,0.010778181254863739,0.011579524725675583
external_traffic,431,431::origin=0,0,moirai_2_0_small,0,2792900947,moirai_quantiles_no_mean,3,2018-07-01 05:00:00,0.008500000461935997,0.008452411741018295,0.008452411741018295,0.005638517439365387,0.006633378565311432,0.007291443645954132,0.00794873759150505,0.008452411741018295,0.008859213441610336,0.00937829539179802,0.009992275387048721,0.01072704792022705
external_traffic,431,431::origin=0,0,moirai_2_0_small,0,2792900947,moirai_quantiles_no_mean,4,2018-07-01 06:00:00,0.009700000286102295,0.009405732154846191,0.009405732154846191,0.006232649087905884,0.0072141773998737335,0.008080188184976578,0.008761771023273468,0.009405732154846191,0.009858962148427963,0.010475482791662216,0.01114608719944954,0.012174092233181
external_traffic,431,431::origin=0,0,moirai_2_0_small,0,2792900947,moirai_quantiles_no_mean,5,2018-07-01 07:00:00,0.015599999576807022,0.013517271727323532,0.013517271727323532,0.00950346514582634,0.010799560695886612,0.011793412268161774,0.01267266646027565,0.013517271727323532,0.01415921002626419,0.014971908181905746,0.016009442508220673,0.01778733730316162
external_traffic,431,431::origin=0,0,moirai_2_0_small,0,2792900947,moirai_quantiles_no_mean,6,2018-07-01 08:00:00,0.02370000071823597,0.017876818776130676,0.017876818776130676,0.011964932084083557,0.01413407176733017,0.015601679682731628,0.016792044043540955,0.017876818776130676,0.01879129931330681,0.01985293999314308,0.021329917013645172,0.02420157566666603
external_traffic,431,431::origin=0,0,moirai_2_0_small,0,2792900947,moirai_quantiles_no_mean,7,2018-07-01 09:00:00,0.03319999948143959,0.022469040006399155,0.022469040006399155,0.01605827733874321,0.01840629056096077,0.02001318335533142,0.02131512016057968,0.022469040006399155,0.023449309170246124,0.024641819298267365,0.02639967016875744,0.029941178858280182
external_traffic,431,431::origin=0,0,moirai_2_0_small,0,2792900947,moirai_quantiles_no_mean,8,2018-07-01 10:00:00,0.04470000043511391,0.02918669581413269,0.02918669581413269,0.02214564010500908,0.02490238845348358,0.026583243161439896,0.027941904962062836,0.02918669581413269,0.030336173251271248,0.03163649141788483,0.03335617482662201,0.037029992789030075
external_traffic,431,431::origin=0,0,moirai_2_0_small,0,2792900947,moirai_quantiles_no_mean,9,2018-07-01 11:00:00,0.05339999869465828,0.037266772240400314,0.037266772240400314,0.02997063286602497,0.03274053335189819,0.03452898561954498,0.03591472655534744,0.037266772240400314,0.038462623953819275,0.039803989231586456,0.04161923751235008,0.045304570347070694
external_traffic,431,431::origin=0,0,moirai_2_0_small,0,2792900947,moirai_quantiles_no_mean,10,2018-07-01 12:00:00,0.05939999967813492,0.04508691653609276,0.04508691653609276,0.03657811880111694,0.03997187316417694,0.042048130184412,0.04360787197947502,0.04508691653609276,0.04638468474149704,0.04774662107229233,0.04971734806895256,0.05364519730210304
external_traffic,431,431::origin=0,0,moirai_2_0_small,0,2792900947,moirai_quantiles_no_mean,11,2018-07-01 13:00:00,0.06629999727010727,0.050459444522857666,0.050459444522857666,0.04131744056940079,0.044857364147901535,0.04703082516789436,0.048848025500774384,0.050459444522857666,0.051878295838832855,0.05337376147508621,0.05552268028259277,0.059649836272001266
external_traffic,431,431::origin=0,0,moirai_2_0_small,0,2792900947,moirai_quantiles_no_mean,12,2018-07-01 14:00:00,0.07050000131130219,0.05339454486966133,0.05339454486966133,0.04389003664255142,0.04763837531208992,0.0499543771147728,0.05180132016539574,0.05339454486966133,0.054832540452480316,0.05639565363526344,0.0585450753569603,0.06259600073099136
external_traffic,431,431::origin=0,0,moirai_2_0_small,0,2792900947,moirai_quantiles_no_mean,13,2018-07-01 15:00:00,0.06859999895095825,0.05399368703365326,0.05399368703365326,0.04403498023748398,0.04795296862721443,0.05040142312645912,0.05228564143180847,0.05399368703365326,0.055530745536088943,0.05709514394402504,0.05923288315534592,0.06349993497133255
external_traffic,431,431::origin=0,0,moirai_2_0_small,0,2792900947,moirai_quantiles_no_mean,14,2018-07-01 16:00:00,0.06930000334978104,0.05402878671884537,0.05402878671884537,0.04389290511608124,0.0479314848780632,0.050462719053030014,0.05233946815133095,0.05402878671884537,0.05549340695142746,0.057144924998283386,0.05942757800221443,0.06387589871883392
external_traffic,431,431::origin=0,0,moirai_2_0_small,0,2792900947,moirai_quantiles_no_mean,15,2018-07-01 17:00:00,0.0689999982714653,0.05469851568341255,0.05469851568341255,0.04475824534893036,0.04875179007649422,0.05116470903158188,0.0530092790722847,0.05469851568341255,0.056187424808740616,0.05788528919219971,0.06032107397913933,0.06493020802736282
external_traffic,431,431::origin=0,0,moirai_2_0_small,0,2792900947,moirai_quantiles_no_mean,16,2018-07-01 18:00:00,0.07119999825954437,0.055670320987701416,0.055670320987701416,0.04546007513999939,0.04948875680565834,0.05194792523980141,0.05394892022013664,0.055670320987701416,0.05727533623576164,0.059098124504089355,0.06167813390493393,0.06626427918672562
external_traffic,431,431::origin=0,0,moirai_2_0_small,0,2792900947,moirai_quantiles_no_mean,17,2018-07-01 19:00:00,0.07410000264644623,0.05557903274893761,0.05557903274893761,0.04529944807291031,0.04908500611782074,0.05154847726225853,0.05375291779637337,0.05557903274893761,0.057338517159223557,0.05931587517261505,0.06201920285820961,0.06671232730150223
external_traffic,431,431::origin=0,0,moirai_2_0_small,0,2792900947,moirai_quantiles_no_mean,18,2018-07-01 20:00:00,0.06930000334978104,0.05159935727715492,0.05159935727715492,0.041792187839746475,0.045449525117874146,0.0478668287396431,0.04983687400817871,0.05159935727715492,0.05322830379009247,0.055077023804187775,0.05750501528382301,0.06170477345585823
external_traffic,431,431::origin=0,0,moirai_2_0_small,0,2792900947,moirai_quantiles_no_mean,19,2018-07-01 21:00:00,0.052000001072883606,0.044777385890483856,0.044777385890483856,0.037403613328933716,0.04023163393139839,0.04204617068171501,0.043462131172418594,0.044777385890483856,0.045808032155036926,0.04697273671627045,0.0486709363758564,0.05179246887564659
external_traffic,431,431::origin=0,0,moirai_2_0_small,0,2792900947,moirai_quantiles_no_mean,20,2018-07-01 22:00:00,0.0421999990940094,0.040452197194099426,0.040452197194099426,0.0335431732237339,0.03658386319875717,0.03831015154719353,0.039495162665843964,0.040452197194099426,0.04114038124680519,0.04185210540890694,0.0430322103202343,0.04561708867549896
external_traffic,431,431::origin=0,0,moirai_2_0_small,0,2792900947,moirai_quantiles_no_mean,21,2018-07-01 23:00:00,0.04129999876022339,0.038148291409015656,0.038148291409015656,0.03127709776163101,0.03400474786758423,0.03572629392147064,0.03705260157585144,0.038148291409015656,0.03893342614173889,0.03986046463251114,0.041149839758872986,0.043609604239463806
external_traffic,431,431::origin=0,0,moirai_2_0_small,0,2792900947,moirai_quantiles_no_mean,22,2018-07-02 00:00:00,0.03970000147819519,0.03389817103743553,0.03389817103743553,0.026879698038101196,0.02956775389611721,0.031237034127116203,0.032670289278030396,0.03389817103743553,0.034950509667396545,0.03617756813764572,0.03778481483459473,0.04045874625444412
external_traffic,431,431::origin=0,0,moirai_2_0_small,0,2792900947,moirai_quantiles_no_mean,23,2018-07-02 01:00:00,0.0284000001847744,0.026693105697631836,0.026693105697631836,0.020588215440511703,0.022747036069631577,0.024284254759550095,0.025522669777274132,0.026693105697631836,0.027705110609531403,0.02886204980313778,0.030468454584479332,0.03276342898607254
external_traffic,431,431::origin=0,0,seasonal_naive,0,3170190643,degenerate,0,2018-07-01 02:00:00,0.01730000041425228,0.015399999916553497,0.015399999916553497,0.015399999916553497,0.015399999916553497,0.015399999916553497,0.015399999916553497,0.015399999916553497,0.015399999916553497,0.015399999916553497,0.015399999916553497,0.015399999916553497
external_traffic,431,431::origin=0,0,seasonal_naive,0,3170190643,degenerate,1,2018-07-01 03:00:00,0.013700000010430813,0.012500000186264515,0.012500000186264515,0.012500000186264515,0.012500000186264515,0.012500000186264515,0.012500000186264515,0.012500000186264515,0.012500000186264515,0.012500000186264515,0.012500000186264515,0.012500000186264515
external_traffic,431,431::origin=0,0,seasonal_naive,0,3170190643,degenerate,2,2018-07-01 04:00:00,0.010900000110268593,0.011500000022351742,0.011500000022351742,0.011500000022351742,0.011500000022351742,0.011500000022351742,0.011500000022351742,0.011500000022351742,0.011500000022351742,0.011500000022351742,0.011500000022351742,0.011500000022351742
external_traffic,431,431::origin=0,0,seasonal_naive,0,3170190643,degenerate,3,2018-07-01 05:00:00,0.008500000461935997,0.010900000110268593,0.010900000110268593,0.010900000110268593,0.010900000110268593,0.010900000110268593,0.010900000110268593,0.010900000110268593,0.010900000110268593,0.010900000110268593,0.010900000110268593,0.010900000110268593
external_traffic,431,431::origin=0,0,seasonal_naive,0,3170190643,degenerate,4,2018-07-01 06:00:00,0.009700000286102295,0.019500000402331352,0.019500000402331352,0.019500000402331352,0.019500000402331352,0.019500000402331352,0.019500000402331352,0.019500000402331352,0.019500000402331352,0.019500000402331352,0.019500000402331352,0.019500000402331352
external_traffic,431,431::origin=0,0,seasonal_naive,0,3170190643,degenerate,5,2018-07-01 07:00:00,0.015599999576807022,0.04190000146627426,0.04190000146627426,0.04190000146627426,0.04190000146627426,0.04190000146627426,0.04190000146627426,0.04190000146627426,0.04190000146627426,0.04190000146627426,0.04190000146627426,0.04190000146627426
external_traffic,431,431::origin=0,0,seasonal_naive,0,3170190643,degenerate,6,2018-07-01 08:00:00,0.02370000071823597,0.05420000106096268,0.05420000106096268,0.05420000106096268,0.05420000106096268,0.05420000106096268,0.05420000106096268,0.05420000106096268,0.05420000106096268,0.05420000106096268,0.05420000106096268,0.05420000106096268
external_traffic,431,431::origin=0,0,seasonal_naive,0,3170190643,degenerate,7,2018-07-01 09:00:00,0.03319999948143959,0.05609999969601631,0.05609999969601631,0.05609999969601631,0.05609999969601631,0.05609999969601631,0.05609999969601631,0.05609999969601631,0.05609999969601631,0.05609999969601631,0.05609999969601631,0.05609999969601631
external_traffic,431,431::origin=0,0,seasonal_naive,0,3170190643,degenerate,8,2018-07-01 10:00:00,0.04470000043511391,0.05770000070333481,0.05770000070333481,0.05770000070333481,0.05770000070333481,0.05770000070333481,0.05770000070333481,0.05770000070333481,0.05770000070333481,0.05770000070333481,0.05770000070333481,0.05770000070333481
external_traffic,431,431::origin=0,0,seasonal_naive,0,3170190643,degenerate,9,2018-07-01 11:00:00,0.05339999869465828,0.06340000033378601,0.06340000033378601,0.06340000033378601,0.06340000033378601,0.06340000033378601,0.06340000033378601,0.06340000033378601,0.06340000033378601,0.06340000033378601,0.06340000033378601,0.06340000033378601
external_traffic,431,431::origin=0,0,seasonal_naive,0,3170190643,degenerate,10,2018-07-01 12:00:00,0.05939999967813492,0.06430000066757202,0.06430000066757202,0.06430000066757202,0.06430000066757202,0.06430000066757202,0.06430000066757202,0.06430000066757202,0.06430000066757202,0.06430000066757202,0.06430000066757202,0.06430000066757202
external_traffic,431,431::origin=0,0,seasonal_naive,0,3170190643,degenerate,11,2018-07-01 13:00:00,0.06629999727010727,0.06379999965429306,0.06379999965429306,0.06379999965429306,0.06379999965429306,0.06379999965429306,0.06379999965429306,0.06379999965429306,0.06379999965429306,0.06379999965429306,0.06379999965429306,0.06379999965429306
external_traffic,431,431::origin=0,0,seasonal_naive,0,3170190643,degenerate,12,2018-07-01 14:00:00,0.07050000131130219,0.06390000134706497,0.06390000134706497,0.06390000134706497,0.06390000134706497,0.06390000134706497,0.06390000134706497,0.06390000134706497,0.06390000134706497,0.06390000134706497,0.06390000134706497,0.06390000134706497
external_traffic,431,431::origin=0,0,seasonal_naive,0,3170190643,degenerate,13,2018-07-01 15:00:00,0.06859999895095825,0.062300000339746475,0.062300000339746475,0.062300000339746475,0.062300000339746475,0.062300000339746475,0.062300000339746475,0.062300000339746475,0.062300000339746475,0.062300000339746475,0.062300000339746475,0.062300000339746475
external_traffic,431,431::origin=0,0,seasonal_naive,0,3170190643,degenerate,14,2018-07-01 16:00:00,0.06930000334978104,0.06520000100135803,0.06520000100135803,0.06520000100135803,0.06520000100135803,0.06520000100135803,0.06520000100135803,0.06520000100135803,0.06520000100135803,0.06520000100135803,0.06520000100135803,0.06520000100135803
external_traffic,431,431::origin=0,0,seasonal_naive,0,3170190643,degenerate,15,2018-07-01 17:00:00,0.0689999982714653,0.07180000096559525,0.07180000096559525,0.07180000096559525,0.07180000096559525,0.07180000096559525,0.07180000096559525,0.07180000096559525,0.07180000096559525,0.07180000096559525,0.07180000096559525,0.07180000096559525
external_traffic,431,431::origin=0,0,seasonal_naive,0,3170190643,degenerate,16,2018-07-01 18:00:00,0.07119999825954437,0.06310000270605087,0.06310000270605087,0.06310000270605087,0.06310000270605087,0.06310000270605087,0.06310000270605087,0.06310000270605087,0.06310000270605087,0.06310000270605087,0.06310000270605087,0.06310000270605087
external_traffic,431,431::origin=0,0,seasonal_naive,0,3170190643,degenerate,17,2018-07-01 19:00:00,0.07410000264644623,0.06620000302791595,0.06620000302791595,0.06620000302791595,0.06620000302791595,0.06620000302791595,0.06620000302791595,0.06620000302791595,0.06620000302791595,0.06620000302791595,0.06620000302791595,0.06620000302791595
external_traffic,431,431::origin=0,0,seasonal_naive,0,3170190643,degenerate,18,2018-07-01 20:00:00,0.06930000334978104,0.05490000173449516,0.05490000173449516,0.05490000173449516,0.05490000173449516,0.05490000173449516,0.05490000173449516,0.05490000173449516,0.05490000173449516,0.05490000173449516,0.05490000173449516,0.05490000173449516
external_traffic,431,431::origin=0,0,seasonal_naive,0,3170190643,degenerate,19,2018-07-01 21:00:00,0.052000001072883606,0.04639999940991402,0.04639999940991402,0.04639999940991402,0.04639999940991402,0.04639999940991402,0.04639999940991402,0.04639999940991402,0.04639999940991402,0.04639999940991402,0.04639999940991402,0.04639999940991402
external_traffic,431,431::origin=0,0,seasonal_naive,0,3170190643,degenerate,20,2018-07-01 22:00:00,0.0421999990940094,0.03610000014305115,0.03610000014305115,0.03610000014305115,0.03610000014305115,0.03610000014305115,0.03610000014305115,0.03610000014305115,0.03610000014305115,0.03610000014305115,0.03610000014305115,0.03610000014305115
external_traffic,431,431::origin=0,0,seasonal_naive,0,3170190643,degenerate,21,2018-07-01 23:00:00,0.04129999876022339,0.0340999998152256,0.0340999998152256,0.0340999998152256,0.0340999998152256,0.0340999998152256,0.0340999998152256,0.0340999998152256,0.0340999998152256,0.0340999998152256,0.0340999998152256,0.0340999998152256
external_traffic,431,431::origin=0,0,seasonal_naive,0,3170190643,degenerate,22,2018-07-02 00:00:00,0.03970000147819519,0.03689999878406525,0.03689999878406525,0.03689999878406525,0.03689999878406525,0.03689999878406525,0.03689999878406525,0.03689999878406525,0.03689999878406525,0.03689999878406525,0.03689999878406525,0.03689999878406525
external_traffic,431,431::origin=0,0,seasonal_naive,0,3170190643,degenerate,23,2018-07-02 01:00:00,0.0284000001847744,0.02329999953508377,0.02329999953508377,0.02329999953508377,0.02329999953508377,0.02329999953508377,0.02329999953508377,0.02329999953508377,0.02329999953508377,0.02329999953508377,0.02329999953508377,0.02329999953508377
external_traffic,431,431::origin=0,0,arima_2_1_2,0,2869096901,gaussian,0,2018-07-01 02:00:00,0.01730000041425228,0.024152416735887527,0.024152416735887527,0.0030787501018494368,0.01031290739774704,0.01552924420684576,0.019986409693956375,0.024152416735887527,0.02831842377781868,0.03277558833360672,0.037991926074028015,0.0452260822057724
external_traffic,431,431::origin=0,0,arima_2_1_2,0,2869096901,gaussian,1,2018-07-01 03:00:00,0.013700000010430813,0.02058851160109043,0.02058851160109043,-0.010273868218064308,0.00032055380870588124,0.007959877140820026,0.014487395994365215,0.02058851160109043,0.026689628139138222,0.03321714699268341,0.04085646942257881,0.05145088955760002
external_traffic,431,431::origin=0,0,arima_2_1_2,0,2869096901,gaussian,2,2018-07-01 04:00:00,0.010900000110268593,0.019594769924879074,0.019594769924879074,-0.022091522812843323,-0.00778147391974926,0.0025370782241225243,0.011353898793458939,0.019594769924879074,0.02783564291894436,0.03665246069431305,0.04697101563215256,0.06128105893731117
external_traffic,431,431::origin=0,0,arima_2_1_2,0,2869096901,gaussian,3,2018-07-01 05:00:00,0.008500000461935997,0.020367946475744247,0.020367946475744247,-0.030288219451904297,-0.012898996472358704,-0.00036014377838000655,0.01035384088754654,0.020367946475744247,0.030382053926587105,0.0410960353910923,0.0536348931491375,0.0710241049528122
external_traffic,431,431::origin=0,0,arima_2_1_2,0,2869096901,gaussian,4,2018-07-01 06:00:00,0.009700000286102295,0.020806986838579178,0.020806986838579178,-0.036798447370529175,-0.017023684456944466,-0.0027646878734230995,0.009419095702469349,0.020806986838579178,0.03219487890601158,0.04437866061925888,0.05863765999674797,0.07841241359710693
external_traffic,431,431::origin=0,0,arima_2_1_2,0,2869096901,gaussian,5,2018-07-01 07:00:00,0.015599999576807022,0.020686790347099304,0.020686790347099304,-0.04290343448519707,-0.021074214950203896,-0.005333811976015568,0.008115779608488083,0.020686790347099304,0.033257804811000824,0.0467073917388916,0.06244779750704765,0.08427701145410538
external_traffic,431,431::origin=0,0,arima_2_1_2,0,2869096901,gaussian,6,2018-07-01 08:00:00,0.02370000071823597,0.020539922639727592,0.020539922639727592,-0.048623181879520416,-0.02488090470433235,-0.00776105560362339,0.006867222022265196,0.020539922639727592,0.034212626516819,0.048840899020433426,0.06596075743436813,0.0897030159831047
external_traffic,431,431::origin=0,0,arima_2_1_2,0,2869096901,gaussian,7,2018-07-01 09:00:00,0.03319999948143959,0.020541884005069733,0.020541884005069733,-0.05384867638349533,-0.028311923146247864,-0.009898127056658268,0.005835779011249542,0.020541884005069733,0.03524799272418022,0.05098189413547516,0.06939569115638733,0.0949324369430542
external_traffic,431,431::origin=0,0,arima_2_1_2,0,2869096901,gaussian,8,2018-07-01 10:00:00,0.04470000043511391,0.02058287523686886,0.02058287523686886,-0.058679915964603424,-0.03147062659263611,-0.011850813403725624,0.00491358945146203,0.02058287523686886,0.03625216335058212,0.05301656574010849,0.07263638079166412,0.09984566271305084
external_traffic,431,431::origin=0,0,arima_2_1_2,0,2869096901,gaussian,9,2018-07-01 11:00:00,0.05339999869465828,0.02059105411171913,0.02059105411171913,-0.06324158608913422,-0.034463562071323395,-0.013712580315768719,0.0040183644741773605,0.02059105411171913,0.03716374933719635,0.054894689470529556,0.07564567774534225,0.10442368686199188
external_traffic,431,431::origin=0,0,arima_2_1_2,0,2869096901,gaussian,10,2018-07-01 12:00:00,0.05939999967813492,0.020581470802426338,0.020581470802426338,-0.06758327782154083,-0.03731812536716461,-0.015494825318455696,0.0031523772049695253,0.020581470802426338,0.03801056742668152,0.05665776878595352,0.07848107069730759,0.10874620825052261
external_traffic,431,431::origin=0,0,arima_2_1_2,0,2869096901,gaussian,11,2018-07-01 13:00:00,0.06629999727010727,0.020577171817421913,0.020577171817421913,-0.07172127813100815,-0.040037110447883606,-0.01719059981405735,0.0023308962117880583,0.020577171817421913,0.038823451846838,0.058344945311546326,0.08119145780801773,0.11287561058998108
external_traffic,431,431::origin=0,0,arima_2_1_2,0,2869096901,gaussian,12,2018-07-01 14:00:00,0.07050000131130219,0.020578904077410698,0.020578904077410698,-0.07567713409662247,-0.04263440892100334,-0.018808281049132347,0.0015502612804993987,0.020578904077410698,0.03960755094885826,0.05996609106659889,0.08379222452640533,0.11683493107557297
external_traffic,431,431::origin=0,0,arima_2_1_2,0,2869096901,gaussian,13,2018-07-01 15:00:00,0.06859999895095825,0.020580461248755455,0.020580461248755455,-0.07947582006454468,-0.04512855038046837,-0.020361753180623055,0.0008005566196516156,0.020580461248755455,0.04036036878824234,0.061522677540779114,0.08628948032855988,0.12063673138618469
external_traffic,431,431::origin=0,0,arima_2_1_2,0,2869096901,gaussian,14,2018-07-01 16:00:00,0.06930000334978104,0.020580314099788666,0.020580314099788666,-0.08313655108213425,-0.04753267765045166,-0.021859779953956604,7.67573292250745e-05,0.020580314099788666,0.04108387604355812,0.06302040815353394,0.08869330585002899,0.12429716438055038
external_traffic,431,431::origin=0,0,arima_2_1_2,0,2869096901,gaussian,15,2018-07-01 17:00:00,0.0689999982714653,0.020579852163791656,0.020579852163791656,-0.08667285740375519,-0.049855202436447144,-0.023307083174586296,-0.0006226992118172348,0.020579852163791656,0.04178240895271301,0.06446678936481476,0.09101491421461105,0.1278325617313385
external_traffic,431,431::origin=0,0,arima_2_1_2,0,2869096901,gaussian,16,2018-07-01 18:00:00,0.07119999825954437,0.02057979442179203,0.02057979442179203,-0.09009602665901184,-0.05210328474640846,-0.024707848206162453,-0.0012994629796594381,0.02057979442179203,0.04245905578136444,0.06586743891239166,0.09326288104057312,0.1312555968761444
external_traffic,431,431::origin=0,0,arima_2_1_2,0,2869096901,gaussian,17,2018-07-01 19:00:00,0.07410000264644623,0.020579909905791283,0.020579909905791283,-0.09341626614332199,-0.05428371578454971,-0.02606639638543129,-0.0019557413179427385,0.020579909905791283,0.04311556741595268,0.06722621619701385,0.09544353932142258,0.13457606732845306
external_traffic,431,431::origin=0,0,arima_2_1_2,0,2869096901,gaussian,18,2018-07-01 20:00:00,0.06930000334978104,0.020579950883984566,0.020579950883984566,-0.09664252400398254,-0.056402456015348434,-0.027386533096432686,-0.0025935014709830284,0.020579950883984566,0.04375340789556503,0.06854643672704697,0.09756236523389816,0.13780242204666138
external_traffic,431,431::origin=0,0,arima_2_1_2,0,2869096901,gaussian,19,2018-07-01 21:00:00,0.052000001072883606,0.020579926669597626,0.020579926669597626,-0.09978240728378296,-0.05846448615193367,-0.02867135964334011,-0.00321423658169806,0.020579926669597626,0.044374097138643265,0.06983121484518051,0.09962434321641922,0.14094224572181702
external_traffic,431,431::origin=0,0,arima_2_1_2,0,2869096901,gaussian,20,2018-07-01 22:00:00,0.0421999990940094,0.020579909905791283,0.020579909905791283,-0.10284242779016495,-0.06047406792640686,-0.02992350421845913,-0.0038191783241927624,0.020579909905791283,0.04497900232672691,0.07108332216739655,0.10163389146327972,0.14400222897529602
external_traffic,431,431::origin=0,0,arima_2_1_2,0,2869096901,gaussian,21,2018-07-01 23:00:00,0.04129999876022339,0.02057991363108158,0.02057991363108158,-0.10582837462425232,-0.062435004860162735,-0.031145328655838966,-0.004409461282193661,0.02057991363108158,0.045569293200969696,0.07230515778064728,0.1035948395729065,0.14698819816112518
external_traffic,431,431::origin=0,0,arima_2_1_2,0,2869096901,gaussian,22,2018-07-02 00:00:00,0.03970000147819519,0.02057991921901703,0.02057991921901703,-0.10874540358781815,-0.0643506720662117,-0.0323389507830143,-0.00498611805960536,0.02057991921901703,0.0461459644138813,0.07349878549575806,0.10551051795482635,0.1499052345752716
external_traffic,431,431::origin=0,0,arima_2_1_2,0,2869096901,gaussian,23,2018-07-02 01:00:00,0.0284000001847744,0.02057991921901703,0.02057991921901703,-0.11159807443618774,-0.06622408330440521,-0.03350624069571495,-0.005550056230276823,0.02057991921901703,0.046709902584552765,0.07466607540845871,0.10738392919301987,0.1527578979730606
external_traffic,431,431::origin=0,0,auto_arima,0,4225776616,gaussian,0,2018-07-01 02:00:00,0.01730000041425228,0.02893470600247383,0.02893470600247383,0.00881379283964634,0.01572088897228241,0.020701391622424126,0.024957047775387764,0.02893470600247383,0.03291236609220505,0.03716801851987839,0.04214852303266525,0.049055617302656174
external_traffic,431,431::origin=0,0,auto_arima,0,4225776616,gaussian,1,2018-07-01 03:00:00,0.013700000010430813,0.02906464785337448,0.02906464785337448,0.001999384956434369,0.011290334165096283,0.017989762127399445,0.023714175447821617,0.02906464785337448,0.034415122121572495,0.04013953357934952,0.04683896154165268,0.05612991005182266
external_traffic,431,431::origin=0,0,auto_arima,0,4225776616,gaussian,2,2018-07-01 04:00:00,0.010900000110268593,0.035152412950992584,0.035152412950992584,0.0009260321385227144,0.01267524715512991,0.02114725671708584,0.028386276215314865,0.035152412950992584,0.0419185534119606,0.04915756732225418,0.05762958154082298,0.0693787932395935
external_traffic,431,431::origin=0,0,auto_arima,0,4225776616,gaussian,3,2018-07-01 05:00:00,0.008500000461935997,0.03985283523797989,0.03985283523797989,0.0019964328967034817,0.014991759322583675,0.02436230331659317,0.032369088381528854,0.03985283523797989,0.04733658581972122,0.05534336715936661,0.06471391022205353,0.07770923525094986
external_traffic,431,431::origin=0,0,auto_arima,0,4225776616,gaussian,4,2018-07-01 06:00:00,0.009700000286102295,0.04348208010196686,0.04348208010196686,0.0036185861099511385,0.01730290614068508,0.02717026323080063,0.035601552575826645,0.04348208010196686,0.05136260762810707,0.05979389697313309,0.06966125965118408,0.08334556967020035
external_traffic,431,431::origin=0,0,auto_arima,0,4225776616,gaussian,5,2018-07-01 07:00:00,0.015599999576807022,0.046284258365631104,0.046284258365631104,0.005270933732390404,0.019349966198205948,0.029501941055059433,0.03817642480134964,0.046284258365631104,0.05439209192991257,0.06306657940149307,0.07321855425834656,0.08729758113622665
external_traffic,431,431::origin=0,0,auto_arima,0,4225776616,gaussian,6,2018-07-01 08:00:00,0.02370000071823597,0.04844784736633301,0.04844784736633301,0.006764136720448732,0.021073300391435623,0.0313912108540535,0.04020748659968376,0.04844784736633301,0.056688208132982254,0.06550448387861252,0.07582239806652069,0.09013155102729797
external_traffic,431,431::origin=0,0,auto_arima,0,4225776616,gaussian,7,2018-07-01 09:00:00,0.03319999948143959,0.050118375569581985,0.050118375569581985,0.008040091022849083,0.022484702989459038,0.032900284975767136,0.041800010949373245,0.050118375569581985,0.058436740189790726,0.06733646988868713,0.07775205373764038,0.09219665825366974
external_traffic,431,431::origin=0,0,auto_arima,0,4225776616,gaussian,8,2018-07-01 10:00:00,0.04470000043511391,0.05140820890665054,0.05140820890665054,0.009096449241042137,0.02362120896577835,0.03409458324313164,0.04304369166493416,0.05140820890665054,0.05977272987365723,0.06872183829545975,0.07919520884752274,0.0937199667096138
external_traffic,431,431::origin=0,0,auto_arima,0,4225776616,gaussian,9,2018-07-01 11:00:00,0.05339999869465828,0.05240410193800926,0.05240410193800926,0.009953762404620647,0.024526093155145645,0.03503376990556717,0.04401218891143799,0.05240410193800926,0.060796018689870834,0.06977443397045135,0.08028211444616318,0.094854436814785
external_traffic,431,431::origin=0,0,auto_arima,0,4225776616,gaussian,10,2018-07-01 12:00:00,0.05939999967813492,0.053173042833805084,0.053173042833805084,0.010640306398272514,0.02524092234671116,0.03576899319887161,0.044764839112758636,0.053173042833805084,0.06158124655485153,0.07057709246873856,0.08110516518354416,0.0957057774066925
external_traffic,431,431::origin=0,0,auto_arima,0,4225776616,gaussian,11,2018-07-01 13:00:00,0.06629999727010727,0.05376674607396126,0.05376674607396126,0.011184964329004288,0.02580241672694683,0.03634262830018997,0.04534884914755821,0.05376674607396126,0.0621846467256546,0.07119086384773254,0.08173107355833054,0.09634852409362793
external_traffic,431,431::origin=0,0,auto_arima,0,4225776616,gaussian,12,2018-07-01 14:00:00,0.07050000131130219,0.05422515422105789,0.05422515422105789,0.011614159680902958,0.026241639629006386,0.03678908199071884,0.04580147936940193,0.05422515422105789,0.06264883279800415,0.07166122645139694,0.08220867067575455,0.0968361422419548
external_traffic,431,431::origin=0,0,auto_arima,0,4225776616,gaussian,13,2018-07-01 15:00:00,0.06859999895095825,0.05457909405231476,0.05457909405231476,0.011950693093240261,0.026584148406982422,0.03713589906692505,0.04615198075771332,0.05457909405231476,0.0630062073469162,0.07202228903770447,0.0825740396976471,0.09720749408006668
external_traffic,431,431::origin=0,0,auto_arima,0,4225776616,gaussian,14,2018-07-01 16:00:00,0.06930000334978104,0.05485237389802933,0.05485237389802933,0.012213603593409061,0.026850618422031403,0.03740493580698967,0.046423207968473434,0.05485237389802933,0.06328154355287552,0.07229980826377869,0.08285412937402725,0.09749113768339157
external_traffic,431,431::origin=0,0,auto_arima,0,4225776616,gaussian,15,2018-07-01 17:00:00,0.0689999982714653,0.05506337806582451,0.05506337806582451,0.012418420054018497,0.02705756016075611,0.037613410502672195,0.04663299024105072,0.05506337806582451,0.0634937658905983,0.07251334935426712,0.08306919783353806,0.0977083295583725
external_traffic,431,431::origin=0,0,auto_arima,0,4225776616,gaussian,16,2018-07-01 18:00:00,0.07119999825954437,0.055226292461156845,0.055226292461156845,0.012577653862535954,0.027218056842684746,0.037774816155433655,0.04679517820477486,0.055226292461156845,0.06365741044282913,0.07267776876688004,0.08323453366756439,0.09787492454051971
external_traffic,431,431::origin=0,0,auto_arima,0,4225776616,gaussian,17,2018-07-01 19:00:00,0.07410000264644623,0.05535208433866501,0.05535208433866501,0.0127012450248003,0.027342403307557106,0.03789970651268959,0.0469205342233181,0.05535208433866501,0.06378363817930222,0.07280445843935013,0.08336176723241806,0.09800291806459427
external_traffic,431,431::origin=0,0,auto_arima,0,4225776616,gaussian,18,2018-07-01 20:00:00,0.06930000334978104,0.05544920638203621,0.05544920638203621,0.012797058559954166,0.02743866667151451,0.03799629583954811,0.04701739922165871,0.05544920638203621,0.06388101726770401,0.0729021206498146,0.0834597498178482,0.09810134768486023
external_traffic,431,431::origin=0,0,auto_arima,0,4225776616,gaussian,19,2018-07-01 21:00:00,0.052000001072883606,0.05552419647574425,0.05552419647574425,0.0128712709993124,0.02751314453780651,0.03807096555829048,0.04709223285317421,0.05552419647574425,0.06395616382360458,0.07297742366790771,0.08353524655103683,0.09817712008953094
external_traffic,431,431::origin=0,0,auto_arima,0,4225776616,gaussian,20,2018-07-01 22:00:00,0.0421999990940094,0.05558209866285324,0.05558209866285324,0.012928704731166363,0.02757073938846588,0.038128677755594254,0.04715004190802574,0.05558209866285324,0.06401415914297104,0.07303552329540253,0.0835934579372406,0.09823548793792725
external_traffic,431,431::origin=0,0,auto_arima,0,4225776616,gaussian,21,2018-07-01 23:00:00,0.04129999876022339,0.05562680587172508,0.05562680587172508,0.012973135337233543,0.027615265920758247,0.03817327320575714,0.047194696962833405,0.05562680587172508,0.06405891478061676,0.07308033853769302,0.08363834768533707,0.09828047454357147
external_traffic,431,431::origin=0,0,auto_arima,0,4225776616,gaussian,22,2018-07-02 00:00:00,0.03970000147819519,0.05566132068634033,0.05566132068634033,0.013007483445107937,0.027649670839309692,0.03820771723985672,0.04722917824983597,0.05566132068634033,0.0640934631228447,0.07311492413282394,0.08367297053337097,0.09831515699625015
external_traffic,431,431::origin=0,0,auto_arima,0,4225776616,gaussian,23,2018-07-02 01:00:00,0.0284000001847744,0.05568797513842583,0.05568797513842583,0.013034041970968246,0.027676261961460114,0.03823433443903923,0.04725581407546997,0.05568797513842583,0.06412013620138168,0.07314161956310272,0.08369968831539154,0.09834190458059311
external_traffic,431,431::origin=0,0,prophet,0,2736715926,samples,0,2018-07-01 02:00:00,0.01730000041425228,0.0030939923599362373,0.004306828137487173,-0.020081927999854088,-0.01129594910889864,-0.004362881649285555,-0.0011417831992730498,0.0030939923599362373,0.00938001275062561,0.015420392155647278,0.019630489870905876,0.028618915006518364
external_traffic,431,431::origin=0,0,prophet,0,2736715926,samples,1,2018-07-01 03:00:00,0.013700000010430813,-0.0025553791783750057,-0.005226359236985445,-0.02649560384452343,-0.019111575558781624,-0.012601613998413086,-0.006920319050550461,-0.0025553791783750057,0.001490208669565618,0.0053893085569143295,0.011357110925018787,0.02061743102967739
external_traffic,431,431::origin=0,0,prophet,0,2736715926,samples,2,2018-07-01 04:00:00,0.010900000110268593,-0.008491544052958488,-0.011649087071418762,-0.030914653092622757,-0.0237827580422163,-0.017706386744976044,-0.01345598790794611,-0.008491544052958488,-0.0049732220359146595,0.0015383238205686212,0.006895130965858698,0.014248499646782875
external_traffic,431,431::origin=0,0,prophet,0,2736715926,samples,3,2018-07-01 05:00:00,0.008500000461935997,-0.006619717925786972,-0.009517860598862171,-0.026896631345152855,-0.022641496732831,-0.01644079200923443,-0.01174939889460802,-0.006619717925786972,-0.00261602271348238,0.0006615144666284323,0.003821276593953371,0.011079481802880764
external_traffic,431,431::origin=0,0,prophet,0,2736715926,samples,4,2018-07-01 06:00:00,0.009700000286102295,0.0021092453971505165,0.0031338934786617756,-0.017273254692554474,-0.01200216542929411,-0.005780331324785948,-0.0021765995770692825,0.0021092453971505165,0.007338999770581722,0.011811846867203712,0.01734178699553013,0.025583049282431602
external_traffic,431,431::origin=0,0,prophet,0,2736715926,samples,5,2018-07-01 07:00:00,0.015599999576807022,0.02307015284895897,0.02289651148021221,0.00039096715045161545,0.007649776991456747,0.013493242673575878,0.018840951845049858,0.02307015284895897,0.027250926941633224,0.03327144682407379,0.037838708609342575,0.04680425301194191
external_traffic,431,431::origin=0,0,prophet,0,2736715926,samples,6,2018-07-01 08:00:00,0.02370000071823597,0.042009830474853516,0.04272646829485893,0.017309466376900673,0.027700232341885567,0.0330486074090004,0.03857698664069176,0.042009830474853516,0.047105573117733,0.05159337446093559,0.05655428767204285,0.06378918141126633
external_traffic,431,431::origin=0,0,prophet,0,2736715926,samples,7,2018-07-01 09:00:00,0.03319999948143959,0.056539878249168396,0.0560183972120285,0.030822409316897392,0.03894178941845894,0.04564749076962471,0.05155310407280922,0.056539878249168396,0.06074479967355728,0.06651487201452255,0.07181120663881302,0.07904279232025146
external_traffic,431,431::origin=0,0,prophet,0,2736715926,samples,8,2018-07-01 10:00:00,0.04470000043511391,0.06010206788778305,0.06006491556763649,0.0375455841422081,0.045094527304172516,0.05040722340345383,0.055186688899993896,0.06010206788778305,0.0664580911397934,0.07027270644903183,0.07486499845981598,0.08287721127271652
external_traffic,431,431::origin=0,0,prophet,0,2736715926,samples,9,2018-07-01 11:00:00,0.05339999869465828,0.05619139224290848,0.05672833323478699,0.0372479222714901,0.041906971484422684,0.04669524356722832,0.050451118499040604,0.05619139224290848,0.06292559951543808,0.06702099740505219,0.07273626327514648,0.08168604224920273
external_traffic,431,431::origin=0,0,prophet,0,2736715926,samples,10,2018-07-01 12:00:00,0.05939999967813492,0.050448283553123474,0.050434209406375885,0.028320860117673874,0.03572813794016838,0.04011477530002594,0.04678924381732941,0.050448283553123474,0.05547117814421654,0.06025287136435509,0.06528501957654953,0.07384839653968811
external_traffic,431,431::origin=0,0,prophet,0,2736715926,samples,11,2018-07-01 13:00:00,0.06629999727010727,0.04721173644065857,0.04536919668316841,0.021962586790323257,0.0293702594935894,0.036478422582149506,0.04247729107737541,0.04721173644065857,0.05119514837861061,0.05509887635707855,0.06140429899096489,0.07051929086446762
external_traffic,431,431::origin=0,0,prophet,0,2736715926,samples,12,2018-07-01 14:00:00,0.07050000131130219,0.04452263191342354,0.043729934841394424,0.016481313854455948,0.02497401274740696,0.03300502523779869,0.03772444650530815,0.04452263191342354,0.048915497958660126,0.05459001287817955,0.05914345756173134,0.06637110561132431
external_traffic,431,431::origin=0,0,prophet,0,2736715926,samples,13,2018-07-01 15:00:00,0.06859999895095825,0.04706871882081032,0.04549955949187279,0.020380420610308647,0.028715752065181732,0.03649966046214104,0.04259664565324783,0.04706871882081032,0.050149694085121155,0.05564122647047043,0.06101057305932045,0.06730309873819351
external_traffic,431,431::origin=0,0,prophet,0,2736715926,samples,14,2018-07-01 16:00:00,0.06930000334978104,0.047232165932655334,0.04904725402593613,0.02604879066348076,0.03330006077885628,0.039979830384254456,0.04364937171339989,0.047232165932655334,0.05194402113556862,0.05799338221549988,0.06389326602220535,0.07212942093610764
external_traffic,431,431::origin=0,0,prophet,0,2736715926,samples,15,2018-07-01 17:00:00,0.0689999982714653,0.050105709582567215,0.051823798567056656,0.027265846729278564,0.034583333879709244,0.04037991166114807,0.04584912210702896,0.050105709582567215,0.05580369755625725,0.06266383826732635,0.06886753439903259,0.07813366502523422
external_traffic,431,431::origin=0,0,prophet,0,2736715926,samples,16,2018-07-01 18:00:00,0.07119999825954437,0.05147329717874527,0.05113276466727257,0.032040081918239594,0.03706318512558937,0.04176677390933037,0.04654046520590782,0.05147329717874527,0.055716756731271744,0.06172134354710579,0.06811591982841492,0.07574021071195602
external_traffic,431,431::origin=0,0,prophet,0,2736715926,samples,17,2018-07-01 19:00:00,0.07410000264644623,0.04596399888396263,0.0452536977827549,0.02557571791112423,0.031850457191467285,0.03714395686984062,0.041338514536619186,0.04596399888396263,0.050604887306690216,0.054531529545784,0.060006532818078995,0.06932992488145828
external_traffic,431,431::origin=0,0,prophet,0,2736715926,samples,18,2018-07-01 20:00:00,0.06930000334978104,0.033432699739933014,0.034612637013196945,0.010731288231909275,0.01933428831398487,0.02425602823495865,0.02959030494093895,0.033432699739933014,0.03700067475438118,0.042725227773189545,0.0472600944340229,0.05360955372452736
external_traffic,431,431::origin=0,0,prophet,0,2736715926,samples,19,2018-07-01 21:00:00,0.052000001072883606,0.02442612498998642,0.021994518116116524,0.002325179986655712,0.010136235505342484,0.014442920684814453,0.020152131095528603,0.02442612498998642,0.02888769470155239,0.03229112550616264,0.038191866129636765,0.047178324311971664
external_traffic,431,431::origin=0,0,prophet,0,2736715926,samples,20,2018-07-01 22:00:00,0.0421999990940094,0.008825283497571945,0.011081547476351261,-0.015096135437488556,-0.0073133609257638454,-0.0010867484379559755,0.004515788052231073,0.008825283497571945,0.01259095873683691,0.01917368173599243,0.024290358647704124,0.03150765970349312
external_traffic,431,431::origin=0,0,prophet,0,2736715926,samples,21,2018-07-01 23:00:00,0.04129999876022339,0.004628986120223999,0.003985131159424782,-0.01931706629693508,-0.01007094606757164,-0.005649887956678867,-0.0016408979427069426,0.004628986120223999,0.011064311489462852,0.01470274105668068,0.018771305680274963,0.027826499193906784
external_traffic,431,431::origin=0,0,prophet,0,2736715926,samples,22,2018-07-02 00:00:00,0.03970000147819519,-0.0017351091373711824,-0.0003204065142199397,-0.02341865934431553,-0.016598859801888466,-0.011667446233332157,-0.005076596979051828,-0.0017351091373711824,0.0030300819780677557,0.009245077148079872,0.015547356568276882,0.02506343089044094
external_traffic,431,431::origin=0,0,prophet,0,2736715926,samples,23,2018-07-02 01:00:00,0.0284000001847744,-0.0037767523899674416,-0.005077616777271032,-0.032036397606134415,-0.022093113511800766,-0.0164876077324152,-0.009530749171972275,-0.0037767523899674416,0.001558267860673368,0.0050954679027199745,0.010900555178523064,0.018158623948693275
external_traffic,431,431::origin=0,0,deepar,0,928423261,samples,0,2018-07-01 02:00:00,0.01730000041425228,0.016714878380298615,0.016641372814774513,0.01506133284419775,0.015561860054731369,0.01592753641307354,0.016279667615890503,0.016714878380298615,0.016934359446167946,0.017447521910071373,0.017825063318014145,0.018750973045825958
external_traffic,431,431::origin=0,0,deepar,0,928423261,samples,1,2018-07-01 03:00:00,0.013700000010430813,0.012836518697440624,0.012933614663779736,0.011141342110931873,0.012084577232599258,0.012478679418563843,0.012710005044937134,0.012836518697440624,0.013082688674330711,0.01341625489294529,0.014030477032065392,0.014325754716992378
external_traffic,431,431::origin=0,0,deepar,0,928423261,samples,2,2018-07-01 04:00:00,0.010900000110268593,0.012130674906075,0.012069523334503174,0.010176317766308784,0.011255989782512188,0.011690416373312473,0.011903567239642143,0.012130674906075,0.01239609532058239,0.01272693183273077,0.013104851357638836,0.013743989169597626
external_traffic,431,431::origin=0,0,deepar,0,928423261,samples,3,2018-07-01 05:00:00,0.008500000461935997,0.013647967018187046,0.013710304163396358,0.012294069863855839,0.012627679854631424,0.013029668480157852,0.013264690525829792,0.013647967018187046,0.013830951415002346,0.01416896190494299,0.014648457057774067,0.015315928496420383
external_traffic,431,431::origin=0,0,deepar,0,928423261,samples,4,2018-07-01 06:00:00,0.009700000286102295,0.020863331854343414,0.021099507808685303,0.019038528203964233,0.01972806267440319,0.02014927566051483,0.02048504911363125,0.020863331854343414,0.021377917379140854,0.02198261022567749,0.02259349822998047,0.023402154445648193
external_traffic,431,431::origin=0,0,deepar,0,928423261,samples,5,2018-07-01 07:00:00,0.015599999576807022,0.037558842450380325,0.03755698725581169,0.03472347930073738,0.03550586849451065,0.03641516715288162,0.037262748926877975,0.037558842450380325,0.0380854606628418,0.038821037858724594,0.039766889065504074,0.04054418206214905
external_traffic,431,431::origin=0,0,deepar,0,928423261,samples,6,2018-07-01 08:00:00,0.02370000071823597,0.047002486884593964,0.04716245085000992,0.04354167357087135,0.044630687683820724,0.045704860240221024,0.046464480459690094,0.047002486884593964,0.047873057425022125,0.048374075442552567,0.04941431060433388,0.05104000121355057
external_traffic,431,431::origin=0,0,deepar,0,928423261,samples,7,2018-07-01 09:00:00,0.03319999948143959,0.047183871269226074,0.04728435352444649,0.043012917041778564,0.044350817799568176,0.04531840234994888,0.046543993055820465,0.047183871269226074,0.04793457314372063,0.04881073907017708,0.04994294419884682,0.05148259550333023
external_traffic,431,431::origin=0,0,deepar,0,928423261,samples,8,2018-07-01 10:00:00,0.04470000043511391,0.048797398805618286,0.0489816777408123,0.045139092952013016,0.04650186374783516,0.047282345592975616,0.04799652472138405,0.048797398805618286,0.04964146390557289,0.05039434880018234,0.051026828587055206,0.05298143997788429
external_traffic,431,431::origin=0,0,deepar,0,928423261,samples,9,2018-07-01 11:00:00,0.05339999869465828,0.05118700861930847,0.05114543437957764,0.047977056354284286,0.04920529946684837,0.04979477450251579,0.050390373915433884,0.05118700861930847,0.05155370011925697,0.052275169640779495,0.05301732197403908,0.054572902619838715
external_traffic,431,431::origin=0,0,deepar,0,928423261,samples,10,2018-07-01 12:00:00,0.05939999967813492,0.052916519343853,0.053492285311222076,0.04912712797522545,0.05077763646841049,0.05145121365785599,0.05229412019252777,0.052916519343853,0.053448840975761414,0.05381416529417038,0.054986417293548584,0.05711428076028824
external_traffic,431,431::origin=0,0,deepar,0,928423261,samples,11,2018-07-01 13:00:00,0.06629999727010727,0.055169880390167236,0.05542849376797676,0.05249791964888573,0.05322782322764397,0.05406099557876587,0.05465971305966377,0.055169880390167236,0.055693794041872025,0.05615928769111633,0.057367853820323944,0.058996353298425674
external_traffic,431,431::origin=0,0,deepar,0,928423261,samples,12,2018-07-01 14:00:00,0.07050000131130219,0.055849287658929825,0.05594663321971893,0.05291439965367317,0.053804099559783936,0.05474114790558815,0.05515240132808685,0.055849287658929825,0.056439194828271866,0.05724400654435158,0.05801543593406677,0.05909116938710213
external_traffic,431,431::origin=0,0,deepar,0,928423261,samples,13,2018-07-01 15:00:00,0.06859999895095825,0.05596404895186424,0.05584270879626274,0.052547555416822433,0.053319863975048065,0.054212793707847595,0.0549350380897522,0.05596404895186424,0.05649003013968468,0.056981418281793594,0.057893313467502594,0.05929924175143242
external_traffic,431,431::origin=0,0,deepar,0,928423261,samples,14,2018-07-01 16:00:00,0.06930000334978104,0.05568820610642433,0.0556393638253212,0.05218946188688278,0.053629327565431595,0.05427730828523636,0.054773543030023575,0.05568820610642433,0.056188084185123444,0.056890059262514114,0.05757277458906174,0.05923222005367279
external_traffic,431,431::origin=0,0,deepar,0,928423261,samples,15,2018-07-01 17:00:00,0.0689999982714653,0.05598451942205429,0.05596955865621567,0.050435639917850494,0.05292585492134094,0.05421987920999527,0.054911598563194275,0.05598451942205429,0.056676484644412994,0.05749421566724777,0.058581314980983734,0.06092407926917076
external_traffic,431,431::origin=0,0,deepar,0,928423261,samples,16,2018-07-01 18:00:00,0.07119999825954437,0.05635683611035347,0.05636240541934967,0.05289304256439209,0.053865302354097366,0.054785218089818954,0.05568111687898636,0.05635683611035347,0.05707226321101189,0.057841040194034576,0.05906695872545242,0.060119520872831345
external_traffic,431,431::origin=0,0,deepar,0,928423261,samples,17,2018-07-01 19:00:00,0.07410000264644623,0.05584767460823059,0.0556291826069355,0.05148102343082428,0.05370840057730675,0.05437339097261429,0.05510278418660164,0.05584767460823059,0.056595198810100555,0.05732420086860657,0.05838974565267563,0.06009968742728233
external_traffic,431,431::origin=0,0,deepar,0,928423261,samples,18,2018-07-01 20:00:00,0.06930000334978104,0.04949688911437988,0.04971948266029358,0.04548754170536995,0.047344714403152466,0.04827748239040375,0.04867318645119667,0.04949688911437988,0.05004967004060745,0.050969403237104416,0.05173812806606293,0.05331084504723549
external_traffic,431,431::origin=0,0,deepar,0,928423261,samples,19,2018-07-01 21:00:00,0.052000001072883606,0.040396321564912796,0.04006722941994667,0.036609191447496414,0.038105010986328125,0.038900572806596756,0.03980829939246178,0.040396321564912796,0.04109947755932808,0.04171987995505333,0.04213373735547066,0.04329361394047737
external_traffic,431,431::origin=0,0,deepar,0,928423261,samples,20,2018-07-01 22:00:00,0.0421999990940094,0.03428206220269203,0.03412710875272751,0.03023693524301052,0.03203052654862404,0.03272426500916481,0.03345630317926407,0.03428206220269203,0.03493966534733772,0.03550379350781441,0.03583768382668495,0.0370173305273056
external_traffic,431,431::origin=0,0,deepar,0,928423261,samples,21,2018-07-01 23:00:00,0.04129999876022339,0.03127861022949219,0.03149497136473656,0.0286557637155056,0.029476676136255264,0.03030390292406082,0.030823316425085068,0.03127861022949219,0.03213459998369217,0.03263223171234131,0.033108439296483994,0.03441421315073967
external_traffic,431,431::origin=0,0,deepar,0,928423261,samples,22,2018-07-02 00:00:00,0.03970000147819519,0.02656506560742855,0.026579948142170906,0.02357577160000801,0.02452881447970867,0.02556733973324299,0.026219645515084267,0.02656506560742855,0.027054060250520706,0.027737943455576897,0.0286109559237957,0.02938893809914589
external_traffic,431,431::origin=0,0,deepar,0,928423261,samples,23,2018-07-02 01:00:00,0.0284000001847744,0.018041446805000305,0.01819481886923313,0.01616908237338066,0.016928480938076973,0.017505330964922905,0.017820287495851517,0.018041446805000305,0.01833399012684822,0.018808284774422646,0.019211340695619583,0.020263107493519783
external_psm,feature_12,feature_12::origin=0,0,chronos_t5_tiny,0,3816332723,chronos_samples,0,2000-04-01 01:00:00,0.16533242166042328,0.1632048785686493,0.16301658749580383,0.1594386100769043,0.16069403290748596,0.16194945573806763,0.16270270943641663,0.1632048785686493,0.1632048785686493,0.16446031630039215,0.16571573913097382,0.16571573913097382
external_psm,feature_12,feature_12::origin=0,0,chronos_t5_tiny,0,3816332723,chronos_samples,1,2000-04-01 02:00:00,0.1596791297197342,0.16383260488510132,0.1638074815273285,0.1605684906244278,0.16069403290748596,0.16194945573806763,0.16194945573806763,0.16383260488510132,0.16446031630039215,0.16571573913097382,0.1669711470603943,0.16822656989097595
external_psm,feature_12,feature_12::origin=0,0,chronos_t5_tiny,0,3816332723,chronos_samples,2,2000-04-01 03:00:00,0.16039185225963593,0.16446031630039215,0.16507545113563538,0.16069403290748596,0.16194945573806763,0.1632048785686493,0.16446031630039215,0.16446031630039215,0.16571573913097382,0.1669711470603943,0.16822656989097595,0.16960753500461578
external_psm,feature_12,feature_12::origin=0,0,chronos_t5_tiny,0,3816332723,chronos_samples,3,2000-04-01 04:00:00,0.16553683578968048,0.1669711470603943,0.16694602370262146,0.16307933628559113,0.16446031630039215,0.16533911228179932,0.16571573913097382,0.1669711470603943,0.16822656989097595,0.16860319674015045,0.16948199272155762,0.17073741555213928
external_psm,feature_12,feature_12::origin=0,0,chronos_t5_tiny,0,3816332723,chronos_samples,4,2000-04-01 05:00:00,0.16903269290924072,0.16885428130626678,0.16940666735172272,0.16559019684791565,0.1669711470603943,0.1669711470603943,0.16822656989097595,0.16885428130626678,0.16948199272155762,0.17073741555213928,0.1732482612133026,0.17462922632694244
external_psm,feature_12,feature_12::origin=0,0,chronos_t5_tiny,0,3816332723,chronos_samples,5,2000-04-01 06:00:00,0.1648019403219223,0.16948199272155762,0.17036078870296478,0.16571573913097382,0.1669711470603943,0.16822656989097595,0.16948199272155762,0.16948199272155762,0.17073741555213928,0.17199283838272095,0.1732482612133026,0.17575910687446594
external_psm,feature_12,feature_12::origin=0,0,chronos_t5_tiny,0,3816332723,chronos_samples,6,2000-04-01 07:00:00,0.17098048329353333,0.17073741555213928,0.17088806629180908,0.16571573913097382,0.1669711470603943,0.16910536587238312,0.16948199272155762,0.17073741555213928,0.17199283838272095,0.17199283838272095,0.17349934577941895,0.17575910687446594
external_psm,feature_12,feature_12::origin=0,0,chronos_t5_tiny,0,3816332723,chronos_samples,7,2000-04-01 08:00:00,0.16989243030548096,0.17073741555213928,0.17160366475582123,0.1669711470603943,0.16822656989097595,0.16948199272155762,0.16948199272155762,0.17073741555213928,0.17199283838272095,0.1732482612133026,0.17450368404388428,0.1758846491575241
external_psm,feature_12,feature_12::origin=0,0,chronos_t5_tiny,0,3816332723,chronos_samples,8,2000-04-01 09:00:00,0.17064853012561798,0.17073741555213928,0.17186729609966278,0.1669711470603943,0.16822656989097595,0.16948199272155762,0.17073741555213928,0.17073741555213928,0.17199283838272095,0.1732482612133026,0.17450368404388428,0.17714005708694458
external_psm,feature_12,feature_12::origin=0,0,chronos_t5_tiny,0,3816332723,chronos_samples,9,2000-04-01 10:00:00,0.1648189127445221,0.17136512696743011,0.17209327220916748,0.1669711470603943,0.16822656989097595,0.16948199272155762,0.17073741555213928,0.17136512696743011,0.1732482612133026,0.17450368404388428,0.17575910687446594,0.17952536046504974
external_psm,feature_12,feature_12::origin=0,0,chronos_t5_tiny,0,3816332723,chronos_samples,10,2000-04-01 11:00:00,0.16361655294895172,0.17199283838272095,0.17235690355300903,0.1669711470603943,0.16822656989097595,0.16948199272155762,0.17073741555213928,0.17199283838272095,0.1732482612133026,0.17450368404388428,0.17575910687446594,0.17952536046504974
external_psm,feature_12,feature_12::origin=0,0,chronos_t5_tiny,0,3816332723,chronos_samples,11,2000-04-01 12:00:00,0.15943069756031036,0.17199283838272095,0.17326080799102783,0.16822656989097595,0.16948199272155762,0.17073741555213928,0.17073741555213928,0.17199283838272095,0.1732482612133026,0.17450368404388428,0.1770145148038864,0.1807807981967926
external_psm,feature_12,feature_12::origin=0,0,chronos_t5_tiny,0,3816332723,chronos_samples,12,2000-04-01 13:00:00,0.16293500363826752,0.1732482612133026,0.17402662336826324,0.16822656989097595,0.16948199272155762,0.17073741555213928,0.17073741555213928,0.1732482612133026,0.17450368404388428,0.17575910687446594,0.17826993763446808,0.18090634047985077
external_psm,feature_12,feature_12::origin=0,0,chronos_t5_tiny,0,3816332723,chronos_samples,13,2000-04-01 14:00:00,0.16489140689373016,0.17199283838272095,0.17329847812652588,0.16810102760791779,0.16923090815544128,0.17073741555213928,0.17073741555213928,0.17199283838272095,0.1732482612133026,0.17450368404388428,0.17826993763446808,0.17977644503116608
external_psm,feature_12,feature_12::origin=0,0,chronos_t5_tiny,0,3816332723,chronos_samples,14,2000-04-01 15:00:00,0.16309212148189545,0.16948199272155762,0.16959498822689056,0.1632048785686493,0.16446031630039215,0.16571573913097382,0.1669711470603943,0.16948199272155762,0.17199283838272095,0.1732482612133026,0.17450368404388428,0.17826993763446808
external_psm,feature_12,feature_12::origin=0,0,chronos_t5_tiny,0,3816332723,chronos_samples,15,2000-04-01 16:00:00,0.15877287089824677,0.1632048785686493,0.16363172233104706,0.15692777931690216,0.1594386100769043,0.16069403290748596,0.16194945573806763,0.1632048785686493,0.16571573913097382,0.1669711470603943,0.16822656989097595,0.17073741555213928
external_psm,feature_12,feature_12::origin=0,0,chronos_t5_tiny,0,3816332723,chronos_samples,16,2000-04-01 17:00:00,0.15560375154018402,0.1594386100769043,0.1601165384054184,0.15441693365573883,0.15667669475078583,0.15692777931690216,0.15818320214748383,0.1594386100769043,0.16069403290748596,0.16194945573806763,0.16446031630039215,0.1669711470603943
external_psm,feature_12,feature_12::origin=0,0,chronos_t5_tiny,0,3816332723,chronos_samples,17,2000-04-01 18:00:00,0.15704943239688873,0.16069403290748596,0.16051828861236572,0.15441693365573883,0.1556723564863205,0.15692777931690216,0.1594386100769043,0.16069403290748596,0.16194945573806763,0.1632048785686493,0.16446031630039215,0.1669711470603943
external_psm,feature_12,feature_12::origin=0,0,chronos_t5_tiny,0,3816332723,chronos_samples,18,2000-04-01 19:00:00,0.16114915907382965,0.16194945573806763,0.1626022756099701,0.156802237033844,0.15818320214748383,0.1594386100769043,0.16069403290748596,0.16194945573806763,0.1632048785686493,0.16483694314956665,0.1669711470603943,0.16948199272155762
external_psm,feature_12,feature_12::origin=0,0,chronos_t5_tiny,0,3816332723,chronos_samples,19,2000-04-01 20:00:00,0.1607760190963745,0.1632048785686493,0.16369450092315674,0.15692777931690216,0.1594386100769043,0.16069403290748596,0.16194945573806763,0.1632048785686493,0.16446031630039215,0.16571573913097382,0.16722223162651062,0.17199283838272095
external_psm,feature_12,feature_12::origin=0,0,chronos_t5_tiny,0,3816332723,chronos_samples,20,2000-04-01 21:00:00,0.16129456460475922,0.1632048785686493,0.16361917555332184,0.15692777931690216,0.1594386100769043,0.16069403290748596,0.16194945573806763,0.1632048785686493,0.16446031630039215,0.16571573913097382,0.16822656989097595,0.17199283838272095
external_psm,feature_12,feature_12::origin=0,0,chronos_t5_tiny,0,3816332723,chronos_samples,21,2000-04-01 22:00:00,0.16123667359352112,0.16194945573806763,0.16369450092315674,0.1556723564863205,0.15818320214748383,0.16031740605831146,0.16194945573806763,0.16194945573806763,0.16446031630039215,0.1669711470603943,0.16948199272155762,0.17199283838272095
external_psm,feature_12,feature_12::origin=0,0,chronos_t5_tiny,0,3816332723,chronos_samples,22,2000-04-01 23:00:00,0.16235342621803284,0.16446031630039215,0.16477416455745697,0.15692777931690216,0.16069403290748596,0.16194945573806763,0.1632048785686493,0.16446031630039215,0.16571573913097382,0.1669711470603943,0.16948199272155762,0.1721183806657791
external_psm,feature_12,feature_12::origin=0,0,chronos_t5_tiny,0,3816332723,chronos_samples,23,2000-04-02 00:00:00,0.15797807276248932,0.16446031630039215,0.16471140086650848,0.15818320214748383,0.16069403290748596,0.16194945573806763,0.1632048785686493,0.16446031630039215,0.16446031630039215,0.16571573913097382,0.16948199272155762,0.17199283838272095
external_psm,feature_12,feature_12::origin=0,0,timesfm_2_5_200m,0,2291940495,timesfm_quantiles,0,2000-04-01 01:00:00,0.16533242166042328,0.16303497552871704,0.16293126344680786,0.15934313833713531,0.16081678867340088,0.1617259830236435,0.16239522397518158,0.16303497552871704,0.16375254094600677,0.16444942355155945,0.1653881072998047,0.1669202595949173
external_psm,feature_12,feature_12::origin=0,0,timesfm_2_5_200m,0,2291940495,timesfm_quantiles,1,2000-04-01 02:00:00,0.1596791297197342,0.1637410819530487,0.16350394487380981,0.15945711731910706,0.16107691824436188,0.16194221377372742,0.16293710470199585,0.1637410819530487,0.16439957916736603,0.1654539406299591,0.16643862426280975,0.16796250641345978
external_psm,feature_12,feature_12::origin=0,0,timesfm_2_5_200m,0,2291940495,timesfm_quantiles,2,2000-04-01 03:00:00,0.16039185225963593,0.16369397938251495,0.1638822853565216,0.1590283215045929,0.16067424416542053,0.16185227036476135,0.16279472410678864,0.16369397938251495,0.1645970344543457,0.1654861867427826,0.16667500138282776,0.1682954579591751
external_psm,feature_12,feature_12::origin=0,0,timesfm_2_5_200m,0,2291940495,timesfm_quantiles,3,2000-04-01 04:00:00,0.16553683578968048,0.16638265550136566,0.16644296050071716,0.16131949424743652,0.16333375871181488,0.16451990604400635,0.16547071933746338,0.16638265550136566,0.1673172116279602,0.168244868516922,0.16942541301250458,0.1710817515850067
external_psm,feature_12,feature_12::origin=0,0,timesfm_2_5_200m,0,2291940495,timesfm_quantiles,4,2000-04-01 05:00:00,0.16903269290924072,0.16830430924892426,0.16790367662906647,0.16307348012924194,0.16510598361492157,0.16638314723968506,0.16747187077999115,0.16830430924892426,0.1693211793899536,0.17039625346660614,0.17159073054790497,0.17337992787361145
external_psm,feature_12,feature_12::origin=0,0,timesfm_2_5_200m,0,2291940495,timesfm_quantiles,5,2000-04-01 06:00:00,0.1648019403219223,0.16913746297359467,0.16909131407737732,0.16372713446617126,0.16573533415794373,0.16718150675296783,0.16815681755542755,0.16913746297359467,0.17006157338619232,0.17110079526901245,0.17245592176914215,0.17432262003421783
external_psm,feature_12,feature_12::origin=0,0,timesfm_2_5_200m,0,2291940495,timesfm_quantiles,6,2000-04-01 07:00:00,0.17098048329353333,0.1701880842447281,0.1699281930923462,0.16422075033187866,0.16655217111110687,0.1677878201007843,0.16910839080810547,0.1701880842447281,0.17116308212280273,0.17220574617385864,0.17351338267326355,0.17545923590660095
external_psm,feature_12,feature_12::origin=0,0,timesfm_2_5_200m,0,2291940495,timesfm_quantiles,7,2000-04-01 08:00:00,0.16989243030548096,0.16924668848514557,0.1696671098470688,0.16289971768856049,0.16523471474647522,0.1669979840517044,0.16808108985424042,0.16924668848514557,0.17005938291549683,0.17121492326259613,0.17275457084178925,0.17459025979042053
external_psm,feature_12,feature_12::origin=0,0,timesfm_2_5_200m,0,2291940495,timesfm_quantiles,8,2000-04-01 09:00:00,0.17064853012561798,0.17117123305797577,0.17091971635818481,0.16469064354896545,0.16712963581085205,0.16873455047607422,0.17000244557857513,0.17117123305797577,0.1724146008491516,0.17341603338718414,0.1746535301208496,0.1769077628850937
external_psm,feature_12,feature_12::origin=0,0,timesfm_2_5_200m,0,2291940495,timesfm_quantiles,9,2000-04-01 10:00:00,0.1648189127445221,0.1715846061706543,0.171329066157341,0.1647363007068634,0.16727758944034576,0.16898567974567413,0.1703244298696518,0.1715846061706543,0.17266587913036346,0.173880472779274,0.17522326111793518,0.17752698063850403
external_psm,feature_12,feature_12::origin=0,0,timesfm_2_5_200m,0,2291940495,timesfm_quantiles,10,2000-04-01 11:00:00,0.16361655294895172,0.17026937007904053,0.17027194797992706,0.1632625162601471,0.1658342331647873,0.16759230196475983,0.1690249741077423,0.17026937007904053,0.17138545215129852,0.17269575595855713,0.1742001473903656,0.17640122771263123
external_psm,feature_12,feature_12::origin=0,0,timesfm_2_5_200m,0,2291940495,timesfm_quantiles,11,2000-04-01 12:00:00,0.15943069756031036,0.17006231844425201,0.16999772191047668,0.1630471795797348,0.16567638516426086,0.16720156371593475,0.16879703104496002,0.17006231844425201,0.17130574584007263,0.1726759970188141,0.17395144701004028,0.176230788230896
external_psm,feature_12,feature_12::origin=0,0,timesfm_2_5_200m,0,2291940495,timesfm_quantiles,12,2000-04-01 13:00:00,0.16293500363826752,0.17159731686115265,0.17129012942314148,0.1647360771894455,0.16706018149852753,0.16891790926456451,0.17044596374034882,0.17159731686115265,0.1728707253932953,0.1741497665643692,0.17587727308273315,0.17820967733860016
external_psm,feature_12,feature_12::origin=0,0,timesfm_2_5_200m,0,2291940495,timesfm_quantiles,13,2000-04-01 14:00:00,0.16489140689373016,0.17176969349384308,0.17170222103595734,0.1647638976573944,0.16716040670871735,0.16911697387695312,0.1703275442123413,0.17176969349384308,0.1732081025838852,0.17447158694267273,0.1760670393705368,0.17847540974617004
external_psm,feature_12,feature_12::origin=0,0,timesfm_2_5_200m,0,2291940495,timesfm_quantiles,14,2000-04-01 15:00:00,0.16309212148189545,0.16750335693359375,0.16773150861263275,0.16014553606510162,0.16275066137313843,0.16448135673999786,0.16594292223453522,0.16750335693359375,0.16887594759464264,0.17008641362190247,0.17169532179832458,0.17438636720180511
external_psm,feature_12,feature_12::origin=0,0,timesfm_2_5_200m,0,2291940495,timesfm_quantiles,15,2000-04-01 16:00:00,0.15877287089824677,0.1619483381509781,0.16206978261470795,0.15458887815475464,0.15731163322925568,0.15911133587360382,0.16034837067127228,0.1619483381509781,0.1633695513010025,0.16464056074619293,0.1662893295288086,0.16887730360031128
external_psm,feature_12,feature_12::origin=0,0,timesfm_2_5_200m,0,2291940495,timesfm_quantiles,16,2000-04-01 17:00:00,0.15560375154018402,0.15838323533535004,0.15832628309726715,0.1511993259191513,0.15382616221904755,0.15551623702049255,0.15689733624458313,0.15838323533535004,0.15979032218456268,0.16119447350502014,0.16304577887058258,0.16560733318328857
external_psm,feature_12,feature_12::origin=0,0,timesfm_2_5_200m,0,2291940495,timesfm_quantiles,17,2000-04-01 18:00:00,0.15704943239688873,0.15718106925487518,0.15648503601551056,0.1502619981765747,0.15278801321983337,0.15452034771442413,0.15578287839889526,0.15718106925487518,0.15857315063476562,0.15993209183216095,0.16172584891319275,0.1644301563501358
external_psm,feature_12,feature_12::origin=0,0,timesfm_2_5_200m,0,2291940495,timesfm_quantiles,18,2000-04-01 19:00:00,0.16114915907382965,0.16084451973438263,0.16049186885356903,0.15378566086292267,0.1564936488866806,0.15813900530338287,0.15945132076740265,0.16084451973438263,0.16232605278491974,0.16365021467208862,0.16551996767520905,0.16836673021316528
external_psm,feature_12,feature_12::origin=0,0,timesfm_2_5_200m,0,2291940495,timesfm_quantiles,19,2000-04-01 20:00:00,0.1607760190963745,0.16034941375255585,0.1605929732322693,0.15337851643562317,0.15606892108917236,0.15774011611938477,0.15910491347312927,0.16034941375255585,0.16170373558998108,0.16312459111213684,0.16475115716457367,0.16757503151893616
external_psm,feature_12,feature_12::origin=0,0,timesfm_2_5_200m,0,2291940495,timesfm_quantiles,20,2000-04-01 21:00:00,0.16129456460475922,0.1595255434513092,0.1600417047739029,0.15279075503349304,0.15539686381816864,0.15685904026031494,0.15821586549282074,0.1595255434513092,0.16080109775066376,0.16229400038719177,0.16390743851661682,0.16677196323871613
external_psm,feature_12,feature_12::origin=0,0,timesfm_2_5_200m,0,2291940495,timesfm_quantiles,21,2000-04-01 22:00:00,0.16123667359352112,0.16062355041503906,0.1607389748096466,0.15384924411773682,0.1563660204410553,0.15795890986919403,0.1592617779970169,0.16062355041503906,0.1619310826063156,0.16334651410579681,0.16498343646526337,0.1676861196756363
external_psm,feature_12,feature_12::origin=0,0,timesfm_2_5_200m,0,2291940495,timesfm_quantiles,22,2000-04-01 23:00:00,0.16235342621803284,0.16195432841777802,0.16162614524364471,0.15542735159397125,0.1579599827528,0.15951907634735107,0.1606481671333313,0.16195432841777802,0.16322052478790283,0.16459164023399353,0.1661812961101532,0.16897055506706238
external_psm,feature_12,feature_12::origin=0,0,timesfm_2_5_200m,0,2291940495,timesfm_quantiles,23,2000-04-02 00:00:00,0.15797807276248932,0.16156691312789917,0.1615956872701645,0.1549268364906311,0.15767377614974976,0.15930645167827606,0.160444438457489,0.16156691312789917,0.16268934309482574,0.16420146822929382,0.16573640704154968,0.16859279572963715
external_psm,feature_12,feature_12::origin=0,0,moirai_2_0_small,0,4036148831,moirai_quantiles_no_mean,0,2000-04-01 01:00:00,0.16533242166042328,0.1635516732931137,0.1635516732931137,0.1605646014213562,0.16161593794822693,0.16236147284507751,0.16296787559986115,0.1635516732931137,0.16415724158287048,0.16481797397136688,0.16561076045036316,0.16684465110301971
external_psm,feature_12,feature_12::origin=0,0,moirai_2_0_small,0,4036148831,moirai_quantiles_no_mean,1,2000-04-01 02:00:00,0.1596791297197342,0.16450844705104828,0.16450844705104828,0.16076143085956573,0.16212353110313416,0.16305728256702423,0.1638115644454956,0.16450844705104828,0.16521906852722168,0.1659606695175171,0.16689899563789368,0.1683245152235031
external_psm,feature_12,feature_12::origin=0,0,moirai_2_0_small,0,4036148831,moirai_quantiles_no_mean,2,2000-04-01 03:00:00,0.16039185225963593,0.16429880261421204,0.16429880261421204,0.1601695567369461,0.16166862845420837,0.1626916080713272,0.16352976858615875,0.16429880261421204,0.16507375240325928,0.16590403020381927,0.1669098287820816,0.16849811375141144
external_psm,feature_12,feature_12::origin=0,0,moirai_2_0_small,0,4036148831,moirai_quantiles_no_mean,3,2000-04-01 04:00:00,0.16553683578968048,0.16742785274982452,0.16742785274982452,0.163008451461792,0.1646484136581421,0.16573704779148102,0.16662825644016266,0.16742785274982452,0.16825078427791595,0.16913463175296783,0.17026522755622864,0.17204684019088745
external_psm,feature_12,feature_12::origin=0,0,moirai_2_0_small,0,4036148831,moirai_quantiles_no_mean,4,2000-04-01 05:00:00,0.16903269290924072,0.16932377219200134,0.16932377219200134,0.16466593742370605,0.16642551124095917,0.16756856441497803,0.16850855946540833,0.16932377219200134,0.17016617953777313,0.17106249928474426,0.1722661256790161,0.17413224279880524
external_psm,feature_12,feature_12::origin=0,0,moirai_2_0_small,0,4036148831,moirai_quantiles_no_mean,5,2000-04-01 06:00:00,0.1648019403219223,0.17078641057014465,0.17078641057014465,0.1658637374639511,0.16774104535579681,0.1689489185810089,0.16993564367294312,0.17078641057014465,0.17164887487888336,0.17259077727794647,0.17380060255527496,0.17576636373996735
external_psm,feature_12,feature_12::origin=0,0,moirai_2_0_small,0,4036148831,moirai_quantiles_no_mean,6,2000-04-01 07:00:00,0.17098048329353333,0.1719784438610077,0.1719784438610077,0.16669487953186035,0.16871628165245056,0.17002084851264954,0.171084463596344,0.1719784438610077,0.17289911210536957,0.1738877296447754,0.17516669631004333,0.1772989183664322
external_psm,feature_12,feature_12::origin=0,0,moirai_2_0_small,0,4036148831,moirai_quantiles_no_mean,7,2000-04-01 08:00:00,0.16989243030548096,0.17126218974590302,0.17126218974590302,0.16604819893836975,0.16802237927913666,0.16931752860546112,0.17037546634674072,0.17126218974590302,0.17216019332408905,0.17314624786376953,0.17445336282253265,0.17658381164073944
external_psm,feature_12,feature_12::origin=0,0,moirai_2_0_small,0,4036148831,moirai_quantiles_no_mean,8,2000-04-01 09:00:00,0.17064853012561798,0.1725631207227707,0.1725631207227707,0.16688424348831177,0.16902966797351837,0.17044569551944733,0.1715845912694931,0.1725631207227707,0.17360319197177887,0.1747206449508667,0.17615920305252075,0.17853717505931854
external_psm,feature_12,feature_12::origin=0,0,moirai_2_0_small,0,4036148831,moirai_quantiles_no_mean,9,2000-04-01 10:00:00,0.1648189127445221,0.17308419942855835,0.17308419942855835,0.16698405146598816,0.16926170885562897,0.17078974843025208,0.17200930416584015,0.17308419942855835,0.17422454059123993,0.17543703317642212,0.17697905004024506,0.17946070432662964
external_psm,feature_12,feature_12::origin=0,0,moirai_2_0_small,0,4036148831,moirai_quantiles_no_mean,10,2000-04-01 11:00:00,0.16361655294895172,0.17144930362701416,0.17144930362701416,0.16525915265083313,0.16757893562316895,0.16911844909191132,0.17034102976322174,0.17144930362701416,0.17256273329257965,0.17375528812408447,0.1752728968858719,0.17777155339717865
external_psm,feature_12,feature_12::origin=0,0,moirai_2_0_small,0,4036148831,moirai_quantiles_no_mean,11,2000-04-01 12:00:00,0.15943069756031036,0.17151066660881042,0.17151066660881042,0.16511940956115723,0.16750195622444153,0.16909272968769073,0.17039284110069275,0.17151066660881042,0.1726769506931305,0.17390653491020203,0.1754736304283142,0.17803935706615448
external_psm,feature_12,feature_12::origin=0,0,moirai_2_0_small,0,4036148831,moirai_quantiles_no_mean,12,2000-04-01 13:00:00,0.16293500363826752,0.1735960692167282,0.1735960692167282,0.16661545634269714,0.16918762028217316,0.1709039956331253,0.1723451167345047,0.1735960692167282,0.17485980689525604,0.1762501299381256,0.17800351977348328,0.1808168590068817
external_psm,feature_12,feature_12::origin=0,0,moirai_2_0_small,0,4036148831,moirai_quantiles_no_mean,13,2000-04-01 14:00:00,0.16489140689373016,0.17383266985416412,0.17383266985416412,0.16599957644939423,0.1688840687274933,0.17082183063030243,0.17240209877490997,0.17383266985416412,0.17529012262821198,0.1768832951784134,0.17885766923427582,0.1818709373474121
external_psm,feature_12,feature_12::origin=0,0,moirai_2_0_small,0,4036148831,moirai_quantiles_no_mean,14,2000-04-01 15:00:00,0.16309212148189545,0.16835376620292664,0.16835376620292664,0.1609218567609787,0.16361263394355774,0.16544537246227264,0.16696207225322723,0.16835376620292664,0.16979371011257172,0.17136801779270172,0.17339621484279633,0.17649592459201813
external_psm,feature_12,feature_12::origin=0,0,moirai_2_0_small,0,4036148831,moirai_quantiles_no_mean,15,2000-04-01 16:00:00,0.15877287089824677,0.16182927787303925,0.16182927787303925,0.15550661087036133,0.15772557258605957,0.15927661955356598,0.16059176623821259,0.16182927787303925,0.16309966146945953,0.1645345538854599,0.16637203097343445,0.16934256255626678
external_psm,feature_12,feature_12::origin=0,0,moirai_2_0_small,0,4036148831,moirai_quantiles_no_mean,16,2000-04-01 17:00:00,0.15560375154018402,0.15865735709667206,0.15865735709667206,0.15258541703224182,0.15477962791919708,0.1562551110982895,0.1575033962726593,0.15865735709667206,0.1598389744758606,0.16113926470279694,0.16281624138355255,0.1655670702457428
external_psm,feature_12,feature_12::origin=0,0,moirai_2_0_small,0,4036148831,moirai_quantiles_no_mean,17,2000-04-01 18:00:00,0.15704943239688873,0.1582239419221878,0.1582239419221878,0.15232515335083008,0.15442410111427307,0.15588052570819855,0.15711276233196259,0.1582239419221878,0.15938110649585724,0.16065968573093414,0.16229653358459473,0.16491718590259552
external_psm,feature_12,feature_12::origin=0,0,moirai_2_0_small,0,4036148831,moirai_quantiles_no_mean,18,2000-04-01 19:00:00,0.16114915907382965,0.16268251836299896,0.16268251836299896,0.1559278666973114,0.15837404131889343,0.16005247831344604,0.16143734753131866,0.16268251836299896,0.1639871746301651,0.16540636122226715,0.16717734932899475,0.16986466944217682
external_psm,feature_12,feature_12::origin=0,0,moirai_2_0_small,0,4036148831,moirai_quantiles_no_mean,19,2000-04-01 20:00:00,0.1607760190963745,0.16124138236045837,0.16124138236045837,0.15501919388771057,0.15726864337921143,0.15880082547664642,0.16009682416915894,0.16124138236045837,0.16244696080684662,0.16378259658813477,0.16551609337329865,0.16814731061458588
external_psm,feature_12,feature_12::origin=0,0,moirai_2_0_small,0,4036148831,moirai_quantiles_no_mean,20,2000-04-01 21:00:00,0.16129456460475922,0.16075272858142853,0.16075272858142853,0.15455685555934906,0.15683475136756897,0.15835684537887573,0.1596231758594513,0.16075272858142853,0.16190430521965027,0.16315235197544098,0.16475817561149597,0.16722984611988068
external_psm,feature_12,feature_12::origin=0,0,moirai_2_0_small,0,4036148831,moirai_quantiles_no_mean,21,2000-04-01 22:00:00,0.16123667359352112,0.16138924658298492,0.16138924658298492,0.1552238017320633,0.15754257142543793,0.15903858840465546,0.16029240190982819,0.16138924658298492,0.1625046283006668,0.16371236741542816,0.16520553827285767,0.16757217049598694
external_psm,feature_12,feature_12::origin=0,0,moirai_2_0_small,0,4036148831,moirai_quantiles_no_mean,22,2000-04-01 23:00:00,0.16235342621803284,0.16262243688106537,0.16262243688106537,0.15666282176971436,0.1589111089706421,0.1603463888168335,0.16156740486621857,0.16262243688106537,0.16367916762828827,0.16483628749847412,0.16625824570655823,0.16854365170001984
external_psm,feature_12,feature_12::origin=0,0,moirai_2_0_small,0,4036148831,moirai_quantiles_no_mean,23,2000-04-02 00:00:00,0.15797807276248932,0.16263800859451294,0.16263800859451294,0.1566765308380127,0.15889613330364227,0.16037464141845703,0.16157706081867218,0.16263800859451294,0.1636933535337448,0.1648113876581192,0.16621840000152588,0.16841007769107819
external_psm,feature_12,feature_12::origin=0,0,seasonal_naive,0,2084732373,degenerate,0,2000-04-01 01:00:00,0.16533242166042328,0.16223925352096558,0.16223925352096558,0.16223925352096558,0.16223925352096558,0.16223925352096558,0.16223925352096558,0.16223925352096558,0.16223925352096558,0.16223925352096558,0.16223925352096558,0.16223925352096558
external_psm,feature_12,feature_12::origin=0,0,seasonal_naive,0,2084732373,degenerate,1,2000-04-01 02:00:00,0.1596791297197342,0.16079558432102203,0.16079558432102203,0.16079558432102203,0.16079558432102203,0.16079558432102203,0.16079558432102203,0.16079558432102203,0.16079558432102203,0.16079558432102203,0.16079558432102203,0.16079558432102203
external_psm,feature_12,feature_12::origin=0,0,seasonal_naive,0,2084732373,degenerate,2,2000-04-01 03:00:00,0.16039185225963593,0.16020461916923523,0.16020461916923523,0.16020461916923523,0.16020461916923523,0.16020461916923523,0.16020461916923523,0.16020461916923523,0.16020461916923523,0.16020461916923523,0.16020461916923523,0.16020461916923523
external_psm,feature_12,feature_12::origin=0,0,seasonal_naive,0,2084732373,degenerate,3,2000-04-01 04:00:00,0.16553683578968048,0.16731806099414825,0.16731806099414825,0.16731806099414825,0.16731806099414825,0.16731806099414825,0.16731806099414825,0.16731806099414825,0.16731806099414825,0.16731806099414825,0.16731806099414825,0.16731806099414825
external_psm,feature_12,feature_12::origin=0,0,seasonal_naive,0,2084732373,degenerate,4,2000-04-01 05:00:00,0.16903269290924072,0.1649753898382187,0.1649753898382187,0.1649753898382187,0.1649753898382187,0.1649753898382187,0.1649753898382187,0.1649753898382187,0.1649753898382187,0.1649753898382187,0.1649753898382187,0.1649753898382187
external_psm,feature_12,feature_12::origin=0,0,seasonal_naive,0,2084732373,degenerate,5,2000-04-01 06:00:00,0.1648019403219223,0.1693842113018036,0.1693842113018036,0.1693842113018036,0.1693842113018036,0.1693842113018036,0.1693842113018036,0.1693842113018036,0.1693842113018036,0.1693842113018036,0.1693842113018036,0.1693842113018036
external_psm,feature_12,feature_12::origin=0,0,seasonal_naive,0,2084732373,degenerate,6,2000-04-01 07:00:00,0.17098048329353333,0.16963379085063934,0.16963379085063934,0.16963379085063934,0.16963379085063934,0.16963379085063934,0.16963379085063934,0.16963379085063934,0.16963379085063934,0.16963379085063934,0.16963379085063934,0.16963379085063934
external_psm,feature_12,feature_12::origin=0,0,seasonal_naive,0,2084732373,degenerate,7,2000-04-01 08:00:00,0.16989243030548096,0.1665337234735489,0.1665337234735489,0.1665337234735489,0.1665337234735489,0.1665337234735489,0.1665337234735489,0.1665337234735489,0.1665337234735489,0.1665337234735489,0.1665337234735489,0.1665337234735489
external_psm,feature_12,feature_12::origin=0,0,seasonal_naive,0,2084732373,degenerate,8,2000-04-01 09:00:00,0.17064853012561798,0.16936099529266357,0.16936099529266357,0.16936099529266357,0.16936099529266357,0.16936099529266357,0.16936099529266357,0.16936099529266357,0.16936099529266357,0.16936099529266357,0.16936099529266357,0.16936099529266357
external_psm,feature_12,feature_12::origin=0,0,seasonal_naive,0,2084732373,degenerate,9,2000-04-01 10:00:00,0.1648189127445221,0.16947509348392487,0.16947509348392487,0.16947509348392487,0.16947509348392487,0.16947509348392487,0.16947509348392487,0.16947509348392487,0.16947509348392487,0.16947509348392487,0.16947509348392487,0.16947509348392487
external_psm,feature_12,feature_12::origin=0,0,seasonal_naive,0,2084732373,degenerate,10,2000-04-01 11:00:00,0.16361655294895172,0.16521598398685455,0.16521598398685455,0.16521598398685455,0.16521598398685455,0.16521598398685455,0.16521598398685455,0.16521598398685455,0.16521598398685455,0.16521598398685455,0.16521598398685455,0.16521598398685455
external_psm,feature_12,feature_12::origin=0,0,seasonal_naive,0,2084732373,degenerate,11,2000-04-01 12:00:00,0.15943069756031036,0.17051845788955688,0.17051845788955688,0.17051845788955688,0.17051845788955688,0.17051845788955688,0.17051845788955688,0.17051845788955688,0.17051845788955688,0.17051845788955688,0.17051845788955688,0.17051845788955688
external_psm,feature_12,feature_12::origin=0,0,seasonal_naive,0,2084732373,degenerate,12,2000-04-01 13:00:00,0.16293500363826752,0.17229107022285461,0.17229107022285461,0.17229107022285461,0.17229107022285461,0.17229107022285461,0.17229107022285461,0.17229107022285461,0.17229107022285461,0.17229107022285461,0.17229107022285461,0.17229107022285461
external_psm,feature_12,feature_12::origin=0,0,seasonal_naive,0,2084732373,degenerate,13,2000-04-01 14:00:00,0.16489140689373016,0.16951191425323486,0.16951191425323486,0.16951191425323486,0.16951191425323486,0.16951191425323486,0.16951191425323486,0.16951191425323486,0.16951191425323486,0.16951191425323486,0.16951191425323486,0.16951191425323486
external_psm,feature_12,feature_12::origin=0,0,seasonal_naive,0,2084732373,degenerate,14,2000-04-01 15:00:00,0.16309212148189545,0.16842006146907806,0.16842006146907806,0.16842006146907806,0.16842006146907806,0.16842006146907806,0.16842006146907806,0.16842006146907806,0.16842006146907806,0.16842006146907806,0.16842006146907806,0.16842006146907806
external_psm,feature_12,feature_12::origin=0,0,seasonal_naive,0,2084732373,degenerate,15,2000-04-01 16:00:00,0.15877287089824677,0.1628820151090622,0.1628820151090622,0.1628820151090622,0.1628820151090622,0.1628820151090622,0.1628820151090622,0.1628820151090622,0.1628820151090622,0.1628820151090622,0.1628820151090622,0.1628820151090622
external_psm,feature_12,feature_12::origin=0,0,seasonal_naive,0,2084732373,degenerate,16,2000-04-01 17:00:00,0.15560375154018402,0.1584765762090683,0.1584765762090683,0.1584765762090683,0.1584765762090683,0.1584765762090683,0.1584765762090683,0.1584765762090683,0.1584765762090683,0.1584765762090683,0.1584765762090683,0.1584765762090683
external_psm,feature_12,feature_12::origin=0,0,seasonal_naive,0,2084732373,degenerate,17,2000-04-01 18:00:00,0.15704943239688873,0.15903280675411224,0.15903280675411224,0.15903280675411224,0.15903280675411224,0.15903280675411224,0.15903280675411224,0.15903280675411224,0.15903280675411224,0.15903280675411224,0.15903280675411224,0.15903280675411224
external_psm,feature_12,feature_12::origin=0,0,seasonal_naive,0,2084732373,degenerate,18,2000-04-01 19:00:00,0.16114915907382965,0.16421787440776825,0.16421787440776825,0.16421787440776825,0.16421787440776825,0.16421787440776825,0.16421787440776825,0.16421787440776825,0.16421787440776825,0.16421787440776825,0.16421787440776825,0.16421787440776825
external_psm,feature_12,feature_12::origin=0,0,seasonal_naive,0,2084732373,degenerate,19,2000-04-01 20:00:00,0.1607760190963745,0.16294430196285248,0.16294430196285248,0.16294430196285248,0.16294430196285248,0.16294430196285248,0.16294430196285248,0.16294430196285248,0.16294430196285248,0.16294430196285248,0.16294430196285248,0.16294430196285248
external_psm,feature_12,feature_12::origin=0,0,seasonal_naive,0,2084732373,degenerate,20,2000-04-01 21:00:00,0.16129456460475922,0.16207024455070496,0.16207024455070496,0.16207024455070496,0.16207024455070496,0.16207024455070496,0.16207024455070496,0.16207024455070496,0.16207024455070496,0.16207024455070496,0.16207024455070496,0.16207024455070496
external_psm,feature_12,feature_12::origin=0,0,seasonal_naive,0,2084732373,degenerate,21,2000-04-01 22:00:00,0.16123667359352112,0.15961389243602753,0.15961389243602753,0.15961389243602753,0.15961389243602753,0.15961389243602753,0.15961389243602753,0.15961389243602753,0.15961389243602753,0.15961389243602753,0.15961389243602753,0.15961389243602753
external_psm,feature_12,feature_12::origin=0,0,seasonal_naive,0,2084732373,degenerate,22,2000-04-01 23:00:00,0.16235342621803284,0.16569460928440094,0.16569460928440094,0.16569460928440094,0.16569460928440094,0.16569460928440094,0.16569460928440094,0.16569460928440094,0.16569460928440094,0.16569460928440094,0.16569460928440094,0.16569460928440094
external_psm,feature_12,feature_12::origin=0,0,seasonal_naive,0,2084732373,degenerate,23,2000-04-02 00:00:00,0.15797807276248932,0.16321584582328796,0.16321584582328796,0.16321584582328796,0.16321584582328796,0.16321584582328796,0.16321584582328796,0.16321584582328796,0.16321584582328796,0.16321584582328796,0.16321584582328796,0.16321584582328796
external_psm,feature_12,feature_12::origin=0,0,arima_2_1_2,0,2914204991,gaussian,0,2000-04-01 01:00:00,0.16533242166042328,0.1625279188156128,0.1625279188156128,0.15686684846878052,0.15881016850471497,0.1602114588022232,0.16140879690647125,0.1625279188156128,0.16364704072475433,0.16484437882900238,0.16624566912651062,0.16818898916244507
external_psm,feature_12,feature_12::origin=0,0,arima_2_1_2,0,2914204991,gaussian,1,2000-04-01 02:00:00,0.1596791297197342,0.16291466355323792,0.16291466355323792,0.1549135148525238,0.15766014158725739,0.15964065492153168,0.16133293509483337,0.16291466355323792,0.16449639201164246,0.16618867218494415,0.16816918551921844,0.17091581225395203
external_psm,feature_12,feature_12::origin=0,0,arima_2_1_2,0,2914204991,gaussian,2,2000-04-01 03:00:00,0.16039185225963593,0.16282567381858826,0.16282567381858826,0.15347352623939514,0.15668393671512604,0.15899884700775146,0.16097687184810638,0.16282567381858826,0.16467447578907013,0.16665250062942505,0.16896741092205048,0.17217782139778137
external_psm,feature_12,feature_12::origin=0,0,arima_2_1_2,0,2914204991,gaussian,3,2000-04-01 04:00:00,0.16553683578968048,0.1629096269607544,0.1629096269607544,0.15247616171836853,0.15605776011943817,0.15864033997058868,0.16084705293178558,0.1629096269607544,0.1649722009897232,0.1671789139509201,0.16976149380207062,0.17334309220314026
external_psm,feature_12,feature_12::origin=0,0,arima_2_1_2,0,2914204991,gaussian,4,2000-04-01 05:00:00,0.16903269290924072,0.16290707886219025,0.16290707886219025,0.1516059786081314,0.15548540651798248,0.15828275680541992,0.16067299246788025,0.16290707886219025,0.16514116525650024,0.16753140091896057,0.170328751206398,0.17420817911624908
external_psm,feature_12,feature_12::origin=0,0,arima_2_1_2,0,2914204991,gaussian,5,2000-04-01 06:00:00,0.1648019403219223,0.1629297286272049,0.1629297286272049,0.15087074041366577,0.15501034259796143,0.1579952836036682,0.16054581105709076,0.1629297286272049,0.16531364619731903,0.16786417365074158,0.17084911465644836,0.17498871684074402
external_psm,feature_12,feature_12::origin=0,0,arima_2_1_2,0,2914204991,gaussian,6,2000-04-01 07:00:00,0.17098048329353333,0.16293500363826752,0.16293500363826752,0.15020018815994263,0.1545717865228653,0.1577240228652954,0.16041748225688934,0.16293500363826752,0.1654525250196457,0.16814598441123962,0.17129822075366974,0.1756698191165924
external_psm,feature_12,feature_12::origin=0,0,arima_2_1_2,0,2914204991,gaussian,7,2000-04-01 08:00:00,0.16989243030548096,0.16294269263744354,0.16294269263744354,0.14958670735359192,0.15417154133319855,0.15747752785682678,0.16030237078666687,0.16294269263744354,0.16558301448822021,0.1684078574180603,0.17171384394168854,0.17629867792129517
external_psm,feature_12,feature_12::origin=0,0,arima_2_1_2,0,2914204991,gaussian,8,2000-04-01 09:00:00,0.17064853012561798,0.1629461795091629,0.1629461795091629,0.14901088178157806,0.15379458665847778,0.15724396705627441,0.1601913422346115,0.1629461795091629,0.1657010167837143,0.1686483919620514,0.17209777235984802,0.17688147723674774
external_psm,feature_12,feature_12::origin=0,0,arima_2_1_2,0,2914204991,gaussian,9,2000-04-01 10:00:00,0.1648189127445221,0.16294924914836884,0.16294924914836884,0.14846651256084442,0.15343813598155975,0.15702302753925323,0.16008618474006653,0.16294924914836884,0.16581231355667114,0.16887547075748444,0.17246036231517792,0.17743198573589325
external_psm,feature_12,feature_12::origin=0,0,arima_2_1_2,0,2914204991,gaussian,10,2000-04-01 11:00:00,0.16361655294895172,0.1629510223865509,0.1629510223865509,0.14794661104679108,0.15309731662273407,0.15681134164333344,0.15998482704162598,0.1629510223865509,0.16591721773147583,0.16909070312976837,0.17280472815036774,0.17795543372631073
external_psm,feature_12,feature_12::origin=0,0,arima_2_1_2,0,2914204991,gaussian,11,2000-04-01 12:00:00,0.15943069756031036,0.16295233368873596,0.16295233368873596,0.14744751155376434,0.15276999771595,0.15660788118839264,0.15988722443580627,0.16295233368873596,0.16601744294166565,0.16929678618907928,0.1731346696615219,0.17845715582370758
external_psm,feature_12,feature_12::origin=0,0,arima_2_1_2,0,2914204991,gaussian,12,2000-04-01 13:00:00,0.16293500363826752,0.162953183054924,0.162953183054924,0.14696605503559113,0.15245410799980164,0.15641137957572937,0.1597927212715149,0.162953183054924,0.16611364483833313,0.16949498653411865,0.1734522581100464,0.1789403110742569
external_psm,feature_12,feature_12::origin=0,0,arima_2_1_2,0,2914204991,gaussian,13,2000-04-01 14:00:00,0.16489140689373016,0.16295377910137177,0.16295377910137177,0.14650006592273712,0.1521482914686203,0.15622104704380035,0.15970107913017273,0.16295377910137177,0.1662064790725708,0.16968651115894318,0.17375926673412323,0.1794074922800064
external_psm,feature_12,feature_12::origin=0,0,arima_2_1_2,0,2914204991,gaussian,14,2000-04-01 15:00:00,0.16309212148189545,0.1629541665315628,0.1629541665315628,0.14604780077934265,0.15185141563415527,0.15603621304035187,0.15961198508739471,0.1629541665315628,0.1662963479757309,0.16987212002277374,0.17405693233013153,0.17986053228378296
external_psm,feature_12,feature_12::origin=0,0,arima_2_1_2,0,2914204991,gaussian,15,2000-04-01 16:00:00,0.15877287089824677,0.1629544347524643,0.1629544347524643,0.14560790359973907,0.1515626162290573,0.15585637092590332,0.15952524542808533,0.1629544347524643,0.16638363897800446,0.17005249857902527,0.17434625327587128,0.18030096590518951
external_psm,feature_12,feature_12::origin=0,0,arima_2_1_2,0,2914204991,gaussian,16,2000-04-01 17:00:00,0.15560375154018402,0.16295461356639862,0.16295461356639862,0.14517928659915924,0.1512811928987503,0.1556810885667801,0.15944065153598785,0.16295461356639862,0.1664685755968094,0.17022813856601715,0.17462803423404694,0.180729940533638
external_psm,feature_12,feature_12::origin=0,0,arima_2_1_2,0,2914204991,gaussian,17,2000-04-01 18:00:00,0.15704943239688873,0.16295473277568817,0.16295473277568817,0.14476099610328674,0.1510065346956253,0.15551000833511353,0.15935805439949036,0.16295473277568817,0.166551411151886,0.17039945721626282,0.17490293085575104,0.1811484694480896
external_psm,feature_12,feature_12::origin=0,0,arima_2_1_2,0,2914204991,gaussian,18,2000-04-01 19:00:00,0.16114915907382965,0.16295480728149414,0.16295480728149414,0.1443522721529007,0.15073814988136292,0.15534280240535736,0.1592773199081421,0.16295480728149414,0.1666322946548462,0.17056681215763092,0.17517146468162537,0.18155734241008759
external_psm,feature_12,feature_12::origin=0,0,arima_2_1_2,0,2914204991,gaussian,19,2000-04-01 20:00:00,0.1607760190963745,0.16295486688613892,0.16295486688613892,0.14395245909690857,0.15047559142112732,0.1551792323589325,0.1591983288526535,0.16295486688613892,0.16671140491962433,0.17073050141334534,0.1754341423511505,0.18195727467536926
external_psm,feature_12,feature_12::origin=0,0,arima_2_1_2,0,2914204991,gaussian,20,2000-04-01 21:00:00,0.16129456460475922,0.1629548966884613,0.1629548966884613,0.14356094598770142,0.15021848678588867,0.15501904487609863,0.15912094712257385,0.1629548966884613,0.16678884625434875,0.17089074850082397,0.17569130659103394,0.1823488473892212
external_psm,feature_12,feature_12::origin=0,0,arima_2_1_2,0,2914204991,gaussian,21,2000-04-01 22:00:00,0.16123667359352112,0.1629549264907837,0.1629549264907837,0.14317724108695984,0.1499665230512619,0.15486206114292145,0.15904511511325836,0.1629549264907837,0.16686473786830902,0.17104779183864594,0.17594332993030548,0.18273261189460754
external_psm,feature_12,feature_12::origin=0,0,arima_2_1_2,0,2914204991,gaussian,22,2000-04-01 23:00:00,0.16235342621803284,0.16295494139194489,0.16295494139194489,0.14280086755752563,0.14971934258937836,0.15470805764198303,0.15897072851657867,0.16295494139194489,0.1669391542673111,0.17120182514190674,0.1761905401945114,0.18310901522636414
external_psm,feature_12,feature_12::origin=0,0,arima_2_1_2,0,2914204991,gaussian,23,2000-04-02 00:00:00,0.15797807276248932,0.16295495629310608,0.16295495629310608,0.14243140816688538,0.14947672188282013,0.15455688536167145,0.15889769792556763,0.16295495629310608,0.16701221466064453,0.1713530272245407,0.17643319070339203,0.1834784895181656
external_psm,feature_12,feature_12::origin=0,0,auto_arima,0,2219780096,gaussian,0,2000-04-01 01:00:00,0.16533242166042328,0.16404962539672852,0.16404962539672852,0.1584431529045105,0.16036774218082428,0.1617555022239685,0.16294129192829132,0.16404962539672852,0.1651579588651657,0.16634374856948853,0.16773150861263275,0.16965609788894653
external_psm,feature_12,feature_12::origin=0,0,auto_arima,0,2219780096,gaussian,1,2000-04-01 02:00:00,0.1596791297197342,0.16479676961898804,0.16479676961898804,0.1572687029838562,0.15985293686389923,0.16171634197235107,0.16330856084823608,0.16479676961898804,0.16628497838974,0.167877197265625,0.16974060237407684,0.17232483625411987
external_psm,feature_12,feature_12::origin=0,0,auto_arima,0,2219780096,gaussian,2,2000-04-01 03:00:00,0.16039185225963593,0.1654662787914276,0.1654662787914276,0.15669484436511993,0.15970589220523834,0.1618770807981491,0.16373227536678314,0.1654662787914276,0.16720028221607208,0.16905547678470612,0.17122666537761688,0.1742377132177353
external_psm,feature_12,feature_12::origin=0,0,auto_arima,0,2219780096,gaussian,3,2000-04-01 04:00:00,0.16553683578968048,0.16606619954109192,0.16606619954109192,0.15641158819198608,0.1597258299589157,0.16211561858654022,0.16415759921073914,0.16606619954109192,0.1679747998714447,0.17001678049564362,0.17240658402442932,0.17572079598903656
external_psm,feature_12,feature_12::origin=0,0,auto_arima,0,2219780096,gaussian,4,2000-04-01 05:00:00,0.16903269290924072,0.16660378873348236,0.16660378873348236,0.15629465878009796,0.15983356535434723,0.16238537430763245,0.1645658016204834,0.16660378873348236,0.16864177584648132,0.17082220315933228,0.1733740121126175,0.17691291868686676
external_psm,feature_12,feature_12::origin=0,0,auto_arima,0,2219780096,gaussian,5,2000-04-01 06:00:00,0.1648019403219223,0.16708552837371826,0.16708552837371826,0.15627948939800262,0.15998896956443787,0.1626637876033783,0.16494929790496826,0.16708552837371826,0.16922175884246826,0.17150726914405823,0.17418208718299866,0.1778915673494339
external_psm,feature_12,feature_12::origin=0,0,auto_arima,0,2219780096,gaussian,6,2000-04-01 07:00:00,0.17098048329353333,0.16751718521118164,0.16751718521118164,0.15632809698581696,0.1601690798997879,0.1629386991262436,0.1653052419424057,0.16751718521118164,0.16972912847995758,0.1720956712961197,0.17486529052257538,0.17870627343654633
external_psm,feature_12,feature_12::origin=0,0,auto_arima,0,2219780096,gaussian,7,2000-04-01 08:00:00,0.16989243030548096,0.16790400445461273,0.16790400445461273,0.15641659498214722,0.16035997867584229,0.16320344805717468,0.16563308238983154,0.16790400445461273,0.17017492651939392,0.17260456085205078,0.17544803023338318,0.17939141392707825
external_psm,feature_12,feature_12::origin=0,0,auto_arima,0,2219780096,gaussian,8,2000-04-01 09:00:00,0.17064853012561798,0.16825062036514282,0.16825062036514282,0.15652915835380554,0.16055288910865784,0.16345429420471191,0.16593343019485474,0.16825062036514282,0.1705678105354309,0.17304694652557373,0.1759483516216278,0.1799720823764801
external_psm,feature_12,feature_12::origin=0,0,auto_arima,0,2219780096,gaussian,9,2000-04-01 10:00:00,0.1648189127445221,0.1685612052679062,0.1685612052679062,0.15665513277053833,0.16074223816394806,0.16368933022022247,0.16620752215385437,0.1685612052679062,0.170914888381958,0.1734330803155899,0.17638017237186432,0.18046727776527405
external_psm,feature_12,feature_12::origin=0,0,auto_arima,0,2219780096,gaussian,10,2000-04-01 11:00:00,0.16361655294895172,0.16883952915668488,0.16883952915668488,0.15678727626800537,0.16092456877231598,0.16390784084796906,0.166456937789917,0.16883952915668488,0.17122212052345276,0.1737712174654007,0.17675448954105377,0.18089178204536438
external_psm,feature_12,feature_12::origin=0,0,auto_arima,0,2219780096,gaussian,11,2000-04-01 12:00:00,0.15943069756031036,0.1690889298915863,0.1690889298915863,0.15692055225372314,0.1610977053642273,0.1641097366809845,0.1666833907365799,0.1690889298915863,0.1714944690465927,0.1740681231021881,0.1770801544189453,0.18125729262828827
external_psm,feature_12,feature_12::origin=0,0,auto_arima,0,2219780096,gaussian,12,2000-04-01 13:00:00,0.16293500363826752,0.16931241750717163,0.16931241750717163,0.15705160796642303,0.1612604856491089,0.16429539024829865,0.16688860952854156,0.16931241750717163,0.1717362254858017,0.17432944476604462,0.17736434936523438,0.18157322704792023
external_psm,feature_12,feature_12::origin=0,0,auto_arima,0,2219780096,gaussian,13,2000-04-01 14:00:00,0.16489140689373016,0.16951267421245575,0.16951267421245575,0.15717813372612,0.1614123284816742,0.16446548700332642,0.1670742928981781,0.16951267421245575,0.1719510555267334,0.17455986142158508,0.1776130199432373,0.1818471997976303
external_psm,feature_12,feature_12::origin=0,0,auto_arima,0,2219780096,gaussian,14,2000-04-01 15:00:00,0.16309212148189545,0.16969212889671326,0.16969212889671326,0.1572987139225006,0.16155311465263367,0.16462084650993347,0.1672421097755432,0.16969212889671326,0.1721421629190445,0.17476341128349304,0.17783114314079285,0.1820855438709259
external_psm,feature_12,feature_12::origin=0,0,auto_arima,0,2219780096,gaussian,15,2000-04-01 16:00:00,0.15877287089824677,0.16985292732715607,0.16985292732715607,0.15741243958473206,0.16168300807476044,0.16476237773895264,0.16739359498023987,0.16985292732715607,0.17231225967407227,0.1749434769153595,0.1780228465795517,0.18229341506958008
external_psm,feature_12,feature_12::origin=0,0,auto_arima,0,2219780096,gaussian,16,2000-04-01 17:00:00,0.15560375154018402,0.16999702155590057,0.16999702155590057,0.15751886367797852,0.16180235147476196,0.1648910641670227,0.16753023862838745,0.16999702155590057,0.1724638044834137,0.17510297894477844,0.17819169163703918,0.18247517943382263
external_psm,feature_12,feature_12::origin=0,0,auto_arima,0,2219780096,gaussian,17,2000-04-01 18:00:00,0.15704943239688873,0.17012614011764526,0.17012614011764526,0.15761780738830566,0.16191166639328003,0.1650078296661377,0.1676533967256546,0.17012614011764526,0.17259888350963593,0.17524445056915283,0.1783406138420105,0.18263447284698486
external_psm,feature_12,feature_12::origin=0,0,auto_arima,0,2219780096,gaussian,18,2000-04-01 19:00:00,0.16114915907382965,0.1702418476343155,0.1702418476343155,0.15770934522151947,0.16201148927211761,0.1651136428117752,0.1677643209695816,0.1702418476343155,0.17271937429904938,0.17537005245685577,0.17847220599651337,0.1827743500471115
external_psm,feature_12,feature_12::origin=0,0,auto_arima,0,2219780096,gaussian,19,2000-04-01 20:00:00,0.1607760190963745,0.17034552991390228,0.17034552991390228,0.15779365599155426,0.16210246086120605,0.16520939767360687,0.16786417365074158,0.17034552991390228,0.172826886177063,0.1754816621541977,0.1785886138677597,0.1828974038362503
external_psm,feature_12,feature_12::origin=0,0,auto_arima,0,2219780096,gaussian,20,2000-04-01 21:00:00,0.16129456460475922,0.17043842375278473,0.17043842375278473,0.15787100791931152,0.16218514740467072,0.16529594361782074,0.1679539978504181,0.17043842375278473,0.17292284965515137,0.17558090388774872,0.17869170010089874,0.18300583958625793
external_psm,feature_12,feature_12::origin=0,0,auto_arima,0,2219780096,gaussian,21,2000-04-01 22:00:00,0.16123667359352112,0.17052167654037476,0.17052167654037476,0.1579418033361435,0.16226021945476532,0.16537410020828247,0.16803479194641113,0.17052167654037476,0.17300856113433838,0.17566925287246704,0.1787831336259842,0.18310154974460602
external_psm,feature_12,feature_12::origin=0,0,auto_arima,0,2219780096,gaussian,22,2000-04-01 23:00:00,0.16235342621803284,0.17059627175331116,0.17059627175331116,0.15800639986991882,0.16232824325561523,0.16544459760189056,0.16810740530490875,0.17059627175331116,0.17308513820171356,0.17574794590473175,0.17886430025100708,0.1831861436367035
external_psm,feature_12,feature_12::origin=0,0,auto_arima,0,2219780096,gaussian,23,2000-04-02 00:00:00,0.15797807276248932,0.17066313326358795,0.17066313326358795,0.15806524455547333,0.1623898446559906,0.1655081808567047,0.168172687292099,0.17066313326358795,0.1731535792350769,0.1758180856704712,0.1789364367723465,0.18326102197170258
external_psm,feature_12,feature_12::origin=0,0,prophet,0,3431224901,samples,0,2000-04-01 01:00:00,0.16533242166042328,0.15680569410324097,0.15743175148963928,0.15146544575691223,0.15352606773376465,0.15485145151615143,0.15576694905757904,0.15680569410324097,0.1582055687904358,0.15944503247737885,0.16094687581062317,0.16318316757678986
external_psm,feature_12,feature_12::origin=0,0,prophet,0,3431224901,samples,1,2000-04-01 02:00:00,0.1596791297197342,0.15695834159851074,0.15787489712238312,0.1515403389930725,0.15332941710948944,0.15464428067207336,0.15598709881305695,0.15695834159851074,0.1582747995853424,0.16008757054805756,0.16145512461662292,0.16395919024944305
external_psm,feature_12,feature_12::origin=0,0,prophet,0,3431224901,samples,2,2000-04-01 03:00:00,0.16039185225963593,0.15909221768379211,0.1587924063205719,0.15357229113578796,0.15591664612293243,0.15698038041591644,0.15793153643608093,0.15909221768379211,0.16036780178546906,0.1615632176399231,0.16275879740715027,0.1652042120695114
external_psm,feature_12,feature_12::origin=0,0,prophet,0,3431224901,samples,3,2000-04-01 04:00:00,0.16553683578968048,0.16058692336082458,0.1604948788881302,0.1547573208808899,0.15688155591487885,0.15819959342479706,0.15966656804084778,0.16058692336082458,0.16215623915195465,0.16373935341835022,0.1646793782711029,0.16595911979675293
external_psm,feature_12,feature_12::origin=0,0,prophet,0,3431224901,samples,4,2000-04-01 05:00:00,0.16903269290924072,0.1628534197807312,0.16299627721309662,0.1568375825881958,0.15914157032966614,0.16024230420589447,0.16152043640613556,0.1628534197807312,0.16392782330513,0.16469192504882812,0.16633670032024384,0.16916903853416443
external_psm,feature_12,feature_12::origin=0,0,prophet,0,3431224901,samples,5,2000-04-01 06:00:00,0.1648019403219223,0.16521945595741272,0.16558818519115448,0.1610872596502304,0.16216875612735748,0.16312970221042633,0.16464266180992126,0.16521945595741272,0.1667170524597168,0.16781266033649445,0.16909728944301605,0.17087167501449585
external_psm,feature_12,feature_12::origin=0,0,prophet,0,3431224901,samples,6,2000-04-01 07:00:00,0.17098048329353333,0.16661545634269714,0.16713087260723114,0.1605769842863083,0.1632968932390213,0.16434171795845032,0.16575303673744202,0.16661545634269714,0.16767728328704834,0.16933733224868774,0.17095333337783813,0.1731652319431305
external_psm,feature_12,feature_12::origin=0,0,prophet,0,3431224901,samples,7,2000-04-01 08:00:00,0.16989243030548096,0.16779817640781403,0.16698774695396423,0.16170933842658997,0.16403141617774963,0.1655595898628235,0.16654302179813385,0.16779817640781403,0.1686992049217224,0.16976602375507355,0.17104578018188477,0.17380790412425995
external_psm,feature_12,feature_12::origin=0,0,prophet,0,3431224901,samples,8,2000-04-01 09:00:00,0.17064853012561798,0.16490094363689423,0.16574403643608093,0.15909487009048462,0.16122440993785858,0.16311128437519073,0.1640356332063675,0.16490094363689423,0.16651029884815216,0.16777096688747406,0.16926884651184082,0.17113323509693146
external_psm,feature_12,feature_12::origin=0,0,prophet,0,3431224901,samples,9,2000-04-01 10:00:00,0.1648189127445221,0.1649688333272934,0.1648823767900467,0.15930277109146118,0.16157780587673187,0.16276323795318604,0.1640094816684723,0.1649688333272934,0.16624586284160614,0.1675214022397995,0.16884982585906982,0.1704796999692917
external_psm,feature_12,feature_12::origin=0,0,prophet,0,3431224901,samples,10,2000-04-01 11:00:00,0.16361655294895172,0.16574013233184814,0.1655196249485016,0.15958715975284576,0.16235364973545074,0.16396182775497437,0.16498710215091705,0.16574013233184814,0.1667957603931427,0.16793549060821533,0.1696147471666336,0.17133194208145142
external_psm,feature_12,feature_12::origin=0,0,prophet,0,3431224901,samples,11,2000-04-01 12:00:00,0.15943069756031036,0.16780968010425568,0.16727806627750397,0.16166910529136658,0.163450688123703,0.16532698273658752,0.16635344922542572,0.16780968010425568,0.169014573097229,0.1698072999715805,0.17135436832904816,0.17359860241413116
external_psm,feature_12,feature_12::origin=0,0,prophet,0,3431224901,samples,12,2000-04-01 13:00:00,0.16293500363826752,0.16840296983718872,0.16838505864143372,0.1619764119386673,0.16422927379608154,0.16599048674106598,0.16731344163417816,0.16840296983718872,0.16922564804553986,0.17085425555706024,0.1718555986881256,0.17445233464241028
external_psm,feature_12,feature_12::origin=0,0,prophet,0,3431224901,samples,13,2000-04-01 14:00:00,0.16489140689373016,0.16707322001457214,0.16705358028411865,0.16086050868034363,0.16302059590816498,0.16463996469974518,0.1660168319940567,0.16707322001457214,0.16802044212818146,0.1692512482404709,0.1711699515581131,0.1734004020690918
external_psm,feature_12,feature_12::origin=0,0,prophet,0,3431224901,samples,14,2000-04-01 15:00:00,0.16309212148189545,0.16360929608345032,0.16301918029785156,0.15824589133262634,0.15966911613941193,0.1606290638446808,0.16184666752815247,0.16360929608345032,0.16503991186618805,0.16616158187389374,0.16758660972118378,0.16934219002723694
external_psm,feature_12,feature_12::origin=0,0,prophet,0,3431224901,samples,15,2000-04-01 16:00:00,0.15877287089824677,0.15738609433174133,0.15790462493896484,0.15213973820209503,0.15428589284420013,0.1553088277578354,0.15664507448673248,0.15738609433174133,0.15879741311073303,0.16010843217372894,0.16136494278907776,0.16340865194797516
external_psm,feature_12,feature_12::origin=0,0,prophet,0,3431224901,samples,16,2000-04-01 17:00:00,0.15560375154018402,0.1540353000164032,0.1540774255990982,0.14866365492343903,0.15026667714118958,0.15153460204601288,0.15255068242549896,0.1540353000164032,0.155179962515831,0.15664781630039215,0.15825122594833374,0.15981143712997437
external_psm,feature_12,feature_12::origin=0,0,prophet,0,3431224901,samples,17,2000-04-01 18:00:00,0.15704943239688873,0.15221455693244934,0.15296287834644318,0.14614658057689667,0.14834372699260712,0.14948827028274536,0.1512942910194397,0.15221455693244934,0.15358510613441467,0.15499867498874664,0.15651822090148926,0.15878726541996002
external_psm,feature_12,feature_12::origin=0,0,prophet,0,3431224901,samples,18,2000-04-01 19:00:00,0.16114915907382965,0.15478357672691345,0.15419834852218628,0.14882178604602814,0.1510155200958252,0.15252894163131714,0.15345609188079834,0.15478357672691345,0.1559169888496399,0.15698787569999695,0.15853579342365265,0.16045169532299042
external_psm,feature_12,feature_12::origin=0,0,prophet,0,3431224901,samples,19,2000-04-01 20:00:00,0.1607760190963745,0.1559736132621765,0.15621353685855865,0.14946302771568298,0.1513945609331131,0.15318717062473297,0.15461160242557526,0.1559736132621765,0.15730717778205872,0.15865135192871094,0.16002780199050903,0.16173681616783142
external_psm,feature_12,feature_12::origin=0,0,prophet,0,3431224901,samples,20,2000-04-01 21:00:00,0.16129456460475922,0.15739655494689941,0.15757814049720764,0.15120115876197815,0.15389712154865265,0.15499188005924225,0.15613232553005219,0.15739655494689941,0.15839903056621552,0.15944571793079376,0.16068029403686523,0.16191071271896362
external_psm,feature_12,feature_12::origin=0,0,prophet,0,3431224901,samples,21,2000-04-01 22:00:00,0.16123667359352112,0.15869426727294922,0.15791559219360352,0.15246665477752686,0.15470778942108154,0.15606597065925598,0.15737952291965485,0.15869426727294922,0.15949569642543793,0.16062773764133453,0.162388414144516,0.1648731678724289
external_psm,feature_12,feature_12::origin=0,0,prophet,0,3431224901,samples,22,2000-04-01 23:00:00,0.16235342621803284,0.15723289549350739,0.15775765478610992,0.15231898427009583,0.15380756556987762,0.15497919917106628,0.156189426779747,0.15723289549350739,0.15866640210151672,0.15973740816116333,0.16173356771469116,0.16377118229866028
external_psm,feature_12,feature_12::origin=0,0,prophet,0,3431224901,samples,23,2000-04-02 00:00:00,0.15797807276248932,0.15745809674263,0.15775664150714874,0.15254518389701843,0.15447351336479187,0.15565672516822815,0.1566229909658432,0.15745809674263,0.15874527394771576,0.1600882112979889,0.1614384651184082,0.16272610425949097
external_psm,feature_12,feature_12::origin=0,0,deepar,0,2880031406,samples,0,2000-04-01 01:00:00,0.16533242166042328,0.16873404383659363,0.16849690675735474,0.1623399406671524,0.164668008685112,0.16601155698299408,0.16722629964351654,0.16873404383659363,0.1695074886083603,0.17016258835792542,0.17164713144302368,0.17484577000141144
external_psm,feature_12,feature_12::origin=0,0,deepar,0,2880031406,samples,1,2000-04-01 02:00:00,0.1596791297197342,0.17252393066883087,0.17258423566818237,0.16552294790744781,0.16761738061904907,0.1697077602148056,0.17114530503749847,0.17252393066883087,0.17331808805465698,0.17446796596050262,0.17645786702632904,0.17876674234867096
external_psm,feature_12,feature_12::origin=0,0,deepar,0,2880031406,samples,2,2000-04-01 03:00:00,0.16039185225963593,0.17559491097927094,0.17498615384101868,0.16847078502178192,0.1710260808467865,0.1729729175567627,0.17379656434059143,0.17559491097927094,0.176280215382576,0.17713667452335358,0.17903956770896912,0.18213270604610443
external_psm,feature_12,feature_12::origin=0,0,deepar,0,2880031406,samples,3,2000-04-01 04:00:00,0.16553683578968048,0.1752641350030899,0.17534707486629486,0.1705646514892578,0.1723499447107315,0.17305779457092285,0.17460274696350098,0.1752641350030899,0.17634478211402893,0.17757272720336914,0.1795162856578827,0.18116043508052826
external_psm,feature_12,feature_12::origin=0,0,deepar,0,2880031406,samples,4,2000-04-01 05:00:00,0.16903269290924072,0.17582261562347412,0.17605237662792206,0.1704246550798416,0.17193254828453064,0.17368273437023163,0.1747109442949295,0.17582261562347412,0.17714819312095642,0.17882108688354492,0.18002502620220184,0.18251334130764008
external_psm,feature_12,feature_12::origin=0,0,deepar,0,2880031406,samples,5,2000-04-01 06:00:00,0.1648019403219223,0.17747776210308075,0.17728866636753082,0.17092061042785645,0.17301495373249054,0.1745176613330841,0.17606176435947418,0.17747776210308075,0.1787000447511673,0.17983055114746094,0.18176360428333282,0.18375301361083984
external_psm,feature_12,feature_12::origin=0,0,deepar,0,2880031406,samples,6,2000-04-01 07:00:00,0.17098048329353333,0.176360085606575,0.17596958577632904,0.16961102187633514,0.1726554036140442,0.17375166714191437,0.1752738505601883,0.176360085606575,0.17720019817352295,0.17848150432109833,0.18014852702617645,0.18184208869934082
external_psm,feature_12,feature_12::origin=0,0,deepar,0,2880031406,samples,7,2000-04-01 08:00:00,0.16989243030548096,0.1779245287179947,0.17823316156864166,0.17322902381420135,0.17487026751041412,0.17599403858184814,0.1766892969608307,0.1779245287179947,0.17944957315921783,0.18034577369689941,0.18140213191509247,0.18365582823753357
external_psm,feature_12,feature_12::origin=0,0,deepar,0,2880031406,samples,8,2000-04-01 09:00:00,0.17064853012561798,0.17823155224323273,0.17819464206695557,0.1727309674024582,0.1742715835571289,0.1762395054101944,0.17721380293369293,0.17823155224323273,0.1794702112674713,0.18055017292499542,0.18183690309524536,0.1837129145860672
external_psm,feature_12,feature_12::origin=0,0,deepar,0,2880031406,samples,9,2000-04-01 10:00:00,0.1648189127445221,0.17817583680152893,0.177249014377594,0.17136088013648987,0.17332233488559723,0.17505855858325958,0.17647892236709595,0.17817583680152893,0.17889980971813202,0.17960776388645172,0.18071360886096954,0.18251383304595947
external_psm,feature_12,feature_12::origin=0,0,deepar,0,2880031406,samples,10,2000-04-01 11:00:00,0.16361655294895172,0.17697162926197052,0.17741413414478302,0.17174923419952393,0.17372941970825195,0.17507943511009216,0.17588023841381073,0.17697162926197052,0.178115114569664,0.17955826222896576,0.18118858337402344,0.1835189312696457
external_psm,feature_12,feature_12::origin=0,0,deepar,0,2880031406,samples,11,2000-04-01 12:00:00,0.15943069756031036,0.17668752372264862,0.1768796294927597,0.17119792103767395,0.17335958778858185,0.1750001460313797,0.17574815452098846,0.17668752372264862,0.17763805389404297,0.17884697020053864,0.18008670210838318,0.18252183496952057
external_psm,feature_12,feature_12::origin=0,0,deepar,0,2880031406,samples,12,2000-04-01 13:00:00,0.16293500363826752,0.17613396048545837,0.17646536231040955,0.17081615328788757,0.17310386896133423,0.1743941307067871,0.1749633252620697,0.17613396048545837,0.17729376256465912,0.17840789258480072,0.179965078830719,0.18237288296222687
external_psm,feature_12,feature_12::origin=0,0,deepar,0,2880031406,samples,13,2000-04-01 14:00:00,0.16489140689373016,0.17599493265151978,0.17556869983673096,0.1686864048242569,0.17087966203689575,0.17295444011688232,0.1742967814207077,0.17599493265151978,0.17709630727767944,0.17758490145206451,0.17926323413848877,0.1826786994934082
external_psm,feature_12,feature_12::origin=0,0,deepar,0,2880031406,samples,14,2000-04-01 15:00:00,0.16309212148189545,0.17477282881736755,0.17535968124866486,0.16948920488357544,0.17186890542507172,0.1729898303747177,0.17363129556179047,0.17477282881736755,0.17598852515220642,0.17691822350025177,0.17920386791229248,0.18274562060832977
external_psm,feature_12,feature_12::origin=0,0,deepar,0,2880031406,samples,15,2000-04-01 16:00:00,0.15877287089824677,0.17598550021648407,0.1756359040737152,0.16948550939559937,0.17133376002311707,0.17309272289276123,0.17420735955238342,0.17598550021648407,0.17716363072395325,0.1783742904663086,0.17988747358322144,0.1821981966495514
external_psm,feature_12,feature_12::origin=0,0,deepar,0,2880031406,samples,16,2000-04-01 17:00:00,0.15560375154018402,0.17373420298099518,0.1733289211988449,0.1659553050994873,0.1691090166568756,0.17042605578899384,0.17170420289039612,0.17373420298099518,0.17460843920707703,0.1763726770877838,0.17803411185741425,0.18039779365062714
external_psm,feature_12,feature_12::origin=0,0,deepar,0,2880031406,samples,17,2000-04-01 18:00:00,0.15704943239688873,0.17347195744514465,0.17353542149066925,0.16733592748641968,0.16952431201934814,0.17105688154697418,0.17271946370601654,0.17347195744514465,0.17428074777126312,0.17553049325942993,0.1773761510848999,0.1787833720445633
external_psm,feature_12,feature_12::origin=0,0,deepar,0,2880031406,samples,18,2000-04-01 19:00:00,0.16114915907382965,0.17264693975448608,0.17221009731292725,0.16559569537639618,0.16814903914928436,0.17044350504875183,0.17165887355804443,0.17264693975448608,0.17366215586662292,0.17464229464530945,0.17667603492736816,0.17766709625720978
external_psm,feature_12,feature_12::origin=0,0,deepar,0,2880031406,samples,19,2000-04-01 20:00:00,0.1607760190963745,0.17263516783714294,0.1718783974647522,0.16472020745277405,0.16734962165355682,0.16982387006282806,0.171284019947052,0.17263516783714294,0.1729617565870285,0.17422747611999512,0.1762503832578659,0.1786043494939804
external_psm,feature_12,feature_12::origin=0,0,deepar,0,2880031406,samples,20,2000-04-01 21:00:00,0.16129456460475922,0.17111729085445404,0.170826718211174,0.16547100245952606,0.16668154299259186,0.16801822185516357,0.16938696801662445,0.17111729085445404,0.17250247299671173,0.17356327176094055,0.17515352368354797,0.1767680048942566
external_psm,feature_12,feature_12::origin=0,0,deepar,0,2880031406,samples,21,2000-04-01 22:00:00,0.16123667359352112,0.16900691390037537,0.16931548714637756,0.163329616189003,0.16588960587978363,0.1676773875951767,0.1683715283870697,0.16900691390037537,0.17036737501621246,0.17215853929519653,0.1738905906677246,0.176217183470726
external_psm,feature_12,feature_12::origin=0,0,deepar,0,2880031406,samples,22,2000-04-01 23:00:00,0.16235342621803284,0.1688423752784729,0.16858264803886414,0.16260986030101776,0.16392648220062256,0.16621895134449005,0.16749480366706848,0.1688423752784729,0.16988807916641235,0.17111371457576752,0.17246253788471222,0.1746281534433365
external_psm,feature_12,feature_12::origin=0,0,deepar,0,2880031406,samples,23,2000-04-02 00:00:00,0.15797807276248932,0.1690429002046585,0.16880078613758087,0.1623689830303192,0.1650918573141098,0.16680596768856049,0.16791024804115295,0.1690429002046585,0.16962185502052307,0.17103926837444305,0.17216403782367706,0.17413784563541412
chronos_m3_quarterly,378:target,378:target::origin=0,0,chronos_t5_tiny,0,221928187,chronos_samples,0,1991-01-31 00:00:00,4060.199951171875,4144.150390625,4145.85986328125,3994.619384765625,4080.065673828125,4101.42724609375,4122.7890625,4144.150390625,4165.51220703125,4208.23583984375,4250.958984375,4293.68212890625
chronos_m3_quarterly,378:target,378:target::origin=0,0,chronos_t5_tiny,0,221928187,chronos_samples,1,1991-04-30 00:00:00,3935.0,4122.7890625,4111.68115234375,3883.539306640625,3973.2578125,4030.93408203125,4080.065673828125,4122.7890625,4165.51220703125,4214.64404296875,4276.5927734375,4357.7666015625
chronos_m3_quarterly,378:target,378:target::origin=0,0,chronos_t5_tiny,0,221928187,chronos_samples,2,1991-07-31 00:00:00,3814.199951171875,4101.42724609375,4076.861572265625,3778.866943359375,3862.177734375,3973.2578125,4037.342529296875,4101.42724609375,4165.51220703125,4229.59716796875,4297.95458984375,4443.212890625
chronos_m3_quarterly,378:target,378:target::origin=0,0,chronos_t5_tiny,0,221928187,chronos_samples,3,1991-10-31 00:00:00,3787.0,4101.42724609375,4050.800537109375,3631.47216796875,3759.6416015625,3909.173095703125,3994.619384765625,4101.42724609375,4169.78466796875,4250.958984375,4362.0390625,4488.072265625
chronos_m3_quarterly,378:target,378:target::origin=0,0,chronos_t5_tiny,0,221928187,chronos_samples,4,1992-01-31 00:00:00,3718.0,4090.74658203125,4036.48779296875,3392.22216796875,3665.650634765625,3825.86279296875,4015.98095703125,4090.74658203125,4186.8740234375,4293.68212890625,4443.212890625,4573.51904296875
chronos_m3_quarterly,378:target,378:target::origin=0,0,chronos_t5_tiny,0,221928187,chronos_samples,5,1992-04-30 00:00:00,3786.60009765625,4090.74658203125,4027.729736328125,3266.188720703125,3546.02587890625,3746.82470703125,4007.436279296875,4090.74658203125,4229.59716796875,4327.8603515625,4511.5703125,4720.9140625
chronos_m3_quarterly,378:target,378:target::origin=0,0,chronos_t5_tiny,0,221928187,chronos_samples,6,1992-07-31 00:00:00,3747.60009765625,4122.7890625,4019.399169921875,3199.968017578125,3460.57958984375,3674.1953125,3913.445556640625,4122.7890625,4250.958984375,4364.1748046875,4592.74462890625,4827.7216796875
chronos_m3_quarterly,378:target,378:target::origin=0,0,chronos_t5_tiny,0,221928187,chronos_samples,7,1992-10-31 00:00:00,3919.0,4101.42724609375,4003.1640625,3033.34716796875,3387.94970703125,3567.387451171875,3879.266845703125,4101.42724609375,4280.865234375,4428.259765625,4682.46337890625,4893.943359375
chronos_m3_quarterly,378:target,378:target::origin=0,0,moirai_2_0_small,0,2181585521,moirai_quantiles_no_mean,0,1991-01-31 00:00:00,4060.199951171875,4105.8193359375,4105.8193359375,3888.416748046875,3972.2578125,4021.26708984375,4071.1142578125,4105.8193359375,4139.8466796875,4184.11083984375,4239.58544921875,4357.45703125
chronos_m3_quarterly,378:target,378:target::origin=0,0,moirai_2_0_small,0,2181585521,moirai_quantiles_no_mean,1,1991-04-30 00:00:00,3935.0,4043.830810546875,4043.830810546875,3684.6201171875,3845.29541015625,3908.84619140625,3978.55859375,4043.830810546875,4103.267578125,4176.10302734375,4271.17431640625,4452.291015625
chronos_m3_quarterly,378:target,378:target::origin=0,0,moirai_2_0_small,0,2181585521,moirai_quantiles_no_mean,2,1991-07-31 00:00:00,3814.199951171875,3995.1181640625,3995.1181640625,3523.060546875,3743.95166015625,3833.234130859375,3914.45849609375,3995.1181640625,4070.661376953125,4165.4609375,4280.447265625,4501.55517578125
chronos_m3_quarterly,378:target,378:target::origin=0,0,moirai_2_0_small,0,2181585521,moirai_quantiles_no_mean,3,1991-10-31 00:00:00,3787.0,3979.0771484375,3979.0771484375,3413.30517578125,3689.90087890625,3796.46826171875,3890.479736328125,3979.0771484375,4063.9453125,4171.5537109375,4309.5185546875,4571.12841796875
chronos_m3_quarterly,378:target,378:target::origin=0,0,moirai_2_0_small,0,2181585521,moirai_quantiles_no_mean,4,1992-01-31 00:00:00,3718.0,3957.0224609375,3957.0224609375,3307.93212890625,3619.220703125,3747.53759765625,3860.681640625,3957.0224609375,4047.392578125,4160.8671875,4311.125,4591.6376953125
chronos_m3_quarterly,378:target,378:target::origin=0,0,moirai_2_0_small,0,2181585521,moirai_quantiles_no_mean,5,1992-04-30 00:00:00,3786.60009765625,3948.453857421875,3948.453857421875,3206.845703125,3566.682373046875,3715.16796875,3840.59814453125,3948.453857421875,4038.549560546875,4151.490234375,4300.9541015625,4593.5849609375
chronos_m3_quarterly,378:target,378:target::origin=0,0,moirai_2_0_small,0,2181585521,moirai_quantiles_no_mean,6,1992-07-31 00:00:00,3747.60009765625,3921.9755859375,3921.9755859375,3072.571044921875,3475.447998046875,3655.94189453125,3799.28369140625,3921.9755859375,4015.546630859375,4135.95263671875,4292.7958984375,4601.8701171875
chronos_m3_quarterly,378:target,378:target::origin=0,0,moirai_2_0_small,0,2181585521,moirai_quantiles_no_mean,7,1992-10-31 00:00:00,3919.0,3900.2080078125,3900.2080078125,2944.338134765625,3394.4169921875,3596.316650390625,3761.96875,3900.2080078125,4005.1162109375,4136.13671875,4304.70654296875,4612.15234375
chronos_m3_quarterly,378:target,378:target::origin=0,0,seasonal_naive,0,1822922710,degenerate,0,1991-01-31 00:00:00,4060.199951171875,4525.2001953125,4525.2001953125,4525.2001953125,4525.2001953125,4525.2001953125,4525.2001953125,4525.2001953125,4525.2001953125,4525.2001953125,4525.2001953125,4525.2001953125
chronos_m3_quarterly,378:target,378:target::origin=0,0,seasonal_naive,0,1822922710,degenerate,1,1991-04-30 00:00:00,3935.0,4318.7998046875,4318.7998046875,4318.7998046875,4318.7998046875,4318.7998046875,4318.7998046875,4318.7998046875,4318.7998046875,4318.7998046875,4318.7998046875,4318.7998046875
chronos_m3_quarterly,378:target,378:target::origin=0,0,seasonal_naive,0,1822922710,degenerate,2,1991-07-31 00:00:00,3814.199951171875,4272.7998046875,4272.7998046875,4272.7998046875,4272.7998046875,4272.7998046875,4272.7998046875,4272.7998046875,4272.7998046875,4272.7998046875,4272.7998046875,4272.7998046875
chronos_m3_quarterly,378:target,378:target::origin=0,0,seasonal_naive,0,1822922710,degenerate,3,1991-10-31 00:00:00,3787.0,4190.2001953125,4190.2001953125,4190.2001953125,4190.2001953125,4190.2001953125,4190.2001953125,4190.2001953125,4190.2001953125,4190.2001953125,4190.2001953125,4190.2001953125
chronos_m3_quarterly,378:target,378:target::origin=0,0,seasonal_naive,0,1822922710,degenerate,4,1992-01-31 00:00:00,3718.0,4525.2001953125,4525.2001953125,4525.2001953125,4525.2001953125,4525.2001953125,4525.2001953125,4525.2001953125,4525.2001953125,4525.2001953125,4525.2001953125,4525.2001953125
chronos_m3_quarterly,378:target,378:target::origin=0,0,seasonal_naive,0,1822922710,degenerate,5,1992-04-30 00:00:00,3786.60009765625,4318.7998046875,4318.7998046875,4318.7998046875,4318.7998046875,4318.7998046875,4318.7998046875,4318.7998046875,4318.7998046875,4318.7998046875,4318.7998046875,4318.7998046875
chronos_m3_quarterly,378:target,378:target::origin=0,0,seasonal_naive,0,1822922710,degenerate,6,1992-07-31 00:00:00,3747.60009765625,4272.7998046875,4272.7998046875,4272.7998046875,4272.7998046875,4272.7998046875,4272.7998046875,4272.7998046875,4272.7998046875,4272.7998046875,4272.7998046875,4272.7998046875
chronos_m3_quarterly,378:target,378:target::origin=0,0,seasonal_naive,0,1822922710,degenerate,7,1992-10-31 00:00:00,3919.0,4190.2001953125,4190.2001953125,4190.2001953125,4190.2001953125,4190.2001953125,4190.2001953125,4190.2001953125,4190.2001953125,4190.2001953125,4190.2001953125,4190.2001953125
chronos_m3_quarterly,378:target,378:target::origin=0,0,arima_2_1_2,0,2376460877,gaussian,0,1991-01-31 00:00:00,4060.199951171875,4144.25439453125,4144.25439453125,4026.965087890625,4067.22802734375,4096.2607421875,4121.06787109375,4144.25439453125,4167.44091796875,4192.248046875,4221.28076171875,4261.5439453125
chronos_m3_quarterly,378:target,378:target::origin=0,0,arima_2_1_2,0,2376460877,gaussian,1,1991-04-30 00:00:00,3935.0,4172.916015625,4172.916015625,3965.70556640625,4036.836669921875,4088.127197265625,4131.953125,4172.916015625,4213.87890625,4257.705078125,4308.99560546875,4380.12646484375
chronos_m3_quarterly,378:target,378:target::origin=0,0,arima_2_1_2,0,2376460877,gaussian,2,1991-07-31 00:00:00,3814.199951171875,4171.58642578125,4171.58642578125,3833.704833984375,3949.692626953125,4033.328125,4104.79150390625,4171.58642578125,4238.38134765625,4309.8447265625,4393.47998046875,4509.4677734375
chronos_m3_quarterly,378:target,378:target::origin=0,0,arima_2_1_2,0,2376460877,gaussian,3,1991-10-31 00:00:00,3787.0,4170.77099609375,4170.77099609375,3747.12109375,3892.551513671875,3997.4169921875,4087.0205078125,4170.77099609375,4254.521484375,4344.125,4448.99072265625,4594.4208984375
chronos_m3_quarterly,378:target,378:target::origin=0,0,arima_2_1_2,0,2376460877,gaussian,4,1992-01-31 00:00:00,3718.0,4170.89599609375,4170.89599609375,3677.184814453125,3846.665771484375,3968.87353515625,4073.29541015625,4170.89599609375,4268.49658203125,4372.91845703125,4495.12646484375,4664.60693359375
chronos_m3_quarterly,378:target,378:target::origin=0,0,arima_2_1_2,0,2376460877,gaussian,5,1992-04-30 00:00:00,3786.60009765625,4170.91064453125,4170.91064453125,3615.649169921875,3806.259033203125,3943.7021484375,4061.142333984375,4170.91064453125,4280.67919921875,4398.119140625,4535.5625,4726.17236328125
chronos_m3_quarterly,378:target,378:target::origin=0,0,arima_2_1_2,0,2376460877,gaussian,6,1992-07-31 00:00:00,3747.60009765625,4170.90478515625,4170.90478515625,3560.26123046875,3769.8828125,3921.034423828125,4050.18798828125,4170.90478515625,4291.62158203125,4420.77490234375,4571.9267578125,4781.54833984375
chronos_m3_quarterly,378:target,378:target::origin=0,0,arima_2_1_2,0,2376460877,gaussian,7,1992-10-31 00:00:00,3919.0,4170.9052734375,4170.9052734375,3509.5087890625,3736.552734375,3900.267333984375,4040.1552734375,4170.9052734375,4301.6552734375,4441.54345703125,4605.2578125,4832.3017578125
chronos_m3_quarterly,378:target,378:target::origin=0,0,auto_arima,0,969023969,gaussian,0,1991-01-31 00:00:00,4060.199951171875,4144.5029296875,4144.5029296875,4026.2958984375,4066.8740234375,4096.1337890625,4121.134765625,4144.5029296875,4167.87109375,4192.8720703125,4222.1318359375,4262.7099609375
chronos_m3_quarterly,378:target,378:target::origin=0,0,auto_arima,0,969023969,gaussian,1,1991-04-30 00:00:00,3935.0,4164.46826171875,4164.46826171875,3950.6884765625,4024.07470703125,4076.991455078125,4122.20654296875,4164.46826171875,4206.72998046875,4251.9453125,4304.86181640625,4378.248046875
chronos_m3_quarterly,378:target,378:target::origin=0,0,auto_arima,0,969023969,gaussian,2,1991-07-31 00:00:00,3814.199951171875,4164.46826171875,4164.46826171875,3811.7705078125,3932.844482421875,4020.147216796875,4094.744140625,4164.46826171875,4234.1923828125,4308.78955078125,4396.09228515625,4517.166015625
chronos_m3_quarterly,378:target,378:target::origin=0,0,auto_arima,0,969023969,gaussian,3,1991-10-31 00:00:00,3787.0,4164.46826171875,4164.46826171875,3713.8134765625,3868.51416015625,3980.06396484375,4075.37939453125,4164.46826171875,4253.55712890625,4348.87255859375,4460.42236328125,4615.123046875
chronos_m3_quarterly,378:target,378:target::origin=0,0,auto_arima,0,969023969,gaussian,4,1992-01-31 00:00:00,3718.0,4164.46826171875,4164.46826171875,3633.63525390625,3815.859375,3947.255859375,4059.529052734375,4164.46826171875,4269.40771484375,4381.6806640625,4513.0771484375,4695.30126953125
chronos_m3_quarterly,378:target,378:target::origin=0,0,auto_arima,0,969023969,gaussian,5,1992-04-30 00:00:00,3786.60009765625,4164.46826171875,4164.46826171875,3564.070556640625,3770.1748046875,3918.790283203125,4045.77685546875,4164.46826171875,4283.15966796875,4410.14599609375,4558.76171875,4764.8662109375
chronos_m3_quarterly,378:target,378:target::origin=0,0,auto_arima,0,969023969,gaussian,6,1992-07-31 00:00:00,3747.60009765625,4164.46826171875,4164.46826171875,3501.76806640625,3729.259521484375,3893.296875,4033.46044921875,4164.46826171875,4295.47607421875,4435.6396484375,4599.67724609375,4827.16845703125
chronos_m3_quarterly,378:target,378:target::origin=0,0,auto_arima,0,969023969,gaussian,7,1992-10-31 00:00:00,3919.0,4164.46826171875,4164.46826171875,3444.839599609375,3691.873291015625,3870.002197265625,4022.20654296875,4164.46826171875,4306.72998046875,4458.9345703125,4637.06298828125,4884.0966796875
chronos_m3_quarterly,378:target,378:target::origin=0,0,prophet,0,634345270,samples,0,1991-01-31 00:00:00,4060.199951171875,4688.94287109375,4709.9677734375,4513.23095703125,4580.66748046875,4618.390625,4653.9306640625,4688.94287109375,4732.3251953125,4774.88330078125,4827.12890625,4898.7548828125
chronos_m3_quarterly,378:target,378:target::origin=0,0,prophet,0,634345270,samples,1,1991-04-30 00:00:00,3935.0,4704.70458984375,4708.41015625,4496.92236328125,4561.14892578125,4627.978515625,4651.220703125,4704.70458984375,4759.7158203125,4798.701171875,4863.5439453125,4925.8173828125
chronos_m3_quarterly,378:target,378:target::origin=0,0,prophet,0,634345270,samples,2,1991-07-31 00:00:00,3814.199951171875,4730.10546875,4750.18359375,4566.10986328125,4616.10546875,4670.791015625,4695.05419921875,4730.10546875,4767.1962890625,4819.24951171875,4857.95166015625,4932.875
chronos_m3_quarterly,378:target,378:target::origin=0,0,prophet,0,634345270,samples,3,1991-10-31 00:00:00,3787.0,4854.52685546875,4856.62451171875,4663.0791015625,4732.73046875,4783.49609375,4815.62109375,4854.52685546875,4893.99072265625,4931.2958984375,4972.2412109375,5049.65087890625
chronos_m3_quarterly,378:target,378:target::origin=0,0,prophet,0,634345270,samples,4,1992-01-31 00:00:00,3718.0,5003.203125,4994.37939453125,4788.24755859375,4871.8203125,4927.32080078125,4966.697265625,5003.203125,5035.240234375,5082.91650390625,5132.029296875,5216.15625
chronos_m3_quarterly,378:target,378:target::origin=0,0,prophet,0,634345270,samples,5,1992-04-30 00:00:00,3786.60009765625,5192.267578125,5202.45263671875,4996.11181640625,5069.505859375,5119.25927734375,5164.6943359375,5192.267578125,5223.12744140625,5264.57958984375,5306.6708984375,5378.0322265625
chronos_m3_quarterly,378:target,378:target::origin=0,0,prophet,0,634345270,samples,6,1992-07-31 00:00:00,3747.60009765625,5359.2900390625,5342.185546875,5171.0517578125,5232.126953125,5263.037109375,5322.314453125,5359.2900390625,5386.47265625,5425.19189453125,5479.9853515625,5537.8291015625
chronos_m3_quarterly,378:target,378:target::origin=0,0,prophet,0,634345270,samples,7,1992-10-31 00:00:00,3919.0,5463.86328125,5459.88818359375,5257.80712890625,5327.623046875,5378.40625,5415.8232421875,5463.86328125,5498.3837890625,5538.6689453125,5571.2705078125,5632.46875
chronos_m3_quarterly,378:target,378:target::origin=0,0,deepar,0,2317610337,samples,0,1991-01-31 00:00:00,4060.199951171875,4977.7099609375,4979.7685546875,4857.671875,4894.52978515625,4931.01708984375,4954.03564453125,4977.7099609375,4994.650390625,5020.17626953125,5052.3193359375,5105.76513671875
chronos_m3_quarterly,378:target,378:target::origin=0,0,deepar,0,2317610337,samples,1,1991-04-30 00:00:00,3935.0,5125.55419921875,5120.80517578125,4953.70751953125,5013.931640625,5063.1015625,5090.8974609375,5125.55419921875,5150.28466796875,5183.96484375,5234.04248046875,5283.62939453125
chronos_m3_quarterly,378:target,378:target::origin=0,0,deepar,0,2317610337,samples,2,1991-07-31 00:00:00,3814.199951171875,5298.66357421875,5288.072265625,5108.7587890625,5177.76953125,5242.6865234375,5278.21875,5298.66357421875,5348.2158203125,5364.60888671875,5398.93994140625,5458.3857421875
chronos_m3_quarterly,378:target,378:target::origin=0,0,deepar,0,2317610337,samples,3,1991-10-31 00:00:00,3787.0,5474.9453125,5493.990234375,5336.552734375,5368.6240234375,5411.14990234375,5452.67138671875,5474.9453125,5500.62109375,5552.912109375,5603.96484375,5703.0458984375
chronos_m3_quarterly,378:target,378:target::origin=0,0,deepar,0,2317610337,samples,4,1992-01-31 00:00:00,3718.0,5652.71875,5666.20361328125,5469.23291015625,5528.328125,5557.4453125,5613.21044921875,5652.71875,5689.4130859375,5715.779296875,5775.33837890625,5911.08935546875
chronos_m3_quarterly,378:target,378:target::origin=0,0,deepar,0,2317610337,samples,5,1992-04-30 00:00:00,3786.60009765625,5886.85400390625,5880.81298828125,5545.365234375,5653.6142578125,5735.65087890625,5813.3505859375,5886.85400390625,5914.8076171875,5943.12841796875,6042.2333984375,6135.74609375
chronos_m3_quarterly,378:target,378:target::origin=0,0,deepar,0,2317610337,samples,6,1992-07-31 00:00:00,3747.60009765625,6045.89892578125,6050.541015625,5813.40087890625,5880.41064453125,5943.27099609375,6000.62158203125,6045.89892578125,6066.8642578125,6096.22802734375,6205.4140625,6387.11669921875
chronos_m3_quarterly,378:target,378:target::origin=0,0,deepar,0,2317610337,samples,7,1992-10-31 00:00:00,3919.0,6173.96875,6176.36669921875,5896.86376953125,6000.3271484375,6085.06494140625,6116.9619140625,6173.96875,6218.9833984375,6268.341796875,6330.16748046875,6410.9072265625
chronos_car_parts,1411:target,1411:target::origin=0,0,chronos_t5_tiny,0,939354558,chronos_samples,0,2001-04-01 00:00:00,1.0,6.805819019461978e-09,0.040003012865781784,6.805819019461978e-09,6.805819019461978e-09,6.805819019461978e-09,6.805819019461978e-09,6.805819019461978e-09,6.805819019461978e-09,6.805819019461978e-09,6.805819019461978e-09,6.805819019461978e-09
chronos_car_parts,1411:target,1411:target::origin=0,0,chronos_t5_tiny,0,939354558,chronos_samples,1,2001-05-01 00:00:00,0.0,6.805819019461978e-09,0.02500188909471035,6.805819019461978e-09,6.805819019461978e-09,6.805819019461978e-09,6.805819019461978e-09,6.805819019461978e-09,6.805819019461978e-09,6.805819019461978e-09,6.805819019461978e-09,6.805819019461978e-09
chronos_car_parts,1411:target,1411:target::origin=0,0,chronos_t5_tiny,0,939354558,chronos_samples,2,2001-06-01 00:00:00,0.0,6.805819019461978e-09,0.12750959396362305,6.805819019461978e-09,6.805819019461978e-09,6.805819019461978e-09,6.805819019461978e-09,6.805819019461978e-09,6.805819019461978e-09,6.805819019461978e-09,6.805819019461978e-09,6.805819019461978e-09
chronos_car_parts,1411:target,1411:target::origin=0,0,chronos_t5_tiny,0,939354558,chronos_samples,3,2001-07-01 00:00:00,0.0,6.805819019461978e-09,0.15336868166923523,6.805819019461978e-09,6.805819019461978e-09,6.805819019461978e-09,6.805819019461978e-09,6.805819019461978e-09,6.805819019461978e-09,6.805819019461978e-09,6.805819019461978e-09,1.0000752210617065
chronos_car_parts,1411:target,1411:target::origin=0,0,chronos_t5_tiny,0,939354558,chronos_samples,4,2001-08-01 00:00:00,0.0,6.805819019461978e-09,0.17919205129146576,6.805819019461978e-09,6.805819019461978e-09,6.805819019461978e-09,6.805819019461978e-09,6.805819019461978e-09,6.805819019461978e-09,6.805819019461978e-09,6.805819019461978e-09,1.0000752210617065
chronos_car_parts,1411:target,1411:target::origin=0,0,chronos_t5_tiny,0,939354558,chronos_samples,5,2001-09-01 00:00:00,0.0,6.805819019461978e-09,0.26309120655059814,6.805819019461978e-09,6.805819019461978e-09,6.805819019461978e-09,6.805819019461978e-09,6.805819019461978e-09,6.805819019461978e-09,6.805819019461978e-09,6.805819019461978e-09,1.0000752210617065
chronos_car_parts,1411:target,1411:target::origin=0,0,chronos_t5_tiny,0,939354558,chronos_samples,6,2001-10-01 00:00:00,0.0,6.805819019461978e-09,0.35806265473365784,6.805819019461978e-09,6.805819019461978e-09,6.805819019461978e-09,6.805819019461978e-09,6.805819019461978e-09,6.805819019461978e-09,6.805819019461978e-09,1.0000752210617065,1.0000752210617065
chronos_car_parts,1411:target,1411:target::origin=0,0,chronos_t5_tiny,0,939354558,chronos_samples,7,2001-11-01 00:00:00,0.0,6.805819019461978e-09,0.3392041027545929,6.805819019461978e-09,6.805819019461978e-09,6.805819019461978e-09,6.805819019461978e-09,6.805819019461978e-09,6.805819019461978e-09,6.805819019461978e-09,1.0000752210617065,1.0000752210617065
chronos_car_parts,1411:target,1411:target::origin=0,0,chronos_t5_tiny,0,939354558,chronos_samples,8,2001-12-01 00:00:00,0.0,6.805819019461978e-09,0.35974133014678955,6.805819019461978e-09,6.805819019461978e-09,6.805819019461978e-09,6.805819019461978e-09,6.805819019461978e-09,6.805819019461978e-09,6.805819019461978e-09,1.0000752210617065,1.0000752210617065
chronos_car_parts,1411:target,1411:target::origin=0,0,chronos_t5_tiny,0,939354558,chronos_samples,9,2002-01-01 00:00:00,0.0,6.805819019461978e-09,0.4214245676994324,6.805819019461978e-09,6.805819019461978e-09,6.805819019461978e-09,6.805819019461978e-09,6.805819019461978e-09,6.805819019461978e-09,6.805819019461978e-09,1.0000752210617065,1.0000752210617065
chronos_car_parts,1411:target,1411:target::origin=0,0,chronos_t5_tiny,0,939354558,chronos_samples,10,2002-02-01 00:00:00,0.0,6.805819019461978e-09,0.4000658392906189,6.805819019461978e-09,6.805819019461978e-09,6.805819019461978e-09,6.805819019461978e-09,6.805819019461978e-09,6.805819019461978e-09,6.805819019461978e-09,1.0000752210617065,1.0000752210617065
chronos_car_parts,1411:target,1411:target::origin=0,0,chronos_t5_tiny,0,939354558,chronos_samples,11,2002-03-01 00:00:00,0.0,6.805819019461978e-09,0.40310174226760864,6.805819019461978e-09,6.805819019461978e-09,6.805819019461978e-09,6.805819019461978e-09,6.805819019461978e-09,6.805819019461978e-09,6.805819019461978e-09,1.0000752210617065,1.0000752210617065
chronos_car_parts,1411:target,1411:target::origin=0,0,moirai_2_0_small,0,3591651778,moirai_quantiles_no_mean,0,2001-04-01 00:00:00,1.0,-0.0030615031719207764,-0.0030615031719207764,-0.02715727686882019,-0.014557868242263794,-0.01041567325592041,-0.007334351539611816,-0.0030615031719207764,-0.0027015209197998047,0.003949075937271118,0.005559056997299194,0.2322402000427246
chronos_car_parts,1411:target,1411:target::origin=0,0,moirai_2_0_small,0,3591651778,moirai_quantiles_no_mean,1,2001-05-01 00:00:00,0.0,-0.0018290579319000244,-0.0018290579319000244,-0.02170434594154358,-0.011986017227172852,-0.0071845948696136475,-0.004890531301498413,-0.0018290579319000244,-0.0008300840854644775,0.007559716701507568,0.01037609577178955,0.24688977003097534
chronos_car_parts,1411:target,1411:target::origin=0,0,moirai_2_0_small,0,3591651778,moirai_quantiles_no_mean,2,2001-06-01 00:00:00,0.0,0.004496634006500244,0.004496634006500244,-0.023797541856765747,-0.01127740740776062,-0.004453092813491821,0.0004661679267883301,0.004496634006500244,0.006361782550811768,0.014953792095184326,0.01515999436378479,0.25817573070526123
chronos_car_parts,1411:target,1411:target::origin=0,0,moirai_2_0_small,0,3591651778,moirai_quantiles_no_mean,3,2001-07-01 00:00:00,0.0,0.0051229894161224365,0.0051229894161224365,-0.01374557614326477,-0.006682664155960083,-0.00028508901596069336,0.003162562847137451,0.0051229894161224365,0.0055294036865234375,0.0112973153591156,0.006744265556335449,0.24453534185886383
chronos_car_parts,1411:target,1411:target::origin=0,0,moirai_2_0_small,0,3591651778,moirai_quantiles_no_mean,4,2001-08-01 00:00:00,0.0,0.003089427947998047,0.003089427947998047,-0.016660362482070923,-0.009928196668624878,-0.003074556589126587,-0.0005386769771575928,0.003089427947998047,0.00483432412147522,0.01222178339958191,0.009845435619354248,0.2517929673194885
chronos_car_parts,1411:target,1411:target::origin=0,0,moirai_2_0_small,0,3591651778,moirai_quantiles_no_mean,5,2001-09-01 00:00:00,0.0,0.003839552402496338,0.003839552402496338,-0.01821473240852356,-0.010274410247802734,-0.005004286766052246,0.00015407800674438477,0.003839552402496338,0.006841987371444702,0.018278956413269043,0.0232885479927063,0.2846401333808899
chronos_car_parts,1411:target,1411:target::origin=0,0,moirai_2_0_small,0,3591651778,moirai_quantiles_no_mean,6,2001-10-01 00:00:00,0.0,-0.00013518333435058594,-0.00013518333435058594,-0.012019246816635132,-0.006847858428955078,-0.002846956253051758,-0.0014025866985321045,-0.00013518333435058594,0.0032757222652435303,0.014587253332138062,0.012835323810577393,0.26989948749542236
chronos_car_parts,1411:target,1411:target::origin=0,0,moirai_2_0_small,0,3591651778,moirai_quantiles_no_mean,7,2001-11-01 00:00:00,0.0,-4.601478576660156e-05,-4.601478576660156e-05,-0.006278663873672485,-0.0028066933155059814,-0.0015900135040283203,0.0009067356586456299,-4.601478576660156e-05,0.0016235709190368652,0.007528722286224365,0.006265223026275635,0.2571972906589508
chronos_car_parts,1411:target,1411:target::origin=0,0,moirai_2_0_small,0,3591651778,moirai_quantiles_no_mean,8,2001-12-01 00:00:00,0.0,0.0014184117317199707,0.0014184117317199707,-0.010413408279418945,-0.006912529468536377,-0.004353910684585571,-0.0016695261001586914,0.0014184117317199707,0.0017410218715667725,0.015218228101730347,0.017231494188308716,0.27832746505737305
chronos_car_parts,1411:target,1411:target::origin=0,0,moirai_2_0_small,0,3591651778,moirai_quantiles_no_mean,9,2002-01-01 00:00:00,0.0,-0.0031047165393829346,-0.0031047165393829346,-0.014862149953842163,-0.012986630201339722,-0.009189993143081665,-0.004502683877944946,-0.0031047165393829346,0.0018649399280548096,0.016786843538284302,0.021715909242630005,0.29303300380706787
chronos_car_parts,1411:target,1411:target::origin=0,0,moirai_2_0_small,0,3591651778,moirai_quantiles_no_mean,10,2002-02-01 00:00:00,0.0,0.0006657540798187256,0.0006657540798187256,-0.007360965013504028,-0.003238677978515625,-0.001538306474685669,-0.0005586445331573486,0.0006657540798187256,0.000830918550491333,0.00970640778541565,0.00946187973022461,0.2748417556285858
chronos_car_parts,1411:target,1411:target::origin=0,0,moirai_2_0_small,0,3591651778,moirai_quantiles_no_mean,11,2002-03-01 00:00:00,0.0,-0.00040671229362487793,-0.00040671229362487793,-0.010399580001831055,-0.006581783294677734,-0.005147725343704224,-0.00013911724090576172,-0.00040671229362487793,0.0008389651775360107,0.009525567293167114,0.012722998857498169,0.2858012318611145
chronos_car_parts,1411:target,1411:target::origin=0,0,seasonal_naive,0,3811102575,degenerate,0,2001-04-01 00:00:00,1.0,1.0,1.0,1.0,1.0,1.0,1.0,1.0,1.0,1.0,1.0,1.0
chronos_car_parts,1411:target,1411:target::origin=0,0,seasonal_naive,0,3811102575,degenerate,1,2001-05-01 00:00:00,0.0,0.0,0.0,0.0,0.0,0.0,0.0,0.0,0.0,0.0,0.0,0.0
chronos_car_parts,1411:target,1411:target::origin=0,0,seasonal_naive,0,3811102575,degenerate,2,2001-06-01 00:00:00,0.0,0.0,0.0,0.0,0.0,0.0,0.0,0.0,0.0,0.0,0.0,0.0
chronos_car_parts,1411:target,1411:target::origin=0,0,seasonal_naive,0,3811102575,degenerate,3,2001-07-01 00:00:00,0.0,0.0,0.0,0.0,0.0,0.0,0.0,0.0,0.0,0.0,0.0,0.0
chronos_car_parts,1411:target,1411:target::origin=0,0,seasonal_naive,0,3811102575,degenerate,4,2001-08-01 00:00:00,0.0,0.0,0.0,0.0,0.0,0.0,0.0,0.0,0.0,0.0,0.0,0.0
chronos_car_parts,1411:target,1411:target::origin=0,0,seasonal_naive,0,3811102575,degenerate,5,2001-09-01 00:00:00,0.0,0.0,0.0,0.0,0.0,0.0,0.0,0.0,0.0,0.0,0.0,0.0
chronos_car_parts,1411:target,1411:target::origin=0,0,seasonal_naive,0,3811102575,degenerate,6,2001-10-01 00:00:00,0.0,0.0,0.0,0.0,0.0,0.0,0.0,0.0,0.0,0.0,0.0,0.0
chronos_car_parts,1411:target,1411:target::origin=0,0,seasonal_naive,0,3811102575,degenerate,7,2001-11-01 00:00:00,0.0,0.0,0.0,0.0,0.0,0.0,0.0,0.0,0.0,0.0,0.0,0.0
chronos_car_parts,1411:target,1411:target::origin=0,0,seasonal_naive,0,3811102575,degenerate,8,2001-12-01 00:00:00,0.0,0.0,0.0,0.0,0.0,0.0,0.0,0.0,0.0,0.0,0.0,0.0
chronos_car_parts,1411:target,1411:target::origin=0,0,seasonal_naive,0,3811102575,degenerate,9,2002-01-01 00:00:00,0.0,0.0,0.0,0.0,0.0,0.0,0.0,0.0,0.0,0.0,0.0,0.0
chronos_car_parts,1411:target,1411:target::origin=0,0,seasonal_naive,0,3811102575,degenerate,10,2002-02-01 00:00:00,0.0,0.0,0.0,0.0,0.0,0.0,0.0,0.0,0.0,0.0,0.0,0.0
chronos_car_parts,1411:target,1411:target::origin=0,0,seasonal_naive,0,3811102575,degenerate,11,2002-03-01 00:00:00,0.0,0.0,0.0,0.0,0.0,0.0,0.0,0.0,0.0,0.0,0.0,0.0
chronos_car_parts,1411:target,1411:target::origin=0,0,arima_2_1_2,0,2630694035,gaussian,0,2001-04-01 00:00:00,1.0,0.07704222202301025,0.07704222202301025,-1.1154366731643677,-0.7060831189155579,-0.410910427570343,-0.15869629383087158,0.07704222202301025,0.31278079748153687,0.5649948716163635,0.8601676225662231,1.2695209980010986
chronos_car_parts,1411:target,1411:target::origin=0,0,arima_2_1_2,0,2630694035,gaussian,1,2001-05-01 00:00:00,0.0,0.061444953083992004,0.061444953083992004,-1.1360142230987549,-0.7249510884284973,-0.42854559421539307,-0.17527811229228973,0.061444953083992004,0.2981680631637573,0.5514355301856995,0.8478410243988037,1.2589040994644165
chronos_car_parts,1411:target,1411:target::origin=0,0,arima_2_1_2,0,2630694035,gaussian,2,2001-06-01 00:00:00,0.0,0.07356085628271103,0.07356085628271103,-1.2978296279907227,-0.8270593881607056,-0.4876009523868561,-0.19754628837108612,0.07356085628271103,0.34466806054115295,0.6347226500511169,0.9741811752319336,1.4449511766433716
chronos_car_parts,1411:target,1411:target::origin=0,0,arima_2_1_2,0,2630694035,gaussian,3,2001-07-01 00:00:00,0.0,0.07268115133047104,0.07268115133047104,-1.4063866138458252,-0.8986530303955078,-0.5325413346290588,-0.219712495803833,0.07268115133047104,0.36507487297058105,0.6779036521911621,1.0440154075622559,1.5517488718032837
chronos_car_parts,1411:target,1411:target::origin=0,0,arima_2_1_2,0,2630694035,gaussian,4,2001-08-01 00:00:00,0.0,0.07486280798912048,0.07486280798912048,-1.554639458656311,-0.9952647686004639,-0.5919162631034851,-0.2472698986530304,0.07486280798912048,0.3969956040382385,0.7416418790817261,1.1449904441833496,1.7043650150299072
chronos_car_parts,1411:target,1411:target::origin=0,0,arima_2_1_2,0,2630694035,gaussian,5,2001-09-01 00:00:00,0.0,0.07507631182670593,0.07507631182670593,-1.6923859119415283,-1.0856523513793945,-0.6481547951698303,-0.27432936429977417,0.07507631182670593,0.4244820773601532,0.7983074188232422,1.2358050346374512,1.8425383567810059
chronos_car_parts,1411:target,1411:target::origin=0,0,arima_2_1_2,0,2630694035,gaussian,6,2001-10-01 00:00:00,0.0,0.07553446292877197,0.07553446292877197,-1.829105019569397,-1.1752814054489136,-0.7038285136222839,-0.3009895086288452,0.07553446292877197,0.4520585238933563,0.8548974394798279,1.3263503313064575,1.9801738262176514
chronos_car_parts,1411:target,1411:target::origin=0,0,arima_2_1_2,0,2630694035,gaussian,7,2001-11-01 00:00:00,0.0,0.07565608620643616,0.07565608620643616,-1.9585206508636475,-1.260229468345642,-0.7567124366760254,-0.3264757990837097,0.07565608620643616,0.4777880609035492,0.9080246090888977,1.4115417003631592,2.109832525253296
chronos_car_parts,1411:target,1411:target::origin=0,0,arima_2_1_2,0,2630694035,gaussian,8,2001-12-01 00:00:00,0.0,0.07576578110456467,0.07576578110456467,-2.0820584297180176,-1.3413217067718506,-0.8071983456611633,-0.3508097231388092,0.07576578110456467,0.5023413896560669,0.9587299227714539,1.4928534030914307,2.2335898876190186
chronos_car_parts,1411:target,1411:target::origin=0,0,arima_2_1_2,0,2630694035,gaussian,9,2002-01-01 00:00:00,0.0,0.07580849528312683,0.07580849528312683,-2.199545383453369,-1.418463110923767,-0.8552477955818176,-0.3740012049674988,0.07580849528312683,0.525618314743042,1.0068647861480713,1.570080280303955,2.3511621952056885
chronos_car_parts,1411:target,1411:target::origin=0,0,arima_2_1_2,0,2630694035,gaussian,10,2002-02-01 00:00:00,0.0,0.0758371502161026,0.0758371502161026,-2.3116962909698486,-1.4921050071716309,-0.9011220932006836,-0.39614903926849365,0.0758371502161026,0.5478234887123108,1.0527963638305664,1.6437793970108032,2.4633703231811523
chronos_car_parts,1411:target,1411:target::origin=0,0,arima_2_1_2,0,2630694035,gaussian,11,2002-03-01 00:00:00,0.0,0.07585041970014572,0.07585041970014572,-2.4190001487731934,-1.5625691413879395,-0.9450221061706543,-0.4173510670661926,0.07585041970014572,0.5690520405769348,1.096722960472107,1.7142701148986816,2.5707006454467773
chronos_car_parts,1411:target,1411:target::origin=0,0,auto_arima,0,3789475454,gaussian,0,2001-04-01 00:00:00,1.0,0.051596611738204956,0.051596611738204956,-1.1714527606964111,-0.7516049742698669,-0.44886523485183716,-0.1901853084564209,0.051596611738204956,0.2933785915374756,0.5520584583282471,0.8547982573509216,1.2746459245681763
chronos_car_parts,1411:target,1411:target::origin=0,0,auto_arima,0,3789475454,gaussian,1,2001-05-01 00:00:00,0.0,0.0005561072612181306,0.0005561072612181306,-1.2270468473434448,-0.805635929107666,-0.5017690062522888,-0.242126002907753,0.0005561072612181306,0.24323827028274536,0.5028812289237976,0.8067481517791748,1.228158950805664
chronos_car_parts,1411:target,1411:target::origin=0,0,auto_arima,0,3789475454,gaussian,2,2001-06-01 00:00:00,0.0,0.0005561072612181306,0.0005561072612181306,-1.3774265050888062,-0.9043933153152466,-0.5633031129837036,-0.2718542218208313,0.0005561072612181306,0.27296650409698486,0.5644153356552124,0.9055055975914001,1.3785386085510254
chronos_car_parts,1411:target,1411:target::origin=0,0,auto_arima,0,3789475454,gaussian,3,2001-07-01 00:00:00,0.0,0.0005561072612181306,0.0005561072612181306,-1.5129376649856567,-0.9933863282203674,-0.61875319480896,-0.2986431419849396,0.0005561072612181306,0.29975542426109314,0.6198654174804688,0.994498610496521,1.514049768447876
chronos_car_parts,1411:target,1411:target::origin=0,0,auto_arima,0,3789475454,gaussian,4,2001-08-01 00:00:00,0.0,0.0005561072612181306,0.0005561072612181306,-1.637274980545044,-1.0750411748886108,-0.6696310043334961,-0.3232230842113495,0.0005561072612181306,0.32433536648750305,0.6707432270050049,1.0761533975601196,1.6383869647979736
chronos_car_parts,1411:target,1411:target::origin=0,0,auto_arima,0,3789475454,gaussian,5,2001-09-01 00:00:00,0.0,0.0005561072612181306,0.0005561072612181306,-1.752817153930664,-1.1509201526641846,-0.7169099450111389,-0.34606438875198364,0.0005561072612181306,0.3471766710281372,0.7180221676826477,1.1520323753356934,1.7539292573928833
chronos_car_parts,1411:target,1411:target::origin=0,0,auto_arima,0,3789475454,gaussian,6,2001-10-01 00:00:00,0.0,0.0005561072612181306,0.0005561072612181306,-1.8612024784088135,-1.22209894657135,-0.7612603306770325,-0.36749082803726196,0.0005561072612181306,0.3686031401157379,0.7623725533485413,1.2232112884521484,1.8623145818710327
chronos_car_parts,1411:target,1411:target::origin=0,0,auto_arima,0,3789475454,gaussian,7,2001-11-01 00:00:00,0.0,0.0005561072612181306,0.0005561072612181306,-1.963616132736206,-1.2893561124801636,-0.8031671643257141,-0.3877367377281189,0.0005561072612181306,0.38884904980659485,0.8042793869972229,1.2904683351516724,1.9647281169891357
chronos_car_parts,1411:target,1411:target::origin=0,0,auto_arima,0,3789475454,gaussian,8,2001-12-01 00:00:00,0.0,0.0005561072612181306,0.0005561072612181306,-2.060948133468628,-1.353276014328003,-0.8429946303367615,-0.4069781005382538,0.0005561072612181306,0.40809041261672974,0.8441068530082703,1.3543883562088013,2.0620601177215576
chronos_car_parts,1411:target,1411:target::origin=0,0,auto_arima,0,3789475454,gaussian,9,2002-01-01 00:00:00,0.0,0.0005561072612181306,0.0005561072612181306,-2.1538872718811035,-1.4143110513687134,-0.8810245990753174,-0.4253510534763336,0.0005561072612181306,0.42646336555480957,0.8821368217468262,1.4154233932495117,2.154999256134033
chronos_car_parts,1411:target,1411:target::origin=0,0,auto_arima,0,3789475454,gaussian,10,2002-02-01 00:00:00,0.0,0.0005561072612181306,0.0005561072612181306,-2.2429800033569336,-1.4728200435638428,-0.9174805283546448,-0.442963570356369,0.0005561072612181306,0.44407588243484497,0.9185927510261536,1.4739322662353516,2.2440919876098633
chronos_car_parts,1411:target,1411:target::origin=0,0,auto_arima,0,3789475454,gaussian,11,2002-03-01 00:00:00,0.0,0.0005561072612181306,0.0005561072612181306,-2.328667163848877,-1.5290926694869995,-0.9525431394577026,-0.45990291237831116,0.0005561072612181306,0.4610152244567871,0.9536553621292114,1.5302050113677979,2.3297793865203857
chronos_car_parts,1411:target,1411:target::origin=0,0,prophet,0,3269183494,samples,0,2001-04-01 00:00:00,1.0,-0.17183372378349304,-0.1643921285867691,-1.0783571004867554,-0.6918615102767944,-0.48518314957618713,-0.32925498485565186,-0.17183372378349304,-0.020135462284088135,0.2488757073879242,0.4902540445327759,0.7871205806732178
chronos_car_parts,1411:target,1411:target::origin=0,0,prophet,0,3269183494,samples,1,2001-05-01 00:00:00,0.0,0.18545465171337128,0.1689484715461731,-0.8464688062667847,-0.46179407835006714,-0.11681557446718216,0.018875956535339355,0.18545465171337128,0.47185054421424866,0.6081739068031311,0.8426962494850159,1.299883484840393
chronos_car_parts,1411:target,1411:target::origin=0,0,prophet,0,3269183494,samples,2,2001-06-01 00:00:00,0.0,-0.6453355550765991,-0.644959032535553,-1.5617868900299072,-1.2495077848434448,-0.9995474219322205,-0.7937228083610535,-0.6453355550765991,-0.4487791657447815,-0.26600468158721924,-0.022356392815709114,0.4462107717990875
chronos_car_parts,1411:target,1411:target::origin=0,0,prophet,0,3269183494,samples,3,2001-07-01 00:00:00,0.0,-0.08678963780403137,-0.04131247103214264,-0.9828275442123413,-0.71940678358078,-0.5058915019035339,-0.3216145932674408,-0.08678963780403137,0.07439298927783966,0.2816881537437439,0.5155401229858398,0.967365026473999
chronos_car_parts,1411:target,1411:target::origin=0,0,prophet,0,3269183494,samples,4,2001-08-01 00:00:00,0.0,-0.8833432197570801,-0.8917997479438782,-1.8077189922332764,-1.6081422567367554,-1.3276066780090332,-1.0591075420379639,-0.8833432197570801,-0.6912858486175537,-0.37593212723731995,-0.19068361818790436,0.042161550372838974
chronos_car_parts,1411:target,1411:target::origin=0,0,prophet,0,3269183494,samples,5,2001-09-01 00:00:00,0.0,0.7996681928634644,0.6898928880691528,-0.23453669250011444,0.10830440372228622,0.41207659244537354,0.6303086876869202,0.7996681928634644,0.9348310232162476,1.101945400238037,1.3495500087738037,1.6142868995666504
chronos_car_parts,1411:target,1411:target::origin=0,0,prophet,0,3269183494,samples,6,2001-10-01 00:00:00,0.0,-0.9640582203865051,-0.9000605940818787,-1.9319714307785034,-1.5849895477294922,-1.4319663047790527,-1.2172205448150635,-0.9640582203865051,-0.7350457310676575,-0.5720520615577698,-0.2933765947818756,0.06513460725545883
chronos_car_parts,1411:target,1411:target::origin=0,0,prophet,0,3269183494,samples,7,2001-11-01 00:00:00,0.0,-1.043900966644287,-0.9447717666625977,-1.9326788187026978,-1.5862751007080078,-1.3176546096801758,-1.1471153497695923,-1.043900966644287,-0.8464751243591309,-0.600612461566925,-0.37663546204566956,0.004337274935096502
chronos_car_parts,1411:target,1411:target::origin=0,0,prophet,0,3269183494,samples,8,2001-12-01 00:00:00,0.0,-0.6229901313781738,-0.6959959268569946,-1.699805736541748,-1.3538042306900024,-1.1013963222503662,-0.8703010082244873,-0.6229901313781738,-0.4236922860145569,-0.26547467708587646,0.00444013811647892,0.27453768253326416
chronos_car_parts,1411:target,1411:target::origin=0,0,prophet,0,3269183494,samples,9,2002-01-01 00:00:00,0.0,-1.0347013473510742,-1.0274420976638794,-2.0736401081085205,-1.6702913045883179,-1.3967243432998657,-1.19833505153656,-1.0347013473510742,-0.7338229417800903,-0.5661715865135193,-0.3652615249156952,-0.0347939096391201
chronos_car_parts,1411:target,1411:target::origin=0,0,prophet,0,3269183494,samples,10,2002-02-01 00:00:00,0.0,-1.3770408630371094,-1.3595598936080933,-2.182904005050659,-1.8817574977874756,-1.784727931022644,-1.5480152368545532,-1.3770408630371094,-1.1580606698989868,-0.9821838736534119,-0.7787461876869202,-0.49891141057014465
chronos_car_parts,1411:target,1411:target::origin=0,0,prophet,0,3269183494,samples,11,2002-03-01 00:00:00,0.0,-1.0254795551300049,-1.0055359601974487,-1.923203468322754,-1.566280722618103,-1.322731375694275,-1.2135231494903564,-1.0254795551300049,-0.8757134675979614,-0.6748669147491455,-0.27818459272384644,-0.0046553704887628555
chronos_nn5_weekly,55:target,55:target::origin=0,0,chronos_t5_tiny,0,3566374417,chronos_samples,0,1998-03-29 00:00:00,73.92162322998047,69.3947982788086,69.8037338256836,60.03889465332031,62.5792350769043,64.87174224853516,66.66857147216797,69.3947982788086,71.25358581542969,73.9178466796875,77.57347106933594,80.60948944091797
chronos_nn5_weekly,55:target,55:target::origin=0,0,chronos_t5_tiny,0,3566374417,chronos_samples,1,1998-04-05 00:00:00,83.6533432006836,69.3947982788086,70.11353302001953,60.65848922729492,63.074913024902344,65.6772232055664,68.15560150146484,69.3947982788086,71.87318420410156,73.29824829101562,76.8299560546875,81.16712951660156
chronos_nn5_weekly,55:target,55:target::origin=0,0,chronos_t5_tiny,0,3566374417,chronos_samples,2,1998-04-12 00:00:00,113.54550170898438,70.63398742675781,71.58816528320312,58.861656188964844,63.69451141357422,66.29681396484375,68.15560150146484,70.63398742675781,73.11237335205078,76.8299560546875,79.30833435058594,84.26510620117188
chronos_nn5_weekly,55:target,55:target::origin=0,0,chronos_t5_tiny,0,3566374417,chronos_samples,3,1998-04-19 00:00:00,73.00105285644531,69.3947982788086,70.9623794555664,61.2780876159668,64.43802642822266,65.6772232055664,68.15560150146484,69.3947982788086,72.4927749633789,74.97116088867188,78.19306945800781,81.29104614257812
chronos_nn5_weekly,55:target,55:target::origin=0,0,chronos_t5_tiny,0,3566374417,chronos_samples,4,1998-04-26 00:00:00,49.3556022644043,72.4927749633789,72.52375793457031,60.100852966308594,64.3141098022461,69.3947982788086,71.00574493408203,72.4927749633789,74.97116088867188,76.8299560546875,79.30833435058594,83.02591705322266
chronos_nn5_weekly,55:target,55:target::origin=0,0,chronos_t5_tiny,0,3566374417,chronos_samples,5,1998-05-03 00:00:00,83.42977142333984,72.4927749633789,72.96366882324219,61.2780876159668,64.93370819091797,68.15560150146484,70.63398742675781,72.4927749633789,74.59940338134766,78.25502014160156,80.67145538330078,84.32706451416016
chronos_nn5_weekly,55:target,55:target::origin=0,0,chronos_t5_tiny,0,3566374417,chronos_samples,6,1998-05-10 00:00:00,76.14413452148438,73.73197174072266,74.19667053222656,65.05762481689453,68.65128326416016,70.01438903808594,71.87318420410156,73.73197174072266,76.21035766601562,78.25502014160156,81.78672790527344,83.08787536621094
chronos_nn5_weekly,55:target,55:target::origin=0,0,chronos_t5_tiny,0,3566374417,chronos_samples,7,1998-05-17 00:00:00,75.18411254882812,73.73197174072266,73.84349822998047,63.19883346557617,66.29681396484375,68.58931732177734,71.87318420410156,73.73197174072266,75.59075927734375,78.25502014160156,81.78672790527344,84.26510620117188
chronos_nn5_weekly,55:target,55:target::origin=0,0,moirai_2_0_small,0,106505897,moirai_quantiles_no_mean,0,1998-03-29 00:00:00,73.92162322998047,72.67861938476562,72.67861938476562,60.21448516845703,65.29747009277344,68.29899597167969,70.59132385253906,72.67861938476562,74.74918365478516,77.24838256835938,80.59858703613281,86.70634460449219
chronos_nn5_weekly,55:target,55:target::origin=0,0,moirai_2_0_small,0,106505897,moirai_quantiles_no_mean,1,1998-04-05 00:00:00,83.6533432006836,72.74971771240234,72.74971771240234,59.42848205566406,64.93064880371094,68.15185546875,70.5400161743164,72.74971771240234,74.81604766845703,77.49346923828125,81.12183380126953,88.39082336425781
chronos_nn5_weekly,55:target,55:target::origin=0,0,moirai_2_0_small,0,106505897,moirai_quantiles_no_mean,2,1998-04-12 00:00:00,113.54550170898438,72.61524200439453,72.61524200439453,58.841522216796875,64.64673614501953,67.98370361328125,70.4171142578125,72.61524200439453,74.74485778808594,77.4505844116211,81.28901672363281,89.07615661621094
chronos_nn5_weekly,55:target,55:target::origin=0,0,moirai_2_0_small,0,106505897,moirai_quantiles_no_mean,3,1998-04-19 00:00:00,73.00105285644531,73.78056335449219,73.78056335449219,59.242828369140625,65.39411163330078,68.87059020996094,71.38654327392578,73.78056335449219,76.08061218261719,79.04307556152344,83.27621459960938,91.89431762695312
chronos_nn5_weekly,55:target,55:target::origin=0,0,moirai_2_0_small,0,106505897,moirai_quantiles_no_mean,4,1998-04-26 00:00:00,49.3556022644043,76.59645080566406,76.59645080566406,60.843231201171875,67.36831665039062,71.07994842529297,73.93458557128906,76.59645080566406,79.2198486328125,82.51118469238281,87.24125671386719,96.67185974121094
chronos_nn5_weekly,55:target,55:target::origin=0,0,moirai_2_0_small,0,106505897,moirai_quantiles_no_mean,5,1998-05-03 00:00:00,83.42977142333984,75.86590576171875,75.86590576171875,59.952274322509766,66.54568481445312,70.30033874511719,73.14685821533203,75.86590576171875,78.52240753173828,81.94670104980469,86.82971954345703,96.33744812011719
chronos_nn5_weekly,55:target,55:target::origin=0,0,moirai_2_0_small,0,106505897,moirai_quantiles_no_mean,6,1998-05-10 00:00:00,76.14413452148438,76.93907928466797,76.93907928466797,60.727413177490234,67.5288314819336,71.376708984375,74.218017578125,76.93907928466797,79.62838745117188,83.04060363769531,87.8373794555664,97.37218475341797
chronos_nn5_weekly,55:target,55:target::origin=0,0,moirai_2_0_small,0,106505897,moirai_quantiles_no_mean,7,1998-05-17 00:00:00,75.18411254882812,74.4934310913086,74.4934310913086,58.64891052246094,65.35009765625,69.1407470703125,71.88726806640625,74.4934310913086,76.99720001220703,80.24833679199219,84.8282470703125,94.02308654785156
chronos_nn5_weekly,55:target,55:target::origin=0,0,seasonal_naive,0,2756353090,degenerate,0,1998-03-29 00:00:00,73.92162322998047,113.0326156616211,113.0326156616211,113.0326156616211,113.0326156616211,113.0326156616211,113.0326156616211,113.0326156616211,113.0326156616211,113.0326156616211,113.0326156616211,113.0326156616211
chronos_nn5_weekly,55:target,55:target::origin=0,0,seasonal_naive,0,2756353090,degenerate,1,1998-04-05 00:00:00,83.6533432006836,91.01788330078125,91.01788330078125,91.01788330078125,91.01788330078125,91.01788330078125,91.01788330078125,91.01788330078125,91.01788330078125,91.01788330078125,91.01788330078125,91.01788330078125
chronos_nn5_weekly,55:target,55:target::origin=0,0,seasonal_naive,0,2756353090,degenerate,2,1998-04-12 00:00:00,113.54550170898438,75.3550796508789,75.3550796508789,75.3550796508789,75.3550796508789,75.3550796508789,75.3550796508789,75.3550796508789,75.3550796508789,75.3550796508789,75.3550796508789,75.3550796508789
chronos_nn5_weekly,55:target,55:target::origin=0,0,seasonal_naive,0,2756353090,degenerate,3,1998-04-19 00:00:00,73.00105285644531,79.99736785888672,79.99736785888672,79.99736785888672,79.99736785888672,79.99736785888672,79.99736785888672,79.99736785888672,79.99736785888672,79.99736785888672,79.99736785888672,79.99736785888672
chronos_nn5_weekly,55:target,55:target::origin=0,0,seasonal_naive,0,2756353090,degenerate,4,1998-04-26 00:00:00,49.3556022644043,79.74749755859375,79.74749755859375,79.74749755859375,79.74749755859375,79.74749755859375,79.74749755859375,79.74749755859375,79.74749755859375,79.74749755859375,79.74749755859375,79.74749755859375
chronos_nn5_weekly,55:target,55:target::origin=0,0,seasonal_naive,0,2756353090,degenerate,5,1998-05-03 00:00:00,83.42977142333984,93.31930541992188,93.31930541992188,93.31930541992188,93.31930541992188,93.31930541992188,93.31930541992188,93.31930541992188,93.31930541992188,93.31930541992188,93.31930541992188,93.31930541992188
chronos_nn5_weekly,55:target,55:target::origin=0,0,seasonal_naive,0,2756353090,degenerate,6,1998-05-10 00:00:00,76.14413452148438,82.35139465332031,82.35139465332031,82.35139465332031,82.35139465332031,82.35139465332031,82.35139465332031,82.35139465332031,82.35139465332031,82.35139465332031,82.35139465332031,82.35139465332031
chronos_nn5_weekly,55:target,55:target::origin=0,0,seasonal_naive,0,2756353090,degenerate,7,1998-05-17 00:00:00,75.18411254882812,78.7480239868164,78.7480239868164,78.7480239868164,78.7480239868164,78.7480239868164,78.7480239868164,78.7480239868164,78.7480239868164,78.7480239868164,78.7480239868164,78.7480239868164
chronos_nn5_weekly,55:target,55:target::origin=0,0,arima_2_1_2,0,2534543975,gaussian,0,1998-03-29 00:00:00,73.92162322998047,73.18657684326172,73.18657684326172,52.56351852416992,59.64299011230469,64.74778747558594,69.10964965820312,73.18657684326172,77.26350402832031,81.6253662109375,86.73016357421875,93.80963134765625
chronos_nn5_weekly,55:target,55:target::origin=0,0,arima_2_1_2,0,2534543975,gaussian,1,1998-04-05 00:00:00,83.6533432006836,75.2971420288086,75.2971420288086,53.23517608642578,60.808597564697266,66.26956939697266,70.93576049804688,75.2971420288086,79.65852355957031,84.32471466064453,89.78569030761719,97.3591079711914
chronos_nn5_weekly,55:target,55:target::origin=0,0,arima_2_1_2,0,2534543975,gaussian,2,1998-04-12 00:00:00,113.54550170898438,77.08888244628906,77.08888244628906,54.5410270690918,62.28124237060547,67.86248016357422,72.6314468383789,77.08888244628906,81.54631805419922,86.3152847290039,91.89652252197266,99.63673400878906
chronos_nn5_weekly,55:target,55:target::origin=0,0,arima_2_1_2,0,2534543975,gaussian,3,1998-04-19 00:00:00,73.00105285644531,77.18343353271484,77.18343353271484,54.50825119018555,62.29217529296875,67.9049301147461,72.7008285522461,77.18343353271484,81.6660385131836,86.4619369506836,92.07469177246094,99.85861206054688
chronos_nn5_weekly,55:target,55:target::origin=0,0,arima_2_1_2,0,2534543975,gaussian,4,1998-04-26 00:00:00,49.3556022644043,77.5766372680664,77.5766372680664,54.79885482788086,62.61800003051758,68.25615692138672,73.07374572753906,77.5766372680664,82.07952880859375,86.8971176147461,92.5352783203125,100.35441589355469
chronos_nn5_weekly,55:target,55:target::origin=0,0,arima_2_1_2,0,2534543975,gaussian,5,1998-05-03 00:00:00,83.42977142333984,77.5122299194336,77.5122299194336,54.67176818847656,62.51243209838867,68.16609954833984,72.9969482421875,77.5122299194336,82.02751159667969,86.85836029052734,92.51203155517578,100.35269165039062
chronos_nn5_weekly,55:target,55:target::origin=0,0,arima_2_1_2,0,2534543975,gaussian,6,1998-05-10 00:00:00,76.14413452148438,77.61720275878906,77.61720275878906,54.710693359375,62.57402801513672,68.24404907226562,73.0888671875,77.61720275878906,82.14553833007812,86.9903564453125,92.6603775024414,100.52371215820312
chronos_nn5_weekly,55:target,55:target::origin=0,0,arima_2_1_2,0,2534543975,gaussian,7,1998-05-17 00:00:00,75.18411254882812,77.57929229736328,77.57929229736328,54.61559295654297,62.49856185913086,68.18273162841797,73.0396499633789,77.57929229736328,82.11893463134766,86.9758529663086,92.66002655029297,100.5429916381836
chronos_nn5_weekly,55:target,55:target::origin=0,0,auto_arima,0,3620625545,gaussian,0,1998-03-29 00:00:00,73.92162322998047,71.01207733154297,71.01207733154297,50.12641525268555,57.29603576660156,62.46583557128906,66.88323974609375,71.01207733154297,75.14091491699219,79.55831909179688,84.72811889648438,91.89773559570312
chronos_nn5_weekly,55:target,55:target::origin=0,0,auto_arima,0,3620625545,gaussian,1,1998-04-05 00:00:00,83.6533432006836,74.1639404296875,74.1639404296875,51.9508056640625,59.57611846923828,65.07450866699219,69.77267456054688,74.1639404296875,78.55520629882812,83.25337219238281,88.75176239013672,96.3770751953125
chronos_nn5_weekly,55:target,55:target::origin=0,0,auto_arima,0,3620625545,gaussian,2,1998-04-12 00:00:00,113.54550170898438,74.1639404296875,74.1639404296875,51.81144714355469,59.48460006713867,65.0174789428711,69.74512481689453,74.1639404296875,78.58275604248047,83.3104019165039,88.8432846069336,96.51643371582031
chronos_nn5_weekly,55:target,55:target::origin=0,0,auto_arima,0,3620625545,gaussian,3,1998-04-19 00:00:00,73.00105285644531,74.1639404296875,74.1639404296875,51.67295455932617,59.393646240234375,64.96080780029297,69.7177505493164,74.1639404296875,78.61013793945312,83.36707305908203,88.93423461914062,96.65492248535156
chronos_nn5_weekly,55:target,55:target::origin=0,0,auto_arima,0,3620625545,gaussian,4,1998-04-26 00:00:00,49.3556022644043,74.1639404296875,74.1639404296875,51.53530502319336,59.303253173828125,64.90448760986328,69.69053649902344,74.1639404296875,78.63734436035156,83.42339324951172,89.02462768554688,96.79257202148438
chronos_nn5_weekly,55:target,55:target::origin=0,0,auto_arima,0,3620625545,gaussian,5,1998-05-03 00:00:00,83.42977142333984,74.1639404296875,74.1639404296875,51.39849090576172,59.213401794433594,64.84850311279297,69.66349029541016,74.1639404296875,78.66439056396484,83.47937774658203,89.1144790649414,96.92938995361328
chronos_nn5_weekly,55:target,55:target::origin=0,0,auto_arima,0,3620625545,gaussian,6,1998-05-10 00:00:00,76.14413452148438,74.1639404296875,74.1639404296875,51.26249313354492,59.12409210205078,64.79285430908203,69.63660430908203,74.1639404296875,78.69127655029297,83.53502655029297,89.20378875732422,97.06538391113281
chronos_nn5_weekly,55:target,55:target::origin=0,0,auto_arima,0,3620625545,gaussian,7,1998-05-17 00:00:00,75.18411254882812,74.1639404296875,74.1639404296875,51.12730026245117,59.03530502319336,64.73753356933594,69.60987854003906,74.1639404296875,78.71800231933594,83.59034729003906,89.2925796508789,97.20057678222656
chronos_nn5_weekly,55:target,55:target::origin=0,0,prophet,0,2233625676,samples,0,1998-03-29 00:00:00,73.92162322998047,77.93504333496094,77.35770416259766,53.61528396606445,61.06737518310547,67.06021118164062,73.53522491455078,77.93504333496094,81.95410919189453,86.02193450927734,91.00711822509766,99.41062927246094
chronos_nn5_weekly,55:target,55:target::origin=0,0,prophet,0,2233625676,samples,1,1998-04-05 00:00:00,83.6533432006836,76.52120971679688,77.19364166259766,53.14575958251953,61.339698791503906,66.73020935058594,71.111328125,76.52120971679688,81.2536392211914,86.75517272949219,90.3868179321289,100.12016296386719
chronos_nn5_weekly,55:target,55:target::origin=0,0,prophet,0,2233625676,samples,2,1998-04-12 00:00:00,113.54550170898438,75.97135925292969,77.02957916259766,56.44035720825195,61.04082489013672,67.60967254638672,70.8556137084961,75.97135925292969,82.72969055175781,87.92375946044922,92.76113891601562,99.75665283203125
chronos_nn5_weekly,55:target,55:target::origin=0,0,prophet,0,2233625676,samples,3,1998-04-19 00:00:00,73.00105285644531,76.32418060302734,76.86551666259766,54.03174591064453,62.240482330322266,66.8690414428711,71.1871337890625,76.32418060302734,80.10576629638672,85.11482238769531,91.31355285644531,98.80720520019531
chronos_nn5_weekly,55:target,55:target::origin=0,0,prophet,0,2233625676,samples,4,1998-04-26 00:00:00,49.3556022644043,77.83003234863281,76.70145416259766,56.41864776611328,65.16077423095703,69.5823745727539,74.17762756347656,77.83003234863281,81.81836700439453,87.5149917602539,93.94690704345703,101.49695587158203
chronos_nn5_weekly,55:target,55:target::origin=0,0,prophet,0,2233625676,samples,5,1998-05-03 00:00:00,83.42977142333984,76.62678527832031,76.53739166259766,55.71562576293945,61.94314956665039,67.9632568359375,73.4013442993164,76.62678527832031,82.69938659667969,86.96280670166016,91.78148651123047,96.94815063476562
chronos_nn5_weekly,55:target,55:target::origin=0,0,prophet,0,2233625676,samples,6,1998-05-10 00:00:00,76.14413452148438,74.13787841796875,76.37332916259766,52.288761138916016,60.47439193725586,66.55574035644531,70.99769592285156,74.13787841796875,80.670166015625,85.94540405273438,92.09896087646484,98.22103881835938
chronos_nn5_weekly,55:target,55:target::origin=0,0,prophet,0,2233625676,samples,7,1998-05-17 00:00:00,75.18411254882812,76.15312194824219,76.20926666259766,56.234642028808594,62.81609344482422,66.13143157958984,69.82791900634766,76.15312194824219,79.96340942382812,84.86651611328125,88.76061248779297,93.49185180664062
chronos_nn5_weekly,55:target,55:target::origin=0,0,deepar,0,462419562,samples,0,1998-03-29 00:00:00,73.92162322998047,72.05422973632812,71.8336181640625,66.12532043457031,68.45704650878906,69.3736572265625,70.36405181884766,72.05422973632812,72.50841522216797,73.58695220947266,74.85794830322266,76.9884033203125
chronos_nn5_weekly,55:target,55:target::origin=0,0,deepar,0,462419562,samples,1,1998-04-05 00:00:00,83.6533432006836,69.396484375,69.46604919433594,64.77037811279297,66.93546295166016,67.82544708251953,68.76708984375,69.396484375,70.13104248046875,70.74386596679688,72.18067932128906,74.77288818359375
chronos_nn5_weekly,55:target,55:target::origin=0,0,deepar,0,462419562,samples,2,1998-04-12 00:00:00,113.54550170898438,65.71240234375,65.47599029541016,60.360939025878906,62.930721282958984,64.20476531982422,65.07489013671875,65.71240234375,66.1089096069336,67.04841613769531,68.08451843261719,69.2299575805664
chronos_nn5_weekly,55:target,55:target::origin=0,0,deepar,0,462419562,samples,3,1998-04-19 00:00:00,73.00105285644531,64.13180541992188,64.30143737792969,60.79713821411133,62.60187911987305,63.2148323059082,63.782081604003906,64.13180541992188,64.65926361083984,65.51406860351562,66.43599700927734,67.73243713378906
chronos_nn5_weekly,55:target,55:target::origin=0,0,deepar,0,462419562,samples,4,1998-04-26 00:00:00,49.3556022644043,67.07464599609375,67.04479217529297,62.742130279541016,63.94721603393555,65.2638931274414,65.96747589111328,67.07464599609375,67.34545135498047,67.76280975341797,68.48358917236328,70.90837097167969
chronos_nn5_weekly,55:target,55:target::origin=0,0,deepar,0,462419562,samples,5,1998-05-03 00:00:00,83.42977142333984,70.8887710571289,70.86865997314453,66.39351654052734,68.406005859375,69.16952514648438,70.21646881103516,70.8887710571289,71.77180480957031,72.47791290283203,73.54629516601562,74.81119537353516
chronos_nn5_weekly,55:target,55:target::origin=0,0,deepar,0,462419562,samples,6,1998-05-10 00:00:00,76.14413452148438,64.41935729980469,64.47795104980469,58.70282745361328,62.236793518066406,62.94923782348633,63.68752670288086,64.41935729980469,64.97117614746094,65.95661163330078,66.87313079833984,69.85736083984375
chronos_nn5_weekly,55:target,55:target::origin=0,0,deepar,0,462419562,samples,7,1998-05-17 00:00:00,75.18411254882812,70.82450103759766,70.31031799316406,65.54822540283203,68.11396026611328,69.05406188964844,70.25554656982422,70.82450103759766,71.24128723144531,72.18920135498047,72.83258819580078,74.21965789794922
official_usgs_streamflow,08158000,08158000::origin=0,0,chronos_t5_tiny,0,1078997784,chronos_samples,0,2026-07-02 00:00:00,700.0,616.4786987304688,607.5234985351562,544.7724609375,561.320068359375,573.3251342773438,598.9577026367188,616.4786987304688,626.2125244140625,635.9464721679688,648.9249267578125,668.7171630859375
official_usgs_streamflow,08158000,08158000::origin=0,0,chronos_t5_tiny,0,1078997784,chronos_samples,1,2026-07-03 00:00:00,754.0,626.2125244140625,621.6376342773438,528.8738403320312,560.671142578125,592.7929077148438,608.6915893554688,626.2125244140625,639.1911010742188,659.6322021484375,678.1265258789062,707.6526489257812
official_usgs_streamflow,08158000,08158000::origin=0,0,chronos_t5_tiny,0,1078997784,chronos_samples,2,2026-07-04 00:00:00,733.0,611.6117553710938,620.1450805664062,538.2832641601562,569.7560424804688,583.05908203125,597.0109252929688,611.6117553710938,633.9996948242188,656.3875732421875,680.0733642578125,723.55126953125
official_usgs_streamflow,08158000,08158000::origin=0,0,chronos_t5_tiny,0,1078997784,chronos_samples,3,2026-07-05 00:00:00,710.0,619.7233276367188,616.2839965820312,518.8154907226562,541.8523559570312,567.809326171875,587.926025390625,619.7233276367188,645.6802978515625,661.9034423828125,678.7754516601562,708.6260375976562
official_usgs_streamflow,08158000,08158000::origin=0,0,chronos_t5_tiny,0,1078997784,chronos_samples,4,2026-07-06 00:00:00,523.0,613.2340698242188,614.3372192382812,515.8953247070312,547.043701171875,573.3251342773438,587.277099609375,613.2340698242188,640.4889526367188,657.3609619140625,685.2647094726562,710.8972778320312
official_usgs_streamflow,08158000,08158000::origin=0,0,chronos_t5_tiny,0,1078997784,chronos_samples,5,2026-07-07 00:00:00,598.0,606.7448120117188,607.29638671875,495.7786560058594,524.9802856445312,567.1603393554688,591.170654296875,606.7448120117188,619.7233276367188,657.3609619140625,684.6157836914062,717.3865356445312
official_usgs_streamflow,08158000,08158000::origin=0,0,chronos_t5_tiny,0,1078997784,chronos_samples,6,2026-07-08 00:00:00,627.0,600.2555541992188,604.2463989257812,502.26788330078125,521.0867309570312,545.096923828125,587.277099609375,600.2555541992188,627.5103759765625,645.6802978515625,671.6372680664062,699.2166137695312
official_usgs_streamflow,08158000,08158000::origin=0,0,chronos_t5_tiny,0,1078997784,chronos_samples,7,2026-07-09 00:00:00,691.0,595.3886108398438,597.5300903320312,457.1676025390625,512.6506958007812,557.10205078125,578.192138671875,595.3886108398438,622.3190307617188,645.6802978515625,684.6157836914062,713.8174438476562
official_usgs_streamflow,08158000,08158000::origin=0,0,chronos_t5_tiny,0,1078997784,chronos_samples,8,2026-07-10 00:00:00,746.0,601.8778686523438,593.4093627929688,454.2474365234375,499.02325439453125,546.394775390625,579.489990234375,601.8778686523438,633.9996948242188,643.4090576171875,665.7969970703125,701.1633911132812
official_usgs_streamflow,08158000,08158000::origin=0,0,chronos_t5_tiny,0,1078997784,chronos_samples,9,2026-07-11 00:00:00,851.0,600.2555541992188,588.3802490234375,438.0243225097656,493.1829528808594,532.1184692382812,566.511474609375,600.2555541992188,622.9678955078125,644.3824462890625,672.2861938476562,719.0087890625
official_usgs_streamflow,08158000,08158000::origin=0,0,chronos_t5_tiny,0,1078997784,chronos_samples,10,2026-07-12 00:00:00,742.0,592.14404296875,585.58984375,440.9444885253906,487.9915771484375,526.9270629882812,565.213623046875,592.14404296875,625.5635986328125,649.8983154296875,684.6157836914062,711.8706665039062
official_usgs_streamflow,08158000,08158000::origin=0,0,chronos_t5_tiny,0,1078997784,chronos_samples,11,2026-07-13 00:00:00,687.0,587.277099609375,572.1571044921875,411.41839599609375,453.5985107421875,506.16143798828125,566.511474609375,587.277099609375,614.5319213867188,640.1644897460938,659.3077392578125,710.8972778320312
official_usgs_streamflow,08158000,08158000::origin=0,0,chronos_t5_tiny,0,1078997784,chronos_samples,12,2026-07-14 00:00:00,946.0,582.41015625,564.6945190429688,392.2751159667969,452.9495849609375,512.6506958007812,553.532958984375,582.41015625,598.3087768554688,627.1859130859375,658.0099487304688,692.7273559570312
official_usgs_streamflow,08158000,08158000::origin=0,0,chronos_t5_tiny,0,1078997784,chronos_samples,13,2026-07-15 00:00:00,756.0,582.41015625,557.1344604492188,389.0304870605469,440.6200256347656,511.67730712890625,537.3098754882812,582.41015625,595.0641479492188,624.9146728515625,648.9249877929688,723.875732421875
official_usgs_streamflow,08158000,08158000::origin=0,0,chronos_t5_tiny,0,1078997784,chronos_samples,14,2026-07-16 00:00:00,485.0,566.18701171875,551.002197265625,369.2383117675781,430.88616943359375,502.91680908203125,526.2781372070312,566.18701171875,595.0641479492188,620.6966552734375,661.9034423828125,727.120361328125
official_usgs_streamflow,08158000,08158000::origin=0,0,chronos_t5_tiny,0,1078997784,chronos_samples,15,2026-07-17 00:00:00,1080.0,571.0538940429688,548.9580688476562,350.4194641113281,441.2689514160156,485.7203063964844,525.6292114257812,571.0538940429688,595.0641479492188,629.4571533203125,655.4141845703125,737.1787109375
official_usgs_streamflow,08158000,08158000::origin=0,0,chronos_t5_tiny,0,1078997784,chronos_samples,16,2026-07-18 00:00:00,9870.0,549.9638671875,541.6576538085938,334.19635009765625,421.80120849609375,482.4757080078125,515.8953247070312,549.9638671875,582.085693359375,624.9146728515625,662.5523681640625,711.8706665039062
official_usgs_streamflow,08158000,08158000::origin=0,0,chronos_t5_tiny,0,1078997784,chronos_samples,17,2026-07-19 00:00:00,15200.0,543.474609375,541.0411376953125,351.39288330078125,424.39691162109375,490.2628173828125,519.1399536132812,543.474609375,589.872802734375,617.4520874023438,673.5841064453125,701.8123168945312
official_usgs_streamflow,08158000,08158000::origin=0,0,chronos_t5_tiny,0,1078997784,chronos_samples,18,2026-07-20 00:00:00,12800.0,543.474609375,534.5194702148438,333.54742431640625,419.85443115234375,459.7633056640625,501.61895751953125,543.474609375,569.107177734375,610.9628295898438,656.0631103515625,727.769287109375
official_usgs_streamflow,08158000,08158000::origin=0,0,chronos_t5_tiny,0,1078997784,chronos_samples,19,2026-07-21 00:00:00,9810.0,536.9854125976562,527.0243530273438,311.48394775390625,404.2802429199219,459.7633056640625,501.61895751953125,536.9854125976562,572.3517456054688,605.4469604492188,646.3292236328125,714.46630859375
official_usgs_streamflow,08158000,08158000::origin=0,0,chronos_t5_tiny,0,1078997784,chronos_samples,20,2026-07-22 00:00:00,7140.0,533.7407836914062,524.5585327148438,304.3458251953125,399.0888671875,459.7633056640625,499.0232849121094,533.7407836914062,569.107177734375,607.7182006835938,658.6588134765625,730.364990234375
official_usgs_streamflow,08158000,08158000::origin=0,0,chronos_t5_tiny,0,1078997784,chronos_samples,21,2026-07-23 00:00:00,5150.0,535.3630981445312,522.2872924804688,287.4737548828125,378.3232421875,455.5452880859375,502.91680908203125,535.3630981445312,564.564697265625,626.8613891601562,658.6588134765625,694.6741333007812
official_usgs_streamflow,08158000,08158000::origin=0,0,chronos_t5_tiny,0,1078997784,chronos_samples,22,2026-07-24 00:00:00,4490.0,554.830810546875,518.912841796875,283.5802001953125,384.8124694824219,440.2955627441406,504.86358642578125,554.830810546875,583.383544921875,621.6700439453125,639.8400268554688,705.0569458007812
official_usgs_streamflow,08158000,08158000::origin=0,0,chronos_t5_tiny,0,1078997784,chronos_samples,23,2026-07-25 00:00:00,5080.0,536.9854125976562,515.1165771484375,263.13909912109375,367.9404602050781,433.80633544921875,499.67218017578125,536.9854125976562,578.192138671875,610.9628295898438,642.4357299804688,718.3599243164062
official_usgs_streamflow,08158000,08158000::origin=0,0,chronos_t5_tiny,0,1078997784,chronos_samples,24,2026-07-26 00:00:00,4650.0,525.6292114257812,511.125732421875,251.4584197998047,352.3662414550781,430.56170654296875,484.0980224609375,525.6292114257812,575.5963745117188,623.9412841796875,647.6271362304688,701.1633911132812
official_usgs_streamflow,08158000,08158000::origin=0,0,chronos_t5_tiny,0,1078997784,chronos_samples,25,2026-07-27 00:00:00,1980.0,530.4961547851562,507.8486328125,235.88421630859375,311.48394775390625,431.53509521484375,489.2894287109375,530.4961547851562,558.075439453125,617.4520874023438,658.6588134765625,717.0620727539062
official_usgs_streamflow,08158000,08158000::origin=0,0,chronos_t5_tiny,0,1078997784,chronos_samples,26,2026-07-28 00:00:00,117.0,517.5176391601562,504.9609069824219,223.8791046142578,317.9732360839844,418.55657958984375,480.2044677734375,517.5176391601562,556.128662109375,629.1326904296875,665.7969970703125,711.5462036132812
official_usgs_streamflow,08158000,08158000::origin=0,0,chronos_t5_tiny,0,1078997784,chronos_samples,27,2026-07-29 00:00:00,94.5,525.6292114257812,500.6780090332031,223.5546417236328,311.48394775390625,419.85443115234375,469.1727600097656,525.6292114257812,557.426513671875,620.6966552734375,659.3077392578125,692.4029541015625
official_usgs_streamflow,08158000,08158000::origin=0,0,chronos_t5_tiny,0,1078997784,chronos_samples,28,2026-07-30 00:00:00,116.0,511.02838134765625,493.7994079589844,217.06539916992188,304.3457946777344,403.6313171386719,476.9598388671875,511.02838134765625,551.586181640625,604.4735717773438,643.0846557617188,702.7857055664062
official_usgs_streamflow,08158000,08158000::origin=0,0,chronos_t5_tiny,0,1078997784,chronos_samples,29,2026-07-31 00:00:00,161.0,504.53912353515625,482.7352600097656,219.66110229492188,295.2608642578125,403.3068542480469,476.9598388671875,504.53912353515625,533.4163208007812,584.032470703125,626.8614501953125,684.9402465820312
official_usgs_streamflow,08158000,08158000::origin=0,0,timesfm_2_5_200m,0,3320167699,timesfm_quantiles,0,2026-07-02 00:00:00,700.0,599.7703247070312,609.2808227539062,443.6266174316406,498.46929931640625,536.3118896484375,567.4954223632812,599.7703247070312,633.3743286132812,672.153564453125,724.11865234375,823.7197265625
official_usgs_streamflow,08158000,08158000::origin=0,0,timesfm_2_5_200m,0,3320167699,timesfm_quantiles,1,2026-07-03 00:00:00,754.0,591.94921875,614.7361450195312,410.98150634765625,470.729248046875,511.6053161621094,554.4754638671875,591.94921875,630.640869140625,682.460205078125,746.0643310546875,858.1070556640625
official_usgs_streamflow,08158000,08158000::origin=0,0,timesfm_2_5_200m,0,3320167699,timesfm_quantiles,2,2026-07-04 00:00:00,733.0,597.4549560546875,618.5071411132812,392.7835693359375,460.4477233886719,511.6970520019531,554.069580078125,597.4549560546875,643.5643310546875,696.7727661132812,772.1154174804688,895.1728515625
official_usgs_streamflow,08158000,08158000::origin=0,0,timesfm_2_5_200m,0,3320167699,timesfm_quantiles,3,2026-07-05 00:00:00,710.0,598.864013671875,616.340087890625,379.92108154296875,450.8489074707031,507.01617431640625,554.195556640625,598.864013671875,648.833251953125,708.2379150390625,785.8069458007812,920.558837890625
official_usgs_streamflow,08158000,08158000::origin=0,0,timesfm_2_5_200m,0,3320167699,timesfm_quantiles,4,2026-07-06 00:00:00,523.0,594.544677734375,624.1333618164062,355.42974853515625,435.4725646972656,494.6578369140625,544.322265625,594.544677734375,648.69873046875,711.82568359375,796.6417236328125,933.298095703125
official_usgs_streamflow,08158000,08158000::origin=0,0,timesfm_2_5_200m,0,3320167699,timesfm_quantiles,5,2026-07-07 00:00:00,598.0,592.427001953125,609.581298828125,338.2376708984375,423.0030212402344,485.29742431640625,539.1048583984375,592.427001953125,651.4968872070312,712.7025146484375,804.4111328125,950.521484375
official_usgs_streamflow,08158000,08158000::origin=0,0,timesfm_2_5_200m,0,3320167699,timesfm_quantiles,6,2026-07-08 00:00:00,627.0,592.3344116210938,618.056640625,325.09466552734375,411.438232421875,475.83343505859375,533.9805908203125,592.3344116210938,658.7426147460938,722.7084350585938,813.019287109375,965.1595458984375
official_usgs_streamflow,08158000,08158000::origin=0,0,timesfm_2_5_200m,0,3320167699,timesfm_quantiles,7,2026-07-09 00:00:00,691.0,598.9215087890625,620.9981079101562,322.5675354003906,411.1412048339844,481.27276611328125,537.7870483398438,598.9215087890625,663.2064819335938,732.81201171875,825.751220703125,983.6649169921875
official_usgs_streamflow,08158000,08158000::origin=0,0,timesfm_2_5_200m,0,3320167699,timesfm_quantiles,8,2026-07-10 00:00:00,746.0,593.7109375,620.064697265625,310.57147216796875,406.37518310546875,472.2386474609375,533.2388305664062,593.7109375,664.0801391601562,736.2835693359375,826.027099609375,985.2442626953125
official_usgs_streamflow,08158000,08158000::origin=0,0,timesfm_2_5_200m,0,3320167699,timesfm_quantiles,9,2026-07-11 00:00:00,851.0,594.234130859375,614.1988525390625,303.5571594238281,402.7192687988281,467.86773681640625,530.0151977539062,594.234130859375,663.556640625,740.2036743164062,830.4306640625,993.3558959960938
official_usgs_streamflow,08158000,08158000::origin=0,0,timesfm_2_5_200m,0,3320167699,timesfm_quantiles,10,2026-07-12 00:00:00,742.0,586.4901123046875,605.1261596679688,285.8316650390625,386.2824401855469,455.3488464355469,522.5526123046875,586.4901123046875,653.293212890625,732.7259521484375,827.5349731445312,988.7260131835938
official_usgs_streamflow,08158000,08158000::origin=0,0,timesfm_2_5_200m,0,3320167699,timesfm_quantiles,11,2026-07-13 00:00:00,687.0,573.2955932617188,599.2974243164062,270.5750732421875,369.531982421875,436.1778259277344,504.47564697265625,573.2955932617188,643.284912109375,722.8099365234375,816.3206787109375,984.3862915039062
official_usgs_streamflow,08158000,08158000::origin=0,0,timesfm_2_5_200m,0,3320167699,timesfm_quantiles,12,2026-07-14 00:00:00,946.0,565.380615234375,594.827880859375,264.03009033203125,360.2457275390625,433.94366455078125,502.90850830078125,565.380615234375,634.8385009765625,714.8145751953125,815.3829345703125,984.5004272460938
official_usgs_streamflow,08158000,08158000::origin=0,0,timesfm_2_5_200m,0,3320167699,timesfm_quantiles,13,2026-07-15 00:00:00,756.0,557.4868774414062,578.9854736328125,253.32862854003906,352.72772216796875,425.638671875,491.5072021484375,557.4868774414062,630.8494873046875,709.0988159179688,809.18896484375,978.6416625976562
official_usgs_streamflow,08158000,08158000::origin=0,0,timesfm_2_5_200m,0,3320167699,timesfm_quantiles,14,2026-07-16 00:00:00,485.0,555.152587890625,584.93017578125,246.3106689453125,349.05364990234375,424.4839172363281,491.2360534667969,555.152587890625,627.8284912109375,706.614990234375,805.4928588867188,978.5533447265625
official_usgs_streamflow,08158000,08158000::origin=0,0,timesfm_2_5_200m,0,3320167699,timesfm_quantiles,15,2026-07-17 00:00:00,1080.0,547.0575561523438,579.1815185546875,238.89419555664062,342.4084777832031,419.09014892578125,481.4400939941406,547.0575561523438,621.0564575195312,697.6450805664062,798.843505859375,971.7492065429688
official_usgs_streamflow,08158000,08158000::origin=0,0,timesfm_2_5_200m,0,3320167699,timesfm_quantiles,16,2026-07-18 00:00:00,9870.0,545.2811889648438,577.38916015625,233.5702362060547,336.42022705078125,416.020751953125,482.11676025390625,545.2811889648438,619.09130859375,696.43994140625,801.955322265625,969.1493530273438
official_usgs_streamflow,08158000,08158000::origin=0,0,timesfm_2_5_200m,0,3320167699,timesfm_quantiles,17,2026-07-19 00:00:00,15200.0,545.2706909179688,570.2635498046875,235.51844787597656,340.41680908203125,418.4576416015625,483.4084777832031,545.2706909179688,616.7540283203125,695.6901245117188,802.2119140625,970.0910034179688
official_usgs_streamflow,08158000,08158000::origin=0,0,timesfm_2_5_200m,0,3320167699,timesfm_quantiles,18,2026-07-20 00:00:00,12800.0,536.2296752929688,560.2039184570312,213.5148468017578,325.9639587402344,402.5143737792969,470.4590148925781,536.2296752929688,607.1600952148438,689.6637573242188,789.3677978515625,966.5175170898438
official_usgs_streamflow,08158000,08158000::origin=0,0,timesfm_2_5_200m,0,3320167699,timesfm_quantiles,19,2026-07-21 00:00:00,9810.0,530.5859375,560.6950073242188,215.32313537597656,324.29571533203125,401.0845031738281,467.2647399902344,530.5859375,596.1271362304688,678.71533203125,782.6387939453125,960.8048706054688
official_usgs_streamflow,08158000,08158000::origin=0,0,timesfm_2_5_200m,0,3320167699,timesfm_quantiles,20,2026-07-22 00:00:00,7140.0,524.9404296875,551.4987182617188,207.38970947265625,319.20440673828125,390.8951110839844,459.4736022949219,524.9404296875,596.2086791992188,674.6085205078125,775.1072998046875,957.9931030273438
official_usgs_streamflow,08158000,08158000::origin=0,0,timesfm_2_5_200m,0,3320167699,timesfm_quantiles,21,2026-07-23 00:00:00,5150.0,523.2138671875,546.0045166015625,208.8089599609375,309.6611633300781,388.30682373046875,457.1885986328125,523.2138671875,595.328369140625,675.246826171875,783.91162109375,955.39306640625
official_usgs_streamflow,08158000,08158000::origin=0,0,timesfm_2_5_200m,0,3320167699,timesfm_quantiles,22,2026-07-24 00:00:00,4490.0,520.1919555664062,550.8619995117188,205.0780029296875,308.50628662109375,383.5345153808594,450.531005859375,520.1919555664062,593.11376953125,673.44091796875,779.1241455078125,958.154052734375
official_usgs_streamflow,08158000,08158000::origin=0,0,timesfm_2_5_200m,0,3320167699,timesfm_quantiles,23,2026-07-25 00:00:00,5080.0,514.3788452148438,540.3737182617188,195.9222412109375,304.66229248046875,381.46539306640625,453.05096435546875,514.3788452148438,585.1417846679688,668.33056640625,775.3375854492188,964.4288330078125
official_usgs_streamflow,08158000,08158000::origin=0,0,timesfm_2_5_200m,0,3320167699,timesfm_quantiles,24,2026-07-26 00:00:00,4650.0,518.072021484375,541.3048095703125,200.15806579589844,302.54473876953125,377.9959716796875,448.29644775390625,518.072021484375,593.5049438476562,676.3836669921875,782.445556640625,968.6359252929688
official_usgs_streamflow,08158000,08158000::origin=0,0,timesfm_2_5_200m,0,3320167699,timesfm_quantiles,25,2026-07-27 00:00:00,1980.0,510.189208984375,532.3681640625,183.55926513671875,294.2115478515625,371.4371337890625,440.6923828125,510.189208984375,586.8233032226562,671.51416015625,777.3515625,973.383056640625
official_usgs_streamflow,08158000,08158000::origin=0,0,timesfm_2_5_200m,0,3320167699,timesfm_quantiles,26,2026-07-28 00:00:00,117.0,500.6462707519531,528.1776733398438,180.45785522460938,287.8211975097656,361.2730407714844,433.6723937988281,500.6462707519531,573.5858764648438,663.638916015625,769.7046508789062,960.1439208984375
official_usgs_streamflow,08158000,08158000::origin=0,0,timesfm_2_5_200m,0,3320167699,timesfm_quantiles,27,2026-07-29 00:00:00,94.5,489.0262145996094,519.3314208984375,171.15753173828125,271.19354248046875,353.61846923828125,424.4110412597656,489.0262145996094,566.0494384765625,653.1210327148438,766.0147705078125,958.5751342773438
official_usgs_streamflow,08158000,08158000::origin=0,0,timesfm_2_5_200m,0,3320167699,timesfm_quantiles,28,2026-07-30 00:00:00,116.0,484.77337646484375,518.32470703125,159.51760864257812,263.7648010253906,350.70562744140625,418.2986755371094,484.77337646484375,558.5372314453125,643.2685546875,758.6637573242188,952.254150390625
official_usgs_streamflow,08158000,08158000::origin=0,0,timesfm_2_5_200m,0,3320167699,timesfm_quantiles,29,2026-07-31 00:00:00,161.0,480.1536865234375,510.18927001953125,152.99050903320312,256.76910400390625,337.1276550292969,402.86944580078125,480.1536865234375,565.4302368164062,648.135986328125,754.9251098632812,954.21044921875
official_usgs_streamflow,08158000,08158000::origin=0,0,moirai_2_0_small,0,2498174170,moirai_quantiles_no_mean,0,2026-07-02 00:00:00,700.0,626.34912109375,626.34912109375,487.9423828125,532.2020874023438,566.5256958007812,598.1653442382812,626.34912109375,657.133544921875,689.5365600585938,737.1268310546875,823.9222412109375
official_usgs_streamflow,08158000,08158000::origin=0,0,moirai_2_0_small,0,2498174170,moirai_quantiles_no_mean,1,2026-07-03 00:00:00,754.0,627.4580078125,627.4580078125,460.54840087890625,513.57080078125,553.2051391601562,591.5927734375,627.4580078125,667.8690185546875,711.3130493164062,776.6339111328125,890.7039794921875
official_usgs_streamflow,08158000,08158000::origin=0,0,moirai_2_0_small,0,2498174170,moirai_quantiles_no_mean,2,2026-07-04 00:00:00,733.0,629.3497924804688,629.3497924804688,446.751708984375,506.2153015136719,549.209716796875,589.7162475585938,629.3497924804688,673.7418212890625,721.9925537109375,794.6978759765625,921.7459106445312
official_usgs_streamflow,08158000,08158000::origin=0,0,moirai_2_0_small,0,2498174170,moirai_quantiles_no_mean,3,2026-07-05 00:00:00,710.0,629.10888671875,629.10888671875,431.843017578125,498.4073791503906,545.6763916015625,587.8284912109375,629.10888671875,675.5646362304688,728.2230224609375,804.8278198242188,938.4732055664062
official_usgs_streamflow,08158000,08158000::origin=0,0,moirai_2_0_small,0,2498174170,moirai_quantiles_no_mean,4,2026-07-06 00:00:00,523.0,632.394287109375,632.394287109375,427.7455749511719,497.3409118652344,547.219482421875,591.529296875,632.394287109375,680.1085815429688,733.0623779296875,810.4140014648438,945.4915161132812
official_usgs_streamflow,08158000,08158000::origin=0,0,moirai_2_0_small,0,2498174170,moirai_quantiles_no_mean,5,2026-07-07 00:00:00,598.0,631.7423706054688,631.7423706054688,413.5744323730469,489.08453369140625,543.0069580078125,589.4041748046875,631.7423706054688,679.890625,733.3856811523438,811.6886596679688,948.1192626953125
official_usgs_streamflow,08158000,08158000::origin=0,0,moirai_2_0_small,0,2498174170,moirai_quantiles_no_mean,6,2026-07-08 00:00:00,627.0,631.4501953125,631.4501953125,401.5184631347656,479.8035888671875,539.4849243164062,587.87060546875,631.4501953125,680.5432739257812,735.5772705078125,813.8875732421875,947.9805908203125
official_usgs_streamflow,08158000,08158000::origin=0,0,moirai_2_0_small,0,2498174170,moirai_quantiles_no_mean,7,2026-07-09 00:00:00,691.0,632.40234375,632.40234375,391.8701477050781,474.4252624511719,535.744873046875,587.5565795898438,632.40234375,682.4407958984375,737.71728515625,817.6103515625,953.3248291015625
official_usgs_streamflow,08158000,08158000::origin=0,0,moirai_2_0_small,0,2498174170,moirai_quantiles_no_mean,8,2026-07-10 00:00:00,746.0,637.6630859375,637.6630859375,383.7224426269531,469.5836181640625,536.0608520507812,589.434814453125,637.6630859375,689.6942138671875,748.407958984375,831.95166015625,973.3724365234375
official_usgs_streamflow,08158000,08158000::origin=0,0,moirai_2_0_small,0,2498174170,moirai_quantiles_no_mean,9,2026-07-11 00:00:00,851.0,642.1515502929688,642.1515502929688,373.5964660644531,463.530517578125,533.2936401367188,591.7284545898438,642.1515502929688,697.7314453125,759.419189453125,848.06884765625,993.8494873046875
official_usgs_streamflow,08158000,08158000::origin=0,0,moirai_2_0_small,0,2498174170,moirai_quantiles_no_mean,10,2026-07-12 00:00:00,742.0,644.4149169921875,644.4149169921875,363.89990234375,456.9833984375,531.508056640625,591.567626953125,644.4149169921875,700.952880859375,763.4989013671875,853.8892822265625,1003.1202392578125
official_usgs_streamflow,08158000,08158000::origin=0,0,moirai_2_0_small,0,2498174170,moirai_quantiles_no_mean,11,2026-07-13 00:00:00,687.0,643.6485595703125,643.6485595703125,359.8266906738281,452.1213684082031,528.241455078125,591.94580078125,643.6485595703125,700.7772827148438,764.589111328125,854.5476684570312,1002.3502197265625
official_usgs_streamflow,08158000,08158000::origin=0,0,moirai_2_0_small,0,2498174170,moirai_quantiles_no_mean,12,2026-07-14 00:00:00,946.0,639.8394165039062,639.8394165039062,350.2066345214844,442.0384521484375,520.9112548828125,585.492919921875,639.8394165039062,699.1119384765625,764.5289306640625,855.6487426757812,1005.59765625
official_usgs_streamflow,08158000,08158000::origin=0,0,moirai_2_0_small,0,2498174170,moirai_quantiles_no_mean,13,2026-07-15 00:00:00,756.0,633.5370483398438,633.5370483398438,341.00518798828125,431.70880126953125,512.4567260742188,578.7955322265625,633.5370483398438,693.1080322265625,759.4273681640625,850.4014282226562,1004.1256103515625
official_usgs_streamflow,08158000,08158000::origin=0,0,moirai_2_0_small,0,2498174170,moirai_quantiles_no_mean,14,2026-07-16 00:00:00,485.0,633.31591796875,633.31591796875,337.1922912597656,427.3391418457031,510.0133056640625,576.8251342773438,633.31591796875,694.5718994140625,762.274169921875,856.11572265625,1009.993408203125
official_usgs_streamflow,08158000,08158000::origin=0,0,moirai_2_0_small,0,2498174170,moirai_quantiles_no_mean,15,2026-07-17 00:00:00,1080.0,635.4647216796875,635.4647216796875,329.3084716796875,419.5856018066406,503.0389099121094,575.516357421875,635.4647216796875,699.852783203125,771.43701171875,869.686767578125,1025.1815185546875
official_usgs_streamflow,08158000,08158000::origin=0,0,moirai_2_0_small,0,2498174170,moirai_quantiles_no_mean,16,2026-07-18 00:00:00,9870.0,633.578125,633.578125,325.20751953125,415.09527587890625,498.5736999511719,572.1905517578125,633.578125,698.6780395507812,771.4019165039062,870.2626953125,1026.592041015625
official_usgs_streamflow,08158000,08158000::origin=0,0,moirai_2_0_small,0,2498174170,moirai_quantiles_no_mean,17,2026-07-19 00:00:00,15200.0,628.3493041992188,628.3493041992188,316.68829345703125,405.999755859375,489.9834289550781,566.6396484375,628.3493041992188,695.3262939453125,769.058837890625,866.8329467773438,1022.946533203125
official_usgs_streamflow,08158000,08158000::origin=0,0,moirai_2_0_small,0,2498174170,moirai_quantiles_no_mean,18,2026-07-20 00:00:00,12800.0,621.730224609375,621.730224609375,307.3455810546875,396.73284912109375,480.52703857421875,557.53466796875,621.730224609375,688.8740234375,762.8533935546875,861.6241455078125,1016.7906494140625
official_usgs_streamflow,08158000,08158000::origin=0,0,moirai_2_0_small,0,2498174170,moirai_quantiles_no_mean,19,2026-07-21 00:00:00,9810.0,611.7809448242188,611.7809448242188,291.73638916015625,382.3172607421875,465.3529052734375,545.66064453125,611.7809448242188,680.0413818359375,755.6646728515625,853.6798095703125,1009.1485595703125
official_usgs_streamflow,08158000,08158000::origin=0,0,moirai_2_0_small,0,2498174170,moirai_quantiles_no_mean,20,2026-07-22 00:00:00,7140.0,599.1781005859375,599.1781005859375,285.3863830566406,371.6640625,452.53729248046875,532.356689453125,599.1781005859375,669.2272338867188,745.9041137695312,843.8185424804688,996.6890869140625
official_usgs_streamflow,08158000,08158000::origin=0,0,moirai_2_0_small,0,2498174170,moirai_quantiles_no_mean,21,2026-07-23 00:00:00,5150.0,587.702392578125,587.702392578125,272.36724853515625,358.0138854980469,438.0883483886719,518.7608642578125,587.702392578125,659.9093017578125,738.4566040039062,838.37744140625,995.4866943359375
official_usgs_streamflow,08158000,08158000::origin=0,0,moirai_2_0_small,0,2498174170,moirai_quantiles_no_mean,22,2026-07-24 00:00:00,4490.0,585.7991333007812,585.7991333007812,262.97186279296875,350.13507080078125,430.149658203125,514.0631103515625,585.7991333007812,660.9945068359375,742.59130859375,846.6112670898438,1010.124755859375
official_usgs_streamflow,08158000,08158000::origin=0,0,moirai_2_0_small,0,2498174170,moirai_quantiles_no_mean,23,2026-07-25 00:00:00,5080.0,575.0921630859375,575.0921630859375,250.24046325683594,335.986083984375,416.49273681640625,501.035400390625,575.0921630859375,651.21142578125,733.3780517578125,838.021484375,1002.230224609375
official_usgs_streamflow,08158000,08158000::origin=0,0,moirai_2_0_small,0,2498174170,moirai_quantiles_no_mean,24,2026-07-26 00:00:00,4650.0,559.5272216796875,559.5272216796875,239.74249267578125,325.1807556152344,403.74761962890625,486.96728515625,559.5272216796875,635.9866943359375,718.4268798828125,820.946533203125,982.746826171875
official_usgs_streamflow,08158000,08158000::origin=0,0,moirai_2_0_small,0,2498174170,moirai_quantiles_no_mean,25,2026-07-27 00:00:00,1980.0,547.48486328125,547.48486328125,230.31173706054688,316.37237548828125,391.08843994140625,474.5779724121094,547.48486328125,622.7589721679688,703.1937255859375,805.2289428710938,964.76416015625
official_usgs_streamflow,08158000,08158000::origin=0,0,moirai_2_0_small,0,2498174170,moirai_quantiles_no_mean,26,2026-07-28 00:00:00,117.0,537.8377685546875,537.8377685546875,226.6547393798828,308.7340087890625,382.3164978027344,464.3211975097656,537.8377685546875,612.5020141601562,693.4326171875,794.291259765625,952.1073608398438
official_usgs_streamflow,08158000,08158000::origin=0,0,moirai_2_0_small,0,2498174170,moirai_quantiles_no_mean,27,2026-07-29 00:00:00,94.5,523.5845947265625,523.5845947265625,218.81040954589844,299.2285461425781,369.9769592285156,450.81158447265625,523.5845947265625,598.576416015625,679.4522094726562,778.93115234375,935.2962646484375
official_usgs_streamflow,08158000,08158000::origin=0,0,moirai_2_0_small,0,2498174170,moirai_quantiles_no_mean,28,2026-07-30 00:00:00,116.0,509.15655517578125,509.15655517578125,212.3422088623047,289.85687255859375,357.3985595703125,435.9136657714844,509.15655517578125,584.8025512695312,668.2869873046875,771.3226318359375,930.44775390625
official_usgs_streamflow,08158000,08158000::origin=0,0,moirai_2_0_small,0,2498174170,moirai_quantiles_no_mean,29,2026-07-31 00:00:00,161.0,495.5286865234375,495.5286865234375,201.53465270996094,278.90093994140625,344.04510498046875,421.8079833984375,495.5286865234375,571.9927978515625,657.3692626953125,759.2626953125,918.3299560546875
official_usgs_streamflow,08158000,08158000::origin=0,0,seasonal_naive,0,4030060149,degenerate,0,2026-07-02 00:00:00,700.0,560.0,560.0,560.0,560.0,560.0,560.0,560.0,560.0,560.0,560.0,560.0
official_usgs_streamflow,08158000,08158000::origin=0,0,seasonal_naive,0,4030060149,degenerate,1,2026-07-03 00:00:00,754.0,971.0,971.0,971.0,971.0,971.0,971.0,971.0,971.0,971.0,971.0,971.0
official_usgs_streamflow,08158000,08158000::origin=0,0,seasonal_naive,0,4030060149,degenerate,2,2026-07-04 00:00:00,733.0,376.0,376.0,376.0,376.0,376.0,376.0,376.0,376.0,376.0,376.0,376.0
official_usgs_streamflow,08158000,08158000::origin=0,0,seasonal_naive,0,4030060149,degenerate,3,2026-07-05 00:00:00,710.0,6010.0,6010.0,6010.0,6010.0,6010.0,6010.0,6010.0,6010.0,6010.0,6010.0,6010.0
official_usgs_streamflow,08158000,08158000::origin=0,0,seasonal_naive,0,4030060149,degenerate,4,2026-07-06 00:00:00,523.0,1130.0,1130.0,1130.0,1130.0,1130.0,1130.0,1130.0,1130.0,1130.0,1130.0,1130.0
official_usgs_streamflow,08158000,08158000::origin=0,0,seasonal_naive,0,4030060149,degenerate,5,2026-07-07 00:00:00,598.0,239.0,239.0,239.0,239.0,239.0,239.0,239.0,239.0,239.0,239.0,239.0
official_usgs_streamflow,08158000,08158000::origin=0,0,seasonal_naive,0,4030060149,degenerate,6,2026-07-08 00:00:00,627.0,171.0,171.0,171.0,171.0,171.0,171.0,171.0,171.0,171.0,171.0,171.0
official_usgs_streamflow,08158000,08158000::origin=0,0,seasonal_naive,0,4030060149,degenerate,7,2026-07-09 00:00:00,691.0,334.0,334.0,334.0,334.0,334.0,334.0,334.0,334.0,334.0,334.0,334.0
official_usgs_streamflow,08158000,08158000::origin=0,0,seasonal_naive,0,4030060149,degenerate,8,2026-07-10 00:00:00,746.0,237.0,237.0,237.0,237.0,237.0,237.0,237.0,237.0,237.0,237.0,237.0
official_usgs_streamflow,08158000,08158000::origin=0,0,seasonal_naive,0,4030060149,degenerate,9,2026-07-11 00:00:00,851.0,163.0,163.0,163.0,163.0,163.0,163.0,163.0,163.0,163.0,163.0,163.0
official_usgs_streamflow,08158000,08158000::origin=0,0,seasonal_naive,0,4030060149,degenerate,10,2026-07-12 00:00:00,742.0,153.0,153.0,153.0,153.0,153.0,153.0,153.0,153.0,153.0,153.0,153.0
official_usgs_streamflow,08158000,08158000::origin=0,0,seasonal_naive,0,4030060149,degenerate,11,2026-07-13 00:00:00,687.0,219.0,219.0,219.0,219.0,219.0,219.0,219.0,219.0,219.0,219.0,219.0
official_usgs_streamflow,08158000,08158000::origin=0,0,seasonal_naive,0,4030060149,degenerate,12,2026-07-14 00:00:00,946.0,222.0,222.0,222.0,222.0,222.0,222.0,222.0,222.0,222.0,222.0,222.0
official_usgs_streamflow,08158000,08158000::origin=0,0,seasonal_naive,0,4030060149,degenerate,13,2026-07-15 00:00:00,756.0,177.0,177.0,177.0,177.0,177.0,177.0,177.0,177.0,177.0,177.0,177.0
official_usgs_streamflow,08158000,08158000::origin=0,0,seasonal_naive,0,4030060149,degenerate,14,2026-07-16 00:00:00,485.0,161.0,161.0,161.0,161.0,161.0,161.0,161.0,161.0,161.0,161.0,161.0
official_usgs_streamflow,08158000,08158000::origin=0,0,seasonal_naive,0,4030060149,degenerate,15,2026-07-17 00:00:00,1080.0,140.0,140.0,140.0,140.0,140.0,140.0,140.0,140.0,140.0,140.0,140.0
official_usgs_streamflow,08158000,08158000::origin=0,0,seasonal_naive,0,4030060149,degenerate,16,2026-07-18 00:00:00,9870.0,175.0,175.0,175.0,175.0,175.0,175.0,175.0,175.0,175.0,175.0,175.0
official_usgs_streamflow,08158000,08158000::origin=0,0,seasonal_naive,0,4030060149,degenerate,17,2026-07-19 00:00:00,15200.0,320.0,320.0,320.0,320.0,320.0,320.0,320.0,320.0,320.0,320.0,320.0
official_usgs_streamflow,08158000,08158000::origin=0,0,seasonal_naive,0,4030060149,degenerate,18,2026-07-20 00:00:00,12800.0,375.0,375.0,375.0,375.0,375.0,375.0,375.0,375.0,375.0,375.0,375.0
official_usgs_streamflow,08158000,08158000::origin=0,0,seasonal_naive,0,4030060149,degenerate,19,2026-07-21 00:00:00,9810.0,410.0,410.0,410.0,410.0,410.0,410.0,410.0,410.0,410.0,410.0,410.0
official_usgs_streamflow,08158000,08158000::origin=0,0,seasonal_naive,0,4030060149,degenerate,20,2026-07-22 00:00:00,7140.0,439.0,439.0,439.0,439.0,439.0,439.0,439.0,439.0,439.0,439.0,439.0
official_usgs_streamflow,08158000,08158000::origin=0,0,seasonal_naive,0,4030060149,degenerate,21,2026-07-23 00:00:00,5150.0,502.0,502.0,502.0,502.0,502.0,502.0,502.0,502.0,502.0,502.0,502.0
official_usgs_streamflow,08158000,08158000::origin=0,0,seasonal_naive,0,4030060149,degenerate,22,2026-07-24 00:00:00,4490.0,597.0,597.0,597.0,597.0,597.0,597.0,597.0,597.0,597.0,597.0,597.0
official_usgs_streamflow,08158000,08158000::origin=0,0,seasonal_naive,0,4030060149,degenerate,23,2026-07-25 00:00:00,5080.0,699.0,699.0,699.0,699.0,699.0,699.0,699.0,699.0,699.0,699.0,699.0
official_usgs_streamflow,08158000,08158000::origin=0,0,seasonal_naive,0,4030060149,degenerate,24,2026-07-26 00:00:00,4650.0,708.0,708.0,708.0,708.0,708.0,708.0,708.0,708.0,708.0,708.0,708.0
official_usgs_streamflow,08158000,08158000::origin=0,0,seasonal_naive,0,4030060149,degenerate,25,2026-07-27 00:00:00,1980.0,714.0,714.0,714.0,714.0,714.0,714.0,714.0,714.0,714.0,714.0,714.0
official_usgs_streamflow,08158000,08158000::origin=0,0,seasonal_naive,0,4030060149,degenerate,26,2026-07-28 00:00:00,117.0,607.0,607.0,607.0,607.0,607.0,607.0,607.0,607.0,607.0,607.0,607.0
official_usgs_streamflow,08158000,08158000::origin=0,0,seasonal_naive,0,4030060149,degenerate,27,2026-07-29 00:00:00,94.5,424.0,424.0,424.0,424.0,424.0,424.0,424.0,424.0,424.0,424.0,424.0
official_usgs_streamflow,08158000,08158000::origin=0,0,seasonal_naive,0,4030060149,degenerate,28,2026-07-30 00:00:00,116.0,455.0,455.0,455.0,455.0,455.0,455.0,455.0,455.0,455.0,455.0,455.0
official_usgs_streamflow,08158000,08158000::origin=0,0,seasonal_naive,0,4030060149,degenerate,29,2026-07-31 00:00:00,161.0,409.0,409.0,409.0,409.0,409.0,409.0,409.0,409.0,409.0,409.0,409.0
official_usgs_streamflow,08158000,08158000::origin=0,0,arima_2_1_2,0,3423072054,gaussian,0,2026-07-02 00:00:00,700.0,631.4681396484375,631.4681396484375,201.17666625976562,348.88690185546875,455.3963623046875,546.40478515625,631.4681396484375,716.5315551757812,807.5399169921875,914.0493774414062,1061.759521484375
official_usgs_streamflow,08158000,08158000::origin=0,0,arima_2_1_2,0,3423072054,gaussian,1,2026-07-03 00:00:00,754.0,644.1160888671875,644.1160888671875,196.2678985595703,350.0050048828125,460.8602600097656,555.5819702148438,644.1160888671875,732.6502075195312,827.3719482421875,938.2272338867188,1091.9642333984375
official_usgs_streamflow,08158000,08158000::origin=0,0,arima_2_1_2,0,3423072054,gaussian,2,2026-07-04 00:00:00,733.0,643.9856567382812,643.9856567382812,185.75704956054688,343.0575256347656,456.48223876953125,553.3994750976562,643.9856567382812,734.5718994140625,831.4890747070312,944.913818359375,1102.2142333984375
official_usgs_streamflow,08158000,08158000::origin=0,0,arima_2_1_2,0,3423072054,gaussian,3,2026-07-05 00:00:00,710.0,645.2311401367188,645.2311401367188,181.1112518310547,340.43408203125,455.31707763671875,553.4802856445312,645.2311401367188,736.9819946289062,835.1452026367188,950.0281982421875,1109.3509521484375
official_usgs_streamflow,08158000,08158000::origin=0,0,arima_2_1_2,0,3423072054,gaussian,4,2026-07-06 00:00:00,523.0,644.9362182617188,644.9362182617188,174.57412719726562,336.039794921875,452.4678955078125,551.9513549804688,644.9362182617188,737.9210815429688,837.404541015625,953.8327026367188,1115.2982177734375
official_usgs_streamflow,08158000,08158000::origin=0,0,arima_2_1_2,0,3423072054,gaussian,5,2026-07-07 00:00:00,598.0,645.1228637695312,645.1228637695312,169.0472869873047,332.4742736816406,450.3166198730469,551.008544921875,645.1228637695312,739.2371826171875,839.9291381835938,957.771484375,1121.1983642578125
official_usgs_streamflow,08158000,08158000::origin=0,0,arima_2_1_2,0,3423072054,gaussian,6,2026-07-08 00:00:00,627.0,645.0521850585938,645.0521850585938,163.19273376464844,328.6051940917969,447.87921142578125,549.79443359375,645.0521850585938,740.3099365234375,842.2251586914062,961.4992065429688,1126.91162109375
official_usgs_streamflow,08158000,08158000::origin=0,0,arima_2_1_2,0,3423072054,gaussian,7,2026-07-09 00:00:00,691.0,645.0861206054688,645.0861206054688,157.583984375,324.9334716796875,445.6042175292969,548.712890625,645.0861206054688,741.4593505859375,844.5680541992188,965.23876953125,1132.5882568359375
official_usgs_streamflow,08158000,08158000::origin=0,0,arima_2_1_2,0,3423072054,gaussian,8,2026-07-10 00:00:00,746.0,645.0716552734375,645.0716552734375,151.96214294433594,321.23651123046875,443.2952575683594,547.5899047851562,645.0716552734375,742.5534057617188,846.8480224609375,968.9067993164062,1138.18115234375
official_usgs_streamflow,08158000,08158000::origin=0,0,arima_2_1_2,0,3423072054,gaussian,9,2026-07-11 00:00:00,851.0,645.0781860351562,645.0781860351562,146.43775939941406,317.61077880859375,441.03857421875,546.5030517578125,645.0781860351562,743.6533203125,849.1177978515625,972.5455932617188,1143.7186279296875
official_usgs_streamflow,08158000,08158000::origin=0,0,arima_2_1_2,0,3423072054,gaussian,10,2026-07-12 00:00:00,742.0,645.0753173828125,645.0753173828125,140.95887756347656,314.01171875,438.79498291015625,545.4176635742188,645.0753173828125,744.7330322265625,851.3556518554688,976.138916015625,1149.191650390625
official_usgs_streamflow,08158000,08158000::origin=0,0,arima_2_1_2,0,3423072054,gaussian,11,2026-07-13 00:00:00,687.0,645.0765991210938,645.0765991210938,135.54556274414062,310.4571228027344,436.5806579589844,544.3485107421875,645.0765991210938,745.8046875,853.5725708007812,979.6961059570312,1154.6075439453125
official_usgs_streamflow,08158000,08158000::origin=0,0,arima_2_1_2,0,3423072054,gaussian,12,2026-07-14 00:00:00,946.0,645.0760498046875,645.0760498046875,130.18621826171875,306.9373474121094,434.3873291015625,543.2886352539062,645.0760498046875,746.863525390625,855.7647705078125,983.2147827148438,1159.9658203125
official_usgs_streamflow,08158000,08158000::origin=0,0,arima_2_1_2,0,3423072054,gaussian,13,2026-07-15 00:00:00,756.0,645.0762939453125,645.0762939453125,124.8833999633789,303.4549560546875,432.21759033203125,542.2405395507812,645.0762939453125,747.912109375,857.9349975585938,986.6976318359375,1165.2691650390625
official_usgs_streamflow,08158000,08158000::origin=0,0,arima_2_1_2,0,3423072054,gaussian,14,2026-07-16 00:00:00,485.0,645.076171875,645.076171875,119.63348388671875,300.0071716308594,430.0693054199219,541.2025756835938,645.076171875,748.9497680664062,860.0830078125,990.1452026367188,1170.518798828125
official_usgs_streamflow,08158000,08158000::origin=0,0,arima_2_1_2,0,3423072054,gaussian,15,2026-07-17 00:00:00,1080.0,645.0762329101562,645.0762329101562,114.43580627441406,296.5937805175781,427.9425048828125,540.1751098632812,645.0762329101562,749.9774169921875,862.2099609375,993.5587158203125,1175.716552734375
official_usgs_streamflow,08158000,08158000::origin=0,0,arima_2_1_2,0,3423072054,gaussian,16,2026-07-18 00:00:00,9870.0,645.076171875,645.076171875,109.28834533691406,293.21331787109375,425.8361511230469,539.157470703125,645.076171875,750.9949340820312,864.316162109375,996.9390258789062,1180.8638916015625
official_usgs_streamflow,08158000,08158000::origin=0,0,arima_2_1_2,0,3423072054,gaussian,17,2026-07-19 00:00:00,15200.0,645.0762329101562,645.0762329101562,104.1900405883789,289.86517333984375,423.75,538.149658203125,645.0762329101562,752.0028686523438,866.4024658203125,1000.2872924804688,1185.96240234375
official_usgs_streamflow,08158000,08158000::origin=0,0,arima_2_1_2,0,3423072054,gaussian,18,2026-07-20 00:00:00,12800.0,645.0762329101562,645.0762329101562,99.1392822265625,286.5482482910156,421.68328857421875,537.1511840820312,645.0762329101562,753.0013427734375,868.4691772460938,1003.604248046875,1191.01318359375
official_usgs_streamflow,08158000,08158000::origin=0,0,arima_2_1_2,0,3423072054,gaussian,19,2026-07-21 00:00:00,9810.0,645.0762329101562,645.0762329101562,94.13481903076172,283.26171875,419.635498046875,536.161865234375,645.0762329101562,753.9906616210938,870.5169677734375,1006.8908081054688,1196.017578125
official_usgs_streamflow,08158000,08158000::origin=0,0,arima_2_1_2,0,3423072054,gaussian,20,2026-07-22 00:00:00,7140.0,645.0762329101562,645.0762329101562,89.17537689208984,280.0047302246094,417.60614013671875,535.181396484375,645.0762329101562,754.9710693359375,872.5463256835938,1010.1477661132812,1200.97705078125
official_usgs_streamflow,08158000,08158000::origin=0,0,arima_2_1_2,0,3423072054,gaussian,21,2026-07-23 00:00:00,5150.0,645.0762329101562,645.0762329101562,84.25981903076172,276.7765808105469,415.5947265625,534.2096557617188,645.0762329101562,755.9428100585938,874.5577392578125,1013.3759155273438,1205.892578125
official_usgs_streamflow,08158000,08158000::origin=0,0,arima_2_1_2,0,3423072054,gaussian,22,2026-07-24 00:00:00,4490.0,645.0762329101562,645.0762329101562,79.38700866699219,273.5765075683594,413.6007995605469,533.2463989257812,645.0762329101562,756.9061279296875,876.5516357421875,1016.5759887695312,1210.765380859375
official_usgs_streamflow,08158000,08158000::origin=0,0,arima_2_1_2,0,3423072054,gaussian,23,2026-07-25 00:00:00,5080.0,645.0762329101562,645.0762329101562,74.5557632446289,270.40374755859375,411.6239013671875,532.2913208007812,645.0762329101562,757.8612060546875,878.528564453125,1019.748779296875,1215.5966796875
official_usgs_streamflow,08158000,08158000::origin=0,0,arima_2_1_2,0,3423072054,gaussian,24,2026-07-26 00:00:00,4650.0,645.0762329101562,645.0762329101562,69.76508331298828,267.2575988769531,409.6636047363281,531.34423828125,645.0762329101562,758.8082275390625,880.4888916015625,1022.8948974609375,1220.3873291015625
official_usgs_streamflow,08158000,08158000::origin=0,0,arima_2_1_2,0,3423072054,gaussian,25,2026-07-27 00:00:00,1980.0,645.0762329101562,645.0762329101562,65.0140151977539,264.1374816894531,407.7195129394531,530.405029296875,645.0762329101562,759.7474975585938,882.4329833984375,1026.0150146484375,1225.138427734375
official_usgs_streamflow,08158000,08158000::origin=0,0,arima_2_1_2,0,3423072054,gaussian,26,2026-07-28 00:00:00,117.0,645.0762329101562,645.0762329101562,60.301517486572266,261.0426940917969,405.7911682128906,529.473388671875,645.0762329101562,760.6790771484375,884.3612670898438,1029.10986328125,1229.8509521484375
official_usgs_streamflow,08158000,08158000::origin=0,0,arima_2_1_2,0,3423072054,gaussian,27,2026-07-29 00:00:00,94.5,645.0762329101562,645.0762329101562,55.62667465209961,257.9726257324219,403.8782653808594,528.5492553710938,645.0762329101562,761.6032104492188,886.274169921875,1032.179931640625,1234.5257568359375
official_usgs_streamflow,08158000,08158000::origin=0,0,arima_2_1_2,0,3423072054,gaussian,28,2026-07-30 00:00:00,116.0,645.0762329101562,645.0762329101562,50.98863983154297,254.92672729492188,401.9804382324219,527.6323852539062,645.0762329101562,762.5201416015625,888.1720581054688,1035.2257080078125,1239.163818359375
official_usgs_streamflow,08158000,08158000::origin=0,0,arima_2_1_2,0,3423072054,gaussian,29,2026-07-31 00:00:00,161.0,645.0762329101562,645.0762329101562,46.38654327392578,251.90443420410156,400.0972900390625,526.7225952148438,645.0762329101562,763.4298706054688,890.05517578125,1038.248046875,1243.765869140625
official_usgs_streamflow,08158000,08158000::origin=0,0,auto_arima,0,3719872401,gaussian,0,2026-07-02 00:00:00,700.0,633.6055297851562,633.6055297851562,200.93614196777344,349.4626770019531,456.56072998046875,548.0720825195312,633.6055297851562,719.1389770507812,810.6503295898438,917.7484130859375,1066.27490234375
official_usgs_streamflow,08158000,08158000::origin=0,0,auto_arima,0,3719872401,gaussian,1,2026-07-03 00:00:00,754.0,635.15771484375,635.15771484375,185.37342834472656,339.775146484375,451.1096496582031,546.2408447265625,635.15771484375,724.0745849609375,819.205810546875,930.540283203125,1084.9420166015625
official_usgs_streamflow,08158000,08158000::origin=0,0,auto_arima,0,3719872401,gaussian,2,2026-07-04 00:00:00,733.0,635.15771484375,635.15771484375,178.2328643798828,335.0857849121094,448.1877746582031,544.8292236328125,635.15771484375,725.4862060546875,822.1276245117188,935.2296752929688,1092.08251953125
official_usgs_streamflow,08158000,08158000::origin=0,0,auto_arima,0,3719872401,gaussian,3,2026-07-05 00:00:00,710.0,635.15771484375,635.15771484375,171.20220947265625,330.4686279296875,445.3109130859375,543.4393920898438,635.15771484375,726.8760986328125,825.0045166015625,939.8468627929688,1099.1131591796875
official_usgs_streamflow,08158000,08158000::origin=0,0,auto_arima,0,3719872401,gaussian,4,2026-07-06 00:00:00,523.0,635.15771484375,635.15771484375,164.27647399902344,325.92034912109375,442.4769592285156,542.0702514648438,635.15771484375,728.2451782226562,827.8385009765625,944.3950805664062,1106.0389404296875
official_usgs_streamflow,08158000,08158000::origin=0,0,auto_arima,0,3719872401,gaussian,5,2026-07-07 00:00:00,598.0,635.15771484375,635.15771484375,157.45118713378906,321.43804931640625,439.68408203125,540.720947265625,635.15771484375,729.594482421875,830.63134765625,948.87744140625,1112.8642578125
official_usgs_streamflow,08158000,08158000::origin=0,0,auto_arima,0,3719872401,gaussian,6,2026-07-08 00:00:00,627.0,635.15771484375,635.15771484375,150.72201538085938,317.01885986328125,436.9305725097656,539.3906860351562,635.15771484375,730.9247436523438,833.3848266601562,953.2965698242188,1119.5933837890625
official_usgs_streamflow,08158000,08158000::origin=0,0,auto_arima,0,3719872401,gaussian,7,2026-07-09 00:00:00,691.0,635.15771484375,635.15771484375,144.0850830078125,312.6602478027344,434.21478271484375,538.0786743164062,635.15771484375,732.23681640625,836.1006469726562,957.6552124023438,1126.2303466796875
official_usgs_streamflow,08158000,08158000::origin=0,0,auto_arima,0,3719872401,gaussian,8,2026-07-10 00:00:00,746.0,635.15771484375,635.15771484375,137.53660583496094,308.3597106933594,431.53521728515625,536.7841186523438,635.15771484375,733.5313720703125,838.7802124023438,961.9557495117188,1132.77880859375
official_usgs_streamflow,08158000,08158000::origin=0,0,auto_arima,0,3719872401,gaussian,9,2026-07-11 00:00:00,851.0,635.15771484375,635.15771484375,131.07322692871094,304.1150817871094,428.89044189453125,535.50634765625,635.15771484375,734.80908203125,841.4249877929688,966.2003784179688,1139.2421875
official_usgs_streamflow,08158000,08158000::origin=0,0,auto_arima,0,3719872401,gaussian,10,2026-07-12 00:00:00,742.0,635.15771484375,635.15771484375,124.6916732788086,299.9241943359375,426.2791748046875,534.2448120117188,635.15771484375,736.0706176757812,844.0362548828125,970.3912353515625,1145.6236572265625
official_usgs_streamflow,08158000,08158000::origin=0,0,auto_arima,0,3719872401,gaussian,11,2026-07-13 00:00:00,687.0,635.15771484375,635.15771484375,118.38893127441406,295.7850646972656,423.70013427734375,532.9988403320312,635.15771484375,737.3165893554688,846.6152954101562,974.5303955078125,1151.926513671875
official_usgs_streamflow,08158000,08158000::origin=0,0,auto_arima,0,3719872401,gaussian,12,2026-07-14 00:00:00,946.0,635.15771484375,635.15771484375,112.1621322631836,291.69580078125,421.1521911621094,531.7678833007812,635.15771484375,738.547607421875,849.1632690429688,978.6196899414062,1158.1531982421875
official_usgs_streamflow,08158000,08158000::origin=0,0,auto_arima,0,3719872401,gaussian,13,2026-07-15 00:00:00,756.0,635.15771484375,635.15771484375,106.00859069824219,287.6546325683594,418.63421630859375,530.5513916015625,635.15771484375,739.7640380859375,851.6812133789062,982.6608276367188,1164.3067626953125
official_usgs_streamflow,08158000,08158000::origin=0,0,auto_arima,0,3719872401,gaussian,14,2026-07-16 00:00:00,485.0,635.15771484375,635.15771484375,99.92579650878906,283.6599426269531,416.1451721191406,529.348876953125,635.15771484375,740.966552734375,854.1702270507812,986.655517578125,1170.3895263671875
official_usgs_streamflow,08158000,08158000::origin=0,0,auto_arima,0,3719872401,gaussian,15,2026-07-17 00:00:00,1080.0,635.15771484375,635.15771484375,93.91136169433594,279.71014404296875,413.6841125488281,528.159912109375,635.15771484375,742.155517578125,856.6312866210938,990.6053466796875,1176.404052734375
official_usgs_streamflow,08158000,08158000::origin=0,0,auto_arima,0,3719872401,gaussian,16,2026-07-18 00:00:00,9870.0,635.15771484375,635.15771484375,87.96302795410156,275.8037414550781,411.2501220703125,526.9840087890625,635.15771484375,743.3314208984375,859.0653076171875,994.51171875,1182.352294921875
official_usgs_streamflow,08158000,08158000::origin=0,0,auto_arima,0,3719872401,gaussian,17,2026-07-19 00:00:00,15200.0,635.15771484375,635.15771484375,82.07867431640625,271.9393615722656,408.84228515625,525.8207397460938,635.15771484375,744.4946899414062,861.47314453125,998.3760986328125,1188.2366943359375
official_usgs_streamflow,08158000,08158000::origin=0,0,auto_arima,0,3719872401,gaussian,18,2026-07-20 00:00:00,12800.0,635.15771484375,635.15771484375,76.25627899169922,268.1156921386719,406.4598083496094,524.6697387695312,635.15771484375,745.645751953125,863.8556518554688,1002.1997680664062,1194.05908203125
official_usgs_streamflow,08158000,08158000::origin=0,0,auto_arima,0,3719872401,gaussian,19,2026-07-21 00:00:00,9810.0,635.15771484375,635.15771484375,70.49391174316406,264.3314208984375,404.1018981933594,523.5305786132812,635.15771484375,746.7848510742188,866.2135620117188,1005.9840698242188,1199.8214111328125
official_usgs_streamflow,08158000,08158000::origin=0,0,auto_arima,0,3719872401,gaussian,20,2026-07-22 00:00:00,7140.0,635.15771484375,635.15771484375,64.78973388671875,260.5853576660156,401.7677917480469,522.4029541015625,635.15771484375,747.9125366210938,868.5476684570312,1009.7301025390625,1205.525634765625
official_usgs_streamflow,08158000,08158000::origin=0,0,auto_arima,0,3719872401,gaussian,21,2026-07-23 00:00:00,5150.0,635.15771484375,635.15771484375,59.14204025268555,256.87640380859375,399.456787109375,521.2864379882812,635.15771484375,749.0289916992188,870.858642578125,1013.4390258789062,1211.17333984375
official_usgs_streamflow,08158000,08158000::origin=0,0,auto_arima,0,3719872401,gaussian,22,2026-07-24 00:00:00,4490.0,635.15771484375,635.15771484375,53.54921340942383,253.2034912109375,397.1682434082031,520.1808471679688,635.15771484375,750.1346435546875,873.1471557617188,1017.1119995117188,1216.76611328125
official_usgs_streamflow,08158000,08158000::origin=0,0,auto_arima,0,3719872401,gaussian,23,2026-07-25 00:00:00,5080.0,635.15771484375,635.15771484375,48.0096549987793,249.56553649902344,394.9015197753906,519.085693359375,635.15771484375,751.229736328125,875.4139404296875,1020.7499389648438,1222.3056640625
official_usgs_streamflow,08158000,08158000::origin=0,0,auto_arima,0,3719872401,gaussian,24,2026-07-26 00:00:00,4650.0,635.15771484375,635.15771484375,42.5218391418457,245.96157836914062,392.65594482421875,518.0008544921875,635.15771484375,752.3146362304688,877.6594848632812,1024.3538818359375,1227.7935791015625
official_usgs_streamflow,08158000,08158000::origin=0,0,auto_arima,0,3719872401,gaussian,25,2026-07-27 00:00:00,1980.0,635.15771484375,635.15771484375,37.08439636230469,242.3907012939453,390.4309997558594,516.9259033203125,635.15771484375,753.3895263671875,879.8844604492188,1027.9248046875,1233.23095703125
official_usgs_streamflow,08158000,08158000::origin=0,0,auto_arima,0,3719872401,gaussian,26,2026-07-28 00:00:00,117.0,635.15771484375,635.15771484375,31.695959091186523,238.8520050048828,388.22607421875,515.8607177734375,635.15771484375,754.4547729492188,882.08935546875,1031.4635009765625,1238.619384765625
official_usgs_streamflow,08158000,08158000::origin=0,0,auto_arima,0,3719872401,gaussian,27,2026-07-29 00:00:00,94.5,635.15771484375,635.15771484375,26.355195999145508,235.34461975097656,386.0406799316406,514.8048706054688,635.15771484375,755.5105590820312,884.2747192382812,1034.9708251953125,1243.960205078125
official_usgs_streamflow,08158000,08158000::origin=0,0,auto_arima,0,3719872401,gaussian,28,2026-07-30 00:00:00,116.0,635.15771484375,635.15771484375,21.060895919799805,231.86773681640625,383.8742980957031,513.75830078125,635.15771484375,756.5571899414062,886.4411010742188,1038.44775390625,1249.2545166015625
official_usgs_streamflow,08158000,08158000::origin=0,0,auto_arima,0,3719872401,gaussian,29,2026-07-31 00:00:00,161.0,635.15771484375,635.15771484375,15.811844825744629,228.4205780029297,381.7264404296875,512.7205810546875,635.15771484375,757.5948486328125,888.5889892578125,1041.8948974609375,1254.5035400390625
official_usgs_streamflow,08158000,08158000::origin=0,0,prophet,0,3405567499,samples,0,2026-07-02 00:00:00,700.0,744.9486083984375,713.0407104492188,343.5317077636719,477.32147216796875,587.7128295898438,648.389892578125,744.9486083984375,824.8046264648438,919.6366577148438,1016.4415893554688,1194.85986328125
official_usgs_streamflow,08158000,08158000::origin=0,0,prophet,0,3405567499,samples,1,2026-07-03 00:00:00,754.0,704.9385986328125,720.7093505859375,214.6702880859375,427.16363525390625,528.7620849609375,618.3968505859375,704.9385986328125,806.6842651367188,895.2699584960938,1007.9666137695312,1172.587646484375
official_usgs_streamflow,08158000,08158000::origin=0,0,prophet,0,3405567499,samples,2,2026-07-04 00:00:00,733.0,823.2379150390625,804.052001953125,311.7464599609375,508.3620300292969,595.5106201171875,730.6326904296875,823.2379150390625,886.3472900390625,1008.3042602539062,1097.520751953125,1224.37890625
official_usgs_streamflow,08158000,08158000::origin=0,0,prophet,0,3405567499,samples,3,2026-07-05 00:00:00,710.0,813.2626342773438,752.162109375,374.11090087890625,473.2585754394531,560.7372436523438,689.320556640625,813.2626342773438,871.0206298828125,971.2796020507812,1074.6182861328125,1197.843017578125
official_usgs_streamflow,08158000,08158000::origin=0,0,prophet,0,3405567499,samples,4,2026-07-06 00:00:00,523.0,778.254638671875,782.5450439453125,327.8351745605469,443.25335693359375,638.8797607421875,700.98193359375,778.254638671875,857.412353515625,921.3412475585938,1009.8833618164062,1203.8076171875
official_usgs_streamflow,08158000,08158000::origin=0,0,prophet,0,3405567499,samples,5,2026-07-07 00:00:00,598.0,760.7135620117188,736.68994140625,302.9387512207031,471.2998046875,582.57275390625,668.909423828125,760.7135620117188,832.3056030273438,919.69091796875,1037.1500244140625,1170.7430419921875
official_usgs_streamflow,08158000,08158000::origin=0,0,prophet,0,3405567499,samples,6,2026-07-08 00:00:00,627.0,727.2545166015625,745.4126586914062,308.8794250488281,476.2851867675781,589.1532592773438,653.0661010742188,727.2545166015625,810.1245727539062,903.3284301757812,1033.41552734375,1184.8243408203125
official_usgs_streamflow,08158000,08158000::origin=0,0,prophet,0,3405567499,samples,7,2026-07-09 00:00:00,691.0,770.61865234375,735.0202026367188,329.24462890625,481.13916015625,580.5121459960938,679.3621826171875,770.61865234375,888.1824951171875,960.3995361328125,1039.8123779296875,1153.884765625
official_usgs_streamflow,08158000,08158000::origin=0,0,prophet,0,3405567499,samples,8,2026-07-10 00:00:00,746.0,766.801025390625,742.6889038085938,366.6178894042969,490.546875,571.7943725585938,665.5262451171875,766.801025390625,861.659423828125,923.9024047851562,1036.6295166015625,1199.5753173828125
official_usgs_streamflow,08158000,08158000::origin=0,0,prophet,0,3405567499,samples,9,2026-07-11 00:00:00,851.0,864.4415283203125,826.031494140625,426.087890625,561.5772705078125,670.0956420898438,763.8687744140625,864.4415283203125,950.4303588867188,1047.87646484375,1136.433349609375,1281.9425048828125
official_usgs_streamflow,08158000,08158000::origin=0,0,prophet,0,3405567499,samples,10,2026-07-12 00:00:00,742.0,823.7208251953125,774.1416015625,318.16015625,507.53045654296875,627.9888916015625,719.9124755859375,823.7208251953125,912.6150512695312,994.9574584960938,1116.9420166015625,1253.9422607421875
official_usgs_streamflow,08158000,08158000::origin=0,0,prophet,0,3405567499,samples,11,2026-07-13 00:00:00,687.0,759.9365234375,804.5245361328125,370.4717712402344,488.54376220703125,586.6436157226562,667.337646484375,759.9365234375,865.4381103515625,986.841796875,1117.0072021484375,1278.8861083984375
official_usgs_streamflow,08158000,08158000::origin=0,0,prophet,0,3405567499,samples,12,2026-07-14 00:00:00,946.0,725.8848876953125,758.66943359375,275.9315490722656,485.25738525390625,561.9883422851562,670.2486572265625,725.8848876953125,848.8475341796875,994.5128784179688,1098.098876953125,1227.3907470703125
official_usgs_streamflow,08158000,08158000::origin=0,0,prophet,0,3405567499,samples,13,2026-07-15 00:00:00,756.0,723.9290771484375,767.3922119140625,315.5567626953125,444.0153503417969,554.4570922851562,647.1732177734375,723.9290771484375,819.555908203125,919.1103515625,1048.58154296875,1188.2760009765625
official_usgs_streamflow,08158000,08158000::origin=0,0,prophet,0,3405567499,samples,14,2026-07-16 00:00:00,485.0,737.8262939453125,756.9996948242188,306.0373229980469,445.6897277832031,539.4452514648438,662.9962768554688,737.8262939453125,858.2312622070312,931.39013671875,1012.6552124023438,1162.3935546875
official_usgs_streamflow,08158000,08158000::origin=0,0,prophet,0,3405567499,samples,15,2026-07-17 00:00:00,1080.0,748.9884033203125,764.6683959960938,346.2727966308594,471.6956481933594,590.7869262695312,675.5923461914062,748.9884033203125,819.4404907226562,911.2613525390625,1026.1949462890625,1188.196533203125
official_usgs_streamflow,08158000,08158000::origin=0,0,prophet,0,3405567499,samples,16,2026-07-18 00:00:00,9870.0,870.8900146484375,848.010986328125,403.5885925292969,583.841552734375,693.6199951171875,783.1627807617188,870.8900146484375,988.7763671875,1067.874755859375,1177.066162109375,1310.7325439453125
official_usgs_streamflow,08158000,08158000::origin=0,0,prophet,0,3405567499,samples,17,2026-07-19 00:00:00,15200.0,854.0062255859375,796.1211547851562,429.1498107910156,542.0870361328125,630.992919921875,738.8854370117188,854.0062255859375,958.67236328125,1045.7259521484375,1150.1580810546875,1311.05859375
official_usgs_streamflow,08158000,08158000::origin=0,0,prophet,0,3405567499,samples,18,2026-07-20 00:00:00,12800.0,743.8569946289062,826.5040283203125,317.3341064453125,431.0486145019531,570.4647216796875,649.1991577148438,743.8569946289062,812.2164306640625,916.3426513671875,1063.048095703125,1226.900390625
official_usgs_streamflow,08158000,08158000::origin=0,0,prophet,0,3405567499,samples,19,2026-07-21 00:00:00,9810.0,768.8416137695312,780.64892578125,269.6598205566406,446.9807434082031,558.927734375,660.5950927734375,768.8416137695312,834.0831298828125,923.7645263671875,1048.473876953125,1256.555419921875
official_usgs_streamflow,08158000,08158000::origin=0,0,prophet,0,3405567499,samples,20,2026-07-22 00:00:00,7140.0,839.0870971679688,789.3717041015625,362.3224182128906,482.7491760253906,618.8623657226562,743.4165649414062,839.0870971679688,921.6594848632812,1037.4564208984375,1186.7886962890625,1301.1915283203125
official_usgs_streamflow,08158000,08158000::origin=0,0,prophet,0,3405567499,samples,21,2026-07-23 00:00:00,5150.0,785.5934448242188,778.979248046875,380.3042907714844,489.6177062988281,577.1392822265625,697.5487060546875,785.5934448242188,882.4691162109375,975.8123779296875,1093.724853515625,1259.48828125
official_usgs_streamflow,08158000,08158000::origin=0,0,prophet,0,3405567499,samples,22,2026-07-24 00:00:00,4490.0,800.3052978515625,786.6478881835938,381.8270568847656,504.4275817871094,633.7637329101562,754.6170654296875,800.3052978515625,878.4654541015625,985.47998046875,1085.156982421875,1227.131591796875
official_usgs_streamflow,08158000,08158000::origin=0,0,prophet,0,3405567499,samples,23,2026-07-25 00:00:00,5080.0,898.6900024414062,869.9905395507812,445.0691833496094,613.8123779296875,734.8651123046875,833.3103637695312,898.6900024414062,976.2422485351562,1133.416015625,1223.396484375,1346.59716796875
official_usgs_streamflow,08158000,08158000::origin=0,0,prophet,0,3405567499,samples,24,2026-07-26 00:00:00,4650.0,843.3814697265625,818.1006469726562,356.5956115722656,543.031494140625,631.47265625,747.1915283203125,843.3814697265625,929.556396484375,1031.5767822265625,1152.5001220703125,1280.7978515625
official_usgs_streamflow,08158000,08158000::origin=0,0,prophet,0,3405567499,samples,25,2026-07-27 00:00:00,1980.0,866.064697265625,848.4835815429688,457.61053466796875,588.5994873046875,717.3305053710938,807.855224609375,866.064697265625,942.615966796875,1033.75439453125,1150.1495361328125,1316.987548828125
official_usgs_streamflow,08158000,08158000::origin=0,0,prophet,0,3405567499,samples,26,2026-07-28 00:00:00,117.0,818.6435546875,802.62841796875,372.99700927734375,529.5859375,645.5296630859375,722.6354370117188,818.6435546875,859.6092529296875,972.5799560546875,1145.4190673828125,1258.431396484375
official_usgs_streamflow,08158000,08158000::origin=0,0,prophet,0,3405567499,samples,27,2026-07-29 00:00:00,94.5,766.7410888671875,811.3511962890625,277.8746032714844,468.1000061035156,589.5849609375,660.083251953125,766.7410888671875,849.1617431640625,936.9322509765625,1070.46826171875,1272.59619140625
official_usgs_streamflow,08158000,08158000::origin=0,0,prophet,0,3405567499,samples,28,2026-07-30 00:00:00,116.0,779.3875732421875,800.958740234375,392.5701599121094,510.6751403808594,608.4497680664062,694.8364868164062,779.3875732421875,880.7526245117188,964.3602905273438,1073.658447265625,1193.473876953125
official_usgs_streamflow,08158000,08158000::origin=0,0,prophet,0,3405567499,samples,29,2026-07-31 00:00:00,161.0,811.8154907226562,808.6273803710938,295.61126708984375,499.8160400390625,628.8258666992188,717.9599609375,811.8154907226562,872.1715698242188,943.0665283203125,1060.3778076171875,1183.1546630859375
official_usgs_streamflow,08158000,08158000::origin=0,0,deepar,0,714202481,samples,0,2026-07-02 00:00:00,700.0,891.4159545898438,888.9248657226562,731.647705078125,770.0630493164062,810.9246826171875,847.4420776367188,891.4159545898438,928.2545166015625,969.15478515625,1003.7938232421875,1099.7208251953125
official_usgs_streamflow,08158000,08158000::origin=0,0,deepar,0,714202481,samples,1,2026-07-03 00:00:00,754.0,1240.317138671875,1220.76611328125,937.7755126953125,1046.0191650390625,1124.8997802734375,1200.041015625,1240.317138671875,1268.8599853515625,1300.3494873046875,1356.877197265625,1529.9864501953125
official_usgs_streamflow,08158000,08158000::origin=0,0,deepar,0,714202481,samples,2,2026-07-04 00:00:00,733.0,1492.8935546875,1417.3125,1068.81787109375,1194.8160400390625,1302.23046875,1422.3701171875,1492.8935546875,1565.815185546875,1616.458251953125,1699.202392578125,1755.1600341796875
official_usgs_streamflow,08158000,08158000::origin=0,0,deepar,0,714202481,samples,3,2026-07-05 00:00:00,710.0,1098.096435546875,1067.411865234375,849.8150024414062,927.8352661132812,996.9331665039062,1052.742431640625,1098.096435546875,1127.4244384765625,1171.5673828125,1207.3280029296875,1292.0194091796875
official_usgs_streamflow,08158000,08158000::origin=0,0,deepar,0,714202481,samples,4,2026-07-06 00:00:00,523.0,862.3212890625,874.3272094726562,700.6137084960938,755.4083251953125,789.3687744140625,842.2842407226562,862.3212890625,927.1376953125,972.8119506835938,1017.7156982421875,1103.9713134765625
official_usgs_streamflow,08158000,08158000::origin=0,0,deepar,0,714202481,samples,5,2026-07-07 00:00:00,598.0,808.103271484375,818.988525390625,572.505615234375,671.7861328125,702.7083740234375,750.4837036132812,808.103271484375,848.2488403320312,880.0855102539062,952.81005859375,1092.607177734375
official_usgs_streamflow,08158000,08158000::origin=0,0,deepar,0,714202481,samples,6,2026-07-08 00:00:00,627.0,851.099609375,889.9949951171875,588.5902099609375,657.3749389648438,746.1861572265625,789.6007080078125,851.099609375,884.8694458007812,902.842529296875,961.79833984375,1120.9158935546875
official_usgs_streamflow,08158000,08158000::origin=0,0,deepar,0,714202481,samples,7,2026-07-09 00:00:00,691.0,1016.4922485351562,1028.4287109375,694.2850952148438,814.6698608398438,884.0955200195312,962.0621948242188,1016.4922485351562,1045.8519287109375,1094.314453125,1193.91796875,1306.594970703125
official_usgs_streamflow,08158000,08158000::origin=0,0,deepar,0,714202481,samples,8,2026-07-10 00:00:00,746.0,1127.73828125,1146.8548583984375,781.703857421875,913.7523803710938,986.013916015625,1073.1627197265625,1127.73828125,1174.2757568359375,1219.1204833984375,1345.4976806640625,1500.7777099609375
official_usgs_streamflow,08158000,08158000::origin=0,0,deepar,0,714202481,samples,9,2026-07-11 00:00:00,851.0,1228.7607421875,1209.3720703125,782.4078979492188,958.5984497070312,1067.6029052734375,1175.7984619140625,1228.7607421875,1312.3094482421875,1339.076904296875,1414.9091796875,1576.7762451171875
official_usgs_streamflow,08158000,08158000::origin=0,0,deepar,0,714202481,samples,10,2026-07-12 00:00:00,742.0,1245.8675537109375,1230.9715576171875,789.665283203125,941.20361328125,1031.3997802734375,1148.0576171875,1245.8675537109375,1308.19091796875,1450.400146484375,1498.5172119140625,1693.305908203125
official_usgs_streamflow,08158000,08158000::origin=0,0,deepar,0,714202481,samples,11,2026-07-13 00:00:00,687.0,1261.9801025390625,1260.990478515625,771.23193359375,914.5375366210938,1063.1966552734375,1162.341796875,1261.9801025390625,1313.6065673828125,1420.9229736328125,1514.0302734375,1728.1856689453125
official_usgs_streamflow,08158000,08158000::origin=0,0,deepar,0,714202481,samples,12,2026-07-14 00:00:00,946.0,1124.3887939453125,1124.7222900390625,608.5787353515625,793.1393432617188,866.699462890625,1019.9822998046875,1124.3887939453125,1229.7244873046875,1285.9520263671875,1439.7459716796875,1588.3878173828125
official_usgs_streamflow,08158000,08158000::origin=0,0,deepar,0,714202481,samples,13,2026-07-15 00:00:00,756.0,952.8017578125,956.1595458984375,492.07183837890625,642.9617309570312,750.75390625,870.5213012695312,952.8017578125,1024.61865234375,1105.96826171875,1233.2939453125,1476.2042236328125
official_usgs_streamflow,08158000,08158000::origin=0,0,deepar,0,714202481,samples,14,2026-07-16 00:00:00,485.0,1170.3740234375,1194.6485595703125,802.0216064453125,917.3619384765625,1003.3905639648438,1090.7933349609375,1170.3740234375,1230.398681640625,1292.2447509765625,1405.600341796875,1575.7210693359375
official_usgs_streamflow,08158000,08158000::origin=0,0,deepar,0,714202481,samples,15,2026-07-17 00:00:00,1080.0,1034.1253662109375,1056.4898681640625,746.0673828125,833.2891845703125,914.4588623046875,980.7366333007812,1034.1253662109375,1089.197509765625,1155.926025390625,1226.769775390625,1364.506103515625
official_usgs_streamflow,08158000,08158000::origin=0,0,deepar,0,714202481,samples,16,2026-07-18 00:00:00,9870.0,1029.544189453125,1016.04736328125,645.7344970703125,787.1272583007812,928.1773071289062,968.6550903320312,1029.544189453125,1061.8135986328125,1113.0537109375,1243.6641845703125,1404.648681640625
official_usgs_streamflow,08158000,08158000::origin=0,0,deepar,0,714202481,samples,17,2026-07-19 00:00:00,15200.0,977.53125,969.7750244140625,633.5353393554688,743.1456298828125,844.91552734375,927.080078125,977.53125,1004.1222534179688,1071.7802734375,1143.4044189453125,1290.0927734375
official_usgs_streamflow,08158000,08158000::origin=0,0,deepar,0,714202481,samples,18,2026-07-20 00:00:00,12800.0,1017.8450317382812,1021.35546875,678.8964233398438,768.5795288085938,884.8980712890625,977.1103515625,1017.8450317382812,1055.703857421875,1125.9600830078125,1231.6448974609375,1419.63623046875
official_usgs_streamflow,08158000,08158000::origin=0,0,deepar,0,714202481,samples,19,2026-07-21 00:00:00,9810.0,997.7147827148438,987.8900756835938,558.7221069335938,768.7289428710938,852.4841918945312,912.7994995117188,997.7147827148438,1062.37158203125,1176.668701171875,1226.0340576171875,1435.33154296875
official_usgs_streamflow,08158000,08158000::origin=0,0,deepar,0,714202481,samples,20,2026-07-22 00:00:00,7140.0,997.2993774414062,1040.420654296875,644.11572265625,782.7254638671875,888.604248046875,944.6365356445312,997.2993774414062,1066.998291015625,1158.7088623046875,1249.9117431640625,1402.9349365234375
official_usgs_streamflow,08158000,08158000::origin=0,0,deepar,0,714202481,samples,21,2026-07-23 00:00:00,5150.0,1118.3282470703125,1126.262451171875,663.1206665039062,897.6489868164062,983.3468627929688,1053.4173583984375,1118.3282470703125,1193.3504638671875,1265.204345703125,1376.9237060546875,1477.0806884765625
official_usgs_streamflow,08158000,08158000::origin=0,0,deepar,0,714202481,samples,22,2026-07-24 00:00:00,4490.0,972.4443359375,911.9544677734375,545.0964965820312,708.7144775390625,835.8115234375,897.5693969726562,972.4443359375,1045.9957275390625,1130.606201171875,1229.888916015625,1350.7996826171875
official_usgs_streamflow,08158000,08158000::origin=0,0,deepar,0,714202481,samples,23,2026-07-25 00:00:00,5080.0,902.6531982421875,875.6705322265625,451.8511962890625,625.318359375,761.5908813476562,843.0558471679688,902.6531982421875,965.0573120117188,1033.678466796875,1132.3564453125,1269.337890625
official_usgs_streamflow,08158000,08158000::origin=0,0,deepar,0,714202481,samples,24,2026-07-26 00:00:00,4650.0,828.2808227539062,891.5870971679688,340.0550231933594,510.4620666503906,628.3567504882812,748.1510620117188,828.2808227539062,892.748291015625,984.882080078125,1124.4400634765625,1568.70556640625
official_usgs_streamflow,08158000,08158000::origin=0,0,deepar,0,714202481,samples,25,2026-07-27 00:00:00,1980.0,794.6848754882812,761.3700561523438,318.9138488769531,427.47735595703125,557.2769165039062,657.0028686523438,794.6848754882812,877.7136840820312,972.5535278320312,1011.4970703125,1235.6756591796875
official_usgs_streamflow,08158000,08158000::origin=0,0,deepar,0,714202481,samples,26,2026-07-28 00:00:00,117.0,705.7036743164062,769.39794921875,326.0249328613281,416.13116455078125,526.5874633789062,618.934326171875,705.7036743164062,781.98779296875,878.8311767578125,975.0855102539062,1254.2718505859375
official_usgs_streamflow,08158000,08158000::origin=0,0,deepar,0,714202481,samples,27,2026-07-29 00:00:00,94.5,580.1796264648438,706.79052734375,327.1312255859375,374.3588562011719,466.15704345703125,525.841064453125,580.1796264648438,681.0704956054688,824.4951782226562,1055.76611328125,1224.404296875
official_usgs_streamflow,08158000,08158000::origin=0,0,deepar,0,714202481,samples,28,2026-07-30 00:00:00,116.0,695.9354858398438,730.5093994140625,331.2839050292969,453.8709716796875,511.6156005859375,626.4346923828125,695.9354858398438,751.7799682617188,824.40283203125,976.7362670898438,1228.557373046875
official_usgs_streamflow,08158000,08158000::origin=0,0,deepar,0,714202481,samples,29,2026-07-31 00:00:00,161.0,696.269775390625,788.0773315429688,365.71673583984375,506.402587890625,565.1513061523438,630.10986328125,696.269775390625,802.0127563476562,940.2542724609375,1109.020751953125,1304.9354248046875
